x_m,y_m,height_m,estimated_friction,scm_sinkage_demo_m,source
-3.000,-2.000,-0.07281,0.5680,0.00000,pychrono
-3.000,-1.900,-0.06849,0.5711,0.00000,pychrono
-3.000,-1.800,-0.06282,0.5751,0.00000,pychrono
-3.000,-1.700,-0.05593,0.5801,0.00000,pychrono
-3.000,-1.600,-0.04794,0.5858,0.00000,pychrono
-3.000,-1.500,-0.03901,0.5921,0.00000,pychrono
-3.000,-1.400,-0.02932,0.5991,0.00000,pychrono
-3.000,-1.300,-0.01906,0.6064,0.00000,pychrono
-3.000,-1.200,-0.00842,0.6140,0.00000,pychrono
-3.000,-1.100,0.00238,0.6183,0.00001,pychrono
-3.000,-1.000,0.01313,0.6106,0.00001,pychrono
-3.000,-0.900,0.02363,0.6031,0.00002,pychrono
-3.000,-0.800,0.03367,0.5960,0.00003,pychrono
-3.000,-0.700,0.04304,0.5893,0.00004,pychrono
-3.000,-0.600,0.05158,0.5832,0.00006,pychrono
-3.000,-0.500,0.05910,0.5778,0.00008,pychrono
-3.000,-0.400,0.06547,0.5732,0.00011,pychrono
-3.000,-0.300,0.07056,0.5696,0.00013,pychrono
-3.000,-0.200,0.07427,0.5670,0.00015,pychrono
-3.000,-0.100,0.07652,0.5653,0.00017,pychrono
-3.000,0.000,0.07728,0.5648,0.00017,pychrono
-3.000,0.100,0.07652,0.5653,0.00017,pychrono
-3.000,0.200,0.07427,0.5670,0.00015,pychrono
-3.000,0.300,0.07056,0.5696,0.00013,pychrono
-3.000,0.400,0.06547,0.5732,0.00011,pychrono
-3.000,0.500,0.05910,0.5778,0.00008,pychrono
-3.000,0.600,0.05158,0.5832,0.00006,pychrono
-3.000,0.700,0.04304,0.5893,0.00004,pychrono
-3.000,0.800,0.03367,0.5960,0.00003,pychrono
-3.000,0.900,0.02363,0.6031,0.00002,pychrono
-3.000,1.000,0.01313,0.6106,0.00001,pychrono
-3.000,1.100,0.00238,0.6183,0.00001,pychrono
-3.000,1.200,-0.00842,0.6140,0.00000,pychrono
-3.000,1.300,-0.01906,0.6064,0.00000,pychrono
-3.000,1.400,-0.02932,0.5991,0.00000,pychrono
-3.000,1.500,-0.03901,0.5921,0.00000,pychrono
-3.000,1.600,-0.04794,0.5858,0.00000,pychrono
-3.000,1.700,-0.05593,0.5801,0.00000,pychrono
-3.000,1.800,-0.06282,0.5751,0.00000,pychrono
-3.000,1.900,-0.06849,0.5711,0.00000,pychrono
-3.000,2.000,-0.07281,0.5680,0.00000,pychrono
-2.900,-2.000,-0.08234,0.5612,0.00000,pychrono
-2.900,-1.900,-0.07745,0.5647,0.00000,pychrono
-2.900,-1.800,-0.07104,0.5693,0.00000,pychrono
-2.900,-1.700,-0.06325,0.5748,0.00000,pychrono
-2.900,-1.600,-0.05421,0.5813,0.00000,pychrono
-2.900,-1.500,-0.04412,0.5885,0.00000,pychrono
-2.900,-1.400,-0.03316,0.5963,0.00000,pychrono
-2.900,-1.300,-0.02155,0.6046,0.00000,pychrono
-2.900,-1.200,-0.00952,0.6132,0.00000,pychrono
-2.900,-1.100,0.00269,0.6181,0.00001,pychrono
-2.900,-1.000,0.01485,0.6094,0.00002,pychrono
-2.900,-0.900,0.02673,0.6009,0.00003,pychrono
-2.900,-0.800,0.03807,0.5928,0.00004,pychrono
-2.900,-0.700,0.04868,0.5852,0.00007,pychrono
-2.900,-0.600,0.05833,0.5783,0.00009,pychrono
-2.900,-0.500,0.06684,0.5723,0.00013,pychrono
-2.900,-0.400,0.07404,0.5671,0.00017,pychrono
-2.900,-0.300,0.07980,0.5630,0.00020,pychrono
-2.900,-0.200,0.08399,0.5600,0.00024,pychrono
-2.900,-0.100,0.08654,0.5582,0.00026,pychrono
-2.900,0.000,0.08739,0.5576,0.00026,pychrono
-2.900,0.100,0.08654,0.5582,0.00026,pychrono
-2.900,0.200,0.08399,0.5600,0.00024,pychrono
-2.900,0.300,0.07980,0.5630,0.00020,pychrono
-2.900,0.400,0.07404,0.5671,0.00017,pychrono
-2.900,0.500,0.06684,0.5723,0.00013,pychrono
-2.900,0.600,0.05833,0.5783,0.00009,pychrono
-2.900,0.700,0.04868,0.5852,0.00007,pychrono
-2.900,0.800,0.03807,0.5928,0.00004,pychrono
-2.900,0.900,0.02673,0.6009,0.00003,pychrono
-2.900,1.000,0.01485,0.6094,0.00002,pychrono
-2.900,1.100,0.00269,0.6181,0.00001,pychrono
-2.900,1.200,-0.00952,0.6132,0.00000,pychrono
-2.900,1.300,-0.02155,0.6046,0.00000,pychrono
-2.900,1.400,-0.03316,0.5963,0.00000,pychrono
-2.900,1.500,-0.04412,0.5885,0.00000,pychrono
-2.900,1.600,-0.05421,0.5813,0.00000,pychrono
-2.900,1.700,-0.06325,0.5748,0.00000,pychrono
-2.900,1.800,-0.07104,0.5693,0.00000,pychrono
-2.900,1.900,-0.07745,0.5647,0.00000,pychrono
-2.900,2.000,-0.08234,0.5612,0.00000,pychrono
-2.800,-2.000,-0.08921,0.5563,0.00000,pychrono
-2.800,-1.900,-0.08391,0.5601,0.00000,pychrono
-2.800,-1.800,-0.07697,0.5650,0.00000,pychrono
-2.800,-1.700,-0.06852,0.5711,0.00000,pychrono
-2.800,-1.600,-0.05874,0.5780,0.00000,pychrono
-2.800,-1.500,-0.04780,0.5859,0.00000,pychrono
-2.800,-1.400,-0.03593,0.5943,0.00000,pychrono
-2.800,-1.300,-0.02335,0.6033,0.00000,pychrono
-2.800,-1.200,-0.01032,0.6126,0.00001,pychrono
-2.800,-1.100,0.00292,0.6179,0.00001,pychrono
-2.800,-1.000,0.01609,0.6085,0.00002,pychrono
-2.800,-0.900,0.02896,0.5993,0.00004,pychrono
-2.800,-0.800,0.04125,0.5905,0.00006,pychrono
-2.800,-0.700,0.05274,0.5823,0.00010,pychrono
-2.800,-0.600,0.06320,0.5749,0.00014,pychrono
-2.800,-0.500,0.07242,0.5683,0.00019,pychrono
-2.800,-0.400,0.08022,0.5627,0.00025,pychrono
-2.800,-0.300,0.08645,0.5582,0.00031,pychrono
-2.800,-0.200,0.09099,0.5550,0.00035,pychrono
-2.800,-0.100,0.09376,0.5530,0.00039,pychrono
-2.800,0.000,0.09468,0.5524,0.00040,pychrono
-2.800,0.100,0.09376,0.5530,0.00039,pychrono
-2.800,0.200,0.09099,0.5550,0.00035,pychrono
-2.800,0.300,0.08645,0.5582,0.00031,pychrono
-2.800,0.400,0.08022,0.5627,0.00025,pychrono
-2.800,0.500,0.07242,0.5683,0.00019,pychrono
-2.800,0.600,0.06320,0.5749,0.00014,pychrono
-2.800,0.700,0.05274,0.5823,0.00010,pychrono
-2.800,0.800,0.04125,0.5905,0.00006,pychrono
-2.800,0.900,0.02896,0.5993,0.00004,pychrono
-2.800,1.000,0.01609,0.6085,0.00002,pychrono
-2.800,1.100,0.00292,0.6179,0.00001,pychrono
-2.800,1.200,-0.01032,0.6126,0.00001,pychrono
-2.800,1.300,-0.02335,0.6033,0.00000,pychrono
-2.800,1.400,-0.03593,0.5943,0.00000,pychrono
-2.800,1.500,-0.04780,0.5859,0.00000,pychrono
-2.800,1.600,-0.05874,0.5780,0.00000,pychrono
-2.800,1.700,-0.06852,0.5711,0.00000,pychrono
-2.800,1.800,-0.07697,0.5650,0.00000,pychrono
-2.800,1.900,-0.08391,0.5601,0.00000,pychrono
-2.800,2.000,-0.08921,0.5563,0.00000,pychrono
-2.700,-2.000,-0.09320,0.5534,0.00000,pychrono
-2.700,-1.900,-0.08766,0.5574,0.00000,pychrono
-2.700,-1.800,-0.08041,0.5626,0.00000,pychrono
-2.700,-1.700,-0.07159,0.5689,0.00000,pychrono
-2.700,-1.600,-0.06136,0.5762,0.00000,pychrono
-2.700,-1.500,-0.04994,0.5843,0.00000,pychrono
-2.700,-1.400,-0.03753,0.5932,0.00000,pychrono
-2.700,-1.300,-0.02440,0.6026,0.00000,pychrono
-2.700,-1.200,-0.01078,0.6123,0.00001,pychrono
-2.700,-1.100,0.00305,0.6178,0.00002,pychrono
-2.700,-1.000,0.01681,0.6080,0.00003,pychrono
-2.700,-0.900,0.03025,0.5984,0.00006,pychrono
-2.700,-0.800,0.04309,0.5892,0.00009,pychrono
-2.700,-0.700,0.05510,0.5806,0.00014,pychrono
-2.700,-0.600,0.06602,0.5728,0.00021,pychrono
-2.700,-0.500,0.07565,0.5660,0.00029,pychrono
-2.700,-0.400,0.08380,0.5601,0.00037,pychrono
-2.700,-0.300,0.09032,0.5555,0.00045,pychrono
-2.700,-0.200,0.09506,0.5521,0.00052,pychrono
-2.700,-0.100,0.09794,0.5500,0.00057,pychrono
-2.700,0.000,0.09891,0.5493,0.00059,pychrono
-2.700,0.100,0.09794,0.5500,0.00057,pychrono
-2.700,0.200,0.09506,0.5521,0.00052,pychrono
-2.700,0.300,0.09032,0.5555,0.00045,pychrono
-2.700,0.400,0.08380,0.5601,0.00037,pychrono
-2.700,0.500,0.07565,0.5660,0.00029,pychrono
-2.700,0.600,0.06602,0.5728,0.00021,pychrono
-2.700,0.700,0.05510,0.5806,0.00014,pychrono
-2.700,0.800,0.04309,0.5892,0.00009,pychrono
-2.700,0.900,0.03025,0.5984,0.00006,pychrono
-2.700,1.000,0.01681,0.6080,0.00003,pychrono
-2.700,1.100,0.00305,0.6178,0.00002,pychrono
-2.700,1.200,-0.01078,0.6123,0.00001,pychrono
-2.700,1.300,-0.02440,0.6026,0.00000,pychrono
-2.700,1.400,-0.03753,0.5932,0.00000,pychrono
-2.700,1.500,-0.04994,0.5843,0.00000,pychrono
-2.700,1.600,-0.06136,0.5762,0.00000,pychrono
-2.700,1.700,-0.07159,0.5689,0.00000,pychrono
-2.700,1.800,-0.08041,0.5626,0.00000,pychrono
-2.700,1.900,-0.08766,0.5574,0.00000,pychrono
-2.700,2.000,-0.09320,0.5534,0.00000,pychrono
-2.600,-2.000,-0.09417,0.5527,0.00000,pychrono
-2.600,-1.900,-0.08858,0.5567,0.00000,pychrono
-2.600,-1.800,-0.08125,0.5620,0.00000,pychrono
-2.600,-1.700,-0.07234,0.5683,0.00000,pychrono
-2.600,-1.600,-0.06200,0.5757,0.00000,pychrono
-2.600,-1.500,-0.05046,0.5840,0.00000,pychrono
-2.600,-1.400,-0.03793,0.5929,0.00000,pychrono
-2.600,-1.300,-0.02465,0.6024,0.00001,pychrono
-2.600,-1.200,-0.01089,0.6122,0.00001,pychrono
-2.600,-1.100,0.00308,0.6178,0.00003,pychrono
-2.600,-1.000,0.01699,0.6079,0.00005,pychrono
-2.600,-0.900,0.03057,0.5982,0.00008,pychrono
-2.600,-0.800,0.04355,0.5889,0.00014,pychrono
-2.600,-0.700,0.05567,0.5802,0.00021,pychrono
-2.600,-0.600,0.06671,0.5723,0.00031,pychrono
-2.600,-0.500,0.07644,0.5654,0.00042,pychrono
-2.600,-0.400,0.08468,0.5595,0.00054,pychrono
-2.600,-0.300,0.09126,0.5548,0.00066,pychrono
-2.600,-0.200,0.09606,0.5514,0.00077,pychrono
-2.600,-0.100,0.09897,0.5493,0.00084,pychrono
-2.600,0.000,0.09995,0.5486,0.00086,pychrono
-2.600,0.100,0.09897,0.5493,0.00084,pychrono
-2.600,0.200,0.09606,0.5514,0.00077,pychrono
-2.600,0.300,0.09126,0.5548,0.00066,pychrono
-2.600,0.400,0.08468,0.5595,0.00054,pychrono
-2.600,0.500,0.07644,0.5654,0.00042,pychrono
-2.600,0.600,0.06671,0.5723,0.00031,pychrono
-2.600,0.700,0.05567,0.5802,0.00021,pychrono
-2.600,0.800,0.04355,0.5889,0.00014,pychrono
-2.600,0.900,0.03057,0.5982,0.00008,pychrono
-2.600,1.000,0.01699,0.6079,0.00005,pychrono
-2.600,1.100,0.00308,0.6178,0.00003,pychrono
-2.600,1.200,-0.01089,0.6122,0.00001,pychrono
-2.600,1.300,-0.02465,0.6024,0.00001,pychrono
-2.600,1.400,-0.03793,0.5929,0.00000,pychrono
-2.600,1.500,-0.05046,0.5840,0.00000,pychrono
-2.600,1.600,-0.06200,0.5757,0.00000,pychrono
-2.600,1.700,-0.07234,0.5683,0.00000,pychrono
-2.600,1.800,-0.08125,0.5620,0.00000,pychrono
-2.600,1.900,-0.08858,0.5567,0.00000,pychrono
-2.600,2.000,-0.09417,0.5527,0.00000,pychrono
-2.500,-2.000,-0.09211,0.5542,0.00000,pychrono
-2.500,-1.900,-0.08663,0.5581,0.00000,pychrono
-2.500,-1.800,-0.07947,0.5632,0.00000,pychrono
-2.500,-1.700,-0.07075,0.5695,0.00000,pychrono
-2.500,-1.600,-0.06064,0.5767,0.00000,pychrono
-2.500,-1.500,-0.04935,0.5847,0.00000,pychrono
-2.500,-1.400,-0.03709,0.5935,0.00000,pychrono
-2.500,-1.300,-0.02411,0.6028,0.00001,pychrono
-2.500,-1.200,-0.01065,0.6124,0.00002,pychrono
-2.500,-1.100,0.00301,0.6179,0.00004,pychrono
-2.500,-1.000,0.01661,0.6081,0.00007,pychrono
-2.500,-0.900,0.02989,0.5986,0.00012,pychrono
-2.500,-0.800,0.04259,0.5896,0.00020,pychrono
-2.500,-0.700,0.05445,0.5811,0.00031,pychrono
-2.500,-0.600,0.06525,0.5734,0.00044,pychrono
-2.500,-0.500,0.07477,0.5666,0.00061,pychrono
-2.500,-0.400,0.08282,0.5608,0.00079,pychrono
-2.500,-0.300,0.08926,0.5562,0.00096,pychrono
-2.500,-0.200,0.09395,0.5529,0.00111,pychrono
-2.500,-0.100,0.09680,0.5509,0.00121,pychrono
-2.500,0.000,0.09775,0.5502,0.00124,pychrono
-2.500,0.100,0.09680,0.5509,0.00121,pychrono
-2.500,0.200,0.09395,0.5529,0.00111,pychrono
-2.500,0.300,0.08926,0.5562,0.00096,pychrono
-2.500,0.400,0.08282,0.5608,0.00079,pychrono
-2.500,0.500,0.07477,0.5666,0.00061,pychrono
-2.500,0.600,0.06525,0.5734,0.00044,pychrono
-2.500,0.700,0.05445,0.5811,0.00031,pychrono
-2.500,0.800,0.04259,0.5896,0.00020,pychrono
-2.500,0.900,0.02989,0.5986,0.00012,pychrono
-2.500,1.000,0.01661,0.6081,0.00007,pychrono
-2.500,1.100,0.00301,0.6179,0.00004,pychrono
-2.500,1.200,-0.01065,0.6124,0.00002,pychrono
-2.500,1.300,-0.02411,0.6028,0.00001,pychrono
-2.500,1.400,-0.03709,0.5935,0.00000,pychrono
-2.500,1.500,-0.04935,0.5847,0.00000,pychrono
-2.500,1.600,-0.06064,0.5767,0.00000,pychrono
-2.500,1.700,-0.07075,0.5695,0.00000,pychrono
-2.500,1.800,-0.07947,0.5632,0.00000,pychrono
-2.500,1.900,-0.08663,0.5581,0.00000,pychrono
-2.500,2.000,-0.09211,0.5542,0.00000,pychrono
-2.400,-2.000,-0.08706,0.5578,0.00000,pychrono
-2.400,-1.900,-0.08189,0.5615,0.00000,pychrono
-2.400,-1.800,-0.07512,0.5663,0.00000,pychrono
-2.400,-1.700,-0.06687,0.5722,0.00000,pychrono
-2.400,-1.600,-0.05732,0.5791,0.00000,pychrono
-2.400,-1.500,-0.04665,0.5867,0.00000,pychrono
-2.400,-1.400,-0.03506,0.5950,0.00001,pychrono
-2.400,-1.300,-0.02279,0.6037,0.00001,pychrono
-2.400,-1.200,-0.01007,0.6128,0.00003,pychrono
-2.400,-1.100,0.00285,0.6180,0.00006,pychrono
-2.400,-1.000,0.01570,0.6088,0.00010,pychrono
-2.400,-0.900,0.02826,0.5998,0.00017,pychrono
-2.400,-0.800,0.04026,0.5912,0.00028,pychrono
-2.400,-0.700,0.05147,0.5832,0.00044,pychrono
-2.400,-0.600,0.06167,0.5759,0.00063,pychrono
-2.400,-0.500,0.07067,0.5695,0.00086,pychrono
-2.400,-0.400,0.07829,0.5641,0.00112,pychrono
-2.400,-0.300,0.08437,0.5597,0.00137,pychrono
-2.400,-0.200,0.08880,0.5566,0.00157,pychrono
-2.400,-0.100,0.09150,0.5546,0.00172,pychrono
-2.400,0.000,0.09240,0.5540,0.00177,pychrono
-2.400,0.100,0.09150,0.5546,0.00172,pychrono
-2.400,0.200,0.08880,0.5566,0.00157,pychrono
-2.400,0.300,0.08437,0.5597,0.00137,pychrono
-2.400,0.400,0.07829,0.5641,0.00112,pychrono
-2.400,0.500,0.07067,0.5695,0.00086,pychrono
-2.400,0.600,0.06167,0.5759,0.00063,pychrono
-2.400,0.700,0.05147,0.5832,0.00044,pychrono
-2.400,0.800,0.04026,0.5912,0.00028,pychrono
-2.400,0.900,0.02826,0.5998,0.00017,pychrono
-2.400,1.000,0.01570,0.6088,0.00010,pychrono
-2.400,1.100,0.00285,0.6180,0.00006,pychrono
-2.400,1.200,-0.01007,0.6128,0.00003,pychrono
-2.400,1.300,-0.02279,0.6037,0.00001,pychrono
-2.400,1.400,-0.03506,0.5950,0.00001,pychrono
-2.400,1.500,-0.04665,0.5867,0.00000,pychrono
-2.400,1.600,-0.05732,0.5791,0.00000,pychrono
-2.400,1.700,-0.06687,0.5722,0.00000,pychrono
-2.400,1.800,-0.07512,0.5663,0.00000,pychrono
-2.400,1.900,-0.08189,0.5615,0.00000,pychrono
-2.400,2.000,-0.08706,0.5578,0.00000,pychrono
-2.300,-2.000,-0.07920,0.5634,0.00000,pychrono
-2.300,-1.900,-0.07450,0.5668,0.00000,pychrono
-2.300,-1.800,-0.06834,0.5712,0.00000,pychrono
-2.300,-1.700,-0.06084,0.5765,0.00000,pychrono
-2.300,-1.600,-0.05215,0.5828,0.00000,pychrono
-2.300,-1.500,-0.04244,0.5897,0.00000,pychrono
-2.300,-1.400,-0.03190,0.5972,0.00001,pychrono
-2.300,-1.300,-0.02073,0.6052,0.00002,pychrono
-2.300,-1.200,-0.00916,0.6135,0.00004,pychrono
-2.300,-1.100,0.00259,0.6182,0.00008,pychrono
-2.300,-1.000,0.01429,0.6098,0.00014,pychrono
-2.300,-0.900,0.02571,0.6016,0.00025,pychrono
-2.300,-0.800,0.03662,0.5938,0.00040,pychrono
-2.300,-0.700,0.04682,0.5866,0.00061,pychrono
-2.300,-0.600,0.05611,0.5799,0.00089,pychrono
-2.300,-0.500,0.06429,0.5741,0.00121,pychrono
-2.300,-0.400,0.07122,0.5691,0.00157,pychrono
-2.300,-0.300,0.07676,0.5652,0.00192,pychrono
-2.300,-0.200,0.08079,0.5623,0.00221,pychrono
-2.300,-0.100,0.08324,0.5605,0.00241,pychrono
-2.300,0.000,0.08406,0.5600,0.00248,pychrono
-2.300,0.100,0.08324,0.5605,0.00241,pychrono
-2.300,0.200,0.08079,0.5623,0.00221,pychrono
-2.300,0.300,0.07676,0.5652,0.00192,pychrono
-2.300,0.400,0.07122,0.5691,0.00157,pychrono
-2.300,0.500,0.06429,0.5741,0.00121,pychrono
-2.300,0.600,0.05611,0.5799,0.00089,pychrono
-2.300,0.700,0.04682,0.5866,0.00061,pychrono
-2.300,0.800,0.03662,0.5938,0.00040,pychrono
-2.300,0.900,0.02571,0.6016,0.00025,pychrono
-2.300,1.000,0.01429,0.6098,0.00014,pychrono
-2.300,1.100,0.00259,0.6182,0.00008,pychrono
-2.300,1.200,-0.00916,0.6135,0.00004,pychrono
-2.300,1.300,-0.02073,0.6052,0.00002,pychrono
-2.300,1.400,-0.03190,0.5972,0.00001,pychrono
-2.300,1.500,-0.04244,0.5897,0.00000,pychrono
-2.300,1.600,-0.05215,0.5828,0.00000,pychrono
-2.300,1.700,-0.06084,0.5765,0.00000,pychrono
-2.300,1.800,-0.06834,0.5712,0.00000,pychrono
-2.300,1.900,-0.07450,0.5668,0.00000,pychrono
-2.300,2.000,-0.07920,0.5634,0.00000,pychrono
-2.200,-2.000,-0.06879,0.5709,0.00000,pychrono
-2.200,-1.900,-0.06470,0.5738,0.00000,pychrono
-2.200,-1.800,-0.05935,0.5776,0.00000,pychrono
-2.200,-1.700,-0.05284,0.5823,0.00000,pychrono
-2.200,-1.600,-0.04529,0.5876,0.00000,pychrono
-2.200,-1.500,-0.03686,0.5937,0.00001,pychrono
-2.200,-1.400,-0.02770,0.6002,0.00001,pychrono
-2.200,-1.300,-0.01801,0.6071,0.00003,pychrono
-2.200,-1.200,-0.00796,0.6143,0.00006,pychrono
-2.200,-1.100,0.00225,0.6184,0.00011,pychrono
-2.200,-1.000,0.01241,0.6111,0.00020,pychrono
-2.200,-0.900,0.02233,0.6041,0.00034,pychrono
-2.200,-0.800,0.03181,0.5973,0.00055,pychrono
-2.200,-0.700,0.04067,0.5910,0.00085,pychrono
-2.200,-0.600,0.04873,0.5852,0.00123,pychrono
-2.200,-0.500,0.05584,0.5801,0.00168,pychrono
-2.200,-0.400,0.06185,0.5758,0.00218,pychrono
-2.200,-0.300,0.06666,0.5724,0.00266,pychrono
-2.200,-0.200,0.07016,0.5699,0.00307,pychrono
-2.200,-0.100,0.07229,0.5684,0.00334,pychrono
-2.200,0.000,0.07301,0.5679,0.00344,pychrono
-2.200,0.100,0.07229,0.5684,0.00334,pychrono
-2.200,0.200,0.07016,0.5699,0.00307,pychrono
-2.200,0.300,0.06666,0.5724,0.00266,pychrono
-2.200,0.400,0.06185,0.5758,0.00218,pychrono
-2.200,0.500,0.05584,0.5801,0.00168,pychrono
-2.200,0.600,0.04873,0.5852,0.00123,pychrono
-2.200,0.700,0.04067,0.5910,0.00085,pychrono
-2.200,0.800,0.03181,0.5973,0.00055,pychrono
-2.200,0.900,0.02233,0.6041,0.00034,pychrono
-2.200,1.000,0.01241,0.6111,0.00020,pychrono
-2.200,1.100,0.00225,0.6184,0.00011,pychrono
-2.200,1.200,-0.00796,0.6143,0.00006,pychrono
-2.200,1.300,-0.01801,0.6071,0.00003,pychrono
-2.200,1.400,-0.02770,0.6002,0.00001,pychrono
-2.200,1.500,-0.03686,0.5937,0.00001,pychrono
-2.200,1.600,-0.04529,0.5876,0.00000,pychrono
-2.200,1.700,-0.05284,0.5823,0.00000,pychrono
-2.200,1.800,-0.05935,0.5776,0.00000,pychrono
-2.200,1.900,-0.06470,0.5738,0.00000,pychrono
-2.200,2.000,-0.06879,0.5709,0.00000,pychrono
-2.100,-2.000,-0.05615,0.5799,0.00000,pychrono
-2.100,-1.900,-0.05281,0.5823,0.00000,pychrono
-2.100,-1.800,-0.04845,0.5854,0.00000,pychrono
-2.100,-1.700,-0.04313,0.5892,0.00000,pychrono
-2.100,-1.600,-0.03697,0.5936,0.00000,pychrono
-2.100,-1.500,-0.03008,0.5985,0.00001,pychrono
-2.100,-1.400,-0.02261,0.6038,0.00002,pychrono
-2.100,-1.300,-0.01470,0.6095,0.00004,pychrono
-2.100,-1.200,-0.00649,0.6154,0.00008,pychrono
-2.100,-1.100,0.00183,0.6187,0.00015,pychrono
-2.100,-1.000,0.01013,0.6128,0.00027,pychrono
-2.100,-0.900,0.01822,0.6070,0.00046,pychrono
-2.100,-0.800,0.02596,0.6015,0.00076,pychrono
-2.100,-0.700,0.03319,0.5963,0.00116,pychrono
-2.100,-0.600,0.03978,0.5916,0.00168,pychrono
-2.100,-0.500,0.04558,0.5874,0.00230,pychrono
-2.100,-0.400,0.05049,0.5839,0.00298,pychrono
-2.100,-0.300,0.05441,0.5811,0.00364,pychrono
-2.100,-0.200,0.05727,0.5791,0.00420,pychrono
-2.100,-0.100,0.05901,0.5779,0.00457,pychrono
-2.100,0.000,0.05959,0.5774,0.00470,pychrono
-2.100,0.100,0.05901,0.5779,0.00457,pychrono
-2.100,0.200,0.05727,0.5791,0.00420,pychrono
-2.100,0.300,0.05441,0.5811,0.00364,pychrono
-2.100,0.400,0.05049,0.5839,0.00298,pychrono
-2.100,0.500,0.04558,0.5874,0.00230,pychrono
-2.100,0.600,0.03978,0.5916,0.00168,pychrono
-2.100,0.700,0.03319,0.5963,0.00116,pychrono
-2.100,0.800,0.02596,0.6015,0.00076,pychrono
-2.100,0.900,0.01822,0.6070,0.00046,pychrono
-2.100,1.000,0.01013,0.6128,0.00027,pychrono
-2.100,1.100,0.00183,0.6187,0.00015,pychrono
-2.100,1.200,-0.00649,0.6154,0.00008,pychrono
-2.100,1.300,-0.01470,0.6095,0.00004,pychrono
-2.100,1.400,-0.02261,0.6038,0.00002,pychrono
-2.100,1.500,-0.03008,0.5985,0.00001,pychrono
-2.100,1.600,-0.03697,0.5936,0.00000,pychrono
-2.100,1.700,-0.04313,0.5892,0.00000,pychrono
-2.100,1.800,-0.04845,0.5854,0.00000,pychrono
-2.100,1.900,-0.05281,0.5823,0.00000,pychrono
-2.100,2.000,-0.05615,0.5799,0.00000,pychrono
-2.000,-2.000,-0.04170,0.5902,0.00000,pychrono
-2.000,-1.900,-0.03922,0.5920,0.00000,pychrono
-2.000,-1.800,-0.03597,0.5943,0.00000,pychrono
-2.000,-1.700,-0.03203,0.5971,0.00000,pychrono
-2.000,-1.600,-0.02745,0.6004,0.00000,pychrono
-2.000,-1.500,-0.02234,0.6040,0.00001,pychrono
-2.000,-1.400,-0.01679,0.6080,0.00002,pychrono
-2.000,-1.300,-0.01091,0.6122,0.00005,pychrono
-2.000,-1.200,-0.00482,0.6166,0.00010,pychrono
-2.000,-1.100,0.00136,0.6190,0.00020,pychrono
-2.000,-1.000,0.00752,0.6146,0.00036,pychrono
-2.000,-0.900,0.01353,0.6103,0.00063,pychrono
-2.000,-0.800,0.01928,0.6062,0.00102,pychrono
-2.000,-0.700,0.02465,0.6024,0.00157,pychrono
-2.000,-0.600,0.02954,0.5989,0.00227,pychrono
-2.000,-0.500,0.03385,0.5958,0.00311,pychrono
-2.000,-0.400,0.03749,0.5932,0.00402,pychrono
-2.000,-0.300,0.04041,0.5911,0.00491,pychrono
-2.000,-0.200,0.04253,0.5896,0.00566,pychrono
-2.000,-0.100,0.04382,0.5887,0.00617,pychrono
-2.000,0.000,0.04425,0.5884,0.00635,pychrono
-2.000,0.100,0.04382,0.5887,0.00617,pychrono
-2.000,0.200,0.04253,0.5896,0.00566,pychrono
-2.000,0.300,0.04041,0.5911,0.00491,pychrono
-2.000,0.400,0.03749,0.5932,0.00402,pychrono
-2.000,0.500,0.03385,0.5958,0.00311,pychrono
-2.000,0.600,0.02954,0.5989,0.00227,pychrono
-2.000,0.700,0.02465,0.6024,0.00157,pychrono
-2.000,0.800,0.01928,0.6062,0.00102,pychrono
-2.000,0.900,0.01353,0.6103,0.00063,pychrono
-2.000,1.000,0.00752,0.6146,0.00036,pychrono
-2.000,1.100,0.00136,0.6190,0.00020,pychrono
-2.000,1.200,-0.00482,0.6166,0.00010,pychrono
-2.000,1.300,-0.01091,0.6122,0.00005,pychrono
-2.000,1.400,-0.01679,0.6080,0.00002,pychrono
-2.000,1.500,-0.02234,0.6040,0.00001,pychrono
-2.000,1.600,-0.02745,0.6004,0.00000,pychrono
-2.000,1.700,-0.03203,0.5971,0.00000,pychrono
-2.000,1.800,-0.03597,0.5943,0.00000,pychrono
-2.000,1.900,-0.03922,0.5920,0.00000,pychrono
-2.000,2.000,-0.04170,0.5902,0.00000,pychrono
-1.900,-2.000,-0.02589,0.6015,0.00000,pychrono
-1.900,-1.900,-0.02436,0.6026,0.00000,pychrono
-1.900,-1.800,-0.02234,0.6040,0.00000,pychrono
-1.900,-1.700,-0.01989,0.6058,0.00000,pychrono
-1.900,-1.600,-0.01705,0.6078,0.00001,pychrono
-1.900,-1.500,-0.01387,0.6101,0.00001,pychrono
-1.900,-1.400,-0.01043,0.6126,0.00003,pychrono
-1.900,-1.300,-0.00678,0.6152,0.00007,pychrono
-1.900,-1.200,-0.00300,0.6179,0.00014,pychrono
-1.900,-1.100,0.00085,0.6194,0.00027,pychrono
-1.900,-1.000,0.00467,0.6167,0.00049,pychrono
-1.900,-0.900,0.00840,0.6140,0.00084,pychrono
-1.900,-0.800,0.01197,0.6114,0.00136,pychrono
-1.900,-0.700,0.01531,0.6091,0.00209,pychrono
-1.900,-0.600,0.01834,0.6069,0.00302,pychrono
-1.900,-0.500,0.02102,0.6050,0.00414,pychrono
-1.900,-0.400,0.02328,0.6034,0.00536,pychrono
-1.900,-0.300,0.02509,0.6021,0.00654,pychrono
-1.900,-0.200,0.02641,0.6011,0.00755,pychrono
-1.900,-0.100,0.02721,0.6006,0.00822,pychrono
-1.900,0.000,0.02748,0.6004,0.00846,pychrono
-1.900,0.100,0.02721,0.6006,0.00822,pychrono
-1.900,0.200,0.02641,0.6011,0.00755,pychrono
-1.900,0.300,0.02509,0.6021,0.00654,pychrono
-1.900,0.400,0.02328,0.6034,0.00536,pychrono
-1.900,0.500,0.02102,0.6050,0.00414,pychrono
-1.900,0.600,0.01834,0.6069,0.00302,pychrono
-1.900,0.700,0.01531,0.6091,0.00209,pychrono
-1.900,0.800,0.01197,0.6114,0.00136,pychrono
-1.900,0.900,0.00840,0.6140,0.00084,pychrono
-1.900,1.000,0.00467,0.6167,0.00049,pychrono
-1.900,1.100,0.00085,0.6194,0.00027,pychrono
-1.900,1.200,-0.00300,0.6179,0.00014,pychrono
-1.900,1.300,-0.00678,0.6152,0.00007,pychrono
-1.900,1.400,-0.01043,0.6126,0.00003,pychrono
-1.900,1.500,-0.01387,0.6101,0.00001,pychrono
-1.900,1.600,-0.01705,0.6078,0.00001,pychrono
-1.900,1.700,-0.01989,0.6058,0.00000,pychrono
-1.900,1.800,-0.02234,0.6040,0.00000,pychrono
-1.900,1.900,-0.02436,0.6026,0.00000,pychrono
-1.900,2.000,-0.02589,0.6015,0.00000,pychrono
-1.800,-2.000,-0.00926,0.6134,0.00000,pychrono
-1.800,-1.900,-0.00871,0.6138,0.00000,pychrono
-1.800,-1.800,-0.00799,0.6143,0.00000,pychrono
-1.800,-1.700,-0.00711,0.6149,0.00000,pychrono
-1.800,-1.600,-0.00609,0.6156,0.00001,pychrono
-1.800,-1.500,-0.00496,0.6165,0.00002,pychrono
-1.800,-1.400,-0.00373,0.6173,0.00004,pychrono
-1.800,-1.300,-0.00242,0.6183,0.00009,pychrono
-1.800,-1.200,-0.00107,0.6192,0.00018,pychrono
-1.800,-1.100,0.00030,0.6198,0.00035,pychrono
-1.800,-1.000,0.00167,0.6188,0.00064,pychrono
-1.800,-0.900,0.00300,0.6179,0.00110,pychrono
-1.800,-0.800,0.00428,0.6169,0.00179,pychrono
-1.800,-0.700,0.00547,0.6161,0.00274,pychrono
-1.800,-0.600,0.00656,0.6153,0.00397,pychrono
-1.800,-0.500,0.00751,0.6146,0.00544,pychrono
-1.800,-0.400,0.00832,0.6141,0.00704,pychrono
-1.800,-0.300,0.00897,0.6136,0.00860,pychrono
-1.800,-0.200,0.00944,0.6133,0.00992,pychrono
-1.800,-0.100,0.00973,0.6131,0.01080,pychrono
-1.800,0.000,0.00982,0.6130,0.01112,pychrono
-1.800,0.100,0.00973,0.6131,0.01080,pychrono
-1.800,0.200,0.00944,0.6133,0.00992,pychrono
-1.800,0.300,0.00897,0.6136,0.00860,pychrono
-1.800,0.400,0.00832,0.6141,0.00704,pychrono
-1.800,0.500,0.00751,0.6146,0.00544,pychrono
-1.800,0.600,0.00656,0.6153,0.00397,pychrono
-1.800,0.700,0.00547,0.6161,0.00274,pychrono
-1.800,0.800,0.00428,0.6169,0.00179,pychrono
-1.800,0.900,0.00300,0.6179,0.00110,pychrono
-1.800,1.000,0.00167,0.6188,0.00064,pychrono
-1.800,1.100,0.00030,0.6198,0.00035,pychrono
-1.800,1.200,-0.00107,0.6192,0.00018,pychrono
-1.800,1.300,-0.00242,0.6183,0.00009,pychrono
-1.800,1.400,-0.00373,0.6173,0.00004,pychrono
-1.800,1.500,-0.00496,0.6165,0.00002,pychrono
-1.800,1.600,-0.00609,0.6156,0.00001,pychrono
-1.800,1.700,-0.00711,0.6149,0.00000,pychrono
-1.800,1.800,-0.00799,0.6143,0.00000,pychrono
-1.800,1.900,-0.00871,0.6138,0.00000,pychrono
-1.800,2.000,-0.00926,0.6134,0.00000,pychrono
-1.700,-2.000,0.00768,0.6145,0.00000,pychrono
-1.700,-1.900,0.00722,0.6148,0.00000,pychrono
-1.700,-1.800,0.00663,0.6153,0.00000,pychrono
-1.700,-1.700,0.00590,0.6158,0.00000,pychrono
-1.700,-1.600,0.00506,0.6164,0.00001,pychrono
-1.700,-1.500,0.00411,0.6171,0.00002,pychrono
-1.700,-1.400,0.00309,0.6178,0.00005,pychrono
-1.700,-1.300,0.00201,0.6186,0.00012,pychrono
-1.700,-1.200,0.00089,0.6194,0.00024,pychrono
-1.700,-1.100,-0.00025,0.6198,0.00045,pychrono
-1.700,-1.000,-0.00139,0.6190,0.00083,pychrono
-1.700,-0.900,-0.00249,0.6182,0.00143,pychrono
-1.700,-0.800,-0.00355,0.6175,0.00232,pychrono
-1.700,-0.700,-0.00454,0.6168,0.00356,pychrono
-1.700,-0.600,-0.00544,0.6161,0.00515,pychrono
-1.700,-0.500,-0.00623,0.6155,0.00706,pychrono
-1.700,-0.400,-0.00691,0.6151,0.00913,pychrono
-1.700,-0.300,-0.00744,0.6147,0.01115,pychrono
-1.700,-0.200,-0.00783,0.6144,0.01286,pychrono
-1.700,-0.100,-0.00807,0.6142,0.01401,pychrono
-1.700,0.000,-0.00815,0.6142,0.01442,pychrono
-1.700,0.100,-0.00807,0.6142,0.01401,pychrono
-1.700,0.200,-0.00783,0.6144,0.01286,pychrono
-1.700,0.300,-0.00744,0.6147,0.01115,pychrono
-1.700,0.400,-0.00691,0.6151,0.00913,pychrono
-1.700,0.500,-0.00623,0.6155,0.00706,pychrono
-1.700,0.600,-0.00544,0.6161,0.00515,pychrono
-1.700,0.700,-0.00454,0.6168,0.00356,pychrono
-1.700,0.800,-0.00355,0.6175,0.00232,pychrono
-1.700,0.900,-0.00249,0.6182,0.00143,pychrono
-1.700,1.000,-0.00139,0.6190,0.00083,pychrono
-1.700,1.100,-0.00025,0.6198,0.00045,pychrono
-1.700,1.200,0.00089,0.6194,0.00024,pychrono
-1.700,1.300,0.00201,0.6186,0.00012,pychrono
-1.700,1.400,0.00309,0.6178,0.00005,pychrono
-1.700,1.500,0.00411,0.6171,0.00002,pychrono
-1.700,1.600,0.00506,0.6164,0.00001,pychrono
-1.700,1.700,0.00590,0.6158,0.00000,pychrono
-1.700,1.800,0.00663,0.6153,0.00000,pychrono
-1.700,1.900,0.00722,0.6148,0.00000,pychrono
-1.700,2.000,0.00768,0.6145,0.00000,pychrono
-1.600,-2.000,0.02437,0.6026,0.00000,pychrono
-1.600,-1.900,0.02292,0.6036,0.00000,pychrono
-1.600,-1.800,0.02102,0.6050,0.00000,pychrono
-1.600,-1.700,0.01872,0.6066,0.00000,pychrono
-1.600,-1.600,0.01604,0.6085,0.00001,pychrono
-1.600,-1.500,0.01306,0.6107,0.00003,pychrono
-1.600,-1.400,0.00981,0.6130,0.00007,pychrono
-1.600,-1.300,0.00638,0.6154,0.00015,pychrono
-1.600,-1.200,0.00282,0.6180,0.00030,pychrono
-1.600,-1.100,-0.00080,0.6194,0.00058,pychrono
-1.600,-1.000,-0.00440,0.6169,0.00106,pychrono
-1.600,-0.900,-0.00791,0.6144,0.00182,pychrono
-1.600,-0.800,-0.01127,0.6120,0.00296,pychrono
-1.600,-0.700,-0.01441,0.6097,0.00455,pychrono
-1.600,-0.600,-0.01726,0.6077,0.00660,pychrono
-1.600,-0.500,-0.01978,0.6059,0.00903,pychrono
-1.600,-0.400,-0.02191,0.6043,0.01168,pychrono
-1.600,-0.300,-0.02361,0.6031,0.01427,pychrono
-1.600,-0.200,-0.02485,0.6022,0.01646,pychrono
-1.600,-0.100,-0.02561,0.6017,0.01793,pychrono
-1.600,0.000,-0.02586,0.6015,0.01845,pychrono
-1.600,0.100,-0.02561,0.6017,0.01793,pychrono
-1.600,0.200,-0.02485,0.6022,0.01646,pychrono
-1.600,0.300,-0.02361,0.6031,0.01427,pychrono
-1.600,0.400,-0.02191,0.6043,0.01168,pychrono
-1.600,0.500,-0.01978,0.6059,0.00903,pychrono
-1.600,0.600,-0.01726,0.6077,0.00660,pychrono
-1.600,0.700,-0.01441,0.6097,0.00455,pychrono
-1.600,0.800,-0.01127,0.6120,0.00296,pychrono
-1.600,0.900,-0.00791,0.6144,0.00182,pychrono
-1.600,1.000,-0.00440,0.6169,0.00106,pychrono
-1.600,1.100,-0.00080,0.6194,0.00058,pychrono
-1.600,1.200,0.00282,0.6180,0.00030,pychrono
-1.600,1.300,0.00638,0.6154,0.00015,pychrono
-1.600,1.400,0.00981,0.6130,0.00007,pychrono
-1.600,1.500,0.01306,0.6107,0.00003,pychrono
-1.600,1.600,0.01604,0.6085,0.00001,pychrono
-1.600,1.700,0.01872,0.6066,0.00000,pychrono
-1.600,1.800,0.02102,0.6050,0.00000,pychrono
-1.600,1.900,0.02292,0.6036,0.00000,pychrono
-1.600,2.000,0.02437,0.6026,0.00000,pychrono
-1.500,-2.000,0.04027,0.5912,0.00000,pychrono
-1.500,-1.900,0.03788,0.5929,0.00000,pychrono
-1.500,-1.800,0.03474,0.5952,0.00000,pychrono
-1.500,-1.700,0.03093,0.5979,0.00001,pychrono
-1.500,-1.600,0.02651,0.6011,0.00002,pychrono
-1.500,-1.500,0.02158,0.6046,0.00004,pychrono
-1.500,-1.400,0.01622,0.6084,0.00009,pychrono
-1.500,-1.300,0.01054,0.6125,0.00019,pychrono
-1.500,-1.200,0.00466,0.6167,0.00038,pychrono
-1.500,-1.100,-0.00132,0.6191,0.00073,pychrono
-1.500,-1.000,-0.00726,0.6148,0.00134,pychrono
-1.500,-0.900,-0.01307,0.6107,0.00230,pychrono
-1.500,-0.800,-0.01862,0.6067,0.00374,pychrono
-1.500,-0.700,-0.02381,0.6030,0.00575,pychrono
-1.500,-0.600,-0.02853,0.5996,0.00833,pychrono
-1.500,-0.500,-0.03269,0.5967,0.01141,pychrono
-1.500,-0.400,-0.03621,0.5941,0.01475,pychrono
-1.500,-0.300,-0.03902,0.5921,0.01802,pychrono
-1.500,-0.200,-0.04107,0.5907,0.02078,pychrono
-1.500,-0.100,-0.04232,0.5898,0.02264,pychrono
-1.500,0.000,-0.04274,0.5895,0.02330,pychrono
-1.500,0.100,-0.04232,0.5898,0.02264,pychrono
-1.500,0.200,-0.04107,0.5907,0.02078,pychrono
-1.500,0.300,-0.03902,0.5921,0.01802,pychrono
-1.500,0.400,-0.03621,0.5941,0.01475,pychrono
-1.500,0.500,-0.03269,0.5967,0.01141,pychrono
-1.500,0.600,-0.02853,0.5996,0.00833,pychrono
-1.500,0.700,-0.02381,0.6030,0.00575,pychrono
-1.500,0.800,-0.01862,0.6067,0.00374,pychrono
-1.500,0.900,-0.01307,0.6107,0.00230,pychrono
-1.500,1.000,-0.00726,0.6148,0.00134,pychrono
-1.500,1.100,-0.00132,0.6191,0.00073,pychrono
-1.500,1.200,0.00466,0.6167,0.00038,pychrono
-1.500,1.300,0.01054,0.6125,0.00019,pychrono
-1.500,1.400,0.01622,0.6084,0.00009,pychrono
-1.500,1.500,0.02158,0.6046,0.00004,pychrono
-1.500,1.600,0.02651,0.6011,0.00002,pychrono
-1.500,1.700,0.03093,0.5979,0.00001,pychrono
-1.500,1.800,0.03474,0.5952,0.00000,pychrono
-1.500,1.900,0.03788,0.5929,0.00000,pychrono
-1.500,2.000,0.04027,0.5912,0.00000,pychrono
-1.400,-2.000,0.05487,0.5808,0.00000,pychrono
-1.400,-1.900,0.05161,0.5831,0.00000,pychrono
-1.400,-1.800,0.04734,0.5862,0.00000,pychrono
-1.400,-1.700,0.04215,0.5899,0.00001,pychrono
-1.400,-1.600,0.03613,0.5942,0.00002,pychrono
-1.400,-1.500,0.02940,0.5990,0.00005,pychrono
-1.400,-1.400,0.02210,0.6042,0.00011,pychrono
-1.400,-1.300,0.01436,0.6097,0.00023,pychrono
-1.400,-1.200,0.00635,0.6155,0.00047,pychrono
-1.400,-1.100,-0.00179,0.6187,0.00092,pychrono
-1.400,-1.000,-0.00990,0.6129,0.00167,pychrono
-1.400,-0.900,-0.01781,0.6073,0.00287,pychrono
-1.400,-0.800,-0.02537,0.6019,0.00466,pychrono
-1.400,-0.700,-0.03244,0.5968,0.00716,pychrono
-1.400,-0.600,-0.03887,0.5922,0.01038,pychrono
-1.400,-0.500,-0.04454,0.5882,0.01421,pychrono
-1.400,-0.400,-0.04934,0.5848,0.01838,pychrono
-1.400,-0.300,-0.05317,0.5820,0.02245,pychrono
-1.400,-0.200,-0.05597,0.5800,0.02590,pychrono
-1.400,-0.100,-0.05766,0.5788,0.02822,pychrono
-1.400,0.000,-0.05823,0.5784,0.02904,pychrono
-1.400,0.100,-0.05766,0.5788,0.02822,pychrono
-1.400,0.200,-0.05597,0.5800,0.02590,pychrono
-1.400,0.300,-0.05317,0.5820,0.02245,pychrono
-1.400,0.400,-0.04934,0.5848,0.01838,pychrono
-1.400,0.500,-0.04454,0.5882,0.01421,pychrono
-1.400,0.600,-0.03887,0.5922,0.01038,pychrono
-1.400,0.700,-0.03244,0.5968,0.00716,pychrono
-1.400,0.800,-0.02537,0.6019,0.00466,pychrono
-1.400,0.900,-0.01781,0.6073,0.00287,pychrono
-1.400,1.000,-0.00990,0.6129,0.00167,pychrono
-1.400,1.100,-0.00179,0.6187,0.00092,pychrono
-1.400,1.200,0.00635,0.6155,0.00047,pychrono
-1.400,1.300,0.01436,0.6097,0.00023,pychrono
-1.400,1.400,0.02210,0.6042,0.00011,pychrono
-1.400,1.500,0.02940,0.5990,0.00005,pychrono
-1.400,1.600,0.03613,0.5942,0.00002,pychrono
-1.400,1.700,0.04215,0.5899,0.00001,pychrono
-1.400,1.800,0.04734,0.5862,0.00000,pychrono
-1.400,1.900,0.05161,0.5831,0.00000,pychrono
-1.400,2.000,0.05487,0.5808,0.00000,pychrono
-1.300,-2.000,0.06770,0.5716,0.00000,pychrono
-1.300,-1.900,0.06367,0.5745,0.00000,pychrono
-1.300,-1.800,0.05841,0.5783,0.00000,pychrono
-1.300,-1.700,0.05200,0.5829,0.00001,pychrono
-1.300,-1.600,0.04457,0.5882,0.00002,pychrono
-1.300,-1.500,0.03627,0.5941,0.00006,pychrono
-1.300,-1.400,0.02726,0.6005,0.00013,pychrono
-1.300,-1.300,0.01772,0.6073,0.00029,pychrono
-1.300,-1.200,0.00783,0.6144,0.00058,pychrono
-1.300,-1.100,-0.00221,0.6184,0.00113,pychrono
-1.300,-1.000,-0.01221,0.6113,0.00205,pychrono
-1.300,-0.900,-0.02197,0.6043,0.00353,pychrono
-1.300,-0.800,-0.03130,0.5976,0.00574,pychrono
-1.300,-0.700,-0.04002,0.5914,0.00880,pychrono
-1.300,-0.600,-0.04795,0.5857,0.01276,pychrono
-1.300,-0.500,-0.05495,0.5807,0.01748,pychrono
-1.300,-0.400,-0.06087,0.5765,0.02260,pychrono
-1.300,-0.300,-0.06560,0.5731,0.02761,pychrono
-1.300,-0.200,-0.06905,0.5707,0.03185,pychrono
-1.300,-0.100,-0.07114,0.5692,0.03470,pychrono
-1.300,0.000,-0.07185,0.5687,0.03570,pychrono
-1.300,0.100,-0.07114,0.5692,0.03470,pychrono
-1.300,0.200,-0.06905,0.5707,0.03185,pychrono
-1.300,0.300,-0.06560,0.5731,0.02761,pychrono
-1.300,0.400,-0.06087,0.5765,0.02260,pychrono
-1.300,0.500,-0.05495,0.5807,0.01748,pychrono
-1.300,0.600,-0.04795,0.5857,0.01276,pychrono
-1.300,0.700,-0.04002,0.5914,0.00880,pychrono
-1.300,0.800,-0.03130,0.5976,0.00574,pychrono
-1.300,0.900,-0.02197,0.6043,0.00353,pychrono
-1.300,1.000,-0.01221,0.6113,0.00205,pychrono
-1.300,1.100,-0.00221,0.6184,0.00113,pychrono
-1.300,1.200,0.00783,0.6144,0.00058,pychrono
-1.300,1.300,0.01772,0.6073,0.00029,pychrono
-1.300,1.400,0.02726,0.6005,0.00013,pychrono
-1.300,1.500,0.03627,0.5941,0.00006,pychrono
-1.300,1.600,0.04457,0.5882,0.00002,pychrono
-1.300,1.700,0.05200,0.5829,0.00001,pychrono
-1.300,1.800,0.05841,0.5783,0.00000,pychrono
-1.300,1.900,0.06367,0.5745,0.00000,pychrono
-1.300,2.000,0.06770,0.5716,0.00000,pychrono
-1.200,-2.000,0.07833,0.5640,0.00000,pychrono
-1.200,-1.900,0.07368,0.5674,0.00000,pychrono
-1.200,-1.800,0.06759,0.5717,0.00000,pychrono
-1.200,-1.700,0.06017,0.5770,0.00001,pychrono
-1.200,-1.600,0.05158,0.5832,0.00003,pychrono
-1.200,-1.500,0.04197,0.5900,0.00007,pychrono
-1.200,-1.400,0.03155,0.5975,0.00016,pychrono
-1.200,-1.300,0.02050,0.6054,0.00035,pychrono
-1.200,-1.200,0.00906,0.6135,0.00071,pychrono
-1.200,-1.100,-0.00256,0.6182,0.00137,pychrono
-1.200,-1.000,-0.01413,0.6099,0.00249,pychrono
-1.200,-0.900,-0.02543,0.6018,0.00428,pychrono
-1.200,-0.800,-0.03622,0.5941,0.00696,pychrono
-1.200,-0.700,-0.04631,0.5869,0.01068,pychrono
-1.200,-0.600,-0.05549,0.5804,0.01549,pychrono
-1.200,-0.500,-0.06359,0.5746,0.02120,pychrono
-1.200,-0.400,-0.07044,0.5697,0.02742,pychrono
-1.200,-0.300,-0.07591,0.5658,0.03349,pychrono
-1.200,-0.200,-0.07990,0.5629,0.03864,pychrono
-1.200,-0.100,-0.08232,0.5612,0.04210,pychrono
-1.200,0.000,-0.08314,0.5606,0.04332,pychrono
-1.200,0.100,-0.08232,0.5612,0.04210,pychrono
-1.200,0.200,-0.07990,0.5629,0.03864,pychrono
-1.200,0.300,-0.07591,0.5658,0.03349,pychrono
-1.200,0.400,-0.07044,0.5697,0.02742,pychrono
-1.200,0.500,-0.06359,0.5746,0.02120,pychrono
-1.200,0.600,-0.05549,0.5804,0.01549,pychrono
-1.200,0.700,-0.04631,0.5869,0.01068,pychrono
-1.200,0.800,-0.03622,0.5941,0.00696,pychrono
-1.200,0.900,-0.02543,0.6018,0.00428,pychrono
-1.200,1.000,-0.01413,0.6099,0.00249,pychrono
-1.200,1.100,-0.00256,0.6182,0.00137,pychrono
-1.200,1.200,0.00906,0.6135,0.00071,pychrono
-1.200,1.300,0.02050,0.6054,0.00035,pychrono
-1.200,1.400,0.03155,0.5975,0.00016,pychrono
-1.200,1.500,0.04197,0.5900,0.00007,pychrono
-1.200,1.600,0.05158,0.5832,0.00003,pychrono
-1.200,1.700,0.06017,0.5770,0.00001,pychrono
-1.200,1.800,0.06759,0.5717,0.00000,pychrono
-1.200,1.900,0.07368,0.5674,0.00000,pychrono
-1.200,2.000,0.07833,0.5640,0.00000,pychrono
-1.100,-2.000,0.08644,0.5583,0.00000,pychrono
-1.100,-1.900,0.08131,0.5619,0.00000,pychrono
-1.100,-1.800,0.07458,0.5667,0.00000,pychrono
-1.100,-1.700,0.06640,0.5726,0.00001,pychrono
-1.100,-1.600,0.05691,0.5793,0.00003,pychrono
-1.100,-1.500,0.04632,0.5869,0.00008,pychrono
-1.100,-1.400,0.03481,0.5951,0.00019,pychrono
-1.100,-1.300,0.02263,0.6038,0.00041,pychrono
-1.100,-1.200,0.01000,0.6129,0.00085,pychrono
-1.100,-1.100,-0.00282,0.6180,0.00163,pychrono
-1.100,-1.000,-0.01559,0.6089,0.00298,pychrono
-1.100,-0.900,-0.02806,0.6000,0.00513,pychrono
-1.100,-0.800,-0.03997,0.5914,0.00833,pychrono
-1.100,-0.700,-0.05110,0.5835,0.01279,pychrono
-1.100,-0.600,-0.06124,0.5763,0.01854,pychrono
-1.100,-0.500,-0.07017,0.5699,0.02539,pychrono
-1.100,-0.400,-0.07773,0.5645,0.03283,pychrono
-1.100,-0.300,-0.08377,0.5602,0.04010,pychrono
-1.100,-0.200,-0.08817,0.5570,0.04626,pychrono
-1.100,-0.100,-0.09085,0.5551,0.05040,pychrono
-1.100,0.000,-0.09174,0.5545,0.05186,pychrono
-1.100,0.100,-0.09085,0.5551,0.05040,pychrono
-1.100,0.200,-0.08817,0.5570,0.04626,pychrono
-1.100,0.300,-0.08377,0.5602,0.04010,pychrono
-1.100,0.400,-0.07773,0.5645,0.03283,pychrono
-1.100,0.500,-0.07017,0.5699,0.02539,pychrono
-1.100,0.600,-0.06124,0.5763,0.01854,pychrono
-1.100,0.700,-0.05110,0.5835,0.01279,pychrono
-1.100,0.800,-0.03997,0.5914,0.00833,pychrono
-1.100,0.900,-0.02806,0.6000,0.00513,pychrono
-1.100,1.000,-0.01559,0.6089,0.00298,pychrono
-1.100,1.100,-0.00282,0.6180,0.00163,pychrono
-1.100,1.200,0.01000,0.6129,0.00085,pychrono
-1.100,1.300,0.02263,0.6038,0.00041,pychrono
-1.100,1.400,0.03481,0.5951,0.00019,pychrono
-1.100,1.500,0.04632,0.5869,0.00008,pychrono
-1.100,1.600,0.05691,0.5793,0.00003,pychrono
-1.100,1.700,0.06640,0.5726,0.00001,pychrono
-1.100,1.800,0.07458,0.5667,0.00000,pychrono
-1.100,1.900,0.08131,0.5619,0.00000,pychrono
-1.100,2.000,0.08644,0.5583,0.00000,pychrono
-1.000,-2.000,0.09176,0.5545,0.00000,pychrono
-1.000,-1.900,0.08631,0.5584,0.00000,pychrono
-1.000,-1.800,0.07917,0.5635,0.00001,pychrono
-1.000,-1.700,0.07048,0.5697,0.00002,pychrono
-1.000,-1.600,0.06041,0.5768,0.00004,pychrono
-1.000,-1.500,0.04916,0.5849,0.00010,pychrono
-1.000,-1.400,0.03695,0.5936,0.00023,pychrono
-1.000,-1.300,0.02402,0.6028,0.00049,pychrono
-1.000,-1.200,0.01061,0.6124,0.00100,pychrono
-1.000,-1.100,-0.00300,0.6179,0.00193,pychrono
-1.000,-1.000,-0.01655,0.6082,0.00352,pychrono
-1.000,-0.900,-0.02978,0.5987,0.00606,pychrono
-1.000,-0.800,-0.04243,0.5897,0.00984,pychrono
-1.000,-0.700,-0.05425,0.5813,0.01511,pychrono
-1.000,-0.600,-0.06500,0.5736,0.02190,pychrono
-1.000,-0.500,-0.07448,0.5668,0.02999,pychrono
-1.000,-0.400,-0.08251,0.5611,0.03878,pychrono
-1.000,-0.300,-0.08892,0.5565,0.04737,pychrono
-1.000,-0.200,-0.09359,0.5531,0.05465,pychrono
-1.000,-0.100,-0.09643,0.5511,0.05954,pychrono
-1.000,0.000,-0.09738,0.5504,0.06126,pychrono
-1.000,0.100,-0.09643,0.5511,0.05954,pychrono
-1.000,0.200,-0.09359,0.5531,0.05465,pychrono
-1.000,0.300,-0.08892,0.5565,0.04737,pychrono
-1.000,0.400,-0.08251,0.5611,0.03878,pychrono
-1.000,0.500,-0.07448,0.5668,0.02999,pychrono
-1.000,0.600,-0.06500,0.5736,0.02190,pychrono
-1.000,0.700,-0.05425,0.5813,0.01511,pychrono
-1.000,0.800,-0.04243,0.5897,0.00984,pychrono
-1.000,0.900,-0.02978,0.5987,0.00606,pychrono
-1.000,1.000,-0.01655,0.6082,0.00352,pychrono
-1.000,1.100,-0.00300,0.6179,0.00193,pychrono
-1.000,1.200,0.01061,0.6124,0.00100,pychrono
-1.000,1.300,0.02402,0.6028,0.00049,pychrono
-1.000,1.400,0.03695,0.5936,0.00023,pychrono
-1.000,1.500,0.04916,0.5849,0.00010,pychrono
-1.000,1.600,0.06041,0.5768,0.00004,pychrono
-1.000,1.700,0.07048,0.5697,0.00002,pychrono
-1.000,1.800,0.07917,0.5635,0.00001,pychrono
-1.000,1.900,0.08631,0.5584,0.00000,pychrono
-1.000,2.000,0.09176,0.5545,0.00000,pychrono
-0.900,-2.000,0.09411,0.5528,0.00000,pychrono
-0.900,-1.900,0.08852,0.5568,0.00000,pychrono
-0.900,-1.800,0.08120,0.5620,0.00001,pychrono
-0.900,-1.700,0.07229,0.5684,0.00002,pychrono
-0.900,-1.600,0.06196,0.5757,0.00005,pychrono
-0.900,-1.500,0.05042,0.5840,0.00012,pychrono
-0.900,-1.400,0.03790,0.5929,0.00026,pychrono
-0.900,-1.300,0.02463,0.6024,0.00057,pychrono
-0.900,-1.200,0.01089,0.6122,0.00117,pychrono
-0.900,-1.100,-0.00308,0.6178,0.00225,pychrono
-0.900,-1.000,-0.01698,0.6079,0.00410,pychrono
-0.900,-0.900,-0.03054,0.5982,0.00706,pychrono
-0.900,-0.800,-0.04352,0.5889,0.01147,pychrono
-0.900,-0.700,-0.05563,0.5803,0.01761,pychrono
-0.900,-0.600,-0.06667,0.5724,0.02553,pychrono
-0.900,-0.500,-0.07639,0.5654,0.03496,pychrono
-0.900,-0.400,-0.08462,0.5596,0.04521,pychrono
-0.900,-0.300,-0.09120,0.5549,0.05522,pychrono
-0.900,-0.200,-0.09599,0.5514,0.06370,pychrono
-0.900,-0.100,-0.09890,0.5494,0.06940,pychrono
-0.900,0.000,-0.09988,0.5487,0.07141,pychrono
-0.900,0.100,-0.09890,0.5494,0.06940,pychrono
-0.900,0.200,-0.09599,0.5514,0.06370,pychrono
-0.900,0.300,-0.09120,0.5549,0.05522,pychrono
-0.900,0.400,-0.08462,0.5596,0.04521,pychrono
-0.900,0.500,-0.07639,0.5654,0.03496,pychrono
-0.900,0.600,-0.06667,0.5724,0.02553,pychrono
-0.900,0.700,-0.05563,0.5803,0.01761,pychrono
-0.900,0.800,-0.04352,0.5889,0.01147,pychrono
-0.900,0.900,-0.03054,0.5982,0.00706,pychrono
-0.900,1.000,-0.01698,0.6079,0.00410,pychrono
-0.900,1.100,-0.00308,0.6178,0.00225,pychrono
-0.900,1.200,0.01089,0.6122,0.00117,pychrono
-0.900,1.300,0.02463,0.6024,0.00057,pychrono
-0.900,1.400,0.03790,0.5929,0.00026,pychrono
-0.900,1.500,0.05042,0.5840,0.00012,pychrono
-0.900,1.600,0.06196,0.5757,0.00005,pychrono
-0.900,1.700,0.07229,0.5684,0.00002,pychrono
-0.900,1.800,0.08120,0.5620,0.00001,pychrono
-0.900,1.900,0.08852,0.5568,0.00000,pychrono
-0.900,2.000,0.09411,0.5528,0.00000,pychrono
-0.800,-2.000,0.09342,0.5533,0.00000,pychrono
-0.800,-1.900,0.08787,0.5572,0.00000,pychrono
-0.800,-1.800,0.08060,0.5624,0.00001,pychrono
-0.800,-1.700,0.07176,0.5687,0.00002,pychrono
-0.800,-1.600,0.06151,0.5761,0.00005,pychrono
-0.800,-1.500,0.05005,0.5842,0.00013,pychrono
-0.800,-1.400,0.03762,0.5931,0.00030,pychrono
-0.800,-1.300,0.02445,0.6025,0.00066,pychrono
-0.800,-1.200,0.01081,0.6123,0.00134,pychrono
-0.800,-1.100,-0.00305,0.6178,0.00259,pychrono
-0.800,-1.000,-0.01685,0.6080,0.00472,pychrono
-0.800,-0.900,-0.03032,0.5983,0.00812,pychrono
-0.800,-0.800,-0.04320,0.5891,0.01320,pychrono
-0.800,-0.700,-0.05523,0.5806,0.02026,pychrono
-0.800,-0.600,-0.06617,0.5727,0.02937,pychrono
-0.800,-0.500,-0.07583,0.5658,0.04021,pychrono
-0.800,-0.400,-0.08400,0.5600,0.05201,pychrono
-0.800,-0.300,-0.09053,0.5553,0.06352,pychrono
-0.800,-0.200,-0.09528,0.5519,0.07328,pychrono
-0.800,-0.100,-0.09817,0.5499,0.07983,pychrono
-0.800,0.000,-0.09915,0.5492,0.08215,pychrono
-0.800,0.100,-0.09818,0.5499,0.07983,pychrono
-0.800,0.200,-0.09528,0.5519,0.07328,pychrono
-0.800,0.300,-0.09053,0.5553,0.06352,pychrono
-0.800,0.400,-0.08400,0.5600,0.05201,pychrono
-0.800,0.500,-0.07583,0.5658,0.04021,pychrono
-0.800,0.600,-0.06618,0.5727,0.02937,pychrono
-0.800,0.700,-0.05523,0.5806,0.02026,pychrono
-0.800,0.800,-0.04320,0.5891,0.01320,pychrono
-0.800,0.900,-0.03032,0.5983,0.00812,pychrono
-0.800,1.000,-0.01685,0.6080,0.00472,pychrono
-0.800,1.100,-0.00305,0.6178,0.00259,pychrono
-0.800,1.200,0.01081,0.6123,0.00134,pychrono
-0.800,1.300,0.02445,0.6025,0.00066,pychrono
-0.800,1.400,0.03762,0.5931,0.00030,pychrono
-0.800,1.500,0.05005,0.5842,0.00013,pychrono
-0.800,1.600,0.06151,0.5761,0.00005,pychrono
-0.800,1.700,0.07176,0.5687,0.00002,pychrono
-0.800,1.800,0.08060,0.5624,0.00001,pychrono
-0.800,1.900,0.08787,0.5572,0.00000,pychrono
-0.800,2.000,0.09342,0.5533,0.00000,pychrono
-0.700,-2.000,0.08971,0.5559,0.00000,pychrono
-0.700,-1.900,0.08438,0.5597,0.00000,pychrono
-0.700,-1.800,0.07740,0.5647,0.00001,pychrono
-0.700,-1.700,0.06891,0.5708,0.00002,pychrono
-0.700,-1.600,0.05906,0.5778,0.00006,pychrono
-0.700,-1.500,0.04807,0.5857,0.00015,pychrono
-0.700,-1.400,0.03613,0.5942,0.00034,pychrono
-0.700,-1.300,0.02348,0.6032,0.00075,pychrono
-0.700,-1.200,0.01038,0.6126,0.00152,pychrono
-0.700,-1.100,-0.00293,0.6179,0.00294,pychrono
-0.700,-1.000,-0.01618,0.6084,0.00536,pychrono
-0.700,-0.900,-0.02911,0.5992,0.00922,pychrono
-0.700,-0.800,-0.04148,0.5904,0.01498,pychrono
-0.700,-0.700,-0.05303,0.5821,0.02299,pychrono
-0.700,-0.600,-0.06354,0.5746,0.03333,pychrono
-0.700,-0.500,-0.07282,0.5680,0.04564,pychrono
-0.700,-0.400,-0.08066,0.5624,0.05903,pychrono
-0.700,-0.300,-0.08693,0.5579,0.07210,pychrono
-0.700,-0.200,-0.09150,0.5546,0.08317,pychrono
-0.700,-0.100,-0.09427,0.5527,0.09061,pychrono
-0.700,0.000,-0.09521,0.5520,0.09324,pychrono
-0.700,0.100,-0.09428,0.5527,0.09061,pychrono
-0.700,0.200,-0.09150,0.5546,0.08317,pychrono
-0.700,0.300,-0.08693,0.5579,0.07210,pychrono
-0.700,0.400,-0.08067,0.5624,0.05903,pychrono
-0.700,0.500,-0.07282,0.5680,0.04564,pychrono
-0.700,0.600,-0.06355,0.5746,0.03333,pychrono
-0.700,0.700,-0.05303,0.5821,0.02299,pychrono
-0.700,0.800,-0.04148,0.5904,0.01498,pychrono
-0.700,0.900,-0.02912,0.5992,0.00922,pychrono
-0.700,1.000,-0.01618,0.6084,0.00536,pychrono
-0.700,1.100,-0.00293,0.6179,0.00294,pychrono
-0.700,1.200,0.01038,0.6126,0.00152,pychrono
-0.700,1.300,0.02348,0.6032,0.00075,pychrono
-0.700,1.400,0.03613,0.5942,0.00034,pychrono
-0.700,1.500,0.04807,0.5857,0.00015,pychrono
-0.700,1.600,0.05906,0.5778,0.00006,pychrono
-0.700,1.700,0.06891,0.5708,0.00002,pychrono
-0.700,1.800,0.07740,0.5647,0.00001,pychrono
-0.700,1.900,0.08438,0.5597,0.00000,pychrono
-0.700,2.000,0.08971,0.5559,0.00000,pychrono
-0.600,-2.000,0.08310,0.5606,0.00000,pychrono
-0.600,-1.900,0.07816,0.5642,0.00000,pychrono
-0.600,-1.800,0.07170,0.5688,0.00001,pychrono
-0.600,-1.700,0.06383,0.5744,0.00003,pychrono
-0.600,-1.600,0.05471,0.5809,0.00007,pychrono
-0.600,-1.500,0.04453,0.5882,0.00017,pychrono
-0.600,-1.400,0.03347,0.5961,0.00039,pychrono
-0.600,-1.300,0.02175,0.6045,0.00084,pychrono
-0.600,-1.200,0.00961,0.6131,0.00171,pychrono
-0.600,-1.100,-0.00271,0.6181,0.00329,pychrono
-0.600,-1.000,-0.01499,0.6093,0.00600,pychrono
-0.600,-0.900,-0.02697,0.6007,0.01032,pychrono
-0.600,-0.800,-0.03842,0.5926,0.01678,pychrono
-0.600,-0.700,-0.04912,0.5849,0.02575,pychrono
-0.600,-0.600,-0.05885,0.5780,0.03734,pychrono
-0.600,-0.500,-0.06744,0.5718,0.05112,pychrono
-0.600,-0.400,-0.07471,0.5666,0.06611,pychrono
-0.600,-0.300,-0.08052,0.5625,0.08075,pychrono
-0.600,-0.200,-0.08475,0.5595,0.09315,pychrono
-0.600,-0.100,-0.08732,0.5576,0.10149,pychrono
-0.600,0.000,-0.08819,0.5570,0.10443,pychrono
-0.600,0.100,-0.08733,0.5576,0.10149,pychrono
-0.600,0.200,-0.08476,0.5595,0.09315,pychrono
-0.600,0.300,-0.08053,0.5625,0.08075,pychrono
-0.600,0.400,-0.07472,0.5666,0.06611,pychrono
-0.600,0.500,-0.06746,0.5718,0.05112,pychrono
-0.600,0.600,-0.05887,0.5780,0.03734,pychrono
-0.600,0.700,-0.04913,0.5849,0.02575,pychrono
-0.600,0.800,-0.03843,0.5926,0.01678,pychrono
-0.600,0.900,-0.02697,0.6007,0.01032,pychrono
-0.600,1.000,-0.01499,0.6093,0.00600,pychrono
-0.600,1.100,-0.00272,0.6181,0.00329,pychrono
-0.600,1.200,0.00961,0.6131,0.00171,pychrono
-0.600,1.300,0.02175,0.6045,0.00084,pychrono
-0.600,1.400,0.03347,0.5961,0.00039,pychrono
-0.600,1.500,0.04453,0.5882,0.00017,pychrono
-0.600,1.600,0.05471,0.5809,0.00007,pychrono
-0.600,1.700,0.06383,0.5744,0.00003,pychrono
-0.600,1.800,0.07170,0.5688,0.00001,pychrono
-0.600,1.900,0.07816,0.5642,0.00000,pychrono
-0.600,2.000,0.08310,0.5606,0.00000,pychrono
-0.500,-2.000,0.07381,0.5673,0.00000,pychrono
-0.500,-1.900,0.06942,0.5704,0.00000,pychrono
-0.500,-1.800,0.06368,0.5745,0.00001,pychrono
-0.500,-1.700,0.05669,0.5795,0.00003,pychrono
-0.500,-1.600,0.04859,0.5853,0.00008,pychrono
-0.500,-1.500,0.03955,0.5918,0.00019,pychrono
-0.500,-1.400,0.02972,0.5988,0.00043,pychrono
-0.500,-1.300,0.01932,0.6062,0.00092,pychrono
-0.500,-1.200,0.00854,0.6139,0.00189,pychrono
-0.500,-1.100,-0.00241,0.6183,0.00364,pychrono
-0.500,-1.000,-0.01330,0.6105,0.00663,pychrono
-0.500,-0.900,-0.02394,0.6029,0.01141,pychrono
-0.500,-0.800,-0.03410,0.5956,0.01854,pychrono
-0.500,-0.700,-0.04360,0.5889,0.02846,pychrono
-0.500,-0.600,-0.05224,0.5827,0.04126,pychrono
-0.500,-0.500,-0.05987,0.5772,0.05650,pychrono
-0.500,-0.400,-0.06632,0.5726,0.07307,pychrono
-0.500,-0.300,-0.07148,0.5689,0.08924,pychrono
-0.500,-0.200,-0.07524,0.5663,0.10295,pychrono
-0.500,-0.100,-0.07753,0.5646,0.11216,pychrono
-0.500,0.000,-0.07831,0.5641,0.11541,pychrono
-0.500,0.100,-0.07755,0.5646,0.11216,pychrono
-0.500,0.200,-0.07527,0.5662,0.10295,pychrono
-0.500,0.300,-0.07152,0.5689,0.08924,pychrono
-0.500,0.400,-0.06636,0.5726,0.07307,pychrono
-0.500,0.500,-0.05991,0.5772,0.05650,pychrono
-0.500,0.600,-0.05228,0.5827,0.04126,pychrono
-0.500,0.700,-0.04363,0.5888,0.02846,pychrono
-0.500,0.800,-0.03413,0.5956,0.01854,pychrono
-0.500,0.900,-0.02396,0.6029,0.01141,pychrono
-0.500,1.000,-0.01331,0.6105,0.00663,pychrono
-0.500,1.100,-0.00241,0.6183,0.00364,pychrono
-0.500,1.200,0.00854,0.6139,0.00189,pychrono
-0.500,1.300,0.01932,0.6062,0.00092,pychrono
-0.500,1.400,0.02972,0.5988,0.00043,pychrono
-0.500,1.500,0.03955,0.5918,0.00019,pychrono
-0.500,1.600,0.04859,0.5853,0.00008,pychrono
-0.500,1.700,0.05669,0.5795,0.00003,pychrono
-0.500,1.800,0.06368,0.5745,0.00001,pychrono
-0.500,1.900,0.06942,0.5704,0.00000,pychrono
-0.500,2.000,0.07381,0.5673,0.00000,pychrono
-0.400,-2.000,0.06213,0.5756,0.00000,pychrono
-0.400,-1.900,0.05844,0.5783,0.00000,pychrono
-0.400,-1.800,0.05360,0.5817,0.00001,pychrono
-0.400,-1.700,0.04772,0.5859,0.00003,pychrono
-0.400,-1.600,0.04091,0.5908,0.00008,pychrono
-0.400,-1.500,0.03329,0.5962,0.00020,pychrono
-0.400,-1.400,0.02502,0.6021,0.00047,pychrono
-0.400,-1.300,0.01627,0.6084,0.00101,pychrono
-0.400,-1.200,0.00720,0.6149,0.00206,pychrono
-0.400,-1.100,-0.00201,0.6186,0.00397,pychrono
-0.400,-1.000,-0.01118,0.6120,0.00723,pychrono
-0.400,-0.900,-0.02012,0.6056,0.01244,pychrono
-0.400,-0.800,-0.02866,0.5995,0.02022,pychrono
-0.400,-0.700,-0.03664,0.5938,0.03104,pychrono
-0.400,-0.600,-0.04390,0.5886,0.04500,pychrono
-0.400,-0.500,-0.05031,0.5841,0.06161,pychrono
-0.400,-0.400,-0.05574,0.5802,0.07968,pychrono
-0.400,-0.300,-0.06009,0.5771,0.09732,pychrono
-0.400,-0.200,-0.06326,0.5748,0.11227,pychrono
-0.400,-0.100,-0.06521,0.5734,0.12232,pychrono
-0.400,0.000,-0.06587,0.5729,0.12586,pychrono
-0.400,0.100,-0.06525,0.5734,0.12232,pychrono
-0.400,0.200,-0.06334,0.5748,0.11227,pychrono
-0.400,0.300,-0.06019,0.5770,0.09732,pychrono
-0.400,0.400,-0.05586,0.5801,0.07968,pychrono
-0.400,0.500,-0.05043,0.5840,0.06161,pychrono
-0.400,0.600,-0.04401,0.5886,0.04500,pychrono
-0.400,0.700,-0.03673,0.5938,0.03104,pychrono
-0.400,0.800,-0.02873,0.5995,0.02022,pychrono
-0.400,0.900,-0.02016,0.6056,0.01244,pychrono
-0.400,1.000,-0.01121,0.6120,0.00723,pychrono
-0.400,1.100,-0.00203,0.6185,0.00397,pychrono
-0.400,1.200,0.00719,0.6149,0.00206,pychrono
-0.400,1.300,0.01626,0.6084,0.00101,pychrono
-0.400,1.400,0.02502,0.6021,0.00047,pychrono
-0.400,1.500,0.03329,0.5962,0.00020,pychrono
-0.400,1.600,0.04091,0.5908,0.00008,pychrono
-0.400,1.700,0.04772,0.5859,0.00003,pychrono
-0.400,1.800,0.05360,0.5817,0.00001,pychrono
-0.400,1.900,0.05844,0.5783,0.00000,pychrono
-0.400,2.000,0.06213,0.5756,0.00000,pychrono
-0.300,-2.000,0.04844,0.5854,0.00000,pychrono
-0.300,-1.900,0.04557,0.5875,0.00000,pychrono
-0.300,-1.800,0.04180,0.5901,0.00001,pychrono
-0.300,-1.700,0.03721,0.5934,0.00004,pychrono
-0.300,-1.600,0.03190,0.5972,0.00009,pychrono
-0.300,-1.500,0.02596,0.6015,0.00022,pychrono
-0.300,-1.400,0.01951,0.6061,0.00050,pychrono
-0.300,-1.300,0.01269,0.6109,0.00108,pychrono
-0.300,-1.200,0.00563,0.6160,0.00221,pychrono
-0.300,-1.100,-0.00154,0.6189,0.00427,pychrono
-0.300,-1.000,-0.00866,0.6138,0.00778,pychrono
-0.300,-0.900,-0.01561,0.6089,0.01339,pychrono
-0.300,-0.800,-0.02223,0.6041,0.02176,pychrono
-0.300,-0.700,-0.02842,0.5997,0.03340,pychrono
-0.300,-0.600,-0.03405,0.5957,0.04842,pychrono
-0.300,-0.500,-0.03902,0.5921,0.06630,pychrono
-0.300,-0.400,-0.04324,0.5891,0.08574,pychrono
-0.300,-0.300,-0.04664,0.5867,0.10473,pychrono
-0.300,-0.200,-0.04914,0.5849,0.12081,pychrono
-0.300,-0.100,-0.05069,0.5838,0.13162,pychrono
-0.300,0.000,-0.05125,0.5834,0.13544,pychrono
-0.300,0.100,-0.05079,0.5837,0.13162,pychrono
-0.300,0.200,-0.04934,0.5848,0.12081,pychrono
-0.300,0.300,-0.04690,0.5865,0.10473,pychrono
-0.300,0.400,-0.04354,0.5889,0.08574,pychrono
-0.300,0.500,-0.03931,0.5919,0.06630,pychrono
-0.300,0.600,-0.03431,0.5955,0.04842,pychrono
-0.300,0.700,-0.02864,0.5995,0.03340,pychrono
-0.300,0.800,-0.02240,0.6040,0.02176,pychrono
-0.300,0.900,-0.01572,0.6088,0.01339,pychrono
-0.300,1.000,-0.00874,0.6138,0.00778,pychrono
-0.300,1.100,-0.00158,0.6189,0.00427,pychrono
-0.300,1.200,0.00560,0.6160,0.00221,pychrono
-0.300,1.300,0.01268,0.6109,0.00108,pychrono
-0.300,1.400,0.01951,0.6061,0.00050,pychrono
-0.300,1.500,0.02596,0.6015,0.00022,pychrono
-0.300,1.600,0.03190,0.5972,0.00009,pychrono
-0.300,1.700,0.03721,0.5934,0.00004,pychrono
-0.300,1.800,0.04180,0.5901,0.00001,pychrono
-0.300,1.900,0.04557,0.5875,0.00000,pychrono
-0.300,2.000,0.04844,0.5854,0.00000,pychrono
-0.200,-2.000,0.03319,0.5963,0.00000,pychrono
-0.200,-1.900,0.03122,0.5977,0.00000,pychrono
-0.200,-1.800,0.02864,0.5995,0.00001,pychrono
-0.200,-1.700,0.02550,0.6018,0.00004,pychrono
-0.200,-1.600,0.02186,0.6044,0.00010,pychrono
-0.200,-1.500,0.01779,0.6073,0.00023,pychrono
-0.200,-1.400,0.01338,0.6104,0.00053,pychrono
-0.200,-1.300,0.00872,0.6138,0.00115,pychrono
-0.200,-1.200,0.00390,0.6172,0.00235,pychrono
-0.200,-1.100,-0.00098,0.6193,0.00453,pychrono
-0.200,-1.000,-0.00581,0.6158,0.00826,pychrono
-0.200,-0.900,-0.01050,0.6125,0.01421,pychrono
-0.200,-0.800,-0.01496,0.6093,0.02310,pychrono
-0.200,-0.700,-0.01911,0.6063,0.03546,pychrono
-0.200,-0.600,-0.02289,0.6037,0.05142,pychrono
-0.200,-0.500,-0.02624,0.6013,0.07040,pychrono
-0.200,-0.400,-0.02911,0.5992,0.09105,pychrono
-0.200,-0.300,-0.03146,0.5975,0.11120,pychrono
-0.200,-0.200,-0.03323,0.5963,0.12828,pychrono
-0.200,-0.100,-0.03437,0.5954,0.13976,pychrono
-0.200,0.000,-0.03484,0.5951,0.14381,pychrono
-0.200,0.100,-0.03461,0.5953,0.13976,pychrono
-0.200,0.200,-0.03368,0.5959,0.12828,pychrono
-0.200,0.300,-0.03206,0.5971,0.11120,pychrono
-0.200,0.400,-0.02979,0.5987,0.09105,pychrono
-0.200,0.500,-0.02691,0.6008,0.07040,pychrono
-0.200,0.600,-0.02350,0.6032,0.05142,pychrono
-0.200,0.700,-0.01962,0.6060,0.03546,pychrono
-0.200,0.800,-0.01535,0.6090,0.02310,pychrono
-0.200,0.900,-0.01077,0.6123,0.01421,pychrono
-0.200,1.000,-0.00599,0.6157,0.00826,pychrono
-0.200,1.100,-0.00108,0.6192,0.00453,pychrono
-0.200,1.200,0.00384,0.6173,0.00235,pychrono
-0.200,1.300,0.00869,0.6138,0.00115,pychrono
-0.200,1.400,0.01337,0.6105,0.00053,pychrono
-0.200,1.500,0.01778,0.6073,0.00023,pychrono
-0.200,1.600,0.02185,0.6044,0.00010,pychrono
-0.200,1.700,0.02550,0.6018,0.00004,pychrono
-0.200,1.800,0.02864,0.5995,0.00001,pychrono
-0.200,1.900,0.03122,0.5977,0.00000,pychrono
-0.200,2.000,0.03319,0.5963,0.00000,pychrono
-0.100,-2.000,0.01687,0.6080,0.00000,pychrono
-0.100,-1.900,0.01587,0.6087,0.00000,pychrono
-0.100,-1.800,0.01455,0.6096,0.00001,pychrono
-0.100,-1.700,0.01296,0.6107,0.00004,pychrono
-0.100,-1.600,0.01111,0.6121,0.00010,pychrono
-0.100,-1.500,0.00905,0.6135,0.00024,pychrono
-0.100,-1.400,0.00682,0.6151,0.00056,pychrono
-0.100,-1.300,0.00448,0.6168,0.00121,pychrono
-0.100,-1.200,0.00207,0.6185,0.00246,pychrono
-0.100,-1.100,-0.00033,0.6198,0.00475,pychrono
-0.100,-1.000,-0.00267,0.6181,0.00865,pychrono
-0.100,-0.900,-0.00490,0.6165,0.01489,pychrono
-0.100,-0.800,-0.00697,0.6150,0.02421,pychrono
-0.100,-0.700,-0.00888,0.6137,0.03716,pychrono
-0.100,-0.600,-0.01061,0.6124,0.05387,pychrono
-0.100,-0.500,-0.01219,0.6113,0.07377,pychrono
-0.100,-0.400,-0.01360,0.6103,0.09540,pychrono
-0.100,-0.300,-0.01484,0.6094,0.11652,pychrono
-0.100,-0.200,-0.01587,0.6087,0.13441,pychrono
-0.100,-0.100,-0.01663,0.6081,0.14644,pychrono
-0.100,0.000,-0.01708,0.6078,0.15068,pychrono
-0.100,0.100,-0.01715,0.6077,0.14644,pychrono
-0.100,0.200,-0.01683,0.6080,0.13441,pychrono
-0.100,0.300,-0.01613,0.6085,0.11652,pychrono
-0.100,0.400,-0.01505,0.6093,0.09540,pychrono
-0.100,0.500,-0.01363,0.6103,0.07377,pychrono
-0.100,0.600,-0.01192,0.6115,0.05387,pychrono
-0.100,0.700,-0.00996,0.6129,0.03716,pychrono
-0.100,0.800,-0.00780,0.6144,0.02421,pychrono
-0.100,0.900,-0.00547,0.6161,0.01489,pychrono
-0.100,1.000,-0.00304,0.6178,0.00865,pychrono
-0.100,1.100,-0.00055,0.6196,0.00475,pychrono
-0.100,1.200,0.00195,0.6186,0.00246,pychrono
-0.100,1.300,0.00442,0.6168,0.00121,pychrono
-0.100,1.400,0.00679,0.6151,0.00056,pychrono
-0.100,1.500,0.00904,0.6135,0.00024,pychrono
-0.100,1.600,0.01111,0.6121,0.00010,pychrono
-0.100,1.700,0.01296,0.6107,0.00004,pychrono
-0.100,1.800,0.01455,0.6096,0.00001,pychrono
-0.100,1.900,0.01587,0.6087,0.00000,pychrono
-0.100,2.000,0.01687,0.6080,0.00000,pychrono
0.000,-2.000,0.00000,0.6200,0.00000,pychrono
0.000,-1.900,0.00000,0.6200,0.00001,pychrono
0.000,-1.800,0.00000,0.6200,0.00001,pychrono
0.000,-1.700,0.00000,0.6200,0.00004,pychrono
0.000,-1.600,0.00001,0.6200,0.00010,pychrono
0.000,-1.500,0.00002,0.6200,0.00025,pychrono
0.000,-1.400,0.00006,0.6200,0.00058,pychrono
0.000,-1.300,0.00012,0.6199,0.00125,pychrono
0.000,-1.200,0.00024,0.6198,0.00255,pychrono
0.000,-1.100,0.00044,0.6197,0.00491,pychrono
0.000,-1.000,0.00073,0.6195,0.00895,pychrono
0.000,-0.900,0.00114,0.6192,0.01540,pychrono
0.000,-0.800,0.00163,0.6188,0.02503,pychrono
0.000,-0.700,0.00216,0.6185,0.03842,pychrono
0.000,-0.600,0.00263,0.6181,0.05570,pychrono
0.000,-0.500,0.00297,0.6179,0.07627,pychrono
0.000,-0.400,0.00309,0.6178,0.09863,pychrono
0.000,-0.300,0.00297,0.6179,0.12047,pychrono
0.000,-0.200,0.00263,0.6181,0.13896,pychrono
0.000,-0.100,0.00216,0.6185,0.15140,pychrono
0.000,0.000,0.00163,0.6188,0.15579,pychrono
0.000,0.100,0.00114,0.6192,0.15140,pychrono
0.000,0.200,0.00073,0.6195,0.13896,pychrono
0.000,0.300,0.00044,0.6197,0.12047,pychrono
0.000,0.400,0.00024,0.6198,0.09863,pychrono
0.000,0.500,0.00012,0.6199,0.07627,pychrono
0.000,0.600,0.00006,0.6200,0.05570,pychrono
0.000,0.700,0.00002,0.6200,0.03842,pychrono
0.000,0.800,0.00001,0.6200,0.02503,pychrono
0.000,0.900,0.00000,0.6200,0.01540,pychrono
0.000,1.000,0.00000,0.6200,0.00895,pychrono
0.000,1.100,0.00000,0.6200,0.00491,pychrono
0.000,1.200,0.00000,0.6200,0.00255,pychrono
0.000,1.300,0.00000,0.6200,0.00125,pychrono
0.000,1.400,0.00000,0.6200,0.00058,pychrono
0.000,1.500,0.00000,0.6200,0.00025,pychrono
0.000,1.600,0.00000,0.6200,0.00010,pychrono
0.000,1.700,0.00000,0.6200,0.00004,pychrono
0.000,1.800,0.00000,0.6200,0.00001,pychrono
0.000,1.900,0.00000,0.6200,0.00001,pychrono
0.000,2.000,0.00000,0.6200,0.00000,pychrono
0.100,-2.000,-0.01687,0.6080,0.00000,pychrono
0.100,-1.900,-0.01587,0.6087,0.00001,pychrono
0.100,-1.800,-0.01455,0.6096,0.00002,pychrono
0.100,-1.700,-0.01295,0.6107,0.00004,pychrono
0.100,-1.600,-0.01109,0.6121,0.00011,pychrono
0.100,-1.500,-0.00899,0.6136,0.00026,pychrono
0.100,-1.400,-0.00669,0.6152,0.00059,pychrono
0.100,-1.300,-0.00419,0.6170,0.00127,pychrono
0.100,-1.200,-0.00152,0.6189,0.00260,pychrono
0.100,-1.100,0.00134,0.6190,0.00501,pychrono
0.100,-1.000,0.00438,0.6169,0.00913,pychrono
0.100,-0.900,0.00755,0.6146,0.01571,pychrono
0.100,-0.800,0.01077,0.6123,0.02553,pychrono
0.100,-0.700,0.01390,0.6101,0.03919,pychrono
0.100,-0.600,0.01675,0.6080,0.05682,pychrono
0.100,-0.500,0.01911,0.6064,0.07781,pychrono
0.100,-0.400,0.02080,0.6051,0.10062,pychrono
0.100,-0.300,0.02176,0.6045,0.12290,pychrono
0.100,-0.200,0.02201,0.6043,0.14177,pychrono
0.100,-0.100,0.02166,0.6045,0.15446,pychrono
0.100,0.000,0.02087,0.6051,0.15894,pychrono
0.100,0.100,0.01980,0.6059,0.15446,pychrono
0.100,0.200,0.01854,0.6068,0.14177,pychrono
0.100,0.300,0.01714,0.6078,0.12290,pychrono
0.100,0.400,0.01560,0.6089,0.10062,pychrono
0.100,0.500,0.01391,0.6101,0.07781,pychrono
0.100,0.600,0.01205,0.6114,0.05682,pychrono
0.100,0.700,0.01002,0.6128,0.03919,pychrono
0.100,0.800,0.00782,0.6144,0.02553,pychrono
0.100,0.900,0.00548,0.6161,0.01571,pychrono
0.100,1.000,0.00305,0.6178,0.00913,pychrono
0.100,1.100,0.00055,0.6196,0.00501,pychrono
0.100,1.200,-0.00195,0.6186,0.00260,pychrono
0.100,1.300,-0.00442,0.6168,0.00127,pychrono
0.100,1.400,-0.00679,0.6151,0.00059,pychrono
0.100,1.500,-0.00904,0.6135,0.00026,pychrono
0.100,1.600,-0.01111,0.6121,0.00011,pychrono
0.100,1.700,-0.01296,0.6107,0.00004,pychrono
0.100,1.800,-0.01455,0.6096,0.00002,pychrono
0.100,1.900,-0.01587,0.6087,0.00001,pychrono
0.100,2.000,-0.01687,0.6080,0.00000,pychrono
0.200,-2.000,-0.03319,0.5963,0.00000,pychrono
0.200,-1.900,-0.03122,0.5977,0.00001,pychrono
0.200,-1.800,-0.02863,0.5995,0.00002,pychrono
0.200,-1.700,-0.02548,0.6018,0.00004,pychrono
0.200,-1.600,-0.02182,0.6044,0.00011,pychrono
0.200,-1.500,-0.01771,0.6074,0.00026,pychrono
0.200,-1.400,-0.01319,0.6106,0.00059,pychrono
0.200,-1.300,-0.00832,0.6141,0.00128,pychrono
0.200,-1.200,-0.00311,0.6178,0.00261,pychrono
0.200,-1.100,0.00242,0.6183,0.00504,pychrono
0.200,-1.000,0.00823,0.6141,0.00919,pychrono
0.200,-0.900,0.01426,0.6098,0.01581,pychrono
0.200,-0.800,0.02035,0.6055,0.02570,pychrono
0.200,-0.700,0.02623,0.6013,0.03946,pychrono
0.200,-0.600,0.03159,0.5974,0.05720,pychrono
0.200,-0.500,0.03605,0.5943,0.07833,pychrono
0.200,-0.400,0.03932,0.5919,0.10129,pychrono
0.200,-0.300,0.04127,0.5905,0.12372,pychrono
0.200,-0.200,0.04193,0.5900,0.14272,pychrono
0.200,-0.100,0.04149,0.5904,0.15549,pychrono
0.200,0.000,0.04022,0.5913,0.16000,pychrono
0.200,0.100,0.03837,0.5926,0.15549,pychrono
0.200,0.200,0.03610,0.5942,0.14272,pychrono
0.200,0.300,0.03350,0.5961,0.12372,pychrono
0.200,0.400,0.03058,0.5982,0.10129,pychrono
0.200,0.500,0.02731,0.6005,0.07833,pychrono
0.200,0.600,0.02369,0.6031,0.05720,pychrono
0.200,0.700,0.01970,0.6059,0.03946,pychrono
0.200,0.800,0.01538,0.6090,0.02570,pychrono
0.200,0.900,0.01078,0.6123,0.01581,pychrono
0.200,1.000,0.00599,0.6157,0.00919,pychrono
0.200,1.100,0.00109,0.6192,0.00504,pychrono
0.200,1.200,-0.00384,0.6173,0.00261,pychrono
0.200,1.300,-0.00869,0.6138,0.00128,pychrono
0.200,1.400,-0.01337,0.6105,0.00059,pychrono
0.200,1.500,-0.01778,0.6073,0.00026,pychrono
0.200,1.600,-0.02185,0.6044,0.00011,pychrono
0.200,1.700,-0.02550,0.6018,0.00004,pychrono
0.200,1.800,-0.02864,0.5995,0.00002,pychrono
0.200,1.900,-0.03122,0.5977,0.00001,pychrono
0.200,2.000,-0.03319,0.5963,0.00000,pychrono
0.300,-2.000,-0.04844,0.5854,0.00000,pychrono
0.300,-1.900,-0.04556,0.5875,0.00001,pychrono
0.300,-1.800,-0.04179,0.5901,0.00002,pychrono
0.300,-1.700,-0.03719,0.5934,0.00004,pychrono
0.300,-1.600,-0.03185,0.5973,0.00011,pychrono
0.300,-1.500,-0.02584,0.6015,0.00026,pychrono
0.300,-1.400,-0.01924,0.6063,0.00059,pychrono
0.300,-1.300,-0.01210,0.6114,0.00127,pychrono
0.300,-1.200,-0.00447,0.6168,0.00260,pychrono
0.300,-1.100,0.00366,0.6174,0.00501,pychrono
0.300,-1.000,0.01223,0.6113,0.00913,pychrono
0.300,-0.900,0.02114,0.6049,0.01571,pychrono
0.300,-0.800,0.03016,0.5985,0.02553,pychrono
0.300,-0.700,0.03890,0.5922,0.03919,pychrono
0.300,-0.600,0.04686,0.5865,0.05682,pychrono
0.300,-0.500,0.05346,0.5818,0.07781,pychrono
0.300,-0.400,0.05828,0.5784,0.10062,pychrono
0.300,-0.300,0.06108,0.5764,0.12290,pychrono
0.300,-0.200,0.06195,0.5757,0.14177,pychrono
0.300,-0.100,0.06118,0.5763,0.15446,pychrono
0.300,0.000,0.05917,0.5777,0.15894,pychrono
0.300,0.100,0.05632,0.5798,0.15446,pychrono
0.300,0.200,0.05290,0.5822,0.14177,pychrono
0.300,0.300,0.04902,0.5850,0.12290,pychrono
0.300,0.400,0.04470,0.5881,0.10062,pychrono
0.300,0.500,0.03990,0.5915,0.07781,pychrono
0.300,0.600,0.03459,0.5953,0.05682,pychrono
0.300,0.700,0.02875,0.5995,0.03919,pychrono
0.300,0.800,0.02245,0.6040,0.02553,pychrono
0.300,0.900,0.01574,0.6088,0.01571,pychrono
0.300,1.000,0.00874,0.6138,0.00913,pychrono
0.300,1.100,0.00158,0.6189,0.00501,pychrono
0.300,1.200,-0.00560,0.6160,0.00260,pychrono
0.300,1.300,-0.01268,0.6109,0.00127,pychrono
0.300,1.400,-0.01951,0.6061,0.00059,pychrono
0.300,1.500,-0.02596,0.6015,0.00026,pychrono
0.300,1.600,-0.03190,0.5972,0.00011,pychrono
0.300,1.700,-0.03721,0.5934,0.00004,pychrono
0.300,1.800,-0.04180,0.5901,0.00002,pychrono
0.300,1.900,-0.04557,0.5875,0.00001,pychrono
0.300,2.000,-0.04844,0.5854,0.00000,pychrono
0.400,-2.000,-0.06213,0.5756,0.00000,pychrono
0.400,-1.900,-0.05844,0.5783,0.00001,pychrono
0.400,-1.800,-0.05360,0.5817,0.00001,pychrono
0.400,-1.700,-0.04770,0.5859,0.00004,pychrono
0.400,-1.600,-0.04084,0.5908,0.00010,pychrono
0.400,-1.500,-0.03312,0.5963,0.00025,pychrono
0.400,-1.400,-0.02463,0.6024,0.00058,pychrono
0.400,-1.300,-0.01544,0.6090,0.00125,pychrono
0.400,-1.200,-0.00556,0.6160,0.00255,pychrono
0.400,-1.100,0.00500,0.6164,0.00491,pychrono
0.400,-1.000,0.01620,0.6084,0.00895,pychrono
0.400,-0.900,0.02792,0.6001,0.01540,pychrono
0.400,-0.800,0.03985,0.5915,0.02503,pychrono
0.400,-0.700,0.05144,0.5833,0.03842,pychrono
0.400,-0.600,0.06198,0.5757,0.05570,pychrono
0.400,-0.500,0.07070,0.5695,0.07627,pychrono
0.400,-0.400,0.07696,0.5650,0.09863,pychrono
0.400,-0.300,0.08047,0.5625,0.12047,pychrono
0.400,-0.200,0.08134,0.5619,0.13896,pychrono
0.400,-0.100,0.08001,0.5629,0.15140,pychrono
0.400,0.000,0.07706,0.5650,0.15579,pychrono
0.400,0.100,0.07305,0.5678,0.15140,pychrono
0.400,0.200,0.06837,0.5712,0.13896,pychrono
0.400,0.300,0.06318,0.5749,0.12047,pychrono
0.400,0.400,0.05750,0.5789,0.09863,pychrono
0.400,0.500,0.05126,0.5834,0.07627,pychrono
0.400,0.600,0.04440,0.5883,0.05570,pychrono
0.400,0.700,0.03690,0.5936,0.03842,pychrono
0.400,0.800,0.02879,0.5994,0.02503,pychrono
0.400,0.900,0.02019,0.6056,0.01540,pychrono
0.400,1.000,0.01122,0.6120,0.00895,pychrono
0.400,1.100,0.00203,0.6185,0.00491,pychrono
0.400,1.200,-0.00719,0.6149,0.00255,pychrono
0.400,1.300,-0.01626,0.6084,0.00125,pychrono
0.400,1.400,-0.02502,0.6021,0.00058,pychrono
0.400,1.500,-0.03329,0.5962,0.00025,pychrono
0.400,1.600,-0.04091,0.5908,0.00010,pychrono
0.400,1.700,-0.04772,0.5859,0.00004,pychrono
0.400,1.800,-0.05360,0.5817,0.00001,pychrono
0.400,1.900,-0.05844,0.5783,0.00001,pychrono
0.400,2.000,-0.06213,0.5756,0.00000,pychrono
0.500,-2.000,-0.07381,0.5673,0.00000,pychrono
0.500,-1.900,-0.06942,0.5704,0.00000,pychrono
0.500,-1.800,-0.06367,0.5745,0.00001,pychrono
0.500,-1.700,-0.05666,0.5795,0.00004,pychrono
0.500,-1.600,-0.04851,0.5854,0.00010,pychrono
0.500,-1.500,-0.03933,0.5919,0.00024,pychrono
0.500,-1.400,-0.02921,0.5991,0.00056,pychrono
0.500,-1.300,-0.01823,0.6070,0.00121,pychrono
0.500,-1.200,-0.00638,0.6154,0.00246,pychrono
0.500,-1.100,0.00634,0.6155,0.00475,pychrono
0.500,-1.000,0.01993,0.6058,0.00865,pychrono
0.500,-0.900,0.03422,0.5956,0.01489,pychrono
0.500,-0.800,0.04884,0.5851,0.02421,pychrono
0.500,-0.700,0.06310,0.5749,0.03716,pychrono
0.500,-0.600,0.07606,0.5657,0.05387,pychrono
0.500,-0.500,0.08672,0.5581,0.07377,pychrono
0.500,-0.400,0.09427,0.5527,0.09540,pychrono
0.500,-0.300,0.09834,0.5498,0.11652,pychrono
0.500,-0.200,0.09906,0.5492,0.13441,pychrono
0.500,-0.100,0.09704,0.5507,0.14644,pychrono
0.500,0.000,0.09305,0.5535,0.15068,pychrono
0.500,0.100,0.08783,0.5573,0.14644,pychrono
0.500,0.200,0.08189,0.5615,0.13441,pychrono
0.500,0.300,0.07546,0.5661,0.11652,pychrono
0.500,0.400,0.06853,0.5711,0.09540,pychrono
0.500,0.500,0.06101,0.5764,0.07377,pychrono
0.500,0.600,0.05280,0.5823,0.05387,pychrono
0.500,0.700,0.04385,0.5887,0.03716,pychrono
0.500,0.800,0.03422,0.5956,0.02421,pychrono
0.500,0.900,0.02399,0.6029,0.01489,pychrono
0.500,1.000,0.01332,0.6105,0.00865,pychrono
0.500,1.100,0.00242,0.6183,0.00475,pychrono
0.500,1.200,-0.00854,0.6139,0.00246,pychrono
0.500,1.300,-0.01932,0.6062,0.00121,pychrono
0.500,1.400,-0.02972,0.5988,0.00056,pychrono
0.500,1.500,-0.03955,0.5918,0.00024,pychrono
0.500,1.600,-0.04859,0.5853,0.00010,pychrono
0.500,1.700,-0.05669,0.5795,0.00004,pychrono
0.500,1.800,-0.06368,0.5745,0.00001,pychrono
0.500,1.900,-0.06942,0.5704,0.00000,pychrono
0.500,2.000,-0.07381,0.5673,0.00000,pychrono
0.600,-2.000,-0.08310,0.5606,0.00000,pychrono
0.600,-1.900,-0.07816,0.5642,0.00000,pychrono
0.600,-1.800,-0.07169,0.5688,0.00001,pychrono
0.600,-1.700,-0.06379,0.5744,0.00004,pychrono
0.600,-1.600,-0.05461,0.5810,0.00010,pychrono
0.600,-1.500,-0.04426,0.5884,0.00023,pychrono
0.600,-1.400,-0.03284,0.5965,0.00053,pychrono
0.600,-1.300,-0.02042,0.6054,0.00115,pychrono
0.600,-1.200,-0.00698,0.6150,0.00235,pychrono
0.600,-1.100,0.00752,0.6146,0.00453,pychrono
0.600,-1.000,0.02307,0.6035,0.00826,pychrono
0.600,-0.900,0.03951,0.5918,0.01421,pychrono
0.600,-0.800,0.05640,0.5797,0.02310,pychrono
0.600,-0.700,0.07291,0.5679,0.03546,pychrono
0.600,-0.600,0.08791,0.5572,0.05142,pychrono
0.600,-0.500,0.10021,0.5484,0.07040,pychrono
0.600,-0.400,0.10881,0.5423,0.09105,pychrono
0.600,-0.300,0.11328,0.5391,0.11120,pychrono
0.600,-0.200,0.11381,0.5387,0.12828,pychrono
0.600,-0.100,0.11111,0.5406,0.13976,pychrono
0.600,0.000,0.10617,0.5442,0.14381,pychrono
0.600,0.100,0.09987,0.5487,0.13976,pychrono
0.600,0.200,0.09284,0.5537,0.12828,pychrono
0.600,0.300,0.08533,0.5590,0.11120,pychrono
0.600,0.400,0.07736,0.5647,0.09105,pychrono
0.600,0.500,0.06879,0.5709,0.07040,pychrono
0.600,0.600,0.05949,0.5775,0.05142,pychrono
0.600,0.700,0.04940,0.5847,0.03546,pychrono
0.600,0.800,0.03853,0.5925,0.02310,pychrono
0.600,0.900,0.02701,0.6007,0.01421,pychrono
0.600,1.000,0.01500,0.6093,0.00826,pychrono
0.600,1.100,0.00272,0.6181,0.00453,pychrono
0.600,1.200,-0.00961,0.6131,0.00235,pychrono
0.600,1.300,-0.02175,0.6045,0.00115,pychrono
0.600,1.400,-0.03347,0.5961,0.00053,pychrono
0.600,1.500,-0.04453,0.5882,0.00023,pychrono
0.600,1.600,-0.05471,0.5809,0.00010,pychrono
0.600,1.700,-0.06383,0.5744,0.00004,pychrono
0.600,1.800,-0.07170,0.5688,0.00001,pychrono
0.600,1.900,-0.07816,0.5642,0.00000,pychrono
0.600,2.000,-0.08310,0.5606,0.00000,pychrono
0.700,-2.000,-0.08971,0.5559,0.00000,pychrono
0.700,-1.900,-0.08438,0.5597,0.00000,pychrono
0.700,-1.800,-0.07739,0.5647,0.00001,pychrono
0.700,-1.700,-0.06886,0.5708,0.00004,pychrono
0.700,-1.600,-0.05894,0.5779,0.00009,pychrono
0.700,-1.500,-0.04776,0.5859,0.00022,pychrono
0.700,-1.400,-0.03542,0.5947,0.00050,pychrono
0.700,-1.300,-0.02198,0.6043,0.00108,pychrono
0.700,-1.200,-0.00741,0.6147,0.00221,pychrono
0.700,-1.100,0.00835,0.6140,0.00427,pychrono
0.700,-1.000,0.02529,0.6019,0.00778,pychrono
0.700,-0.900,0.04325,0.5891,0.01339,pychrono
0.700,-0.800,0.06175,0.5759,0.02176,pychrono
0.700,-0.700,0.07985,0.5630,0.03340,pychrono
0.700,-0.600,0.09630,0.5512,0.04842,pychrono
0.700,-0.500,0.10974,0.5416,0.06630,pychrono
0.700,-0.400,0.11910,0.5349,0.08574,pychrono
0.700,-0.300,0.12386,0.5315,0.10473,pychrono
0.700,-0.200,0.12425,0.5312,0.12081,pychrono
0.700,-0.100,0.12109,0.5335,0.13162,pychrono
0.700,0.000,0.11547,0.5375,0.13544,pychrono
0.700,0.100,0.10842,0.5426,0.13162,pychrono
0.700,0.200,0.10061,0.5481,0.12081,pychrono
0.700,0.300,0.09235,0.5540,0.10473,pychrono
0.700,0.400,0.08364,0.5603,0.08574,pychrono
0.700,0.500,0.07433,0.5669,0.06630,pychrono
0.700,0.600,0.06425,0.5741,0.04842,pychrono
0.700,0.700,0.05334,0.5819,0.03340,pychrono
0.700,0.800,0.04160,0.5903,0.02176,pychrono
0.700,0.900,0.02916,0.5992,0.01339,pychrono
0.700,1.000,0.01620,0.6084,0.00778,pychrono
0.700,1.100,0.00294,0.6179,0.00427,pychrono
0.700,1.200,-0.01038,0.6126,0.00221,pychrono
0.700,1.300,-0.02348,0.6032,0.00108,pychrono
0.700,1.400,-0.03613,0.5942,0.00050,pychrono
0.700,1.500,-0.04807,0.5857,0.00022,pychrono
0.700,1.600,-0.05906,0.5778,0.00009,pychrono
0.700,1.700,-0.06891,0.5708,0.00004,pychrono
0.700,1.800,-0.07740,0.5647,0.00001,pychrono
0.700,1.900,-0.08438,0.5597,0.00000,pychrono
0.700,2.000,-0.08971,0.5559,0.00000,pychrono
0.800,-2.000,-0.09342,0.5533,0.00000,pychrono
0.800,-1.900,-0.08786,0.5572,0.00000,pychrono
0.800,-1.800,-0.08059,0.5624,0.00001,pychrono
0.800,-1.700,-0.07171,0.5688,0.00003,pychrono
0.800,-1.600,-0.06138,0.5762,0.00008,pychrono
0.800,-1.500,-0.04974,0.5845,0.00020,pychrono
0.800,-1.400,-0.03689,0.5937,0.00047,pychrono
0.800,-1.300,-0.02289,0.6037,0.00101,pychrono
0.800,-1.200,-0.00771,0.6145,0.00206,pychrono
0.800,-1.100,0.00869,0.6138,0.00397,pychrono
0.800,-1.000,0.02633,0.6012,0.00723,pychrono
0.800,-0.900,0.04504,0.5878,0.01244,pychrono
0.800,-0.800,0.06429,0.5741,0.02022,pychrono
0.800,-0.700,0.08313,0.5606,0.03104,pychrono
0.800,-0.600,0.10026,0.5484,0.04500,pychrono
0.800,-0.500,0.11426,0.5384,0.06161,pychrono
0.800,-0.400,0.12400,0.5314,0.07968,pychrono
0.800,-0.300,0.12896,0.5279,0.09732,pychrono
0.800,-0.200,0.12937,0.5276,0.11227,pychrono
0.800,-0.100,0.12608,0.5299,0.12232,pychrono
0.800,0.000,0.12024,0.5341,0.12586,pychrono
0.800,0.100,0.11289,0.5394,0.12232,pychrono
0.800,0.200,0.10476,0.5452,0.11227,pychrono
0.800,0.300,0.09616,0.5513,0.09732,pychrono
0.800,0.400,0.08709,0.5578,0.07968,pychrono
0.800,0.500,0.07740,0.5647,0.06161,pychrono
0.800,0.600,0.06691,0.5722,0.04500,pychrono
0.800,0.700,0.05554,0.5803,0.03104,pychrono
0.800,0.800,0.04332,0.5891,0.02022,pychrono
0.800,0.900,0.03037,0.5983,0.01244,pychrono
0.800,1.000,0.01687,0.6080,0.00723,pychrono
0.800,1.100,0.00306,0.6178,0.00397,pychrono
0.800,1.200,-0.01080,0.6123,0.00206,pychrono
0.800,1.300,-0.02445,0.6025,0.00101,pychrono
0.800,1.400,-0.03762,0.5931,0.00047,pychrono
0.800,1.500,-0.05005,0.5842,0.00020,pychrono
0.800,1.600,-0.06151,0.5761,0.00008,pychrono
0.800,1.700,-0.07176,0.5687,0.00003,pychrono
0.800,1.800,-0.08060,0.5624,0.00001,pychrono
0.800,1.900,-0.08787,0.5572,0.00000,pychrono
0.800,2.000,-0.09342,0.5533,0.00000,pychrono
0.900,-2.000,-0.09411,0.5528,0.00000,pychrono
0.900,-1.900,-0.08851,0.5568,0.00000,pychrono
0.900,-1.800,-0.08118,0.5620,0.00001,pychrono
0.900,-1.700,-0.07224,0.5684,0.00003,pychrono
0.900,-1.600,-0.06184,0.5758,0.00008,pychrono
0.900,-1.500,-0.05012,0.5842,0.00019,pychrono
0.900,-1.400,-0.03720,0.5934,0.00043,pychrono
0.900,-1.300,-0.02313,0.6035,0.00092,pychrono
0.900,-1.200,-0.00791,0.6143,0.00189,pychrono
0.900,-1.100,0.00849,0.6139,0.00364,pychrono
0.900,-1.000,0.02608,0.6014,0.00663,pychrono
0.900,-0.900,0.04468,0.5881,0.01141,pychrono
0.900,-0.800,0.06378,0.5744,0.01854,pychrono
0.900,-0.700,0.08245,0.5611,0.02846,pychrono
0.900,-0.600,0.09941,0.5490,0.04126,pychrono
0.900,-0.500,0.11332,0.5391,0.05650,pychrono
0.900,-0.400,0.12305,0.5321,0.07307,pychrono
0.900,-0.300,0.12812,0.5285,0.08924,pychrono
0.900,-0.200,0.12874,0.5280,0.10295,pychrono
0.900,-0.100,0.12571,0.5302,0.11216,pychrono
0.900,0.000,0.12014,0.5342,0.11541,pychrono
0.900,0.100,0.11304,0.5393,0.11216,pychrono
0.900,0.200,0.10509,0.5449,0.10295,pychrono
0.900,0.300,0.09661,0.5510,0.08924,pychrono
0.900,0.400,0.08759,0.5574,0.07307,pychrono
0.900,0.500,0.07790,0.5644,0.05650,pychrono
0.900,0.600,0.06737,0.5719,0.04126,pychrono
0.900,0.700,0.05594,0.5800,0.02846,pychrono
0.900,0.800,0.04364,0.5888,0.01854,pychrono
0.900,0.900,0.03059,0.5982,0.01141,pychrono
0.900,1.000,0.01699,0.6079,0.00663,pychrono
0.900,1.100,0.00308,0.6178,0.00364,pychrono
0.900,1.200,-0.01088,0.6122,0.00189,pychrono
0.900,1.300,-0.02463,0.6024,0.00092,pychrono
0.900,1.400,-0.03790,0.5929,0.00043,pychrono
0.900,1.500,-0.05042,0.5840,0.00019,pychrono
0.900,1.600,-0.06196,0.5757,0.00008,pychrono
0.900,1.700,-0.07229,0.5684,0.00003,pychrono
0.900,1.800,-0.08120,0.5620,0.00001,pychrono
0.900,1.900,-0.08852,0.5568,0.00000,pychrono
0.900,2.000,-0.09411,0.5528,0.00000,pychrono
1.000,-2.000,-0.09176,0.5545,0.00000,pychrono
1.000,-1.900,-0.08630,0.5584,0.00000,pychrono
1.000,-1.800,-0.07916,0.5635,0.00001,pychrono
1.000,-1.700,-0.07044,0.5697,0.00003,pychrono
1.000,-1.600,-0.06031,0.5769,0.00007,pychrono
1.000,-1.500,-0.04889,0.5851,0.00017,pychrono
1.000,-1.400,-0.03633,0.5941,0.00039,pychrono
1.000,-1.300,-0.02268,0.6038,0.00084,pychrono
1.000,-1.200,-0.00798,0.6143,0.00171,pychrono
1.000,-1.100,0.00780,0.6144,0.00329,pychrono
1.000,-1.000,0.02463,0.6024,0.00600,pychrono
1.000,-0.900,0.04232,0.5898,0.01032,pychrono
1.000,-0.800,0.06040,0.5769,0.01678,pychrono
1.000,-0.700,0.07803,0.5643,0.02575,pychrono
1.000,-0.600,0.09405,0.5528,0.03734,pychrono
1.000,-0.500,0.10723,0.5434,0.05112,pychrono
1.000,-0.400,0.11660,0.5367,0.06611,pychrono
1.000,-0.300,0.12167,0.5331,0.08075,pychrono
1.000,-0.200,0.12264,0.5324,0.09315,pychrono
1.000,-0.100,0.12021,0.5341,0.10149,pychrono
1.000,0.000,0.11536,0.5376,0.10443,pychrono
1.000,0.100,0.10897,0.5422,0.10149,pychrono
1.000,0.200,0.10167,0.5474,0.09315,pychrono
1.000,0.300,0.09372,0.5531,0.08075,pychrono
1.000,0.400,0.08514,0.5592,0.06611,pychrono
1.000,0.500,0.07582,0.5658,0.05112,pychrono
1.000,0.600,0.06563,0.5731,0.03734,pychrono
1.000,0.700,0.05452,0.5811,0.02575,pychrono
1.000,0.800,0.04254,0.5896,0.01678,pychrono
1.000,0.900,0.02982,0.5987,0.01032,pychrono
1.000,1.000,0.01657,0.6082,0.00600,pychrono
1.000,1.100,0.00300,0.6179,0.00329,pychrono
1.000,1.200,-0.01061,0.6124,0.00171,pychrono
1.000,1.300,-0.02402,0.6028,0.00084,pychrono
1.000,1.400,-0.03695,0.5936,0.00039,pychrono
1.000,1.500,-0.04916,0.5849,0.00017,pychrono
1.000,1.600,-0.06041,0.5768,0.00007,pychrono
1.000,1.700,-0.07048,0.5697,0.00003,pychrono
1.000,1.800,-0.07917,0.5635,0.00001,pychrono
1.000,1.900,-0.08631,0.5584,0.00000,pychrono
1.000,2.000,-0.09176,0.5545,0.00000,pychrono
1.100,-2.000,-0.08644,0.5583,0.00000,pychrono
1.100,-1.900,-0.08131,0.5619,0.00000,pychrono
1.100,-1.800,-0.07457,0.5667,0.00001,pychrono
1.100,-1.700,-0.06637,0.5726,0.00002,pychrono
1.100,-1.600,-0.05683,0.5794,0.00006,pychrono
1.100,-1.500,-0.04610,0.5871,0.00015,pychrono
1.100,-1.400,-0.03430,0.5955,0.00034,pychrono
1.100,-1.300,-0.02153,0.6046,0.00075,pychrono
1.100,-1.200,-0.00784,0.6144,0.00152,pychrono
1.100,-1.100,0.00676,0.6152,0.00294,pychrono
1.100,-1.000,0.02221,0.6041,0.00536,pychrono
1.100,-0.900,0.03832,0.5926,0.00922,pychrono
1.100,-0.800,0.05469,0.5809,0.01498,pychrono
1.100,-0.700,0.07057,0.5696,0.02299,pychrono
1.100,-0.600,0.08502,0.5593,0.03333,pychrono
1.100,-0.500,0.09698,0.5507,0.04564,pychrono
1.100,-0.400,0.10564,0.5445,0.05903,pychrono
1.100,-0.300,0.11058,0.5410,0.07210,pychrono
1.100,-0.200,0.11195,0.5400,0.08317,pychrono
1.100,-0.100,0.11032,0.5412,0.09061,pychrono
1.100,0.000,0.10646,0.5440,0.09324,pychrono
1.100,0.100,0.10111,0.5478,0.09061,pychrono
1.100,0.200,0.09478,0.5523,0.08317,pychrono
1.100,0.300,0.08770,0.5574,0.07210,pychrono
1.100,0.400,0.07989,0.5629,0.05903,pychrono
1.100,0.500,0.07126,0.5691,0.04564,pychrono
1.100,0.600,0.06175,0.5759,0.03333,pychrono
1.100,0.700,0.05132,0.5833,0.02299,pychrono
1.100,0.800,0.04006,0.5914,0.01498,pychrono
1.100,0.900,0.02809,0.5999,0.00922,pychrono
1.100,1.000,0.01560,0.6089,0.00536,pychrono
1.100,1.100,0.00283,0.6180,0.00294,pychrono
1.100,1.200,-0.01000,0.6129,0.00152,pychrono
1.100,1.300,-0.02263,0.6038,0.00075,pychrono
1.100,1.400,-0.03481,0.5951,0.00034,pychrono
1.100,1.500,-0.04632,0.5869,0.00015,pychrono
1.100,1.600,-0.05691,0.5793,0.00006,pychrono
1.100,1.700,-0.06640,0.5726,0.00002,pychrono
1.100,1.800,-0.07458,0.5667,0.00001,pychrono
1.100,1.900,-0.08131,0.5619,0.00000,pychrono
1.100,2.000,-0.08644,0.5583,0.00000,pychrono
1.200,-2.000,-0.07833,0.5640,0.00000,pychrono
1.200,-1.900,-0.07368,0.5674,0.00000,pychrono
1.200,-1.800,-0.06758,0.5717,0.00001,pychrono
1.200,-1.700,-0.06015,0.5770,0.00002,pychrono
1.200,-1.600,-0.05151,0.5832,0.00005,pychrono
1.200,-1.500,-0.04181,0.5901,0.00013,pychrono
1.200,-1.400,-0.03116,0.5977,0.00030,pychrono
1.200,-1.300,-0.01968,0.6059,0.00066,pychrono
1.200,-1.200,-0.00743,0.6147,0.00134,pychrono
1.200,-1.100,0.00553,0.6160,0.00259,pychrono
1.200,-1.000,0.01913,0.6063,0.00472,pychrono
1.200,-0.900,0.03318,0.5963,0.00812,pychrono
1.200,-0.800,0.04734,0.5862,0.01320,pychrono
1.200,-0.700,0.06103,0.5764,0.02026,pychrono
1.200,-0.600,0.07346,0.5675,0.02937,pychrono
1.200,-0.500,0.08385,0.5601,0.04021,pychrono
1.200,-0.400,0.09153,0.5546,0.05201,pychrono
1.200,-0.300,0.09618,0.5513,0.06352,pychrono
1.200,-0.200,0.09787,0.5501,0.07328,pychrono
1.200,-0.100,0.09704,0.5507,0.07983,pychrono
1.200,0.000,0.09426,0.5527,0.08215,pychrono
1.200,0.100,0.09008,0.5557,0.07983,pychrono
1.200,0.200,0.08490,0.5594,0.07328,pychrono
1.200,0.300,0.07888,0.5637,0.06352,pychrono
1.200,0.400,0.07207,0.5685,0.05201,pychrono
1.200,0.500,0.06441,0.5740,0.04021,pychrono
1.200,0.600,0.05588,0.5801,0.02937,pychrono
1.200,0.700,0.04648,0.5868,0.02026,pychrono
1.200,0.800,0.03629,0.5941,0.01320,pychrono
1.200,0.900,0.02545,0.6018,0.00812,pychrono
1.200,1.000,0.01414,0.6099,0.00472,pychrono
1.200,1.100,0.00256,0.6182,0.00259,pychrono
1.200,1.200,-0.00906,0.6135,0.00134,pychrono
1.200,1.300,-0.02050,0.6054,0.00066,pychrono
1.200,1.400,-0.03155,0.5975,0.00030,pychrono
1.200,1.500,-0.04197,0.5900,0.00013,pychrono
1.200,1.600,-0.05158,0.5832,0.00005,pychrono
1.200,1.700,-0.06017,0.5770,0.00002,pychrono
1.200,1.800,-0.06759,0.5717,0.00001,pychrono
1.200,1.900,-0.07368,0.5674,0.00000,pychrono
1.200,2.000,-0.07833,0.5640,0.00000,pychrono
1.300,-2.000,-0.06769,0.5716,0.00000,pychrono
1.300,-1.900,-0.06367,0.5745,0.00000,pychrono
1.300,-1.800,-0.05840,0.5783,0.00001,pychrono
1.300,-1.700,-0.05198,0.5829,0.00002,pychrono
1.300,-1.600,-0.04452,0.5882,0.00005,pychrono
1.300,-1.500,-0.03616,0.5942,0.00012,pychrono
1.300,-1.400,-0.02699,0.6007,0.00026,pychrono
1.300,-1.300,-0.01714,0.6078,0.00057,pychrono
1.300,-1.200,-0.00669,0.6152,0.00117,pychrono
1.300,-1.100,0.00429,0.6169,0.00225,pychrono
1.300,-1.000,0.01570,0.6088,0.00410,pychrono
1.300,-0.900,0.02739,0.6004,0.00706,pychrono
1.300,-0.800,0.03906,0.5921,0.01147,pychrono
1.300,-0.700,0.05029,0.5841,0.01761,pychrono
1.300,-0.600,0.06049,0.5768,0.02553,pychrono
1.300,-0.500,0.06909,0.5707,0.03496,pychrono
1.300,-0.400,0.07559,0.5660,0.04521,pychrono
1.300,-0.300,0.07974,0.5630,0.05522,pychrono
1.300,-0.200,0.08159,0.5617,0.06370,pychrono
1.300,-0.100,0.08141,0.5619,0.06940,pychrono
1.300,0.000,0.07961,0.5631,0.07141,pychrono
1.300,0.100,0.07656,0.5653,0.06940,pychrono
1.300,0.200,0.07253,0.5682,0.06370,pychrono
1.300,0.300,0.06767,0.5717,0.05522,pychrono
1.300,0.400,0.06201,0.5757,0.04521,pychrono
1.300,0.500,0.05553,0.5803,0.03496,pychrono
1.300,0.600,0.04822,0.5856,0.02553,pychrono
1.300,0.700,0.04014,0.5913,0.01761,pychrono
1.300,0.800,0.03135,0.5976,0.01147,pychrono
1.300,0.900,0.02199,0.6043,0.00706,pychrono
1.300,1.000,0.01222,0.6113,0.00410,pychrono
1.300,1.100,0.00221,0.6184,0.00225,pychrono
1.300,1.200,-0.00783,0.6144,0.00117,pychrono
1.300,1.300,-0.01772,0.6073,0.00057,pychrono
1.300,1.400,-0.02726,0.6005,0.00026,pychrono
1.300,1.500,-0.03627,0.5941,0.00012,pychrono
1.300,1.600,-0.04457,0.5882,0.00005,pychrono
1.300,1.700,-0.05200,0.5829,0.00002,pychrono
1.300,1.800,-0.05841,0.5783,0.00001,pychrono
1.300,1.900,-0.06367,0.5745,0.00000,pychrono
1.300,2.000,-0.06770,0.5716,0.00000,pychrono
1.400,-2.000,-0.05487,0.5808,0.00000,pychrono
1.400,-1.900,-0.05161,0.5831,0.00000,pychrono
1.400,-1.800,-0.04734,0.5862,0.00001,pychrono
1.400,-1.700,-0.04213,0.5899,0.00002,pychrono
1.400,-1.600,-0.03610,0.5942,0.00004,pychrono
1.400,-1.500,-0.02932,0.5991,0.00010,pychrono
1.400,-1.400,-0.02192,0.6043,0.00023,pychrono
1.400,-1.300,-0.01399,0.6100,0.00049,pychrono
1.400,-1.200,-0.00561,0.6160,0.00100,pychrono
1.400,-1.100,0.00313,0.6178,0.00193,pychrono
1.400,-1.000,0.01214,0.6113,0.00352,pychrono
1.400,-0.900,0.02130,0.6048,0.00606,pychrono
1.400,-0.800,0.03037,0.5983,0.00984,pychrono
1.400,-0.700,0.03905,0.5921,0.01511,pychrono
1.400,-0.600,0.04694,0.5865,0.02190,pychrono
1.400,-0.500,0.05364,0.5817,0.02999,pychrono
1.400,-0.400,0.05882,0.5780,0.03878,pychrono
1.400,-0.300,0.06228,0.5755,0.04737,pychrono
1.400,-0.200,0.06404,0.5743,0.05465,pychrono
1.400,-0.100,0.06428,0.5741,0.05954,pychrono
1.400,0.000,0.06323,0.5748,0.06126,pychrono
1.400,0.100,0.06115,0.5763,0.05954,pychrono
1.400,0.200,0.05821,0.5784,0.05465,pychrono
1.400,0.300,0.05451,0.5811,0.04737,pychrono
1.400,0.400,0.05007,0.5842,0.03878,pychrono
1.400,0.500,0.04491,0.5879,0.02999,pychrono
1.400,0.600,0.03904,0.5921,0.02190,pychrono
1.400,0.700,0.03251,0.5968,0.01511,pychrono
1.400,0.800,0.02540,0.6019,0.00984,pychrono
1.400,0.900,0.01782,0.6073,0.00606,pychrono
1.400,1.000,0.00990,0.6129,0.00352,pychrono
1.400,1.100,0.00179,0.6187,0.00193,pychrono
1.400,1.200,-0.00635,0.6155,0.00100,pychrono
1.400,1.300,-0.01436,0.6097,0.00049,pychrono
1.400,1.400,-0.02210,0.6042,0.00023,pychrono
1.400,1.500,-0.02940,0.5990,0.00010,pychrono
1.400,1.600,-0.03613,0.5942,0.00004,pychrono
1.400,1.700,-0.04215,0.5899,0.00002,pychrono
1.400,1.800,-0.04734,0.5862,0.00001,pychrono
1.400,1.900,-0.05161,0.5831,0.00000,pychrono
1.400,2.000,-0.05487,0.5808,0.00000,pychrono
1.500,-2.000,-0.04027,0.5912,0.00000,pychrono
1.500,-1.900,-0.03788,0.5929,0.00000,pychrono
1.500,-1.800,-0.03474,0.5952,0.00000,pychrono
1.500,-1.700,-0.03092,0.5979,0.00001,pychrono
1.500,-1.600,-0.02650,0.6011,0.00003,pychrono
1.500,-1.500,-0.02153,0.6046,0.00008,pychrono
1.500,-1.400,-0.01611,0.6085,0.00019,pychrono
1.500,-1.300,-0.01032,0.6126,0.00041,pychrono
1.500,-1.200,-0.00422,0.6170,0.00085,pychrono
1.500,-1.100,0.00211,0.6185,0.00163,pychrono
1.500,-1.000,0.00860,0.6139,0.00298,pychrono
1.500,-0.900,0.01514,0.6092,0.00513,pychrono
1.500,-0.800,0.02159,0.6046,0.00833,pychrono
1.500,-0.700,0.02774,0.6002,0.01279,pychrono
1.500,-0.600,0.03333,0.5962,0.01854,pychrono
1.500,-0.500,0.03810,0.5928,0.02539,pychrono
1.500,-0.400,0.04184,0.5901,0.03283,pychrono
1.500,-0.300,0.04444,0.5883,0.04010,pychrono
1.500,-0.200,0.04587,0.5872,0.04626,pychrono
1.500,-0.100,0.04625,0.5870,0.05040,pychrono
1.500,0.000,0.04571,0.5874,0.05186,pychrono
1.500,0.100,0.04439,0.5883,0.05040,pychrono
1.500,0.200,0.04241,0.5897,0.04626,pychrono
1.500,0.300,0.03982,0.5916,0.04010,pychrono
1.500,0.400,0.03665,0.5938,0.03283,pychrono
1.500,0.500,0.03291,0.5965,0.02539,pychrono
1.500,0.600,0.02863,0.5996,0.01854,pychrono
1.500,0.700,0.02385,0.6030,0.01279,pychrono
1.500,0.800,0.01864,0.6067,0.00833,pychrono
1.500,0.900,0.01308,0.6107,0.00513,pychrono
1.500,1.000,0.00727,0.6148,0.00298,pychrono
1.500,1.100,0.00132,0.6191,0.00163,pychrono
1.500,1.200,-0.00466,0.6167,0.00085,pychrono
1.500,1.300,-0.01054,0.6125,0.00041,pychrono
1.500,1.400,-0.01622,0.6084,0.00019,pychrono
1.500,1.500,-0.02158,0.6046,0.00008,pychrono
1.500,1.600,-0.02651,0.6011,0.00003,pychrono
1.500,1.700,-0.03093,0.5979,0.00001,pychrono
1.500,1.800,-0.03474,0.5952,0.00000,pychrono
1.500,1.900,-0.03788,0.5929,0.00000,pychrono
1.500,2.000,-0.04027,0.5912,0.00000,pychrono
1.600,-2.000,-0.02437,0.6026,0.00000,pychrono
1.600,-1.900,-0.02292,0.6036,0.00000,pychrono
1.600,-1.800,-0.02102,0.6050,0.00000,pychrono
1.600,-1.700,-0.01871,0.6066,0.00001,pychrono
1.600,-1.600,-0.01603,0.6085,0.00003,pychrono
1.600,-1.500,-0.01303,0.6107,0.00007,pychrono
1.600,-1.400,-0.00976,0.6130,0.00016,pychrono
1.600,-1.300,-0.00626,0.6155,0.00035,pychrono
1.600,-1.200,-0.00258,0.6182,0.00071,pychrono
1.600,-1.100,0.00123,0.6191,0.00137,pychrono
1.600,-1.000,0.00513,0.6163,0.00249,pychrono
1.600,-0.900,0.00905,0.6135,0.00428,pychrono
1.600,-0.800,0.01290,0.6108,0.00696,pychrono
1.600,-0.700,0.01656,0.6082,0.01068,pychrono
1.600,-0.600,0.01990,0.6058,0.01549,pychrono
1.600,-0.500,0.02275,0.6037,0.02120,pychrono
1.600,-0.400,0.02500,0.6021,0.02742,pychrono
1.600,-0.300,0.02659,0.6010,0.03349,pychrono
1.600,-0.200,0.02749,0.6004,0.03864,pychrono
1.600,-0.100,0.02777,0.6002,0.04210,pychrono
1.600,0.000,0.02749,0.6004,0.04332,pychrono
1.600,0.100,0.02675,0.6009,0.04210,pychrono
1.600,0.200,0.02559,0.6017,0.03864,pychrono
1.600,0.300,0.02405,0.6028,0.03349,pychrono
1.600,0.400,0.02215,0.6042,0.02742,pychrono
1.600,0.500,0.01990,0.6058,0.02120,pychrono
1.600,0.600,0.01732,0.6076,0.01549,pychrono
1.600,0.700,0.01443,0.6097,0.01068,pychrono
1.600,0.800,0.01128,0.6119,0.00696,pychrono
1.600,0.900,0.00791,0.6143,0.00428,pychrono
1.600,1.000,0.00440,0.6169,0.00249,pychrono
1.600,1.100,0.00080,0.6194,0.00137,pychrono
1.600,1.200,-0.00282,0.6180,0.00071,pychrono
1.600,1.300,-0.00638,0.6154,0.00035,pychrono
1.600,1.400,-0.00981,0.6130,0.00016,pychrono
1.600,1.500,-0.01306,0.6107,0.00007,pychrono
1.600,1.600,-0.01604,0.6085,0.00003,pychrono
1.600,1.700,-0.01872,0.6066,0.00001,pychrono
1.600,1.800,-0.02102,0.6050,0.00000,pychrono
1.600,1.900,-0.02292,0.6036,0.00000,pychrono
1.600,2.000,-0.02437,0.6026,0.00000,pychrono
1.700,-2.000,-0.00768,0.6145,0.00000,pychrono
1.700,-1.900,-0.00722,0.6148,0.00000,pychrono
1.700,-1.800,-0.00663,0.6153,0.00000,pychrono
1.700,-1.700,-0.00590,0.6158,0.00001,pychrono
1.700,-1.600,-0.00505,0.6164,0.00002,pychrono
1.700,-1.500,-0.00410,0.6171,0.00006,pychrono
1.700,-1.400,-0.00306,0.6178,0.00013,pychrono
1.700,-1.300,-0.00195,0.6186,0.00029,pychrono
1.700,-1.200,-0.00077,0.6195,0.00058,pychrono
1.700,-1.100,0.00047,0.6197,0.00113,pychrono
1.700,-1.000,0.00176,0.6187,0.00205,pychrono
1.700,-0.900,0.00307,0.6178,0.00353,pychrono
1.700,-0.800,0.00438,0.6169,0.00574,pychrono
1.700,-0.700,0.00563,0.6160,0.00880,pychrono
1.700,-0.600,0.00677,0.6152,0.01276,pychrono
1.700,-0.500,0.00774,0.6145,0.01748,pychrono
1.700,-0.400,0.00847,0.6139,0.02260,pychrono
1.700,-0.300,0.00895,0.6136,0.02761,pychrono
1.700,-0.200,0.00917,0.6135,0.03185,pychrono
1.700,-0.100,0.00916,0.6135,0.03470,pychrono
1.700,0.000,0.00898,0.6136,0.03570,pychrono
1.700,0.100,0.00865,0.6138,0.03470,pychrono
1.700,0.200,0.00820,0.6141,0.03185,pychrono
1.700,0.300,0.00766,0.6145,0.02761,pychrono
1.700,0.400,0.00703,0.6150,0.02260,pychrono
1.700,0.500,0.00629,0.6155,0.01748,pychrono
1.700,0.600,0.00547,0.6161,0.01276,pychrono
1.700,0.700,0.00455,0.6167,0.00880,pychrono
1.700,0.800,0.00356,0.6175,0.00574,pychrono
1.700,0.900,0.00249,0.6182,0.00353,pychrono
1.700,1.000,0.00139,0.6190,0.00205,pychrono
1.700,1.100,0.00025,0.6198,0.00113,pychrono
1.700,1.200,-0.00089,0.6194,0.00058,pychrono
1.700,1.300,-0.00201,0.6186,0.00029,pychrono
1.700,1.400,-0.00309,0.6178,0.00013,pychrono
1.700,1.500,-0.00411,0.6171,0.00006,pychrono
1.700,1.600,-0.00506,0.6164,0.00002,pychrono
1.700,1.700,-0.00590,0.6158,0.00001,pychrono
1.700,1.800,-0.00663,0.6153,0.00000,pychrono
1.700,1.900,-0.00722,0.6148,0.00000,pychrono
1.700,2.000,-0.00768,0.6145,0.00000,pychrono
1.800,-2.000,0.00926,0.6134,0.00000,pychrono
1.800,-1.900,0.00871,0.6138,0.00000,pychrono
1.800,-1.800,0.00799,0.6143,0.00000,pychrono
1.800,-1.700,0.00711,0.6149,0.00001,pychrono
1.800,-1.600,0.00610,0.6156,0.00002,pychrono
1.800,-1.500,0.00497,0.6165,0.00005,pychrono
1.800,-1.400,0.00374,0.6173,0.00011,pychrono
1.800,-1.300,0.00245,0.6182,0.00023,pychrono
1.800,-1.200,0.00113,0.6192,0.00047,pychrono
1.800,-1.100,-0.00020,0.6199,0.00092,pychrono
1.800,-1.000,-0.00150,0.6189,0.00167,pychrono
1.800,-0.900,-0.00274,0.6180,0.00287,pychrono
1.800,-0.800,-0.00389,0.6172,0.00466,pychrono
1.800,-0.700,-0.00496,0.6165,0.00716,pychrono
1.800,-0.600,-0.00593,0.6158,0.01038,pychrono
1.800,-0.500,-0.00681,0.6151,0.01421,pychrono
1.800,-0.400,-0.00759,0.6146,0.01838,pychrono
1.800,-0.300,-0.00827,0.6141,0.02245,pychrono
1.800,-0.200,-0.00882,0.6137,0.02590,pychrono
1.800,-0.100,-0.00922,0.6134,0.02822,pychrono
1.800,0.000,-0.00944,0.6133,0.02904,pychrono
1.800,0.100,-0.00946,0.6132,0.02822,pychrono
1.800,0.200,-0.00927,0.6134,0.02590,pychrono
1.800,0.300,-0.00887,0.6137,0.02245,pychrono
1.800,0.400,-0.00827,0.6141,0.01838,pychrono
1.800,0.500,-0.00749,0.6147,0.01421,pychrono
1.800,0.600,-0.00654,0.6153,0.01038,pychrono
1.800,0.700,-0.00547,0.6161,0.00716,pychrono
1.800,0.800,-0.00428,0.6169,0.00466,pychrono
1.800,0.900,-0.00300,0.6179,0.00287,pychrono
1.800,1.000,-0.00167,0.6188,0.00167,pychrono
1.800,1.100,-0.00030,0.6198,0.00092,pychrono
1.800,1.200,0.00107,0.6192,0.00047,pychrono
1.800,1.300,0.00242,0.6183,0.00023,pychrono
1.800,1.400,0.00373,0.6173,0.00011,pychrono
1.800,1.500,0.00496,0.6165,0.00005,pychrono
1.800,1.600,0.00609,0.6156,0.00002,pychrono
1.800,1.700,0.00711,0.6149,0.00001,pychrono
1.800,1.800,0.00799,0.6143,0.00000,pychrono
1.800,1.900,0.00871,0.6138,0.00000,pychrono
1.800,2.000,0.00926,0.6134,0.00000,pychrono
1.900,-2.000,0.02589,0.6015,0.00000,pychrono
1.900,-1.900,0.02436,0.6026,0.00000,pychrono
1.900,-1.800,0.02234,0.6040,0.00000,pychrono
1.900,-1.700,0.01989,0.6058,0.00001,pychrono
1.900,-1.600,0.01705,0.6078,0.00002,pychrono
1.900,-1.500,0.01388,0.6101,0.00004,pychrono
1.900,-1.400,0.01043,0.6125,0.00009,pychrono
1.900,-1.300,0.00679,0.6151,0.00019,pychrono
1.900,-1.200,0.00302,0.6178,0.00038,pychrono
1.900,-1.100,-0.00080,0.6194,0.00073,pychrono
1.900,-1.000,-0.00460,0.6167,0.00134,pychrono
1.900,-0.900,-0.00829,0.6141,0.00230,pychrono
1.900,-0.800,-0.01181,0.6116,0.00374,pychrono
1.900,-0.700,-0.01509,0.6092,0.00575,pychrono
1.900,-0.600,-0.01807,0.6071,0.00833,pychrono
1.900,-0.500,-0.02072,0.6052,0.01141,pychrono
1.900,-0.400,-0.02297,0.6036,0.01475,pychrono
1.900,-0.300,-0.02479,0.6023,0.01802,pychrono
1.900,-0.200,-0.02614,0.6013,0.02078,pychrono
1.900,-0.100,-0.02699,0.6007,0.02264,pychrono
1.900,0.000,-0.02732,0.6005,0.02330,pychrono
1.900,0.100,-0.02710,0.6006,0.02264,pychrono
1.900,0.200,-0.02634,0.6012,0.02078,pychrono
1.900,0.300,-0.02505,0.6021,0.01802,pychrono
1.900,0.400,-0.02326,0.6034,0.01475,pychrono
1.900,0.500,-0.02101,0.6050,0.01141,pychrono
1.900,0.600,-0.01834,0.6069,0.00833,pychrono
1.900,0.700,-0.01531,0.6091,0.00575,pychrono
1.900,0.800,-0.01197,0.6114,0.00374,pychrono
1.900,0.900,-0.00840,0.6140,0.00230,pychrono
1.900,1.000,-0.00467,0.6167,0.00134,pychrono
1.900,1.100,-0.00085,0.6194,0.00073,pychrono
1.900,1.200,0.00300,0.6179,0.00038,pychrono
1.900,1.300,0.00678,0.6152,0.00019,pychrono
1.900,1.400,0.01043,0.6126,0.00009,pychrono
1.900,1.500,0.01387,0.6101,0.00004,pychrono
1.900,1.600,0.01705,0.6078,0.00002,pychrono
1.900,1.700,0.01989,0.6058,0.00001,pychrono
1.900,1.800,0.02234,0.6040,0.00000,pychrono
1.900,1.900,0.02436,0.6026,0.00000,pychrono
1.900,2.000,0.02589,0.6015,0.00000,pychrono
2.000,-2.000,0.04170,0.5902,0.00000,pychrono
2.000,-1.900,0.03922,0.5920,0.00000,pychrono
2.000,-1.800,0.03597,0.5943,0.00000,pychrono
2.000,-1.700,0.03203,0.5971,0.00000,pychrono
2.000,-1.600,0.02745,0.6004,0.00001,pychrono
2.000,-1.500,0.02234,0.6040,0.00003,pychrono
2.000,-1.400,0.01679,0.6080,0.00007,pychrono
2.000,-1.300,0.01092,0.6122,0.00015,pychrono
2.000,-1.200,0.00483,0.6165,0.00030,pychrono
2.000,-1.100,-0.00134,0.6190,0.00058,pychrono
2.000,-1.000,-0.00749,0.6146,0.00106,pychrono
2.000,-0.900,-0.01349,0.6104,0.00182,pychrono
2.000,-0.800,-0.01921,0.6063,0.00296,pychrono
2.000,-0.700,-0.02456,0.6025,0.00455,pychrono
2.000,-0.600,-0.02943,0.5990,0.00660,pychrono
2.000,-0.500,-0.03372,0.5959,0.00903,pychrono
2.000,-0.400,-0.03737,0.5933,0.01168,pychrono
2.000,-0.300,-0.04028,0.5912,0.01427,pychrono
2.000,-0.200,-0.04242,0.5897,0.01646,pychrono
2.000,-0.100,-0.04373,0.5888,0.01793,pychrono
2.000,0.000,-0.04419,0.5884,0.01845,pychrono
2.000,0.100,-0.04377,0.5887,0.01793,pychrono
2.000,0.200,-0.04250,0.5896,0.01646,pychrono
2.000,0.300,-0.04039,0.5912,0.01427,pychrono
2.000,0.400,-0.03748,0.5932,0.01168,pychrono
2.000,0.500,-0.03384,0.5958,0.00903,pychrono
2.000,0.600,-0.02953,0.5989,0.00660,pychrono
2.000,0.700,-0.02465,0.6024,0.00455,pychrono
2.000,0.800,-0.01928,0.6062,0.00296,pychrono
2.000,0.900,-0.01353,0.6103,0.00182,pychrono
2.000,1.000,-0.00752,0.6146,0.00106,pychrono
2.000,1.100,-0.00136,0.6190,0.00058,pychrono
2.000,1.200,0.00482,0.6166,0.00030,pychrono
2.000,1.300,0.01091,0.6122,0.00015,pychrono
2.000,1.400,0.01679,0.6080,0.00007,pychrono
2.000,1.500,0.02234,0.6040,0.00003,pychrono
2.000,1.600,0.02745,0.6004,0.00001,pychrono
2.000,1.700,0.03203,0.5971,0.00000,pychrono
2.000,1.800,0.03597,0.5943,0.00000,pychrono
2.000,1.900,0.03922,0.5920,0.00000,pychrono
2.000,2.000,0.04170,0.5902,0.00000,pychrono
2.100,-2.000,0.05615,0.5799,0.00000,pychrono
2.100,-1.900,0.05281,0.5823,0.00000,pychrono
2.100,-1.800,0.04845,0.5854,0.00000,pychrono
2.100,-1.700,0.04313,0.5892,0.00000,pychrono
2.100,-1.600,0.03697,0.5936,0.00001,pychrono
2.100,-1.500,0.03009,0.5985,0.00002,pychrono
2.100,-1.400,0.02261,0.6038,0.00005,pychrono
2.100,-1.300,0.01470,0.6095,0.00012,pychrono
2.100,-1.200,0.00650,0.6154,0.00024,pychrono
2.100,-1.100,-0.00183,0.6187,0.00045,pychrono
2.100,-1.000,-0.01012,0.6128,0.00083,pychrono
2.100,-0.900,-0.01821,0.6070,0.00143,pychrono
2.100,-0.800,-0.02594,0.6015,0.00232,pychrono
2.100,-0.700,-0.03316,0.5963,0.00356,pychrono
2.100,-0.600,-0.03974,0.5916,0.00515,pychrono
2.100,-0.500,-0.04553,0.5875,0.00706,pychrono
2.100,-0.400,-0.05044,0.5840,0.00913,pychrono
2.100,-0.300,-0.05437,0.5812,0.01115,pychrono
2.100,-0.200,-0.05723,0.5791,0.01286,pychrono
2.100,-0.100,-0.05898,0.5779,0.01401,pychrono
2.100,0.000,-0.05957,0.5775,0.01442,pychrono
2.100,0.100,-0.05899,0.5779,0.01401,pychrono
2.100,0.200,-0.05726,0.5791,0.01286,pychrono
2.100,0.300,-0.05441,0.5811,0.01115,pychrono
2.100,0.400,-0.05049,0.5839,0.00913,pychrono
2.100,0.500,-0.04558,0.5874,0.00706,pychrono
2.100,0.600,-0.03977,0.5916,0.00515,pychrono
2.100,0.700,-0.03319,0.5963,0.00356,pychrono
2.100,0.800,-0.02596,0.6015,0.00232,pychrono
2.100,0.900,-0.01822,0.6070,0.00143,pychrono
2.100,1.000,-0.01013,0.6128,0.00083,pychrono
2.100,1.100,-0.00183,0.6187,0.00045,pychrono
2.100,1.200,0.00649,0.6154,0.00024,pychrono
2.100,1.300,0.01470,0.6095,0.00012,pychrono
2.100,1.400,0.02261,0.6038,0.00005,pychrono
2.100,1.500,0.03008,0.5985,0.00002,pychrono
2.100,1.600,0.03697,0.5936,0.00001,pychrono
2.100,1.700,0.04313,0.5892,0.00000,pychrono
2.100,1.800,0.04845,0.5854,0.00000,pychrono
2.100,1.900,0.05281,0.5823,0.00000,pychrono
2.100,2.000,0.05615,0.5799,0.00000,pychrono
2.200,-2.000,0.06879,0.5709,0.00000,pychrono
2.200,-1.900,0.06470,0.5738,0.00000,pychrono
2.200,-1.800,0.05935,0.5776,0.00000,pychrono
2.200,-1.700,0.05284,0.5823,0.00000,pychrono
2.200,-1.600,0.04529,0.5876,0.00001,pychrono
2.200,-1.500,0.03686,0.5937,0.00002,pychrono
2.200,-1.400,0.02770,0.6002,0.00004,pychrono
2.200,-1.300,0.01801,0.6071,0.00009,pychrono
2.200,-1.200,0.00796,0.6143,0.00018,pychrono
2.200,-1.100,-0.00225,0.6184,0.00035,pychrono
2.200,-1.000,-0.01240,0.6111,0.00064,pychrono
2.200,-0.900,-0.02232,0.6041,0.00110,pychrono
2.200,-0.800,-0.03180,0.5973,0.00179,pychrono
2.200,-0.700,-0.04065,0.5910,0.00274,pychrono
2.200,-0.600,-0.04872,0.5852,0.00397,pychrono
2.200,-0.500,-0.05582,0.5801,0.00544,pychrono
2.200,-0.400,-0.06184,0.5758,0.00704,pychrono
2.200,-0.300,-0.06665,0.5724,0.00860,pychrono
2.200,-0.200,-0.07015,0.5699,0.00992,pychrono
2.200,-0.100,-0.07228,0.5684,0.01080,pychrono
2.200,0.000,-0.07300,0.5679,0.01112,pychrono
2.200,0.100,-0.07229,0.5684,0.01080,pychrono
2.200,0.200,-0.07016,0.5699,0.00992,pychrono
2.200,0.300,-0.06666,0.5724,0.00860,pychrono
2.200,0.400,-0.06185,0.5758,0.00704,pychrono
2.200,0.500,-0.05584,0.5801,0.00544,pychrono
2.200,0.600,-0.04873,0.5852,0.00397,pychrono
2.200,0.700,-0.04067,0.5910,0.00274,pychrono
2.200,0.800,-0.03181,0.5973,0.00179,pychrono
2.200,0.900,-0.02233,0.6041,0.00110,pychrono
2.200,1.000,-0.01241,0.6111,0.00064,pychrono
2.200,1.100,-0.00225,0.6184,0.00035,pychrono
2.200,1.200,0.00796,0.6143,0.00018,pychrono
2.200,1.300,0.01801,0.6071,0.00009,pychrono
2.200,1.400,0.02770,0.6002,0.00004,pychrono
2.200,1.500,0.03686,0.5937,0.00002,pychrono
2.200,1.600,0.04529,0.5876,0.00001,pychrono
2.200,1.700,0.05284,0.5823,0.00000,pychrono
2.200,1.800,0.05935,0.5776,0.00000,pychrono
2.200,1.900,0.06470,0.5738,0.00000,pychrono
2.200,2.000,0.06879,0.5709,0.00000,pychrono
2.300,-2.000,0.07920,0.5634,0.00000,pychrono
2.300,-1.900,0.07450,0.5668,0.00000,pychrono
2.300,-1.800,0.06834,0.5712,0.00000,pychrono
2.300,-1.700,0.06084,0.5765,0.00000,pychrono
2.300,-1.600,0.05215,0.5828,0.00001,pychrono
2.300,-1.500,0.04244,0.5897,0.00001,pychrono
2.300,-1.400,0.03190,0.5972,0.00003,pychrono
2.300,-1.300,0.02073,0.6052,0.00007,pychrono
2.300,-1.200,0.00916,0.6135,0.00014,pychrono
2.300,-1.100,-0.00259,0.6182,0.00027,pychrono
2.300,-1.000,-0.01429,0.6098,0.00049,pychrono
2.300,-0.900,-0.02571,0.6016,0.00084,pychrono
2.300,-0.800,-0.03662,0.5938,0.00136,pychrono
2.300,-0.700,-0.04682,0.5866,0.00209,pychrono
2.300,-0.600,-0.05610,0.5799,0.00302,pychrono
2.300,-0.500,-0.06429,0.5741,0.00414,pychrono
2.300,-0.400,-0.07122,0.5691,0.00536,pychrono
2.300,-0.300,-0.07675,0.5652,0.00654,pychrono
2.300,-0.200,-0.08078,0.5623,0.00755,pychrono
2.300,-0.100,-0.08324,0.5605,0.00822,pychrono
2.300,0.000,-0.08406,0.5600,0.00846,pychrono
2.300,0.100,-0.08324,0.5605,0.00822,pychrono
2.300,0.200,-0.08079,0.5623,0.00755,pychrono
2.300,0.300,-0.07675,0.5652,0.00654,pychrono
2.300,0.400,-0.07122,0.5691,0.00536,pychrono
2.300,0.500,-0.06429,0.5741,0.00414,pychrono
2.300,0.600,-0.05611,0.5799,0.00302,pychrono
2.300,0.700,-0.04682,0.5866,0.00209,pychrono
2.300,0.800,-0.03662,0.5938,0.00136,pychrono
2.300,0.900,-0.02571,0.6016,0.00084,pychrono
2.300,1.000,-0.01429,0.6098,0.00049,pychrono
2.300,1.100,-0.00259,0.6182,0.00027,pychrono
2.300,1.200,0.00916,0.6135,0.00014,pychrono
2.300,1.300,0.02073,0.6052,0.00007,pychrono
2.300,1.400,0.03190,0.5972,0.00003,pychrono
2.300,1.500,0.04244,0.5897,0.00001,pychrono
2.300,1.600,0.05215,0.5828,0.00001,pychrono
2.300,1.700,0.06084,0.5765,0.00000,pychrono
2.300,1.800,0.06834,0.5712,0.00000,pychrono
2.300,1.900,0.07450,0.5668,0.00000,pychrono
2.300,2.000,0.07920,0.5634,0.00000,pychrono
2.400,-2.000,0.08706,0.5578,0.00000,pychrono
2.400,-1.900,0.08189,0.5615,0.00000,pychrono
2.400,-1.800,0.07512,0.5663,0.00000,pychrono
2.400,-1.700,0.06687,0.5722,0.00000,pychrono
2.400,-1.600,0.05732,0.5791,0.00000,pychrono
2.400,-1.500,0.04665,0.5867,0.00001,pychrono
2.400,-1.400,0.03506,0.5950,0.00002,pychrono
2.400,-1.300,0.02279,0.6037,0.00005,pychrono
2.400,-1.200,0.01007,0.6128,0.00010,pychrono
2.400,-1.100,-0.00284,0.6180,0.00020,pychrono
2.400,-1.000,-0.01570,0.6088,0.00036,pychrono
2.400,-0.900,-0.02826,0.5998,0.00063,pychrono
2.400,-0.800,-0.04026,0.5912,0.00102,pychrono
2.400,-0.700,-0.05147,0.5832,0.00157,pychrono
2.400,-0.600,-0.06167,0.5759,0.00227,pychrono
2.400,-0.500,-0.07067,0.5695,0.00311,pychrono
2.400,-0.400,-0.07828,0.5641,0.00402,pychrono
2.400,-0.300,-0.08437,0.5597,0.00491,pychrono
2.400,-0.200,-0.08880,0.5566,0.00566,pychrono
2.400,-0.100,-0.09149,0.5546,0.00617,pychrono
2.400,0.000,-0.09240,0.5540,0.00635,pychrono
2.400,0.100,-0.09150,0.5546,0.00617,pychrono
2.400,0.200,-0.08880,0.5566,0.00566,pychrono
2.400,0.300,-0.08437,0.5597,0.00491,pychrono
2.400,0.400,-0.07829,0.5641,0.00402,pychrono
2.400,0.500,-0.07067,0.5695,0.00311,pychrono
2.400,0.600,-0.06167,0.5759,0.00227,pychrono
2.400,0.700,-0.05147,0.5832,0.00157,pychrono
2.400,0.800,-0.04026,0.5912,0.00102,pychrono
2.400,0.900,-0.02826,0.5998,0.00063,pychrono
2.400,1.000,-0.01570,0.6088,0.00036,pychrono
2.400,1.100,-0.00285,0.6180,0.00020,pychrono
2.400,1.200,0.01007,0.6128,0.00010,pychrono
2.400,1.300,0.02279,0.6037,0.00005,pychrono
2.400,1.400,0.03506,0.5950,0.00002,pychrono
2.400,1.500,0.04665,0.5867,0.00001,pychrono
2.400,1.600,0.05732,0.5791,0.00000,pychrono
2.400,1.700,0.06687,0.5722,0.00000,pychrono
2.400,1.800,0.07512,0.5663,0.00000,pychrono
2.400,1.900,0.08189,0.5615,0.00000,pychrono
2.400,2.000,0.08706,0.5578,0.00000,pychrono
2.500,-2.000,0.09211,0.5542,0.00000,pychrono
2.500,-1.900,0.08663,0.5581,0.00000,pychrono
2.500,-1.800,0.07947,0.5632,0.00000,pychrono
2.500,-1.700,0.07075,0.5695,0.00000,pychrono
2.500,-1.600,0.06064,0.5767,0.00000,pychrono
2.500,-1.500,0.04935,0.5847,0.00001,pychrono
2.500,-1.400,0.03709,0.5935,0.00002,pychrono
2.500,-1.300,0.02411,0.6028,0.00004,pychrono
2.500,-1.200,0.01065,0.6124,0.00008,pychrono
2.500,-1.100,-0.00301,0.6179,0.00015,pychrono
2.500,-1.000,-0.01661,0.6081,0.00027,pychrono
2.500,-0.900,-0.02989,0.5986,0.00046,pychrono
2.500,-0.800,-0.04259,0.5896,0.00076,pychrono
2.500,-0.700,-0.05445,0.5811,0.00116,pychrono
2.500,-0.600,-0.06525,0.5734,0.00168,pychrono
2.500,-0.500,-0.07477,0.5666,0.00230,pychrono
2.500,-0.400,-0.08282,0.5608,0.00298,pychrono
2.500,-0.300,-0.08926,0.5562,0.00364,pychrono
2.500,-0.200,-0.09395,0.5529,0.00420,pychrono
2.500,-0.100,-0.09680,0.5509,0.00457,pychrono
2.500,0.000,-0.09775,0.5502,0.00470,pychrono
2.500,0.100,-0.09680,0.5509,0.00457,pychrono
2.500,0.200,-0.09395,0.5529,0.00420,pychrono
2.500,0.300,-0.08926,0.5562,0.00364,pychrono
2.500,0.400,-0.08282,0.5608,0.00298,pychrono
2.500,0.500,-0.07477,0.5666,0.00230,pychrono
2.500,0.600,-0.06525,0.5734,0.00168,pychrono
2.500,0.700,-0.05445,0.5811,0.00116,pychrono
2.500,0.800,-0.04259,0.5896,0.00076,pychrono
2.500,0.900,-0.02989,0.5986,0.00046,pychrono
2.500,1.000,-0.01661,0.6081,0.00027,pychrono
2.500,1.100,-0.00301,0.6179,0.00015,pychrono
2.500,1.200,0.01065,0.6124,0.00008,pychrono
2.500,1.300,0.02411,0.6028,0.00004,pychrono
2.500,1.400,0.03709,0.5935,0.00002,pychrono
2.500,1.500,0.04935,0.5847,0.00001,pychrono
2.500,1.600,0.06064,0.5767,0.00000,pychrono
2.500,1.700,0.07075,0.5695,0.00000,pychrono
2.500,1.800,0.07947,0.5632,0.00000,pychrono
2.500,1.900,0.08663,0.5581,0.00000,pychrono
2.500,2.000,0.09211,0.5542,0.00000,pychrono
2.600,-2.000,0.09417,0.5527,0.00000,pychrono
2.600,-1.900,0.08858,0.5567,0.00000,pychrono
2.600,-1.800,0.08125,0.5620,0.00000,pychrono
2.600,-1.700,0.07234,0.5683,0.00000,pychrono
2.600,-1.600,0.06200,0.5757,0.00000,pychrono
2.600,-1.500,0.05046,0.5840,0.00001,pychrono
2.600,-1.400,0.03793,0.5929,0.00001,pychrono
2.600,-1.300,0.02465,0.6024,0.00003,pychrono
2.600,-1.200,0.01089,0.6122,0.00006,pychrono
2.600,-1.100,-0.00308,0.6178,0.00011,pychrono
2.600,-1.000,-0.01699,0.6079,0.00020,pychrono
2.600,-0.900,-0.03057,0.5982,0.00034,pychrono
2.600,-0.800,-0.04355,0.5889,0.00055,pychrono
2.600,-0.700,-0.05567,0.5802,0.00085,pychrono
2.600,-0.600,-0.06671,0.5723,0.00123,pychrono
2.600,-0.500,-0.07644,0.5654,0.00168,pychrono
2.600,-0.400,-0.08468,0.5595,0.00218,pychrono
2.600,-0.300,-0.09126,0.5548,0.00266,pychrono
2.600,-0.200,-0.09606,0.5514,0.00307,pychrono
2.600,-0.100,-0.09897,0.5493,0.00334,pychrono
2.600,0.000,-0.09995,0.5486,0.00344,pychrono
2.600,0.100,-0.09897,0.5493,0.00334,pychrono
2.600,0.200,-0.09606,0.5514,0.00307,pychrono
2.600,0.300,-0.09126,0.5548,0.00266,pychrono
2.600,0.400,-0.08468,0.5595,0.00218,pychrono
2.600,0.500,-0.07644,0.5654,0.00168,pychrono
2.600,0.600,-0.06671,0.5723,0.00123,pychrono
2.600,0.700,-0.05567,0.5802,0.00085,pychrono
2.600,0.800,-0.04355,0.5889,0.00055,pychrono
2.600,0.900,-0.03057,0.5982,0.00034,pychrono
2.600,1.000,-0.01699,0.6079,0.00020,pychrono
2.600,1.100,-0.00308,0.6178,0.00011,pychrono
2.600,1.200,0.01089,0.6122,0.00006,pychrono
2.600,1.300,0.02465,0.6024,0.00003,pychrono
2.600,1.400,0.03793,0.5929,0.00001,pychrono
2.600,1.500,0.05046,0.5840,0.00001,pychrono
2.600,1.600,0.06200,0.5757,0.00000,pychrono
2.600,1.700,0.07234,0.5683,0.00000,pychrono
2.600,1.800,0.08125,0.5620,0.00000,pychrono
2.600,1.900,0.08858,0.5567,0.00000,pychrono
2.600,2.000,0.09417,0.5527,0.00000,pychrono
2.700,-2.000,0.09320,0.5534,0.00000,pychrono
2.700,-1.900,0.08766,0.5574,0.00000,pychrono
2.700,-1.800,0.08041,0.5626,0.00000,pychrono
2.700,-1.700,0.07159,0.5689,0.00000,pychrono
2.700,-1.600,0.06136,0.5762,0.00000,pychrono
2.700,-1.500,0.04994,0.5843,0.00000,pychrono
2.700,-1.400,0.03753,0.5932,0.00001,pychrono
2.700,-1.300,0.02440,0.6026,0.00002,pychrono
2.700,-1.200,0.01078,0.6123,0.00004,pychrono
2.700,-1.100,-0.00305,0.6178,0.00008,pychrono
2.700,-1.000,-0.01681,0.6080,0.00014,pychrono
2.700,-0.900,-0.03025,0.5984,0.00025,pychrono
2.700,-0.800,-0.04309,0.5892,0.00040,pychrono
2.700,-0.700,-0.05510,0.5806,0.00061,pychrono
2.700,-0.600,-0.06602,0.5728,0.00089,pychrono
2.700,-0.500,-0.07565,0.5660,0.00121,pychrono
2.700,-0.400,-0.08380,0.5601,0.00157,pychrono
2.700,-0.300,-0.09032,0.5555,0.00192,pychrono
2.700,-0.200,-0.09506,0.5521,0.00221,pychrono
2.700,-0.100,-0.09794,0.5500,0.00241,pychrono
2.700,0.000,-0.09891,0.5493,0.00248,pychrono
2.700,0.100,-0.09794,0.5500,0.00241,pychrono
2.700,0.200,-0.09506,0.5521,0.00221,pychrono
2.700,0.300,-0.09032,0.5555,0.00192,pychrono
2.700,0.400,-0.08380,0.5601,0.00157,pychrono
2.700,0.500,-0.07565,0.5660,0.00121,pychrono
2.700,0.600,-0.06602,0.5728,0.00089,pychrono
2.700,0.700,-0.05510,0.5806,0.00061,pychrono
2.700,0.800,-0.04309,0.5892,0.00040,pychrono
2.700,0.900,-0.03025,0.5984,0.00025,pychrono
2.700,1.000,-0.01681,0.6080,0.00014,pychrono
2.700,1.100,-0.00305,0.6178,0.00008,pychrono
2.700,1.200,0.01078,0.6123,0.00004,pychrono
2.700,1.300,0.02440,0.6026,0.00002,pychrono
2.700,1.400,0.03753,0.5932,0.00001,pychrono
2.700,1.500,0.04994,0.5843,0.00000,pychrono
2.700,1.600,0.06136,0.5762,0.00000,pychrono
2.700,1.700,0.07159,0.5689,0.00000,pychrono
2.700,1.800,0.08041,0.5626,0.00000,pychrono
2.700,1.900,0.08766,0.5574,0.00000,pychrono
2.700,2.000,0.09320,0.5534,0.00000,pychrono
2.800,-2.000,0.08921,0.5563,0.00000,pychrono
2.800,-1.900,0.08391,0.5601,0.00000,pychrono
2.800,-1.800,0.07697,0.5650,0.00000,pychrono
2.800,-1.700,0.06852,0.5711,0.00000,pychrono
2.800,-1.600,0.05874,0.5780,0.00000,pychrono
2.800,-1.500,0.04780,0.5859,0.00000,pychrono
2.800,-1.400,0.03593,0.5943,0.00001,pychrono
2.800,-1.300,0.02335,0.6033,0.00001,pychrono
2.800,-1.200,0.01032,0.6126,0.00003,pychrono
2.800,-1.100,-0.00292,0.6179,0.00006,pychrono
2.800,-1.000,-0.01609,0.6085,0.00010,pychrono
2.800,-0.900,-0.02896,0.5993,0.00017,pychrono
2.800,-0.800,-0.04125,0.5905,0.00028,pychrono
2.800,-0.700,-0.05274,0.5823,0.00044,pychrono
2.800,-0.600,-0.06320,0.5749,0.00063,pychrono
2.800,-0.500,-0.07242,0.5683,0.00086,pychrono
2.800,-0.400,-0.08022,0.5627,0.00112,pychrono
2.800,-0.300,-0.08645,0.5582,0.00137,pychrono
2.800,-0.200,-0.09099,0.5550,0.00157,pychrono
2.800,-0.100,-0.09376,0.5530,0.00172,pychrono
2.800,0.000,-0.09468,0.5524,0.00177,pychrono
2.800,0.100,-0.09376,0.5530,0.00172,pychrono
2.800,0.200,-0.09099,0.5550,0.00157,pychrono
2.800,0.300,-0.08645,0.5582,0.00137,pychrono
2.800,0.400,-0.08022,0.5627,0.00112,pychrono
2.800,0.500,-0.07242,0.5683,0.00086,pychrono
2.800,0.600,-0.06320,0.5749,0.00063,pychrono
2.800,0.700,-0.05274,0.5823,0.00044,pychrono
2.800,0.800,-0.04125,0.5905,0.00028,pychrono
2.800,0.900,-0.02896,0.5993,0.00017,pychrono
2.800,1.000,-0.01609,0.6085,0.00010,pychrono
2.800,1.100,-0.00292,0.6179,0.00006,pychrono
2.800,1.200,0.01032,0.6126,0.00003,pychrono
2.800,1.300,0.02335,0.6033,0.00001,pychrono
2.800,1.400,0.03593,0.5943,0.00001,pychrono
2.800,1.500,0.04780,0.5859,0.00000,pychrono
2.800,1.600,0.05874,0.5780,0.00000,pychrono
2.800,1.700,0.06852,0.5711,0.00000,pychrono
2.800,1.800,0.07697,0.5650,0.00000,pychrono
2.800,1.900,0.08391,0.5601,0.00000,pychrono
2.800,2.000,0.08921,0.5563,0.00000,pychrono
2.900,-2.000,0.08234,0.5612,0.00000,pychrono
2.900,-1.900,0.07745,0.5647,0.00000,pychrono
2.900,-1.800,0.07104,0.5693,0.00000,pychrono
2.900,-1.700,0.06325,0.5748,0.00000,pychrono
2.900,-1.600,0.05421,0.5813,0.00000,pychrono
2.900,-1.500,0.04412,0.5885,0.00000,pychrono
2.900,-1.400,0.03316,0.5963,0.00000,pychrono
2.900,-1.300,0.02155,0.6046,0.00001,pychrono
2.900,-1.200,0.00952,0.6132,0.00002,pychrono
2.900,-1.100,-0.00269,0.6181,0.00004,pychrono
2.900,-1.000,-0.01485,0.6094,0.00007,pychrono
2.900,-0.900,-0.02673,0.6009,0.00012,pychrono
2.900,-0.800,-0.03807,0.5928,0.00020,pychrono
2.900,-0.700,-0.04868,0.5852,0.00031,pychrono
2.900,-0.600,-0.05833,0.5783,0.00044,pychrono
2.900,-0.500,-0.06684,0.5723,0.00061,pychrono
2.900,-0.400,-0.07404,0.5671,0.00079,pychrono
2.900,-0.300,-0.07980,0.5630,0.00096,pychrono
2.900,-0.200,-0.08399,0.5600,0.00111,pychrono
2.900,-0.100,-0.08654,0.5582,0.00121,pychrono
2.900,0.000,-0.08739,0.5576,0.00124,pychrono
2.900,0.100,-0.08654,0.5582,0.00121,pychrono
2.900,0.200,-0.08399,0.5600,0.00111,pychrono
2.900,0.300,-0.07980,0.5630,0.00096,pychrono
2.900,0.400,-0.07404,0.5671,0.00079,pychrono
2.900,0.500,-0.06684,0.5723,0.00061,pychrono
2.900,0.600,-0.05833,0.5783,0.00044,pychrono
2.900,0.700,-0.04868,0.5852,0.00031,pychrono
2.900,0.800,-0.03807,0.5928,0.00020,pychrono
2.900,0.900,-0.02673,0.6009,0.00012,pychrono
2.900,1.000,-0.01485,0.6094,0.00007,pychrono
2.900,1.100,-0.00269,0.6181,0.00004,pychrono
2.900,1.200,0.00952,0.6132,0.00002,pychrono
2.900,1.300,0.02155,0.6046,0.00001,pychrono
2.900,1.400,0.03316,0.5963,0.00000,pychrono
2.900,1.500,0.04412,0.5885,0.00000,pychrono
2.900,1.600,0.05421,0.5813,0.00000,pychrono
2.900,1.700,0.06325,0.5748,0.00000,pychrono
2.900,1.800,0.07104,0.5693,0.00000,pychrono
2.900,1.900,0.07745,0.5647,0.00000,pychrono
2.900,2.000,0.08234,0.5612,0.00000,pychrono
3.000,-2.000,0.07281,0.5680,0.00000,pychrono
3.000,-1.900,0.06849,0.5711,0.00000,pychrono
3.000,-1.800,0.06282,0.5751,0.00000,pychrono
3.000,-1.700,0.05593,0.5801,0.00000,pychrono
3.000,-1.600,0.04794,0.5858,0.00000,pychrono
3.000,-1.500,0.03901,0.5921,0.00000,pychrono
3.000,-1.400,0.02932,0.5991,0.00000,pychrono
3.000,-1.300,0.01906,0.6064,0.00001,pychrono
3.000,-1.200,0.00842,0.6140,0.00001,pychrono
3.000,-1.100,-0.00238,0.6183,0.00003,pychrono
3.000,-1.000,-0.01313,0.6106,0.00005,pychrono
3.000,-0.900,-0.02363,0.6031,0.00008,pychrono
3.000,-0.800,-0.03367,0.5960,0.00014,pychrono
3.000,-0.700,-0.04304,0.5893,0.00021,pychrono
3.000,-0.600,-0.05158,0.5832,0.00031,pychrono
3.000,-0.500,-0.05910,0.5778,0.00042,pychrono
3.000,-0.400,-0.06547,0.5732,0.00054,pychrono
3.000,-0.300,-0.07056,0.5696,0.00066,pychrono
3.000,-0.200,-0.07427,0.5670,0.00077,pychrono
3.000,-0.100,-0.07652,0.5653,0.00084,pychrono
3.000,0.000,-0.07728,0.5648,0.00086,pychrono
3.000,0.100,-0.07652,0.5653,0.00084,pychrono
3.000,0.200,-0.07427,0.5670,0.00077,pychrono
3.000,0.300,-0.07056,0.5696,0.00066,pychrono
3.000,0.400,-0.06547,0.5732,0.00054,pychrono
3.000,0.500,-0.05910,0.5778,0.00042,pychrono
3.000,0.600,-0.05158,0.5832,0.00031,pychrono
3.000,0.700,-0.04304,0.5893,0.00021,pychrono
3.000,0.800,-0.03367,0.5960,0.00014,pychrono
3.000,0.900,-0.02363,0.6031,0.00008,pychrono
3.000,1.000,-0.01313,0.6106,0.00005,pychrono
3.000,1.100,-0.00238,0.6183,0.00003,pychrono
3.000,1.200,0.00842,0.6140,0.00001,pychrono
3.000,1.300,0.01906,0.6064,0.00001,pychrono
3.000,1.400,0.02932,0.5991,0.00000,pychrono
3.000,1.500,0.03901,0.5921,0.00000,pychrono
3.000,1.600,0.04794,0.5858,0.00000,pychrono
3.000,1.700,0.05593,0.5801,0.00000,pychrono
3.000,1.800,0.06282,0.5751,0.00000,pychrono
3.000,1.900,0.06849,0.5711,0.00000,pychrono
3.000,2.000,0.07281,0.5680,0.00000,pychrono
