run_id,schema_id,scenario_id,time_s,step_index,contact_component_id,body_a,body_b,body_role_a,body_role_b,contactable_a_type,contactable_b_type,pair_order,force_on,contact_count,point_x_m,point_y_m,point_z_m,point_a_x_m,point_a_y_m,point_a_z_m,point_b_x_m,point_b_y_m,point_b_z_m,normal_x,normal_y,normal_z,tangent_u_x,tangent_u_y,tangent_u_z,tangent_v_x,tangent_v_y,tangent_v_z,plane_coord_3x3,distance_m,penetration_m,eff_radius_m,constraint_offset,react_fx_contact_N,react_fy_contact_N,react_fz_contact_N,react_tx_contact_Nm,react_ty_contact_Nm,react_tz_contact_Nm,contact_force_N,contact_fx_N,contact_fy_N,contact_fz_N,contact_tx_Nm,contact_ty_Nm,contact_tz_Nm,contact_torque_Nm,frame,torque_frame,aggregation,force_source,ComputeContactForces_called,material_a_id,material_b_id,contact_method,collision_backend,filter_rule,source
collision_contact_component_demo,collision.contact_probe.v1,pair_contact_schema_v1,0.0000,0,contact.force_torque,rover_body,rigid_obstacle,moving_body,fixed_obstacle,ChBody,ChBody,body_a_body_b,body_a,0,0.36000,0.00000,0.30000,0.36000,0.00000,0.30000,0.36000,0.00000,0.30000,-1.00000,0.00000,0.00000,0.00000,1.00000,0.00000,0.00000,0.00000,1.00000,[-1 0 0; 0 1 0; 0 0 1],,,,,-0.00000,0.00000,0.00000,0.00000,0.00000,0.00000,0.00000,-0.00000,0.00000,0.00000,0.00000,0.00000,0.00000,0.00000,world,world,sum_over_filtered_pair,pair_contact_reporter_world,false,contact_material_nsc_demo,contact_material_nsc_demo,NSC,Bullet_or_fallback,body_pair:rover_body-rigid_obstacle,deterministic_contact_probe_pychrono_unavailable
collision_contact_component_demo,collision.contact_probe.v1,pair_contact_schema_v1,0.0025,1,contact.force_torque,rover_body,rigid_obstacle,moving_body,fixed_obstacle,ChBody,ChBody,body_a_body_b,body_a,0,0.36000,0.00000,0.30000,0.36000,0.00000,0.30000,0.36000,0.00000,0.30000,-1.00000,0.00000,0.00000,0.00000,1.00000,0.00000,0.00000,0.00000,1.00000,[-1 0 0; 0 1 0; 0 0 1],,,,,-0.00000,0.00000,0.00000,0.00000,0.00000,0.00000,0.00000,-0.00000,0.00000,0.00000,0.00000,0.00000,0.00000,0.00000,world,world,sum_over_filtered_pair,pair_contact_reporter_world,false,contact_material_nsc_demo,contact_material_nsc_demo,NSC,Bullet_or_fallback,body_pair:rover_body-rigid_obstacle,deterministic_contact_probe_pychrono_unavailable
collision_contact_component_demo,collision.contact_probe.v1,pair_contact_schema_v1,0.0050,2,contact.force_torque,rover_body,rigid_obstacle,moving_body,fixed_obstacle,ChBody,ChBody,body_a_body_b,body_a,0,0.36000,0.00000,0.30000,0.36000,0.00000,0.30000,0.36000,0.00000,0.30000,-1.00000,0.00000,0.00000,0.00000,1.00000,0.00000,0.00000,0.00000,1.00000,[-1 0 0; 0 1 0; 0 0 1],,,,,-0.00000,0.00000,0.00000,0.00000,0.00000,0.00000,0.00000,-0.00000,0.00000,0.00000,0.00000,0.00000,0.00000,0.00000,world,world,sum_over_filtered_pair,pair_contact_reporter_world,false,contact_material_nsc_demo,contact_material_nsc_demo,NSC,Bullet_or_fallback,body_pair:rover_body-rigid_obstacle,deterministic_contact_probe_pychrono_unavailable
collision_contact_component_demo,collision.contact_probe.v1,pair_contact_schema_v1,0.0075,3,contact.force_torque,rover_body,rigid_obstacle,moving_body,fixed_obstacle,ChBody,ChBody,body_a_body_b,body_a,0,0.36000,0.00000,0.30000,0.36000,0.00000,0.30000,0.36000,0.00000,0.30000,-1.00000,0.00000,0.00000,0.00000,1.00000,0.00000,0.00000,0.00000,1.00000,[-1 0 0; 0 1 0; 0 0 1],,,,,-0.00000,0.00000,0.00000,0.00000,0.00000,0.00000,0.00000,-0.00000,0.00000,0.00000,0.00000,0.00000,0.00000,0.00000,world,world,sum_over_filtered_pair,pair_contact_reporter_world,false,contact_material_nsc_demo,contact_material_nsc_demo,NSC,Bullet_or_fallback,body_pair:rover_body-rigid_obstacle,deterministic_contact_probe_pychrono_unavailable
collision_contact_component_demo,collision.contact_probe.v1,pair_contact_schema_v1,0.0100,4,contact.force_torque,rover_body,rigid_obstacle,moving_body,fixed_obstacle,ChBody,ChBody,body_a_body_b,body_a,0,0.36000,0.00000,0.30000,0.36000,0.00000,0.30000,0.36000,0.00000,0.30000,-1.00000,0.00000,0.00000,0.00000,1.00000,0.00000,0.00000,0.00000,1.00000,[-1 0 0; 0 1 0; 0 0 1],,,,,-0.00000,0.00000,0.00000,0.00000,0.00000,0.00000,0.00000,-0.00000,0.00000,0.00000,0.00000,0.00000,0.00000,0.00000,world,world,sum_over_filtered_pair,pair_contact_reporter_world,false,contact_material_nsc_demo,contact_material_nsc_demo,NSC,Bullet_or_fallback,body_pair:rover_body-rigid_obstacle,deterministic_contact_probe_pychrono_unavailable
collision_contact_component_demo,collision.contact_probe.v1,pair_contact_schema_v1,0.0125,5,contact.force_torque,rover_body,rigid_obstacle,moving_body,fixed_obstacle,ChBody,ChBody,body_a_body_b,body_a,0,0.36000,0.00000,0.30000,0.36000,0.00000,0.30000,0.36000,0.00000,0.30000,-1.00000,0.00000,0.00000,0.00000,1.00000,0.00000,0.00000,0.00000,1.00000,[-1 0 0; 0 1 0; 0 0 1],,,,,-0.00000,0.00000,0.00000,0.00000,0.00000,0.00000,0.00000,-0.00000,0.00000,0.00000,0.00000,0.00000,0.00000,0.00000,world,world,sum_over_filtered_pair,pair_contact_reporter_world,false,contact_material_nsc_demo,contact_material_nsc_demo,NSC,Bullet_or_fallback,body_pair:rover_body-rigid_obstacle,deterministic_contact_probe_pychrono_unavailable
collision_contact_component_demo,collision.contact_probe.v1,pair_contact_schema_v1,0.0150,6,contact.force_torque,rover_body,rigid_obstacle,moving_body,fixed_obstacle,ChBody,ChBody,body_a_body_b,body_a,0,0.36000,0.00000,0.30000,0.36000,0.00000,0.30000,0.36000,0.00000,0.30000,-1.00000,0.00000,0.00000,0.00000,1.00000,0.00000,0.00000,0.00000,1.00000,[-1 0 0; 0 1 0; 0 0 1],,,,,-0.00000,0.00000,0.00000,0.00000,0.00000,0.00000,0.00000,-0.00000,0.00000,0.00000,0.00000,0.00000,0.00000,0.00000,world,world,sum_over_filtered_pair,pair_contact_reporter_world,false,contact_material_nsc_demo,contact_material_nsc_demo,NSC,Bullet_or_fallback,body_pair:rover_body-rigid_obstacle,deterministic_contact_probe_pychrono_unavailable
collision_contact_component_demo,collision.contact_probe.v1,pair_contact_schema_v1,0.0175,7,contact.force_torque,rover_body,rigid_obstacle,moving_body,fixed_obstacle,ChBody,ChBody,body_a_body_b,body_a,0,0.36000,0.00000,0.30000,0.36000,0.00000,0.30000,0.36000,0.00000,0.30000,-1.00000,0.00000,0.00000,0.00000,1.00000,0.00000,0.00000,0.00000,1.00000,[-1 0 0; 0 1 0; 0 0 1],,,,,-0.00000,0.00000,0.00000,0.00000,0.00000,0.00000,0.00000,-0.00000,0.00000,0.00000,0.00000,0.00000,0.00000,0.00000,world,world,sum_over_filtered_pair,pair_contact_reporter_world,false,contact_material_nsc_demo,contact_material_nsc_demo,NSC,Bullet_or_fallback,body_pair:rover_body-rigid_obstacle,deterministic_contact_probe_pychrono_unavailable
collision_contact_component_demo,collision.contact_probe.v1,pair_contact_schema_v1,0.0200,8,contact.force_torque,rover_body,rigid_obstacle,moving_body,fixed_obstacle,ChBody,ChBody,body_a_body_b,body_a,0,0.36000,0.00000,0.30000,0.36000,0.00000,0.30000,0.36000,0.00000,0.30000,-1.00000,0.00000,0.00000,0.00000,1.00000,0.00000,0.00000,0.00000,1.00000,[-1 0 0; 0 1 0; 0 0 1],,,,,-0.00000,0.00000,0.00000,0.00000,0.00000,0.00000,0.00000,-0.00000,0.00000,0.00000,0.00000,0.00000,0.00000,0.00000,world,world,sum_over_filtered_pair,pair_contact_reporter_world,false,contact_material_nsc_demo,contact_material_nsc_demo,NSC,Bullet_or_fallback,body_pair:rover_body-rigid_obstacle,deterministic_contact_probe_pychrono_unavailable
collision_contact_component_demo,collision.contact_probe.v1,pair_contact_schema_v1,0.0225,9,contact.force_torque,rover_body,rigid_obstacle,moving_body,fixed_obstacle,ChBody,ChBody,body_a_body_b,body_a,0,0.36000,0.00000,0.30000,0.36000,0.00000,0.30000,0.36000,0.00000,0.30000,-1.00000,0.00000,0.00000,0.00000,1.00000,0.00000,0.00000,0.00000,1.00000,[-1 0 0; 0 1 0; 0 0 1],,,,,-0.00000,0.00000,0.00000,0.00000,0.00000,0.00000,0.00000,-0.00000,0.00000,0.00000,0.00000,0.00000,0.00000,0.00000,world,world,sum_over_filtered_pair,pair_contact_reporter_world,false,contact_material_nsc_demo,contact_material_nsc_demo,NSC,Bullet_or_fallback,body_pair:rover_body-rigid_obstacle,deterministic_contact_probe_pychrono_unavailable
collision_contact_component_demo,collision.contact_probe.v1,pair_contact_schema_v1,0.0250,10,contact.force_torque,rover_body,rigid_obstacle,moving_body,fixed_obstacle,ChBody,ChBody,body_a_body_b,body_a,0,0.36000,0.00000,0.30000,0.36000,0.00000,0.30000,0.36000,0.00000,0.30000,-1.00000,0.00000,0.00000,0.00000,1.00000,0.00000,0.00000,0.00000,1.00000,[-1 0 0; 0 1 0; 0 0 1],,,,,-0.00000,0.00000,0.00000,0.00000,0.00000,0.00000,0.00000,-0.00000,0.00000,0.00000,0.00000,0.00000,0.00000,0.00000,world,world,sum_over_filtered_pair,pair_contact_reporter_world,false,contact_material_nsc_demo,contact_material_nsc_demo,NSC,Bullet_or_fallback,body_pair:rover_body-rigid_obstacle,deterministic_contact_probe_pychrono_unavailable
collision_contact_component_demo,collision.contact_probe.v1,pair_contact_schema_v1,0.0275,11,contact.force_torque,rover_body,rigid_obstacle,moving_body,fixed_obstacle,ChBody,ChBody,body_a_body_b,body_a,0,0.36000,0.00000,0.30000,0.36000,0.00000,0.30000,0.36000,0.00000,0.30000,-1.00000,0.00000,0.00000,0.00000,1.00000,0.00000,0.00000,0.00000,1.00000,[-1 0 0; 0 1 0; 0 0 1],,,,,-0.00000,0.00000,0.00000,0.00000,0.00000,0.00000,0.00000,-0.00000,0.00000,0.00000,0.00000,0.00000,0.00000,0.00000,world,world,sum_over_filtered_pair,pair_contact_reporter_world,false,contact_material_nsc_demo,contact_material_nsc_demo,NSC,Bullet_or_fallback,body_pair:rover_body-rigid_obstacle,deterministic_contact_probe_pychrono_unavailable
collision_contact_component_demo,collision.contact_probe.v1,pair_contact_schema_v1,0.0300,12,contact.force_torque,rover_body,rigid_obstacle,moving_body,fixed_obstacle,ChBody,ChBody,body_a_body_b,body_a,0,0.36000,0.00000,0.30000,0.36000,0.00000,0.30000,0.36000,0.00000,0.30000,-1.00000,0.00000,0.00000,0.00000,1.00000,0.00000,0.00000,0.00000,1.00000,[-1 0 0; 0 1 0; 0 0 1],,,,,-0.00000,0.00000,0.00000,0.00000,0.00000,0.00000,0.00000,-0.00000,0.00000,0.00000,0.00000,0.00000,0.00000,0.00000,world,world,sum_over_filtered_pair,pair_contact_reporter_world,false,contact_material_nsc_demo,contact_material_nsc_demo,NSC,Bullet_or_fallback,body_pair:rover_body-rigid_obstacle,deterministic_contact_probe_pychrono_unavailable
collision_contact_component_demo,collision.contact_probe.v1,pair_contact_schema_v1,0.0325,13,contact.force_torque,rover_body,rigid_obstacle,moving_body,fixed_obstacle,ChBody,ChBody,body_a_body_b,body_a,0,0.36000,0.00000,0.30000,0.36000,0.00000,0.30000,0.36000,0.00000,0.30000,-1.00000,0.00000,0.00000,0.00000,1.00000,0.00000,0.00000,0.00000,1.00000,[-1 0 0; 0 1 0; 0 0 1],,,,,-0.00000,0.00000,0.00000,0.00000,0.00000,0.00000,0.00000,-0.00000,0.00000,0.00000,0.00000,0.00000,0.00000,0.00000,world,world,sum_over_filtered_pair,pair_contact_reporter_world,false,contact_material_nsc_demo,contact_material_nsc_demo,NSC,Bullet_or_fallback,body_pair:rover_body-rigid_obstacle,deterministic_contact_probe_pychrono_unavailable
collision_contact_component_demo,collision.contact_probe.v1,pair_contact_schema_v1,0.0350,14,contact.force_torque,rover_body,rigid_obstacle,moving_body,fixed_obstacle,ChBody,ChBody,body_a_body_b,body_a,0,0.36000,0.00000,0.30000,0.36000,0.00000,0.30000,0.36000,0.00000,0.30000,-1.00000,0.00000,0.00000,0.00000,1.00000,0.00000,0.00000,0.00000,1.00000,[-1 0 0; 0 1 0; 0 0 1],,,,,-0.00000,0.00000,0.00000,0.00000,0.00000,0.00000,0.00000,-0.00000,0.00000,0.00000,0.00000,0.00000,0.00000,0.00000,world,world,sum_over_filtered_pair,pair_contact_reporter_world,false,contact_material_nsc_demo,contact_material_nsc_demo,NSC,Bullet_or_fallback,body_pair:rover_body-rigid_obstacle,deterministic_contact_probe_pychrono_unavailable
collision_contact_component_demo,collision.contact_probe.v1,pair_contact_schema_v1,0.0375,15,contact.force_torque,rover_body,rigid_obstacle,moving_body,fixed_obstacle,ChBody,ChBody,body_a_body_b,body_a,0,0.36000,0.00000,0.30000,0.36000,0.00000,0.30000,0.36000,0.00000,0.30000,-1.00000,0.00000,0.00000,0.00000,1.00000,0.00000,0.00000,0.00000,1.00000,[-1 0 0; 0 1 0; 0 0 1],,,,,-0.00000,0.00000,0.00000,0.00000,0.00000,0.00000,0.00000,-0.00000,0.00000,0.00000,0.00000,0.00000,0.00000,0.00000,world,world,sum_over_filtered_pair,pair_contact_reporter_world,false,contact_material_nsc_demo,contact_material_nsc_demo,NSC,Bullet_or_fallback,body_pair:rover_body-rigid_obstacle,deterministic_contact_probe_pychrono_unavailable
collision_contact_component_demo,collision.contact_probe.v1,pair_contact_schema_v1,0.0400,16,contact.force_torque,rover_body,rigid_obstacle,moving_body,fixed_obstacle,ChBody,ChBody,body_a_body_b,body_a,0,0.36000,0.00000,0.30000,0.36000,0.00000,0.30000,0.36000,0.00000,0.30000,-1.00000,0.00000,0.00000,0.00000,1.00000,0.00000,0.00000,0.00000,1.00000,[-1 0 0; 0 1 0; 0 0 1],,,,,-0.00000,0.00000,0.00000,0.00000,0.00000,0.00000,0.00000,-0.00000,0.00000,0.00000,0.00000,0.00000,0.00000,0.00000,world,world,sum_over_filtered_pair,pair_contact_reporter_world,false,contact_material_nsc_demo,contact_material_nsc_demo,NSC,Bullet_or_fallback,body_pair:rover_body-rigid_obstacle,deterministic_contact_probe_pychrono_unavailable
collision_contact_component_demo,collision.contact_probe.v1,pair_contact_schema_v1,0.0425,17,contact.force_torque,rover_body,rigid_obstacle,moving_body,fixed_obstacle,ChBody,ChBody,body_a_body_b,body_a,0,0.36000,0.00000,0.30000,0.36000,0.00000,0.30000,0.36000,0.00000,0.30000,-1.00000,0.00000,0.00000,0.00000,1.00000,0.00000,0.00000,0.00000,1.00000,[-1 0 0; 0 1 0; 0 0 1],,,,,-0.00000,0.00000,0.00000,0.00000,0.00000,0.00000,0.00000,-0.00000,0.00000,0.00000,0.00000,0.00000,0.00000,0.00000,world,world,sum_over_filtered_pair,pair_contact_reporter_world,false,contact_material_nsc_demo,contact_material_nsc_demo,NSC,Bullet_or_fallback,body_pair:rover_body-rigid_obstacle,deterministic_contact_probe_pychrono_unavailable
collision_contact_component_demo,collision.contact_probe.v1,pair_contact_schema_v1,0.0450,18,contact.force_torque,rover_body,rigid_obstacle,moving_body,fixed_obstacle,ChBody,ChBody,body_a_body_b,body_a,0,0.36000,0.00000,0.30000,0.36000,0.00000,0.30000,0.36000,0.00000,0.30000,-1.00000,0.00000,0.00000,0.00000,1.00000,0.00000,0.00000,0.00000,1.00000,[-1 0 0; 0 1 0; 0 0 1],,,,,-0.00000,0.00000,0.00000,0.00000,0.00000,0.00000,0.00000,-0.00000,0.00000,0.00000,0.00000,0.00000,0.00000,0.00000,world,world,sum_over_filtered_pair,pair_contact_reporter_world,false,contact_material_nsc_demo,contact_material_nsc_demo,NSC,Bullet_or_fallback,body_pair:rover_body-rigid_obstacle,deterministic_contact_probe_pychrono_unavailable
collision_contact_component_demo,collision.contact_probe.v1,pair_contact_schema_v1,0.0475,19,contact.force_torque,rover_body,rigid_obstacle,moving_body,fixed_obstacle,ChBody,ChBody,body_a_body_b,body_a,0,0.36000,0.00000,0.30000,0.36000,0.00000,0.30000,0.36000,0.00000,0.30000,-1.00000,0.00000,0.00000,0.00000,1.00000,0.00000,0.00000,0.00000,1.00000,[-1 0 0; 0 1 0; 0 0 1],,,,,-0.00000,0.00000,0.00000,0.00000,0.00000,0.00000,0.00000,-0.00000,0.00000,0.00000,0.00000,0.00000,0.00000,0.00000,world,world,sum_over_filtered_pair,pair_contact_reporter_world,false,contact_material_nsc_demo,contact_material_nsc_demo,NSC,Bullet_or_fallback,body_pair:rover_body-rigid_obstacle,deterministic_contact_probe_pychrono_unavailable
collision_contact_component_demo,collision.contact_probe.v1,pair_contact_schema_v1,0.0500,20,contact.force_torque,rover_body,rigid_obstacle,moving_body,fixed_obstacle,ChBody,ChBody,body_a_body_b,body_a,0,0.36000,0.00000,0.30000,0.36000,0.00000,0.30000,0.36000,0.00000,0.30000,-1.00000,0.00000,0.00000,0.00000,1.00000,0.00000,0.00000,0.00000,1.00000,[-1 0 0; 0 1 0; 0 0 1],,,,,-0.00000,0.00000,0.00000,0.00000,0.00000,0.00000,0.00000,-0.00000,0.00000,0.00000,0.00000,0.00000,0.00000,0.00000,world,world,sum_over_filtered_pair,pair_contact_reporter_world,false,contact_material_nsc_demo,contact_material_nsc_demo,NSC,Bullet_or_fallback,body_pair:rover_body-rigid_obstacle,deterministic_contact_probe_pychrono_unavailable
collision_contact_component_demo,collision.contact_probe.v1,pair_contact_schema_v1,0.0525,21,contact.force_torque,rover_body,rigid_obstacle,moving_body,fixed_obstacle,ChBody,ChBody,body_a_body_b,body_a,0,0.36000,0.00000,0.30000,0.36000,0.00000,0.30000,0.36000,0.00000,0.30000,-1.00000,0.00000,0.00000,0.00000,1.00000,0.00000,0.00000,0.00000,1.00000,[-1 0 0; 0 1 0; 0 0 1],,,,,-0.00000,0.00000,0.00000,0.00000,0.00000,0.00000,0.00000,-0.00000,0.00000,0.00000,0.00000,0.00000,0.00000,0.00000,world,world,sum_over_filtered_pair,pair_contact_reporter_world,false,contact_material_nsc_demo,contact_material_nsc_demo,NSC,Bullet_or_fallback,body_pair:rover_body-rigid_obstacle,deterministic_contact_probe_pychrono_unavailable
collision_contact_component_demo,collision.contact_probe.v1,pair_contact_schema_v1,0.0550,22,contact.force_torque,rover_body,rigid_obstacle,moving_body,fixed_obstacle,ChBody,ChBody,body_a_body_b,body_a,0,0.36000,0.00000,0.30000,0.36000,0.00000,0.30000,0.36000,0.00000,0.30000,-1.00000,0.00000,0.00000,0.00000,1.00000,0.00000,0.00000,0.00000,1.00000,[-1 0 0; 0 1 0; 0 0 1],,,,,-0.00000,0.00000,0.00000,0.00000,0.00000,0.00000,0.00000,-0.00000,0.00000,0.00000,0.00000,0.00000,0.00000,0.00000,world,world,sum_over_filtered_pair,pair_contact_reporter_world,false,contact_material_nsc_demo,contact_material_nsc_demo,NSC,Bullet_or_fallback,body_pair:rover_body-rigid_obstacle,deterministic_contact_probe_pychrono_unavailable
collision_contact_component_demo,collision.contact_probe.v1,pair_contact_schema_v1,0.0575,23,contact.force_torque,rover_body,rigid_obstacle,moving_body,fixed_obstacle,ChBody,ChBody,body_a_body_b,body_a,0,0.36000,0.00000,0.30000,0.36000,0.00000,0.30000,0.36000,0.00000,0.30000,-1.00000,0.00000,0.00000,0.00000,1.00000,0.00000,0.00000,0.00000,1.00000,[-1 0 0; 0 1 0; 0 0 1],,,,,-0.00000,0.00000,0.00000,0.00000,0.00000,0.00000,0.00000,-0.00000,0.00000,0.00000,0.00000,0.00000,0.00000,0.00000,world,world,sum_over_filtered_pair,pair_contact_reporter_world,false,contact_material_nsc_demo,contact_material_nsc_demo,NSC,Bullet_or_fallback,body_pair:rover_body-rigid_obstacle,deterministic_contact_probe_pychrono_unavailable
collision_contact_component_demo,collision.contact_probe.v1,pair_contact_schema_v1,0.0600,24,contact.force_torque,rover_body,rigid_obstacle,moving_body,fixed_obstacle,ChBody,ChBody,body_a_body_b,body_a,0,0.36000,0.00000,0.30000,0.36000,0.00000,0.30000,0.36000,0.00000,0.30000,-1.00000,0.00000,0.00000,0.00000,1.00000,0.00000,0.00000,0.00000,1.00000,[-1 0 0; 0 1 0; 0 0 1],,,,,-0.00000,0.00000,0.00000,0.00000,0.00000,0.00000,0.00000,-0.00000,0.00000,0.00000,0.00000,0.00000,0.00000,0.00000,world,world,sum_over_filtered_pair,pair_contact_reporter_world,false,contact_material_nsc_demo,contact_material_nsc_demo,NSC,Bullet_or_fallback,body_pair:rover_body-rigid_obstacle,deterministic_contact_probe_pychrono_unavailable
collision_contact_component_demo,collision.contact_probe.v1,pair_contact_schema_v1,0.0625,25,contact.force_torque,rover_body,rigid_obstacle,moving_body,fixed_obstacle,ChBody,ChBody,body_a_body_b,body_a,0,0.36000,0.00000,0.30000,0.36000,0.00000,0.30000,0.36000,0.00000,0.30000,-1.00000,0.00000,0.00000,0.00000,1.00000,0.00000,0.00000,0.00000,1.00000,[-1 0 0; 0 1 0; 0 0 1],,,,,-0.00000,0.00000,0.00000,0.00000,0.00000,0.00000,0.00000,-0.00000,0.00000,0.00000,0.00000,0.00000,0.00000,0.00000,world,world,sum_over_filtered_pair,pair_contact_reporter_world,false,contact_material_nsc_demo,contact_material_nsc_demo,NSC,Bullet_or_fallback,body_pair:rover_body-rigid_obstacle,deterministic_contact_probe_pychrono_unavailable
collision_contact_component_demo,collision.contact_probe.v1,pair_contact_schema_v1,0.0650,26,contact.force_torque,rover_body,rigid_obstacle,moving_body,fixed_obstacle,ChBody,ChBody,body_a_body_b,body_a,0,0.36000,0.00000,0.30000,0.36000,0.00000,0.30000,0.36000,0.00000,0.30000,-1.00000,0.00000,0.00000,0.00000,1.00000,0.00000,0.00000,0.00000,1.00000,[-1 0 0; 0 1 0; 0 0 1],,,,,-0.00000,0.00000,0.00000,0.00000,0.00000,0.00000,0.00000,-0.00000,0.00000,0.00000,0.00000,0.00000,0.00000,0.00000,world,world,sum_over_filtered_pair,pair_contact_reporter_world,false,contact_material_nsc_demo,contact_material_nsc_demo,NSC,Bullet_or_fallback,body_pair:rover_body-rigid_obstacle,deterministic_contact_probe_pychrono_unavailable
collision_contact_component_demo,collision.contact_probe.v1,pair_contact_schema_v1,0.0675,27,contact.force_torque,rover_body,rigid_obstacle,moving_body,fixed_obstacle,ChBody,ChBody,body_a_body_b,body_a,0,0.36000,0.00000,0.30000,0.36000,0.00000,0.30000,0.36000,0.00000,0.30000,-1.00000,0.00000,0.00000,0.00000,1.00000,0.00000,0.00000,0.00000,1.00000,[-1 0 0; 0 1 0; 0 0 1],,,,,-0.00000,0.00000,0.00000,0.00000,0.00000,0.00000,0.00000,-0.00000,0.00000,0.00000,0.00000,0.00000,0.00000,0.00000,world,world,sum_over_filtered_pair,pair_contact_reporter_world,false,contact_material_nsc_demo,contact_material_nsc_demo,NSC,Bullet_or_fallback,body_pair:rover_body-rigid_obstacle,deterministic_contact_probe_pychrono_unavailable
collision_contact_component_demo,collision.contact_probe.v1,pair_contact_schema_v1,0.0700,28,contact.force_torque,rover_body,rigid_obstacle,moving_body,fixed_obstacle,ChBody,ChBody,body_a_body_b,body_a,0,0.36000,0.00000,0.30000,0.36000,0.00000,0.30000,0.36000,0.00000,0.30000,-1.00000,0.00000,0.00000,0.00000,1.00000,0.00000,0.00000,0.00000,1.00000,[-1 0 0; 0 1 0; 0 0 1],,,,,-0.00000,0.00000,0.00000,0.00000,0.00000,0.00000,0.00000,-0.00000,0.00000,0.00000,0.00000,0.00000,0.00000,0.00000,world,world,sum_over_filtered_pair,pair_contact_reporter_world,false,contact_material_nsc_demo,contact_material_nsc_demo,NSC,Bullet_or_fallback,body_pair:rover_body-rigid_obstacle,deterministic_contact_probe_pychrono_unavailable
collision_contact_component_demo,collision.contact_probe.v1,pair_contact_schema_v1,0.0725,29,contact.force_torque,rover_body,rigid_obstacle,moving_body,fixed_obstacle,ChBody,ChBody,body_a_body_b,body_a,0,0.36000,0.00000,0.30000,0.36000,0.00000,0.30000,0.36000,0.00000,0.30000,-1.00000,0.00000,0.00000,0.00000,1.00000,0.00000,0.00000,0.00000,1.00000,[-1 0 0; 0 1 0; 0 0 1],,,,,-0.00000,0.00000,0.00000,0.00000,0.00000,0.00000,0.00000,-0.00000,0.00000,0.00000,0.00000,0.00000,0.00000,0.00000,world,world,sum_over_filtered_pair,pair_contact_reporter_world,false,contact_material_nsc_demo,contact_material_nsc_demo,NSC,Bullet_or_fallback,body_pair:rover_body-rigid_obstacle,deterministic_contact_probe_pychrono_unavailable
collision_contact_component_demo,collision.contact_probe.v1,pair_contact_schema_v1,0.0750,30,contact.force_torque,rover_body,rigid_obstacle,moving_body,fixed_obstacle,ChBody,ChBody,body_a_body_b,body_a,0,0.36000,0.00000,0.30000,0.36000,0.00000,0.30000,0.36000,0.00000,0.30000,-1.00000,0.00000,0.00000,0.00000,1.00000,0.00000,0.00000,0.00000,1.00000,[-1 0 0; 0 1 0; 0 0 1],,,,,-0.00000,0.00000,0.00000,0.00000,0.00000,0.00000,0.00000,-0.00000,0.00000,0.00000,0.00000,0.00000,0.00000,0.00000,world,world,sum_over_filtered_pair,pair_contact_reporter_world,false,contact_material_nsc_demo,contact_material_nsc_demo,NSC,Bullet_or_fallback,body_pair:rover_body-rigid_obstacle,deterministic_contact_probe_pychrono_unavailable
collision_contact_component_demo,collision.contact_probe.v1,pair_contact_schema_v1,0.0775,31,contact.force_torque,rover_body,rigid_obstacle,moving_body,fixed_obstacle,ChBody,ChBody,body_a_body_b,body_a,0,0.36000,0.00000,0.30000,0.36000,0.00000,0.30000,0.36000,0.00000,0.30000,-1.00000,0.00000,0.00000,0.00000,1.00000,0.00000,0.00000,0.00000,1.00000,[-1 0 0; 0 1 0; 0 0 1],,,,,-0.00000,0.00000,0.00000,0.00000,0.00000,0.00000,0.00000,-0.00000,0.00000,0.00000,0.00000,0.00000,0.00000,0.00000,world,world,sum_over_filtered_pair,pair_contact_reporter_world,false,contact_material_nsc_demo,contact_material_nsc_demo,NSC,Bullet_or_fallback,body_pair:rover_body-rigid_obstacle,deterministic_contact_probe_pychrono_unavailable
collision_contact_component_demo,collision.contact_probe.v1,pair_contact_schema_v1,0.0800,32,contact.force_torque,rover_body,rigid_obstacle,moving_body,fixed_obstacle,ChBody,ChBody,body_a_body_b,body_a,0,0.36000,0.00000,0.30000,0.36000,0.00000,0.30000,0.36000,0.00000,0.30000,-1.00000,0.00000,0.00000,0.00000,1.00000,0.00000,0.00000,0.00000,1.00000,[-1 0 0; 0 1 0; 0 0 1],,,,,-0.00000,0.00000,0.00000,0.00000,0.00000,0.00000,0.00000,-0.00000,0.00000,0.00000,0.00000,0.00000,0.00000,0.00000,world,world,sum_over_filtered_pair,pair_contact_reporter_world,false,contact_material_nsc_demo,contact_material_nsc_demo,NSC,Bullet_or_fallback,body_pair:rover_body-rigid_obstacle,deterministic_contact_probe_pychrono_unavailable
collision_contact_component_demo,collision.contact_probe.v1,pair_contact_schema_v1,0.0825,33,contact.force_torque,rover_body,rigid_obstacle,moving_body,fixed_obstacle,ChBody,ChBody,body_a_body_b,body_a,0,0.36000,0.00000,0.30000,0.36000,0.00000,0.30000,0.36000,0.00000,0.30000,-1.00000,0.00000,0.00000,0.00000,1.00000,0.00000,0.00000,0.00000,1.00000,[-1 0 0; 0 1 0; 0 0 1],,,,,-0.00000,0.00000,0.00000,0.00000,0.00000,0.00000,0.00000,-0.00000,0.00000,0.00000,0.00000,0.00000,0.00000,0.00000,world,world,sum_over_filtered_pair,pair_contact_reporter_world,false,contact_material_nsc_demo,contact_material_nsc_demo,NSC,Bullet_or_fallback,body_pair:rover_body-rigid_obstacle,deterministic_contact_probe_pychrono_unavailable
collision_contact_component_demo,collision.contact_probe.v1,pair_contact_schema_v1,0.0850,34,contact.force_torque,rover_body,rigid_obstacle,moving_body,fixed_obstacle,ChBody,ChBody,body_a_body_b,body_a,0,0.36000,0.00000,0.30000,0.36000,0.00000,0.30000,0.36000,0.00000,0.30000,-1.00000,0.00000,0.00000,0.00000,1.00000,0.00000,0.00000,0.00000,1.00000,[-1 0 0; 0 1 0; 0 0 1],,,,,-0.00000,0.00000,0.00000,0.00000,0.00000,0.00000,0.00000,-0.00000,0.00000,0.00000,0.00000,0.00000,0.00000,0.00000,world,world,sum_over_filtered_pair,pair_contact_reporter_world,false,contact_material_nsc_demo,contact_material_nsc_demo,NSC,Bullet_or_fallback,body_pair:rover_body-rigid_obstacle,deterministic_contact_probe_pychrono_unavailable
collision_contact_component_demo,collision.contact_probe.v1,pair_contact_schema_v1,0.0875,35,contact.force_torque,rover_body,rigid_obstacle,moving_body,fixed_obstacle,ChBody,ChBody,body_a_body_b,body_a,0,0.36000,0.00000,0.30000,0.36000,0.00000,0.30000,0.36000,0.00000,0.30000,-1.00000,0.00000,0.00000,0.00000,1.00000,0.00000,0.00000,0.00000,1.00000,[-1 0 0; 0 1 0; 0 0 1],,,,,-0.00000,0.00000,0.00000,0.00000,0.00000,0.00000,0.00000,-0.00000,0.00000,0.00000,0.00000,0.00000,0.00000,0.00000,world,world,sum_over_filtered_pair,pair_contact_reporter_world,false,contact_material_nsc_demo,contact_material_nsc_demo,NSC,Bullet_or_fallback,body_pair:rover_body-rigid_obstacle,deterministic_contact_probe_pychrono_unavailable
collision_contact_component_demo,collision.contact_probe.v1,pair_contact_schema_v1,0.0900,36,contact.force_torque,rover_body,rigid_obstacle,moving_body,fixed_obstacle,ChBody,ChBody,body_a_body_b,body_a,0,0.36000,0.00000,0.30000,0.36000,0.00000,0.30000,0.36000,0.00000,0.30000,-1.00000,0.00000,0.00000,0.00000,1.00000,0.00000,0.00000,0.00000,1.00000,[-1 0 0; 0 1 0; 0 0 1],,,,,-0.00000,0.00000,0.00000,0.00000,0.00000,0.00000,0.00000,-0.00000,0.00000,0.00000,0.00000,0.00000,0.00000,0.00000,world,world,sum_over_filtered_pair,pair_contact_reporter_world,false,contact_material_nsc_demo,contact_material_nsc_demo,NSC,Bullet_or_fallback,body_pair:rover_body-rigid_obstacle,deterministic_contact_probe_pychrono_unavailable
collision_contact_component_demo,collision.contact_probe.v1,pair_contact_schema_v1,0.0925,37,contact.force_torque,rover_body,rigid_obstacle,moving_body,fixed_obstacle,ChBody,ChBody,body_a_body_b,body_a,0,0.36000,0.00000,0.30000,0.36000,0.00000,0.30000,0.36000,0.00000,0.30000,-1.00000,0.00000,0.00000,0.00000,1.00000,0.00000,0.00000,0.00000,1.00000,[-1 0 0; 0 1 0; 0 0 1],,,,,-0.00000,0.00000,0.00000,0.00000,0.00000,0.00000,0.00000,-0.00000,0.00000,0.00000,0.00000,0.00000,0.00000,0.00000,world,world,sum_over_filtered_pair,pair_contact_reporter_world,false,contact_material_nsc_demo,contact_material_nsc_demo,NSC,Bullet_or_fallback,body_pair:rover_body-rigid_obstacle,deterministic_contact_probe_pychrono_unavailable
collision_contact_component_demo,collision.contact_probe.v1,pair_contact_schema_v1,0.0950,38,contact.force_torque,rover_body,rigid_obstacle,moving_body,fixed_obstacle,ChBody,ChBody,body_a_body_b,body_a,0,0.36000,0.00000,0.30000,0.36000,0.00000,0.30000,0.36000,0.00000,0.30000,-1.00000,0.00000,0.00000,0.00000,1.00000,0.00000,0.00000,0.00000,1.00000,[-1 0 0; 0 1 0; 0 0 1],,,,,-0.00000,0.00000,0.00000,0.00000,0.00000,0.00000,0.00000,-0.00000,0.00000,0.00000,0.00000,0.00000,0.00000,0.00000,world,world,sum_over_filtered_pair,pair_contact_reporter_world,false,contact_material_nsc_demo,contact_material_nsc_demo,NSC,Bullet_or_fallback,body_pair:rover_body-rigid_obstacle,deterministic_contact_probe_pychrono_unavailable
collision_contact_component_demo,collision.contact_probe.v1,pair_contact_schema_v1,0.0975,39,contact.force_torque,rover_body,rigid_obstacle,moving_body,fixed_obstacle,ChBody,ChBody,body_a_body_b,body_a,0,0.36000,0.00000,0.30000,0.36000,0.00000,0.30000,0.36000,0.00000,0.30000,-1.00000,0.00000,0.00000,0.00000,1.00000,0.00000,0.00000,0.00000,1.00000,[-1 0 0; 0 1 0; 0 0 1],,,,,-0.00000,0.00000,0.00000,0.00000,0.00000,0.00000,0.00000,-0.00000,0.00000,0.00000,0.00000,0.00000,0.00000,0.00000,world,world,sum_over_filtered_pair,pair_contact_reporter_world,false,contact_material_nsc_demo,contact_material_nsc_demo,NSC,Bullet_or_fallback,body_pair:rover_body-rigid_obstacle,deterministic_contact_probe_pychrono_unavailable
collision_contact_component_demo,collision.contact_probe.v1,pair_contact_schema_v1,0.1000,40,contact.force_torque,rover_body,rigid_obstacle,moving_body,fixed_obstacle,ChBody,ChBody,body_a_body_b,body_a,0,0.36000,0.00000,0.30000,0.36000,0.00000,0.30000,0.36000,0.00000,0.30000,-1.00000,0.00000,0.00000,0.00000,1.00000,0.00000,0.00000,0.00000,1.00000,[-1 0 0; 0 1 0; 0 0 1],,,,,-0.00000,0.00000,0.00000,0.00000,0.00000,0.00000,0.00000,-0.00000,0.00000,0.00000,0.00000,0.00000,0.00000,0.00000,world,world,sum_over_filtered_pair,pair_contact_reporter_world,false,contact_material_nsc_demo,contact_material_nsc_demo,NSC,Bullet_or_fallback,body_pair:rover_body-rigid_obstacle,deterministic_contact_probe_pychrono_unavailable
collision_contact_component_demo,collision.contact_probe.v1,pair_contact_schema_v1,0.1025,41,contact.force_torque,rover_body,rigid_obstacle,moving_body,fixed_obstacle,ChBody,ChBody,body_a_body_b,body_a,0,0.36000,0.00000,0.30000,0.36000,0.00000,0.30000,0.36000,0.00000,0.30000,-1.00000,0.00000,0.00000,0.00000,1.00000,0.00000,0.00000,0.00000,1.00000,[-1 0 0; 0 1 0; 0 0 1],,,,,-0.00000,0.00000,0.00000,0.00000,0.00000,0.00000,0.00000,-0.00000,0.00000,0.00000,0.00000,0.00000,0.00000,0.00000,world,world,sum_over_filtered_pair,pair_contact_reporter_world,false,contact_material_nsc_demo,contact_material_nsc_demo,NSC,Bullet_or_fallback,body_pair:rover_body-rigid_obstacle,deterministic_contact_probe_pychrono_unavailable
collision_contact_component_demo,collision.contact_probe.v1,pair_contact_schema_v1,0.1050,42,contact.force_torque,rover_body,rigid_obstacle,moving_body,fixed_obstacle,ChBody,ChBody,body_a_body_b,body_a,0,0.36000,0.00000,0.30000,0.36000,0.00000,0.30000,0.36000,0.00000,0.30000,-1.00000,0.00000,0.00000,0.00000,1.00000,0.00000,0.00000,0.00000,1.00000,[-1 0 0; 0 1 0; 0 0 1],,,,,-0.00000,0.00000,0.00000,0.00000,0.00000,0.00000,0.00000,-0.00000,0.00000,0.00000,0.00000,0.00000,0.00000,0.00000,world,world,sum_over_filtered_pair,pair_contact_reporter_world,false,contact_material_nsc_demo,contact_material_nsc_demo,NSC,Bullet_or_fallback,body_pair:rover_body-rigid_obstacle,deterministic_contact_probe_pychrono_unavailable
collision_contact_component_demo,collision.contact_probe.v1,pair_contact_schema_v1,0.1075,43,contact.force_torque,rover_body,rigid_obstacle,moving_body,fixed_obstacle,ChBody,ChBody,body_a_body_b,body_a,0,0.36000,0.00000,0.30000,0.36000,0.00000,0.30000,0.36000,0.00000,0.30000,-1.00000,0.00000,0.00000,0.00000,1.00000,0.00000,0.00000,0.00000,1.00000,[-1 0 0; 0 1 0; 0 0 1],,,,,-0.00000,0.00000,0.00000,0.00000,0.00000,0.00000,0.00000,-0.00000,0.00000,0.00000,0.00000,0.00000,0.00000,0.00000,world,world,sum_over_filtered_pair,pair_contact_reporter_world,false,contact_material_nsc_demo,contact_material_nsc_demo,NSC,Bullet_or_fallback,body_pair:rover_body-rigid_obstacle,deterministic_contact_probe_pychrono_unavailable
collision_contact_component_demo,collision.contact_probe.v1,pair_contact_schema_v1,0.1100,44,contact.force_torque,rover_body,rigid_obstacle,moving_body,fixed_obstacle,ChBody,ChBody,body_a_body_b,body_a,0,0.36000,0.00000,0.30000,0.36000,0.00000,0.30000,0.36000,0.00000,0.30000,-1.00000,0.00000,0.00000,0.00000,1.00000,0.00000,0.00000,0.00000,1.00000,[-1 0 0; 0 1 0; 0 0 1],,,,,-0.00000,0.00000,0.00000,0.00000,0.00000,0.00000,0.00000,-0.00000,0.00000,0.00000,0.00000,0.00000,0.00000,0.00000,world,world,sum_over_filtered_pair,pair_contact_reporter_world,false,contact_material_nsc_demo,contact_material_nsc_demo,NSC,Bullet_or_fallback,body_pair:rover_body-rigid_obstacle,deterministic_contact_probe_pychrono_unavailable
collision_contact_component_demo,collision.contact_probe.v1,pair_contact_schema_v1,0.1125,45,contact.force_torque,rover_body,rigid_obstacle,moving_body,fixed_obstacle,ChBody,ChBody,body_a_body_b,body_a,0,0.36000,0.00000,0.30000,0.36000,0.00000,0.30000,0.36000,0.00000,0.30000,-1.00000,0.00000,0.00000,0.00000,1.00000,0.00000,0.00000,0.00000,1.00000,[-1 0 0; 0 1 0; 0 0 1],,,,,-0.00000,0.00000,0.00000,0.00000,0.00000,0.00000,0.00000,-0.00000,0.00000,0.00000,0.00000,0.00000,0.00000,0.00000,world,world,sum_over_filtered_pair,pair_contact_reporter_world,false,contact_material_nsc_demo,contact_material_nsc_demo,NSC,Bullet_or_fallback,body_pair:rover_body-rigid_obstacle,deterministic_contact_probe_pychrono_unavailable
collision_contact_component_demo,collision.contact_probe.v1,pair_contact_schema_v1,0.1150,46,contact.force_torque,rover_body,rigid_obstacle,moving_body,fixed_obstacle,ChBody,ChBody,body_a_body_b,body_a,0,0.36000,0.00000,0.30000,0.36000,0.00000,0.30000,0.36000,0.00000,0.30000,-1.00000,0.00000,0.00000,0.00000,1.00000,0.00000,0.00000,0.00000,1.00000,[-1 0 0; 0 1 0; 0 0 1],,,,,-0.00000,0.00000,0.00000,0.00000,0.00000,0.00000,0.00000,-0.00000,0.00000,0.00000,0.00000,0.00000,0.00000,0.00000,world,world,sum_over_filtered_pair,pair_contact_reporter_world,false,contact_material_nsc_demo,contact_material_nsc_demo,NSC,Bullet_or_fallback,body_pair:rover_body-rigid_obstacle,deterministic_contact_probe_pychrono_unavailable
collision_contact_component_demo,collision.contact_probe.v1,pair_contact_schema_v1,0.1175,47,contact.force_torque,rover_body,rigid_obstacle,moving_body,fixed_obstacle,ChBody,ChBody,body_a_body_b,body_a,0,0.36000,0.00000,0.30000,0.36000,0.00000,0.30000,0.36000,0.00000,0.30000,-1.00000,0.00000,0.00000,0.00000,1.00000,0.00000,0.00000,0.00000,1.00000,[-1 0 0; 0 1 0; 0 0 1],,,,,-0.00000,0.00000,0.00000,0.00000,0.00000,0.00000,0.00000,-0.00000,0.00000,0.00000,0.00000,0.00000,0.00000,0.00000,world,world,sum_over_filtered_pair,pair_contact_reporter_world,false,contact_material_nsc_demo,contact_material_nsc_demo,NSC,Bullet_or_fallback,body_pair:rover_body-rigid_obstacle,deterministic_contact_probe_pychrono_unavailable
collision_contact_component_demo,collision.contact_probe.v1,pair_contact_schema_v1,0.1200,48,contact.force_torque,rover_body,rigid_obstacle,moving_body,fixed_obstacle,ChBody,ChBody,body_a_body_b,body_a,0,0.36000,0.00000,0.30000,0.36000,0.00000,0.30000,0.36000,0.00000,0.30000,-1.00000,0.00000,0.00000,0.00000,1.00000,0.00000,0.00000,0.00000,1.00000,[-1 0 0; 0 1 0; 0 0 1],,,,,-0.00000,0.00000,0.00000,0.00000,0.00000,0.00000,0.00000,-0.00000,0.00000,0.00000,0.00000,0.00000,0.00000,0.00000,world,world,sum_over_filtered_pair,pair_contact_reporter_world,false,contact_material_nsc_demo,contact_material_nsc_demo,NSC,Bullet_or_fallback,body_pair:rover_body-rigid_obstacle,deterministic_contact_probe_pychrono_unavailable
collision_contact_component_demo,collision.contact_probe.v1,pair_contact_schema_v1,0.1225,49,contact.force_torque,rover_body,rigid_obstacle,moving_body,fixed_obstacle,ChBody,ChBody,body_a_body_b,body_a,0,0.36000,0.00000,0.30000,0.36000,0.00000,0.30000,0.36000,0.00000,0.30000,-1.00000,0.00000,0.00000,0.00000,1.00000,0.00000,0.00000,0.00000,1.00000,[-1 0 0; 0 1 0; 0 0 1],,,,,-0.00000,0.00000,0.00000,0.00000,0.00000,0.00000,0.00000,-0.00000,0.00000,0.00000,0.00000,0.00000,0.00000,0.00000,world,world,sum_over_filtered_pair,pair_contact_reporter_world,false,contact_material_nsc_demo,contact_material_nsc_demo,NSC,Bullet_or_fallback,body_pair:rover_body-rigid_obstacle,deterministic_contact_probe_pychrono_unavailable
collision_contact_component_demo,collision.contact_probe.v1,pair_contact_schema_v1,0.1250,50,contact.force_torque,rover_body,rigid_obstacle,moving_body,fixed_obstacle,ChBody,ChBody,body_a_body_b,body_a,0,0.36000,0.00000,0.30000,0.36000,0.00000,0.30000,0.36000,0.00000,0.30000,-1.00000,0.00000,0.00000,0.00000,1.00000,0.00000,0.00000,0.00000,1.00000,[-1 0 0; 0 1 0; 0 0 1],,,,,-0.00000,0.00000,0.00000,0.00000,0.00000,0.00000,0.00000,-0.00000,0.00000,0.00000,0.00000,0.00000,0.00000,0.00000,world,world,sum_over_filtered_pair,pair_contact_reporter_world,false,contact_material_nsc_demo,contact_material_nsc_demo,NSC,Bullet_or_fallback,body_pair:rover_body-rigid_obstacle,deterministic_contact_probe_pychrono_unavailable
collision_contact_component_demo,collision.contact_probe.v1,pair_contact_schema_v1,0.1275,51,contact.force_torque,rover_body,rigid_obstacle,moving_body,fixed_obstacle,ChBody,ChBody,body_a_body_b,body_a,0,0.36000,0.00000,0.30000,0.36000,0.00000,0.30000,0.36000,0.00000,0.30000,-1.00000,0.00000,0.00000,0.00000,1.00000,0.00000,0.00000,0.00000,1.00000,[-1 0 0; 0 1 0; 0 0 1],,,,,-0.00000,0.00000,0.00000,0.00000,0.00000,0.00000,0.00000,-0.00000,0.00000,0.00000,0.00000,0.00000,0.00000,0.00000,world,world,sum_over_filtered_pair,pair_contact_reporter_world,false,contact_material_nsc_demo,contact_material_nsc_demo,NSC,Bullet_or_fallback,body_pair:rover_body-rigid_obstacle,deterministic_contact_probe_pychrono_unavailable
collision_contact_component_demo,collision.contact_probe.v1,pair_contact_schema_v1,0.1300,52,contact.force_torque,rover_body,rigid_obstacle,moving_body,fixed_obstacle,ChBody,ChBody,body_a_body_b,body_a,0,0.36000,0.00000,0.30000,0.36000,0.00000,0.30000,0.36000,0.00000,0.30000,-1.00000,0.00000,0.00000,0.00000,1.00000,0.00000,0.00000,0.00000,1.00000,[-1 0 0; 0 1 0; 0 0 1],,,,,-0.00000,0.00000,0.00000,0.00000,0.00000,0.00000,0.00000,-0.00000,0.00000,0.00000,0.00000,0.00000,0.00000,0.00000,world,world,sum_over_filtered_pair,pair_contact_reporter_world,false,contact_material_nsc_demo,contact_material_nsc_demo,NSC,Bullet_or_fallback,body_pair:rover_body-rigid_obstacle,deterministic_contact_probe_pychrono_unavailable
collision_contact_component_demo,collision.contact_probe.v1,pair_contact_schema_v1,0.1325,53,contact.force_torque,rover_body,rigid_obstacle,moving_body,fixed_obstacle,ChBody,ChBody,body_a_body_b,body_a,0,0.36000,0.00000,0.30000,0.36000,0.00000,0.30000,0.36000,0.00000,0.30000,-1.00000,0.00000,0.00000,0.00000,1.00000,0.00000,0.00000,0.00000,1.00000,[-1 0 0; 0 1 0; 0 0 1],,,,,-0.00000,0.00000,0.00000,0.00000,0.00000,0.00000,0.00000,-0.00000,0.00000,0.00000,0.00000,0.00000,0.00000,0.00000,world,world,sum_over_filtered_pair,pair_contact_reporter_world,false,contact_material_nsc_demo,contact_material_nsc_demo,NSC,Bullet_or_fallback,body_pair:rover_body-rigid_obstacle,deterministic_contact_probe_pychrono_unavailable
collision_contact_component_demo,collision.contact_probe.v1,pair_contact_schema_v1,0.1350,54,contact.force_torque,rover_body,rigid_obstacle,moving_body,fixed_obstacle,ChBody,ChBody,body_a_body_b,body_a,0,0.36000,0.00000,0.30000,0.36000,0.00000,0.30000,0.36000,0.00000,0.30000,-1.00000,0.00000,0.00000,0.00000,1.00000,0.00000,0.00000,0.00000,1.00000,[-1 0 0; 0 1 0; 0 0 1],,,,,-0.00000,0.00000,0.00000,0.00000,0.00000,0.00000,0.00000,-0.00000,0.00000,0.00000,0.00000,0.00000,0.00000,0.00000,world,world,sum_over_filtered_pair,pair_contact_reporter_world,false,contact_material_nsc_demo,contact_material_nsc_demo,NSC,Bullet_or_fallback,body_pair:rover_body-rigid_obstacle,deterministic_contact_probe_pychrono_unavailable
collision_contact_component_demo,collision.contact_probe.v1,pair_contact_schema_v1,0.1375,55,contact.force_torque,rover_body,rigid_obstacle,moving_body,fixed_obstacle,ChBody,ChBody,body_a_body_b,body_a,0,0.36000,0.00000,0.30000,0.36000,0.00000,0.30000,0.36000,0.00000,0.30000,-1.00000,0.00000,0.00000,0.00000,1.00000,0.00000,0.00000,0.00000,1.00000,[-1 0 0; 0 1 0; 0 0 1],,,,,-0.00000,0.00000,0.00000,0.00000,0.00000,0.00000,0.00000,-0.00000,0.00000,0.00000,0.00000,0.00000,0.00000,0.00000,world,world,sum_over_filtered_pair,pair_contact_reporter_world,false,contact_material_nsc_demo,contact_material_nsc_demo,NSC,Bullet_or_fallback,body_pair:rover_body-rigid_obstacle,deterministic_contact_probe_pychrono_unavailable
collision_contact_component_demo,collision.contact_probe.v1,pair_contact_schema_v1,0.1400,56,contact.force_torque,rover_body,rigid_obstacle,moving_body,fixed_obstacle,ChBody,ChBody,body_a_body_b,body_a,0,0.36000,0.00000,0.30000,0.36000,0.00000,0.30000,0.36000,0.00000,0.30000,-1.00000,0.00000,0.00000,0.00000,1.00000,0.00000,0.00000,0.00000,1.00000,[-1 0 0; 0 1 0; 0 0 1],,,,,-0.00000,0.00000,0.00000,0.00000,0.00000,0.00000,0.00000,-0.00000,0.00000,0.00000,0.00000,0.00000,0.00000,0.00000,world,world,sum_over_filtered_pair,pair_contact_reporter_world,false,contact_material_nsc_demo,contact_material_nsc_demo,NSC,Bullet_or_fallback,body_pair:rover_body-rigid_obstacle,deterministic_contact_probe_pychrono_unavailable
collision_contact_component_demo,collision.contact_probe.v1,pair_contact_schema_v1,0.1425,57,contact.force_torque,rover_body,rigid_obstacle,moving_body,fixed_obstacle,ChBody,ChBody,body_a_body_b,body_a,0,0.36000,0.00000,0.30000,0.36000,0.00000,0.30000,0.36000,0.00000,0.30000,-1.00000,0.00000,0.00000,0.00000,1.00000,0.00000,0.00000,0.00000,1.00000,[-1 0 0; 0 1 0; 0 0 1],,,,,-0.00000,0.00000,0.00000,0.00000,0.00000,0.00000,0.00000,-0.00000,0.00000,0.00000,0.00000,0.00000,0.00000,0.00000,world,world,sum_over_filtered_pair,pair_contact_reporter_world,false,contact_material_nsc_demo,contact_material_nsc_demo,NSC,Bullet_or_fallback,body_pair:rover_body-rigid_obstacle,deterministic_contact_probe_pychrono_unavailable
collision_contact_component_demo,collision.contact_probe.v1,pair_contact_schema_v1,0.1450,58,contact.force_torque,rover_body,rigid_obstacle,moving_body,fixed_obstacle,ChBody,ChBody,body_a_body_b,body_a,0,0.36000,0.00000,0.30000,0.36000,0.00000,0.30000,0.36000,0.00000,0.30000,-1.00000,0.00000,0.00000,0.00000,1.00000,0.00000,0.00000,0.00000,1.00000,[-1 0 0; 0 1 0; 0 0 1],,,,,-0.00000,0.00000,0.00000,0.00000,0.00000,0.00000,0.00000,-0.00000,0.00000,0.00000,0.00000,0.00000,0.00000,0.00000,world,world,sum_over_filtered_pair,pair_contact_reporter_world,false,contact_material_nsc_demo,contact_material_nsc_demo,NSC,Bullet_or_fallback,body_pair:rover_body-rigid_obstacle,deterministic_contact_probe_pychrono_unavailable
collision_contact_component_demo,collision.contact_probe.v1,pair_contact_schema_v1,0.1475,59,contact.force_torque,rover_body,rigid_obstacle,moving_body,fixed_obstacle,ChBody,ChBody,body_a_body_b,body_a,0,0.36000,0.00000,0.30000,0.36000,0.00000,0.30000,0.36000,0.00000,0.30000,-1.00000,0.00000,0.00000,0.00000,1.00000,0.00000,0.00000,0.00000,1.00000,[-1 0 0; 0 1 0; 0 0 1],,,,,-0.00000,0.00000,0.00000,0.00000,0.00000,0.00000,0.00000,-0.00000,0.00000,0.00000,0.00000,0.00000,0.00000,0.00000,world,world,sum_over_filtered_pair,pair_contact_reporter_world,false,contact_material_nsc_demo,contact_material_nsc_demo,NSC,Bullet_or_fallback,body_pair:rover_body-rigid_obstacle,deterministic_contact_probe_pychrono_unavailable
collision_contact_component_demo,collision.contact_probe.v1,pair_contact_schema_v1,0.1500,60,contact.force_torque,rover_body,rigid_obstacle,moving_body,fixed_obstacle,ChBody,ChBody,body_a_body_b,body_a,0,0.36000,0.00000,0.30000,0.36000,0.00000,0.30000,0.36000,0.00000,0.30000,-1.00000,0.00000,0.00000,0.00000,1.00000,0.00000,0.00000,0.00000,1.00000,[-1 0 0; 0 1 0; 0 0 1],,,,,-0.00000,0.00000,0.00000,0.00000,0.00000,0.00000,0.00000,-0.00000,0.00000,0.00000,0.00000,0.00000,0.00000,0.00000,world,world,sum_over_filtered_pair,pair_contact_reporter_world,false,contact_material_nsc_demo,contact_material_nsc_demo,NSC,Bullet_or_fallback,body_pair:rover_body-rigid_obstacle,deterministic_contact_probe_pychrono_unavailable
collision_contact_component_demo,collision.contact_probe.v1,pair_contact_schema_v1,0.1525,61,contact.force_torque,rover_body,rigid_obstacle,moving_body,fixed_obstacle,ChBody,ChBody,body_a_body_b,body_a,0,0.36000,0.00000,0.30000,0.36000,0.00000,0.30000,0.36000,0.00000,0.30000,-1.00000,0.00000,0.00000,0.00000,1.00000,0.00000,0.00000,0.00000,1.00000,[-1 0 0; 0 1 0; 0 0 1],,,,,-0.00000,0.00000,0.00000,0.00000,0.00000,0.00000,0.00000,-0.00000,0.00000,0.00000,0.00000,0.00000,0.00000,0.00000,world,world,sum_over_filtered_pair,pair_contact_reporter_world,false,contact_material_nsc_demo,contact_material_nsc_demo,NSC,Bullet_or_fallback,body_pair:rover_body-rigid_obstacle,deterministic_contact_probe_pychrono_unavailable
collision_contact_component_demo,collision.contact_probe.v1,pair_contact_schema_v1,0.1550,62,contact.force_torque,rover_body,rigid_obstacle,moving_body,fixed_obstacle,ChBody,ChBody,body_a_body_b,body_a,0,0.36000,0.00000,0.30000,0.36000,0.00000,0.30000,0.36000,0.00000,0.30000,-1.00000,0.00000,0.00000,0.00000,1.00000,0.00000,0.00000,0.00000,1.00000,[-1 0 0; 0 1 0; 0 0 1],,,,,-0.00000,0.00000,0.00000,0.00000,0.00000,0.00000,0.00000,-0.00000,0.00000,0.00000,0.00000,0.00000,0.00000,0.00000,world,world,sum_over_filtered_pair,pair_contact_reporter_world,false,contact_material_nsc_demo,contact_material_nsc_demo,NSC,Bullet_or_fallback,body_pair:rover_body-rigid_obstacle,deterministic_contact_probe_pychrono_unavailable
collision_contact_component_demo,collision.contact_probe.v1,pair_contact_schema_v1,0.1575,63,contact.force_torque,rover_body,rigid_obstacle,moving_body,fixed_obstacle,ChBody,ChBody,body_a_body_b,body_a,0,0.36000,0.00000,0.30000,0.36000,0.00000,0.30000,0.36000,0.00000,0.30000,-1.00000,0.00000,0.00000,0.00000,1.00000,0.00000,0.00000,0.00000,1.00000,[-1 0 0; 0 1 0; 0 0 1],,,,,-0.00000,0.00000,0.00000,0.00000,0.00000,0.00000,0.00000,-0.00000,0.00000,0.00000,0.00000,0.00000,0.00000,0.00000,world,world,sum_over_filtered_pair,pair_contact_reporter_world,false,contact_material_nsc_demo,contact_material_nsc_demo,NSC,Bullet_or_fallback,body_pair:rover_body-rigid_obstacle,deterministic_contact_probe_pychrono_unavailable
collision_contact_component_demo,collision.contact_probe.v1,pair_contact_schema_v1,0.1600,64,contact.force_torque,rover_body,rigid_obstacle,moving_body,fixed_obstacle,ChBody,ChBody,body_a_body_b,body_a,0,0.36000,0.00000,0.30000,0.36000,0.00000,0.30000,0.36000,0.00000,0.30000,-1.00000,0.00000,0.00000,0.00000,1.00000,0.00000,0.00000,0.00000,1.00000,[-1 0 0; 0 1 0; 0 0 1],,,,,-0.00000,0.00000,0.00000,0.00000,0.00000,0.00000,0.00000,-0.00000,0.00000,0.00000,0.00000,0.00000,0.00000,0.00000,world,world,sum_over_filtered_pair,pair_contact_reporter_world,false,contact_material_nsc_demo,contact_material_nsc_demo,NSC,Bullet_or_fallback,body_pair:rover_body-rigid_obstacle,deterministic_contact_probe_pychrono_unavailable
collision_contact_component_demo,collision.contact_probe.v1,pair_contact_schema_v1,0.1625,65,contact.force_torque,rover_body,rigid_obstacle,moving_body,fixed_obstacle,ChBody,ChBody,body_a_body_b,body_a,0,0.36000,0.00000,0.30000,0.36000,0.00000,0.30000,0.36000,0.00000,0.30000,-1.00000,0.00000,0.00000,0.00000,1.00000,0.00000,0.00000,0.00000,1.00000,[-1 0 0; 0 1 0; 0 0 1],,,,,-0.00000,0.00000,0.00000,0.00000,0.00000,0.00000,0.00000,-0.00000,0.00000,0.00000,0.00000,0.00000,0.00000,0.00000,world,world,sum_over_filtered_pair,pair_contact_reporter_world,false,contact_material_nsc_demo,contact_material_nsc_demo,NSC,Bullet_or_fallback,body_pair:rover_body-rigid_obstacle,deterministic_contact_probe_pychrono_unavailable
collision_contact_component_demo,collision.contact_probe.v1,pair_contact_schema_v1,0.1650,66,contact.force_torque,rover_body,rigid_obstacle,moving_body,fixed_obstacle,ChBody,ChBody,body_a_body_b,body_a,0,0.36000,0.00000,0.30000,0.36000,0.00000,0.30000,0.36000,0.00000,0.30000,-1.00000,0.00000,0.00000,0.00000,1.00000,0.00000,0.00000,0.00000,1.00000,[-1 0 0; 0 1 0; 0 0 1],,,,,-0.00000,0.00000,0.00000,0.00000,0.00000,0.00000,0.00000,-0.00000,0.00000,0.00000,0.00000,0.00000,0.00000,0.00000,world,world,sum_over_filtered_pair,pair_contact_reporter_world,false,contact_material_nsc_demo,contact_material_nsc_demo,NSC,Bullet_or_fallback,body_pair:rover_body-rigid_obstacle,deterministic_contact_probe_pychrono_unavailable
collision_contact_component_demo,collision.contact_probe.v1,pair_contact_schema_v1,0.1675,67,contact.force_torque,rover_body,rigid_obstacle,moving_body,fixed_obstacle,ChBody,ChBody,body_a_body_b,body_a,0,0.36000,0.00000,0.30000,0.36000,0.00000,0.30000,0.36000,0.00000,0.30000,-1.00000,0.00000,0.00000,0.00000,1.00000,0.00000,0.00000,0.00000,1.00000,[-1 0 0; 0 1 0; 0 0 1],,,,,-0.00000,0.00000,0.00000,0.00000,0.00000,0.00000,0.00000,-0.00000,0.00000,0.00000,0.00000,0.00000,0.00000,0.00000,world,world,sum_over_filtered_pair,pair_contact_reporter_world,false,contact_material_nsc_demo,contact_material_nsc_demo,NSC,Bullet_or_fallback,body_pair:rover_body-rigid_obstacle,deterministic_contact_probe_pychrono_unavailable
collision_contact_component_demo,collision.contact_probe.v1,pair_contact_schema_v1,0.1700,68,contact.force_torque,rover_body,rigid_obstacle,moving_body,fixed_obstacle,ChBody,ChBody,body_a_body_b,body_a,0,0.36000,0.00000,0.30000,0.36000,0.00000,0.30000,0.36000,0.00000,0.30000,-1.00000,0.00000,0.00000,0.00000,1.00000,0.00000,0.00000,0.00000,1.00000,[-1 0 0; 0 1 0; 0 0 1],,,,,-0.00000,0.00000,0.00000,0.00000,0.00000,0.00000,0.00000,-0.00000,0.00000,0.00000,0.00000,0.00000,0.00000,0.00000,world,world,sum_over_filtered_pair,pair_contact_reporter_world,false,contact_material_nsc_demo,contact_material_nsc_demo,NSC,Bullet_or_fallback,body_pair:rover_body-rigid_obstacle,deterministic_contact_probe_pychrono_unavailable
collision_contact_component_demo,collision.contact_probe.v1,pair_contact_schema_v1,0.1725,69,contact.force_torque,rover_body,rigid_obstacle,moving_body,fixed_obstacle,ChBody,ChBody,body_a_body_b,body_a,0,0.36000,0.00000,0.30000,0.36000,0.00000,0.30000,0.36000,0.00000,0.30000,-1.00000,0.00000,0.00000,0.00000,1.00000,0.00000,0.00000,0.00000,1.00000,[-1 0 0; 0 1 0; 0 0 1],,,,,-0.00000,0.00000,0.00000,0.00000,0.00000,0.00000,0.00000,-0.00000,0.00000,0.00000,0.00000,0.00000,0.00000,0.00000,world,world,sum_over_filtered_pair,pair_contact_reporter_world,false,contact_material_nsc_demo,contact_material_nsc_demo,NSC,Bullet_or_fallback,body_pair:rover_body-rigid_obstacle,deterministic_contact_probe_pychrono_unavailable
collision_contact_component_demo,collision.contact_probe.v1,pair_contact_schema_v1,0.1750,70,contact.force_torque,rover_body,rigid_obstacle,moving_body,fixed_obstacle,ChBody,ChBody,body_a_body_b,body_a,0,0.36000,0.00000,0.30000,0.36000,0.00000,0.30000,0.36000,0.00000,0.30000,-1.00000,0.00000,0.00000,0.00000,1.00000,0.00000,0.00000,0.00000,1.00000,[-1 0 0; 0 1 0; 0 0 1],,,,,-0.00000,0.00000,0.00000,0.00000,0.00000,0.00000,0.00000,-0.00000,0.00000,0.00000,0.00000,0.00000,0.00000,0.00000,world,world,sum_over_filtered_pair,pair_contact_reporter_world,false,contact_material_nsc_demo,contact_material_nsc_demo,NSC,Bullet_or_fallback,body_pair:rover_body-rigid_obstacle,deterministic_contact_probe_pychrono_unavailable
collision_contact_component_demo,collision.contact_probe.v1,pair_contact_schema_v1,0.1775,71,contact.force_torque,rover_body,rigid_obstacle,moving_body,fixed_obstacle,ChBody,ChBody,body_a_body_b,body_a,0,0.36000,0.00000,0.30000,0.36000,0.00000,0.30000,0.36000,0.00000,0.30000,-1.00000,0.00000,0.00000,0.00000,1.00000,0.00000,0.00000,0.00000,1.00000,[-1 0 0; 0 1 0; 0 0 1],,,,,-0.00000,0.00000,0.00000,0.00000,0.00000,0.00000,0.00000,-0.00000,0.00000,0.00000,0.00000,0.00000,0.00000,0.00000,world,world,sum_over_filtered_pair,pair_contact_reporter_world,false,contact_material_nsc_demo,contact_material_nsc_demo,NSC,Bullet_or_fallback,body_pair:rover_body-rigid_obstacle,deterministic_contact_probe_pychrono_unavailable
collision_contact_component_demo,collision.contact_probe.v1,pair_contact_schema_v1,0.1800,72,contact.force_torque,rover_body,rigid_obstacle,moving_body,fixed_obstacle,ChBody,ChBody,body_a_body_b,body_a,0,0.36000,0.00000,0.30000,0.36000,0.00000,0.30000,0.36000,0.00000,0.30000,-1.00000,0.00000,0.00000,0.00000,1.00000,0.00000,0.00000,0.00000,1.00000,[-1 0 0; 0 1 0; 0 0 1],,,,,-0.00000,0.00000,0.00000,0.00000,0.00000,0.00000,0.00000,-0.00000,0.00000,0.00000,0.00000,0.00000,0.00000,0.00000,world,world,sum_over_filtered_pair,pair_contact_reporter_world,false,contact_material_nsc_demo,contact_material_nsc_demo,NSC,Bullet_or_fallback,body_pair:rover_body-rigid_obstacle,deterministic_contact_probe_pychrono_unavailable
collision_contact_component_demo,collision.contact_probe.v1,pair_contact_schema_v1,0.1825,73,contact.force_torque,rover_body,rigid_obstacle,moving_body,fixed_obstacle,ChBody,ChBody,body_a_body_b,body_a,0,0.36000,0.00000,0.30000,0.36000,0.00000,0.30000,0.36000,0.00000,0.30000,-1.00000,0.00000,0.00000,0.00000,1.00000,0.00000,0.00000,0.00000,1.00000,[-1 0 0; 0 1 0; 0 0 1],,,,,-0.00000,0.00000,0.00000,0.00000,0.00000,0.00000,0.00000,-0.00000,0.00000,0.00000,0.00000,0.00000,0.00000,0.00000,world,world,sum_over_filtered_pair,pair_contact_reporter_world,false,contact_material_nsc_demo,contact_material_nsc_demo,NSC,Bullet_or_fallback,body_pair:rover_body-rigid_obstacle,deterministic_contact_probe_pychrono_unavailable
collision_contact_component_demo,collision.contact_probe.v1,pair_contact_schema_v1,0.1850,74,contact.force_torque,rover_body,rigid_obstacle,moving_body,fixed_obstacle,ChBody,ChBody,body_a_body_b,body_a,0,0.36000,0.00000,0.30000,0.36000,0.00000,0.30000,0.36000,0.00000,0.30000,-1.00000,0.00000,0.00000,0.00000,1.00000,0.00000,0.00000,0.00000,1.00000,[-1 0 0; 0 1 0; 0 0 1],,,,,-0.00000,0.00000,0.00000,0.00000,0.00000,0.00000,0.00000,-0.00000,0.00000,0.00000,0.00000,0.00000,0.00000,0.00000,world,world,sum_over_filtered_pair,pair_contact_reporter_world,false,contact_material_nsc_demo,contact_material_nsc_demo,NSC,Bullet_or_fallback,body_pair:rover_body-rigid_obstacle,deterministic_contact_probe_pychrono_unavailable
collision_contact_component_demo,collision.contact_probe.v1,pair_contact_schema_v1,0.1875,75,contact.force_torque,rover_body,rigid_obstacle,moving_body,fixed_obstacle,ChBody,ChBody,body_a_body_b,body_a,0,0.36000,0.00000,0.30000,0.36000,0.00000,0.30000,0.36000,0.00000,0.30000,-1.00000,0.00000,0.00000,0.00000,1.00000,0.00000,0.00000,0.00000,1.00000,[-1 0 0; 0 1 0; 0 0 1],,,,,-0.00000,0.00000,0.00000,0.00000,0.00000,0.00000,0.00000,-0.00000,0.00000,0.00000,0.00000,0.00000,0.00000,0.00000,world,world,sum_over_filtered_pair,pair_contact_reporter_world,false,contact_material_nsc_demo,contact_material_nsc_demo,NSC,Bullet_or_fallback,body_pair:rover_body-rigid_obstacle,deterministic_contact_probe_pychrono_unavailable
collision_contact_component_demo,collision.contact_probe.v1,pair_contact_schema_v1,0.1900,76,contact.force_torque,rover_body,rigid_obstacle,moving_body,fixed_obstacle,ChBody,ChBody,body_a_body_b,body_a,0,0.36000,0.00000,0.30000,0.36000,0.00000,0.30000,0.36000,0.00000,0.30000,-1.00000,0.00000,0.00000,0.00000,1.00000,0.00000,0.00000,0.00000,1.00000,[-1 0 0; 0 1 0; 0 0 1],,,,,-0.00000,0.00000,0.00000,0.00000,0.00000,0.00000,0.00000,-0.00000,0.00000,0.00000,0.00000,0.00000,0.00000,0.00000,world,world,sum_over_filtered_pair,pair_contact_reporter_world,false,contact_material_nsc_demo,contact_material_nsc_demo,NSC,Bullet_or_fallback,body_pair:rover_body-rigid_obstacle,deterministic_contact_probe_pychrono_unavailable
collision_contact_component_demo,collision.contact_probe.v1,pair_contact_schema_v1,0.1925,77,contact.force_torque,rover_body,rigid_obstacle,moving_body,fixed_obstacle,ChBody,ChBody,body_a_body_b,body_a,0,0.36000,0.00000,0.30000,0.36000,0.00000,0.30000,0.36000,0.00000,0.30000,-1.00000,0.00000,0.00000,0.00000,1.00000,0.00000,0.00000,0.00000,1.00000,[-1 0 0; 0 1 0; 0 0 1],,,,,-0.00000,0.00000,0.00000,0.00000,0.00000,0.00000,0.00000,-0.00000,0.00000,0.00000,0.00000,0.00000,0.00000,0.00000,world,world,sum_over_filtered_pair,pair_contact_reporter_world,false,contact_material_nsc_demo,contact_material_nsc_demo,NSC,Bullet_or_fallback,body_pair:rover_body-rigid_obstacle,deterministic_contact_probe_pychrono_unavailable
collision_contact_component_demo,collision.contact_probe.v1,pair_contact_schema_v1,0.1950,78,contact.force_torque,rover_body,rigid_obstacle,moving_body,fixed_obstacle,ChBody,ChBody,body_a_body_b,body_a,0,0.36000,0.00000,0.30000,0.36000,0.00000,0.30000,0.36000,0.00000,0.30000,-1.00000,0.00000,0.00000,0.00000,1.00000,0.00000,0.00000,0.00000,1.00000,[-1 0 0; 0 1 0; 0 0 1],,,,,-0.00000,0.00000,0.00000,0.00000,0.00000,0.00000,0.00000,-0.00000,0.00000,0.00000,0.00000,0.00000,0.00000,0.00000,world,world,sum_over_filtered_pair,pair_contact_reporter_world,false,contact_material_nsc_demo,contact_material_nsc_demo,NSC,Bullet_or_fallback,body_pair:rover_body-rigid_obstacle,deterministic_contact_probe_pychrono_unavailable
collision_contact_component_demo,collision.contact_probe.v1,pair_contact_schema_v1,0.1975,79,contact.force_torque,rover_body,rigid_obstacle,moving_body,fixed_obstacle,ChBody,ChBody,body_a_body_b,body_a,0,0.36000,0.00000,0.30000,0.36000,0.00000,0.30000,0.36000,0.00000,0.30000,-1.00000,0.00000,0.00000,0.00000,1.00000,0.00000,0.00000,0.00000,1.00000,[-1 0 0; 0 1 0; 0 0 1],,,,,-0.00000,0.00000,0.00000,0.00000,0.00000,0.00000,0.00000,-0.00000,0.00000,0.00000,0.00000,0.00000,0.00000,0.00000,world,world,sum_over_filtered_pair,pair_contact_reporter_world,false,contact_material_nsc_demo,contact_material_nsc_demo,NSC,Bullet_or_fallback,body_pair:rover_body-rigid_obstacle,deterministic_contact_probe_pychrono_unavailable
collision_contact_component_demo,collision.contact_probe.v1,pair_contact_schema_v1,0.2000,80,contact.force_torque,rover_body,rigid_obstacle,moving_body,fixed_obstacle,ChBody,ChBody,body_a_body_b,body_a,0,0.36000,0.00000,0.30000,0.36000,0.00000,0.30000,0.36000,0.00000,0.30000,-1.00000,0.00000,0.00000,0.00000,1.00000,0.00000,0.00000,0.00000,1.00000,[-1 0 0; 0 1 0; 0 0 1],,,,,-0.00000,0.00000,0.00000,0.00000,0.00000,0.00000,0.00000,-0.00000,0.00000,0.00000,0.00000,0.00000,0.00000,0.00000,world,world,sum_over_filtered_pair,pair_contact_reporter_world,false,contact_material_nsc_demo,contact_material_nsc_demo,NSC,Bullet_or_fallback,body_pair:rover_body-rigid_obstacle,deterministic_contact_probe_pychrono_unavailable
collision_contact_component_demo,collision.contact_probe.v1,pair_contact_schema_v1,0.2025,81,contact.force_torque,rover_body,rigid_obstacle,moving_body,fixed_obstacle,ChBody,ChBody,body_a_body_b,body_a,0,0.36000,0.00000,0.30000,0.36000,0.00000,0.30000,0.36000,0.00000,0.30000,-1.00000,0.00000,0.00000,0.00000,1.00000,0.00000,0.00000,0.00000,1.00000,[-1 0 0; 0 1 0; 0 0 1],,,,,-0.00000,0.00000,0.00000,0.00000,0.00000,0.00000,0.00000,-0.00000,0.00000,0.00000,0.00000,0.00000,0.00000,0.00000,world,world,sum_over_filtered_pair,pair_contact_reporter_world,false,contact_material_nsc_demo,contact_material_nsc_demo,NSC,Bullet_or_fallback,body_pair:rover_body-rigid_obstacle,deterministic_contact_probe_pychrono_unavailable
collision_contact_component_demo,collision.contact_probe.v1,pair_contact_schema_v1,0.2050,82,contact.force_torque,rover_body,rigid_obstacle,moving_body,fixed_obstacle,ChBody,ChBody,body_a_body_b,body_a,0,0.36000,0.00000,0.30000,0.36000,0.00000,0.30000,0.36000,0.00000,0.30000,-1.00000,0.00000,0.00000,0.00000,1.00000,0.00000,0.00000,0.00000,1.00000,[-1 0 0; 0 1 0; 0 0 1],,,,,-0.00000,0.00000,0.00000,0.00000,0.00000,0.00000,0.00000,-0.00000,0.00000,0.00000,0.00000,0.00000,0.00000,0.00000,world,world,sum_over_filtered_pair,pair_contact_reporter_world,false,contact_material_nsc_demo,contact_material_nsc_demo,NSC,Bullet_or_fallback,body_pair:rover_body-rigid_obstacle,deterministic_contact_probe_pychrono_unavailable
collision_contact_component_demo,collision.contact_probe.v1,pair_contact_schema_v1,0.2075,83,contact.force_torque,rover_body,rigid_obstacle,moving_body,fixed_obstacle,ChBody,ChBody,body_a_body_b,body_a,0,0.36000,0.00000,0.30000,0.36000,0.00000,0.30000,0.36000,0.00000,0.30000,-1.00000,0.00000,0.00000,0.00000,1.00000,0.00000,0.00000,0.00000,1.00000,[-1 0 0; 0 1 0; 0 0 1],,,,,-0.00000,0.00000,0.00000,0.00000,0.00000,0.00000,0.00000,-0.00000,0.00000,0.00000,0.00000,0.00000,0.00000,0.00000,world,world,sum_over_filtered_pair,pair_contact_reporter_world,false,contact_material_nsc_demo,contact_material_nsc_demo,NSC,Bullet_or_fallback,body_pair:rover_body-rigid_obstacle,deterministic_contact_probe_pychrono_unavailable
collision_contact_component_demo,collision.contact_probe.v1,pair_contact_schema_v1,0.2100,84,contact.force_torque,rover_body,rigid_obstacle,moving_body,fixed_obstacle,ChBody,ChBody,body_a_body_b,body_a,0,0.36000,0.00000,0.30000,0.36000,0.00000,0.30000,0.36000,0.00000,0.30000,-1.00000,0.00000,0.00000,0.00000,1.00000,0.00000,0.00000,0.00000,1.00000,[-1 0 0; 0 1 0; 0 0 1],,,,,-0.00000,0.00000,0.00000,0.00000,0.00000,0.00000,0.00000,-0.00000,0.00000,0.00000,0.00000,0.00000,0.00000,0.00000,world,world,sum_over_filtered_pair,pair_contact_reporter_world,false,contact_material_nsc_demo,contact_material_nsc_demo,NSC,Bullet_or_fallback,body_pair:rover_body-rigid_obstacle,deterministic_contact_probe_pychrono_unavailable
collision_contact_component_demo,collision.contact_probe.v1,pair_contact_schema_v1,0.2125,85,contact.force_torque,rover_body,rigid_obstacle,moving_body,fixed_obstacle,ChBody,ChBody,body_a_body_b,body_a,0,0.36000,0.00000,0.30000,0.36000,0.00000,0.30000,0.36000,0.00000,0.30000,-1.00000,0.00000,0.00000,0.00000,1.00000,0.00000,0.00000,0.00000,1.00000,[-1 0 0; 0 1 0; 0 0 1],,,,,-0.00000,0.00000,0.00000,0.00000,0.00000,0.00000,0.00000,-0.00000,0.00000,0.00000,0.00000,0.00000,0.00000,0.00000,world,world,sum_over_filtered_pair,pair_contact_reporter_world,false,contact_material_nsc_demo,contact_material_nsc_demo,NSC,Bullet_or_fallback,body_pair:rover_body-rigid_obstacle,deterministic_contact_probe_pychrono_unavailable
collision_contact_component_demo,collision.contact_probe.v1,pair_contact_schema_v1,0.2150,86,contact.force_torque,rover_body,rigid_obstacle,moving_body,fixed_obstacle,ChBody,ChBody,body_a_body_b,body_a,0,0.36000,0.00000,0.30000,0.36000,0.00000,0.30000,0.36000,0.00000,0.30000,-1.00000,0.00000,0.00000,0.00000,1.00000,0.00000,0.00000,0.00000,1.00000,[-1 0 0; 0 1 0; 0 0 1],,,,,-0.00000,0.00000,0.00000,0.00000,0.00000,0.00000,0.00000,-0.00000,0.00000,0.00000,0.00000,0.00000,0.00000,0.00000,world,world,sum_over_filtered_pair,pair_contact_reporter_world,false,contact_material_nsc_demo,contact_material_nsc_demo,NSC,Bullet_or_fallback,body_pair:rover_body-rigid_obstacle,deterministic_contact_probe_pychrono_unavailable
collision_contact_component_demo,collision.contact_probe.v1,pair_contact_schema_v1,0.2175,87,contact.force_torque,rover_body,rigid_obstacle,moving_body,fixed_obstacle,ChBody,ChBody,body_a_body_b,body_a,0,0.36000,0.00000,0.30000,0.36000,0.00000,0.30000,0.36000,0.00000,0.30000,-1.00000,0.00000,0.00000,0.00000,1.00000,0.00000,0.00000,0.00000,1.00000,[-1 0 0; 0 1 0; 0 0 1],,,,,-0.00000,0.00000,0.00000,0.00000,0.00000,0.00000,0.00000,-0.00000,0.00000,0.00000,0.00000,0.00000,0.00000,0.00000,world,world,sum_over_filtered_pair,pair_contact_reporter_world,false,contact_material_nsc_demo,contact_material_nsc_demo,NSC,Bullet_or_fallback,body_pair:rover_body-rigid_obstacle,deterministic_contact_probe_pychrono_unavailable
collision_contact_component_demo,collision.contact_probe.v1,pair_contact_schema_v1,0.2200,88,contact.force_torque,rover_body,rigid_obstacle,moving_body,fixed_obstacle,ChBody,ChBody,body_a_body_b,body_a,0,0.36000,0.00000,0.30000,0.36000,0.00000,0.30000,0.36000,0.00000,0.30000,-1.00000,0.00000,0.00000,0.00000,1.00000,0.00000,0.00000,0.00000,1.00000,[-1 0 0; 0 1 0; 0 0 1],,,,,-0.00000,0.00000,0.00000,0.00000,0.00000,0.00000,0.00000,-0.00000,0.00000,0.00000,0.00000,0.00000,0.00000,0.00000,world,world,sum_over_filtered_pair,pair_contact_reporter_world,false,contact_material_nsc_demo,contact_material_nsc_demo,NSC,Bullet_or_fallback,body_pair:rover_body-rigid_obstacle,deterministic_contact_probe_pychrono_unavailable
collision_contact_component_demo,collision.contact_probe.v1,pair_contact_schema_v1,0.2225,89,contact.force_torque,rover_body,rigid_obstacle,moving_body,fixed_obstacle,ChBody,ChBody,body_a_body_b,body_a,0,0.36000,0.00000,0.30000,0.36000,0.00000,0.30000,0.36000,0.00000,0.30000,-1.00000,0.00000,0.00000,0.00000,1.00000,0.00000,0.00000,0.00000,1.00000,[-1 0 0; 0 1 0; 0 0 1],,,,,-0.00000,0.00000,0.00000,0.00000,0.00000,0.00000,0.00000,-0.00000,0.00000,0.00000,0.00000,0.00000,0.00000,0.00000,world,world,sum_over_filtered_pair,pair_contact_reporter_world,false,contact_material_nsc_demo,contact_material_nsc_demo,NSC,Bullet_or_fallback,body_pair:rover_body-rigid_obstacle,deterministic_contact_probe_pychrono_unavailable
collision_contact_component_demo,collision.contact_probe.v1,pair_contact_schema_v1,0.2250,90,contact.force_torque,rover_body,rigid_obstacle,moving_body,fixed_obstacle,ChBody,ChBody,body_a_body_b,body_a,0,0.36000,0.00000,0.30000,0.36000,0.00000,0.30000,0.36000,0.00000,0.30000,-1.00000,0.00000,0.00000,0.00000,1.00000,0.00000,0.00000,0.00000,1.00000,[-1 0 0; 0 1 0; 0 0 1],,,,,-0.00000,0.00000,0.00000,0.00000,0.00000,0.00000,0.00000,-0.00000,0.00000,0.00000,0.00000,0.00000,0.00000,0.00000,world,world,sum_over_filtered_pair,pair_contact_reporter_world,false,contact_material_nsc_demo,contact_material_nsc_demo,NSC,Bullet_or_fallback,body_pair:rover_body-rigid_obstacle,deterministic_contact_probe_pychrono_unavailable
collision_contact_component_demo,collision.contact_probe.v1,pair_contact_schema_v1,0.2275,91,contact.force_torque,rover_body,rigid_obstacle,moving_body,fixed_obstacle,ChBody,ChBody,body_a_body_b,body_a,0,0.36000,0.00000,0.30000,0.36000,0.00000,0.30000,0.36000,0.00000,0.30000,-1.00000,0.00000,0.00000,0.00000,1.00000,0.00000,0.00000,0.00000,1.00000,[-1 0 0; 0 1 0; 0 0 1],,,,,-0.00000,0.00000,0.00000,0.00000,0.00000,0.00000,0.00000,-0.00000,0.00000,0.00000,0.00000,0.00000,0.00000,0.00000,world,world,sum_over_filtered_pair,pair_contact_reporter_world,false,contact_material_nsc_demo,contact_material_nsc_demo,NSC,Bullet_or_fallback,body_pair:rover_body-rigid_obstacle,deterministic_contact_probe_pychrono_unavailable
collision_contact_component_demo,collision.contact_probe.v1,pair_contact_schema_v1,0.2300,92,contact.force_torque,rover_body,rigid_obstacle,moving_body,fixed_obstacle,ChBody,ChBody,body_a_body_b,body_a,0,0.36000,0.00000,0.30000,0.36000,0.00000,0.30000,0.36000,0.00000,0.30000,-1.00000,0.00000,0.00000,0.00000,1.00000,0.00000,0.00000,0.00000,1.00000,[-1 0 0; 0 1 0; 0 0 1],,,,,-0.00000,0.00000,0.00000,0.00000,0.00000,0.00000,0.00000,-0.00000,0.00000,0.00000,0.00000,0.00000,0.00000,0.00000,world,world,sum_over_filtered_pair,pair_contact_reporter_world,false,contact_material_nsc_demo,contact_material_nsc_demo,NSC,Bullet_or_fallback,body_pair:rover_body-rigid_obstacle,deterministic_contact_probe_pychrono_unavailable
collision_contact_component_demo,collision.contact_probe.v1,pair_contact_schema_v1,0.2325,93,contact.force_torque,rover_body,rigid_obstacle,moving_body,fixed_obstacle,ChBody,ChBody,body_a_body_b,body_a,0,0.36000,0.00000,0.30000,0.36000,0.00000,0.30000,0.36000,0.00000,0.30000,-1.00000,0.00000,0.00000,0.00000,1.00000,0.00000,0.00000,0.00000,1.00000,[-1 0 0; 0 1 0; 0 0 1],,,,,-0.00000,0.00000,0.00000,0.00000,0.00000,0.00000,0.00000,-0.00000,0.00000,0.00000,0.00000,0.00000,0.00000,0.00000,world,world,sum_over_filtered_pair,pair_contact_reporter_world,false,contact_material_nsc_demo,contact_material_nsc_demo,NSC,Bullet_or_fallback,body_pair:rover_body-rigid_obstacle,deterministic_contact_probe_pychrono_unavailable
collision_contact_component_demo,collision.contact_probe.v1,pair_contact_schema_v1,0.2350,94,contact.force_torque,rover_body,rigid_obstacle,moving_body,fixed_obstacle,ChBody,ChBody,body_a_body_b,body_a,0,0.36000,0.00000,0.30000,0.36000,0.00000,0.30000,0.36000,0.00000,0.30000,-1.00000,0.00000,0.00000,0.00000,1.00000,0.00000,0.00000,0.00000,1.00000,[-1 0 0; 0 1 0; 0 0 1],,,,,-0.00000,0.00000,0.00000,0.00000,0.00000,0.00000,0.00000,-0.00000,0.00000,0.00000,0.00000,0.00000,0.00000,0.00000,world,world,sum_over_filtered_pair,pair_contact_reporter_world,false,contact_material_nsc_demo,contact_material_nsc_demo,NSC,Bullet_or_fallback,body_pair:rover_body-rigid_obstacle,deterministic_contact_probe_pychrono_unavailable
collision_contact_component_demo,collision.contact_probe.v1,pair_contact_schema_v1,0.2375,95,contact.force_torque,rover_body,rigid_obstacle,moving_body,fixed_obstacle,ChBody,ChBody,body_a_body_b,body_a,0,0.36000,0.00000,0.30000,0.36000,0.00000,0.30000,0.36000,0.00000,0.30000,-1.00000,0.00000,0.00000,0.00000,1.00000,0.00000,0.00000,0.00000,1.00000,[-1 0 0; 0 1 0; 0 0 1],,,,,-0.00000,0.00000,0.00000,0.00000,0.00000,0.00000,0.00000,-0.00000,0.00000,0.00000,0.00000,0.00000,0.00000,0.00000,world,world,sum_over_filtered_pair,pair_contact_reporter_world,false,contact_material_nsc_demo,contact_material_nsc_demo,NSC,Bullet_or_fallback,body_pair:rover_body-rigid_obstacle,deterministic_contact_probe_pychrono_unavailable
collision_contact_component_demo,collision.contact_probe.v1,pair_contact_schema_v1,0.2400,96,contact.force_torque,rover_body,rigid_obstacle,moving_body,fixed_obstacle,ChBody,ChBody,body_a_body_b,body_a,0,0.36000,0.00000,0.30000,0.36000,0.00000,0.30000,0.36000,0.00000,0.30000,-1.00000,0.00000,0.00000,0.00000,1.00000,0.00000,0.00000,0.00000,1.00000,[-1 0 0; 0 1 0; 0 0 1],,,,,-0.00000,0.00000,0.00000,0.00000,0.00000,0.00000,0.00000,-0.00000,0.00000,0.00000,0.00000,0.00000,0.00000,0.00000,world,world,sum_over_filtered_pair,pair_contact_reporter_world,false,contact_material_nsc_demo,contact_material_nsc_demo,NSC,Bullet_or_fallback,body_pair:rover_body-rigid_obstacle,deterministic_contact_probe_pychrono_unavailable
collision_contact_component_demo,collision.contact_probe.v1,pair_contact_schema_v1,0.2425,97,contact.force_torque,rover_body,rigid_obstacle,moving_body,fixed_obstacle,ChBody,ChBody,body_a_body_b,body_a,0,0.36000,0.00000,0.30000,0.36000,0.00000,0.30000,0.36000,0.00000,0.30000,-1.00000,0.00000,0.00000,0.00000,1.00000,0.00000,0.00000,0.00000,1.00000,[-1 0 0; 0 1 0; 0 0 1],,,,,-0.00000,0.00000,0.00000,0.00000,0.00000,0.00000,0.00000,-0.00000,0.00000,0.00000,0.00000,0.00000,0.00000,0.00000,world,world,sum_over_filtered_pair,pair_contact_reporter_world,false,contact_material_nsc_demo,contact_material_nsc_demo,NSC,Bullet_or_fallback,body_pair:rover_body-rigid_obstacle,deterministic_contact_probe_pychrono_unavailable
collision_contact_component_demo,collision.contact_probe.v1,pair_contact_schema_v1,0.2450,98,contact.force_torque,rover_body,rigid_obstacle,moving_body,fixed_obstacle,ChBody,ChBody,body_a_body_b,body_a,0,0.36000,0.00000,0.30000,0.36000,0.00000,0.30000,0.36000,0.00000,0.30000,-1.00000,0.00000,0.00000,0.00000,1.00000,0.00000,0.00000,0.00000,1.00000,[-1 0 0; 0 1 0; 0 0 1],,,,,-0.00000,0.00000,0.00000,0.00000,0.00000,0.00000,0.00000,-0.00000,0.00000,0.00000,0.00000,0.00000,0.00000,0.00000,world,world,sum_over_filtered_pair,pair_contact_reporter_world,false,contact_material_nsc_demo,contact_material_nsc_demo,NSC,Bullet_or_fallback,body_pair:rover_body-rigid_obstacle,deterministic_contact_probe_pychrono_unavailable
collision_contact_component_demo,collision.contact_probe.v1,pair_contact_schema_v1,0.2475,99,contact.force_torque,rover_body,rigid_obstacle,moving_body,fixed_obstacle,ChBody,ChBody,body_a_body_b,body_a,0,0.36000,0.00000,0.30000,0.36000,0.00000,0.30000,0.36000,0.00000,0.30000,-1.00000,0.00000,0.00000,0.00000,1.00000,0.00000,0.00000,0.00000,1.00000,[-1 0 0; 0 1 0; 0 0 1],,,,,-0.00000,0.00000,0.00000,0.00000,0.00000,0.00000,0.00000,-0.00000,0.00000,0.00000,0.00000,0.00000,0.00000,0.00000,world,world,sum_over_filtered_pair,pair_contact_reporter_world,false,contact_material_nsc_demo,contact_material_nsc_demo,NSC,Bullet_or_fallback,body_pair:rover_body-rigid_obstacle,deterministic_contact_probe_pychrono_unavailable
collision_contact_component_demo,collision.contact_probe.v1,pair_contact_schema_v1,0.2500,100,contact.force_torque,rover_body,rigid_obstacle,moving_body,fixed_obstacle,ChBody,ChBody,body_a_body_b,body_a,0,0.36000,0.00000,0.30000,0.36000,0.00000,0.30000,0.36000,0.00000,0.30000,-1.00000,0.00000,0.00000,0.00000,1.00000,0.00000,0.00000,0.00000,1.00000,[-1 0 0; 0 1 0; 0 0 1],,,,,-0.00000,0.00000,0.00000,0.00000,0.00000,0.00000,0.00000,-0.00000,0.00000,0.00000,0.00000,0.00000,0.00000,0.00000,world,world,sum_over_filtered_pair,pair_contact_reporter_world,false,contact_material_nsc_demo,contact_material_nsc_demo,NSC,Bullet_or_fallback,body_pair:rover_body-rigid_obstacle,deterministic_contact_probe_pychrono_unavailable
collision_contact_component_demo,collision.contact_probe.v1,pair_contact_schema_v1,0.2525,101,contact.force_torque,rover_body,rigid_obstacle,moving_body,fixed_obstacle,ChBody,ChBody,body_a_body_b,body_a,0,0.36000,0.00000,0.30000,0.36000,0.00000,0.30000,0.36000,0.00000,0.30000,-1.00000,0.00000,0.00000,0.00000,1.00000,0.00000,0.00000,0.00000,1.00000,[-1 0 0; 0 1 0; 0 0 1],,,,,-0.00000,0.00000,0.00000,0.00000,0.00000,0.00000,0.00000,-0.00000,0.00000,0.00000,0.00000,0.00000,0.00000,0.00000,world,world,sum_over_filtered_pair,pair_contact_reporter_world,false,contact_material_nsc_demo,contact_material_nsc_demo,NSC,Bullet_or_fallback,body_pair:rover_body-rigid_obstacle,deterministic_contact_probe_pychrono_unavailable
collision_contact_component_demo,collision.contact_probe.v1,pair_contact_schema_v1,0.2550,102,contact.force_torque,rover_body,rigid_obstacle,moving_body,fixed_obstacle,ChBody,ChBody,body_a_body_b,body_a,0,0.36000,0.00000,0.30000,0.36000,0.00000,0.30000,0.36000,0.00000,0.30000,-1.00000,0.00000,0.00000,0.00000,1.00000,0.00000,0.00000,0.00000,1.00000,[-1 0 0; 0 1 0; 0 0 1],,,,,-0.00000,0.00000,0.00000,0.00000,0.00000,0.00000,0.00000,-0.00000,0.00000,0.00000,0.00000,0.00000,0.00000,0.00000,world,world,sum_over_filtered_pair,pair_contact_reporter_world,false,contact_material_nsc_demo,contact_material_nsc_demo,NSC,Bullet_or_fallback,body_pair:rover_body-rigid_obstacle,deterministic_contact_probe_pychrono_unavailable
collision_contact_component_demo,collision.contact_probe.v1,pair_contact_schema_v1,0.2575,103,contact.force_torque,rover_body,rigid_obstacle,moving_body,fixed_obstacle,ChBody,ChBody,body_a_body_b,body_a,0,0.36000,0.00000,0.30000,0.36000,0.00000,0.30000,0.36000,0.00000,0.30000,-1.00000,0.00000,0.00000,0.00000,1.00000,0.00000,0.00000,0.00000,1.00000,[-1 0 0; 0 1 0; 0 0 1],,,,,-0.00000,0.00000,0.00000,0.00000,0.00000,0.00000,0.00000,-0.00000,0.00000,0.00000,0.00000,0.00000,0.00000,0.00000,world,world,sum_over_filtered_pair,pair_contact_reporter_world,false,contact_material_nsc_demo,contact_material_nsc_demo,NSC,Bullet_or_fallback,body_pair:rover_body-rigid_obstacle,deterministic_contact_probe_pychrono_unavailable
collision_contact_component_demo,collision.contact_probe.v1,pair_contact_schema_v1,0.2600,104,contact.force_torque,rover_body,rigid_obstacle,moving_body,fixed_obstacle,ChBody,ChBody,body_a_body_b,body_a,0,0.36000,0.00000,0.30000,0.36000,0.00000,0.30000,0.36000,0.00000,0.30000,-1.00000,0.00000,0.00000,0.00000,1.00000,0.00000,0.00000,0.00000,1.00000,[-1 0 0; 0 1 0; 0 0 1],,,,,-0.00000,0.00000,0.00000,0.00000,0.00000,0.00000,0.00000,-0.00000,0.00000,0.00000,0.00000,0.00000,0.00000,0.00000,world,world,sum_over_filtered_pair,pair_contact_reporter_world,false,contact_material_nsc_demo,contact_material_nsc_demo,NSC,Bullet_or_fallback,body_pair:rover_body-rigid_obstacle,deterministic_contact_probe_pychrono_unavailable
collision_contact_component_demo,collision.contact_probe.v1,pair_contact_schema_v1,0.2625,105,contact.force_torque,rover_body,rigid_obstacle,moving_body,fixed_obstacle,ChBody,ChBody,body_a_body_b,body_a,0,0.36000,0.00000,0.30000,0.36000,0.00000,0.30000,0.36000,0.00000,0.30000,-1.00000,0.00000,0.00000,0.00000,1.00000,0.00000,0.00000,0.00000,1.00000,[-1 0 0; 0 1 0; 0 0 1],,,,,-0.00000,0.00000,0.00000,0.00000,0.00000,0.00000,0.00000,-0.00000,0.00000,0.00000,0.00000,0.00000,0.00000,0.00000,world,world,sum_over_filtered_pair,pair_contact_reporter_world,false,contact_material_nsc_demo,contact_material_nsc_demo,NSC,Bullet_or_fallback,body_pair:rover_body-rigid_obstacle,deterministic_contact_probe_pychrono_unavailable
collision_contact_component_demo,collision.contact_probe.v1,pair_contact_schema_v1,0.2650,106,contact.force_torque,rover_body,rigid_obstacle,moving_body,fixed_obstacle,ChBody,ChBody,body_a_body_b,body_a,0,0.36000,0.00000,0.30000,0.36000,0.00000,0.30000,0.36000,0.00000,0.30000,-1.00000,0.00000,0.00000,0.00000,1.00000,0.00000,0.00000,0.00000,1.00000,[-1 0 0; 0 1 0; 0 0 1],,,,,-0.00000,0.00000,0.00000,0.00000,0.00000,0.00000,0.00000,-0.00000,0.00000,0.00000,0.00000,0.00000,0.00000,0.00000,world,world,sum_over_filtered_pair,pair_contact_reporter_world,false,contact_material_nsc_demo,contact_material_nsc_demo,NSC,Bullet_or_fallback,body_pair:rover_body-rigid_obstacle,deterministic_contact_probe_pychrono_unavailable
collision_contact_component_demo,collision.contact_probe.v1,pair_contact_schema_v1,0.2675,107,contact.force_torque,rover_body,rigid_obstacle,moving_body,fixed_obstacle,ChBody,ChBody,body_a_body_b,body_a,0,0.36000,0.00000,0.30000,0.36000,0.00000,0.30000,0.36000,0.00000,0.30000,-1.00000,0.00000,0.00000,0.00000,1.00000,0.00000,0.00000,0.00000,1.00000,[-1 0 0; 0 1 0; 0 0 1],,,,,-0.00000,0.00000,0.00000,0.00000,0.00000,0.00000,0.00000,-0.00000,0.00000,0.00000,0.00000,0.00000,0.00000,0.00000,world,world,sum_over_filtered_pair,pair_contact_reporter_world,false,contact_material_nsc_demo,contact_material_nsc_demo,NSC,Bullet_or_fallback,body_pair:rover_body-rigid_obstacle,deterministic_contact_probe_pychrono_unavailable
collision_contact_component_demo,collision.contact_probe.v1,pair_contact_schema_v1,0.2700,108,contact.force_torque,rover_body,rigid_obstacle,moving_body,fixed_obstacle,ChBody,ChBody,body_a_body_b,body_a,0,0.36000,0.00000,0.30000,0.36000,0.00000,0.30000,0.36000,0.00000,0.30000,-1.00000,0.00000,0.00000,0.00000,1.00000,0.00000,0.00000,0.00000,1.00000,[-1 0 0; 0 1 0; 0 0 1],,,,,-0.00000,0.00000,0.00000,0.00000,0.00000,0.00000,0.00000,-0.00000,0.00000,0.00000,0.00000,0.00000,0.00000,0.00000,world,world,sum_over_filtered_pair,pair_contact_reporter_world,false,contact_material_nsc_demo,contact_material_nsc_demo,NSC,Bullet_or_fallback,body_pair:rover_body-rigid_obstacle,deterministic_contact_probe_pychrono_unavailable
collision_contact_component_demo,collision.contact_probe.v1,pair_contact_schema_v1,0.2725,109,contact.force_torque,rover_body,rigid_obstacle,moving_body,fixed_obstacle,ChBody,ChBody,body_a_body_b,body_a,0,0.36000,0.00000,0.30000,0.36000,0.00000,0.30000,0.36000,0.00000,0.30000,-1.00000,0.00000,0.00000,0.00000,1.00000,0.00000,0.00000,0.00000,1.00000,[-1 0 0; 0 1 0; 0 0 1],,,,,-0.00000,0.00000,0.00000,0.00000,0.00000,0.00000,0.00000,-0.00000,0.00000,0.00000,0.00000,0.00000,0.00000,0.00000,world,world,sum_over_filtered_pair,pair_contact_reporter_world,false,contact_material_nsc_demo,contact_material_nsc_demo,NSC,Bullet_or_fallback,body_pair:rover_body-rigid_obstacle,deterministic_contact_probe_pychrono_unavailable
collision_contact_component_demo,collision.contact_probe.v1,pair_contact_schema_v1,0.2750,110,contact.force_torque,rover_body,rigid_obstacle,moving_body,fixed_obstacle,ChBody,ChBody,body_a_body_b,body_a,0,0.36000,0.00000,0.30000,0.36000,0.00000,0.30000,0.36000,0.00000,0.30000,-1.00000,0.00000,0.00000,0.00000,1.00000,0.00000,0.00000,0.00000,1.00000,[-1 0 0; 0 1 0; 0 0 1],,,,,-0.00000,0.00000,0.00000,0.00000,0.00000,0.00000,0.00000,-0.00000,0.00000,0.00000,0.00000,0.00000,0.00000,0.00000,world,world,sum_over_filtered_pair,pair_contact_reporter_world,false,contact_material_nsc_demo,contact_material_nsc_demo,NSC,Bullet_or_fallback,body_pair:rover_body-rigid_obstacle,deterministic_contact_probe_pychrono_unavailable
collision_contact_component_demo,collision.contact_probe.v1,pair_contact_schema_v1,0.2775,111,contact.force_torque,rover_body,rigid_obstacle,moving_body,fixed_obstacle,ChBody,ChBody,body_a_body_b,body_a,0,0.36000,0.00000,0.30000,0.36000,0.00000,0.30000,0.36000,0.00000,0.30000,-1.00000,0.00000,0.00000,0.00000,1.00000,0.00000,0.00000,0.00000,1.00000,[-1 0 0; 0 1 0; 0 0 1],,,,,-0.00000,0.00000,0.00000,0.00000,0.00000,0.00000,0.00000,-0.00000,0.00000,0.00000,0.00000,0.00000,0.00000,0.00000,world,world,sum_over_filtered_pair,pair_contact_reporter_world,false,contact_material_nsc_demo,contact_material_nsc_demo,NSC,Bullet_or_fallback,body_pair:rover_body-rigid_obstacle,deterministic_contact_probe_pychrono_unavailable
collision_contact_component_demo,collision.contact_probe.v1,pair_contact_schema_v1,0.2800,112,contact.force_torque,rover_body,rigid_obstacle,moving_body,fixed_obstacle,ChBody,ChBody,body_a_body_b,body_a,0,0.36000,0.00000,0.30000,0.36000,0.00000,0.30000,0.36000,0.00000,0.30000,-1.00000,0.00000,0.00000,0.00000,1.00000,0.00000,0.00000,0.00000,1.00000,[-1 0 0; 0 1 0; 0 0 1],,,,,-0.00000,0.00000,0.00000,0.00000,0.00000,0.00000,0.00000,-0.00000,0.00000,0.00000,0.00000,0.00000,0.00000,0.00000,world,world,sum_over_filtered_pair,pair_contact_reporter_world,false,contact_material_nsc_demo,contact_material_nsc_demo,NSC,Bullet_or_fallback,body_pair:rover_body-rigid_obstacle,deterministic_contact_probe_pychrono_unavailable
collision_contact_component_demo,collision.contact_probe.v1,pair_contact_schema_v1,0.2825,113,contact.force_torque,rover_body,rigid_obstacle,moving_body,fixed_obstacle,ChBody,ChBody,body_a_body_b,body_a,0,0.36000,0.00000,0.30000,0.36000,0.00000,0.30000,0.36000,0.00000,0.30000,-1.00000,0.00000,0.00000,0.00000,1.00000,0.00000,0.00000,0.00000,1.00000,[-1 0 0; 0 1 0; 0 0 1],,,,,-0.00000,0.00000,0.00000,0.00000,0.00000,0.00000,0.00000,-0.00000,0.00000,0.00000,0.00000,0.00000,0.00000,0.00000,world,world,sum_over_filtered_pair,pair_contact_reporter_world,false,contact_material_nsc_demo,contact_material_nsc_demo,NSC,Bullet_or_fallback,body_pair:rover_body-rigid_obstacle,deterministic_contact_probe_pychrono_unavailable
collision_contact_component_demo,collision.contact_probe.v1,pair_contact_schema_v1,0.2850,114,contact.force_torque,rover_body,rigid_obstacle,moving_body,fixed_obstacle,ChBody,ChBody,body_a_body_b,body_a,0,0.36000,0.00000,0.30000,0.36000,0.00000,0.30000,0.36000,0.00000,0.30000,-1.00000,0.00000,0.00000,0.00000,1.00000,0.00000,0.00000,0.00000,1.00000,[-1 0 0; 0 1 0; 0 0 1],,,,,-0.00000,0.00000,0.00000,0.00000,0.00000,0.00000,0.00000,-0.00000,0.00000,0.00000,0.00000,0.00000,0.00000,0.00000,world,world,sum_over_filtered_pair,pair_contact_reporter_world,false,contact_material_nsc_demo,contact_material_nsc_demo,NSC,Bullet_or_fallback,body_pair:rover_body-rigid_obstacle,deterministic_contact_probe_pychrono_unavailable
collision_contact_component_demo,collision.contact_probe.v1,pair_contact_schema_v1,0.2875,115,contact.force_torque,rover_body,rigid_obstacle,moving_body,fixed_obstacle,ChBody,ChBody,body_a_body_b,body_a,0,0.36000,0.00000,0.30000,0.36000,0.00000,0.30000,0.36000,0.00000,0.30000,-1.00000,0.00000,0.00000,0.00000,1.00000,0.00000,0.00000,0.00000,1.00000,[-1 0 0; 0 1 0; 0 0 1],,,,,-0.00000,0.00000,0.00000,0.00000,0.00000,0.00000,0.00000,-0.00000,0.00000,0.00000,0.00000,0.00000,0.00000,0.00000,world,world,sum_over_filtered_pair,pair_contact_reporter_world,false,contact_material_nsc_demo,contact_material_nsc_demo,NSC,Bullet_or_fallback,body_pair:rover_body-rigid_obstacle,deterministic_contact_probe_pychrono_unavailable
collision_contact_component_demo,collision.contact_probe.v1,pair_contact_schema_v1,0.2900,116,contact.force_torque,rover_body,rigid_obstacle,moving_body,fixed_obstacle,ChBody,ChBody,body_a_body_b,body_a,0,0.36000,0.00000,0.30000,0.36000,0.00000,0.30000,0.36000,0.00000,0.30000,-1.00000,0.00000,0.00000,0.00000,1.00000,0.00000,0.00000,0.00000,1.00000,[-1 0 0; 0 1 0; 0 0 1],,,,,-0.00000,0.00000,0.00000,0.00000,0.00000,0.00000,0.00000,-0.00000,0.00000,0.00000,0.00000,0.00000,0.00000,0.00000,world,world,sum_over_filtered_pair,pair_contact_reporter_world,false,contact_material_nsc_demo,contact_material_nsc_demo,NSC,Bullet_or_fallback,body_pair:rover_body-rigid_obstacle,deterministic_contact_probe_pychrono_unavailable
collision_contact_component_demo,collision.contact_probe.v1,pair_contact_schema_v1,0.2925,117,contact.force_torque,rover_body,rigid_obstacle,moving_body,fixed_obstacle,ChBody,ChBody,body_a_body_b,body_a,0,0.36000,0.00000,0.30000,0.36000,0.00000,0.30000,0.36000,0.00000,0.30000,-1.00000,0.00000,0.00000,0.00000,1.00000,0.00000,0.00000,0.00000,1.00000,[-1 0 0; 0 1 0; 0 0 1],,,,,-0.00000,0.00000,0.00000,0.00000,0.00000,0.00000,0.00000,-0.00000,0.00000,0.00000,0.00000,0.00000,0.00000,0.00000,world,world,sum_over_filtered_pair,pair_contact_reporter_world,false,contact_material_nsc_demo,contact_material_nsc_demo,NSC,Bullet_or_fallback,body_pair:rover_body-rigid_obstacle,deterministic_contact_probe_pychrono_unavailable
collision_contact_component_demo,collision.contact_probe.v1,pair_contact_schema_v1,0.2950,118,contact.force_torque,rover_body,rigid_obstacle,moving_body,fixed_obstacle,ChBody,ChBody,body_a_body_b,body_a,0,0.36000,0.00000,0.30000,0.36000,0.00000,0.30000,0.36000,0.00000,0.30000,-1.00000,0.00000,0.00000,0.00000,1.00000,0.00000,0.00000,0.00000,1.00000,[-1 0 0; 0 1 0; 0 0 1],,,,,-0.00000,0.00000,0.00000,0.00000,0.00000,0.00000,0.00000,-0.00000,0.00000,0.00000,0.00000,0.00000,0.00000,0.00000,world,world,sum_over_filtered_pair,pair_contact_reporter_world,false,contact_material_nsc_demo,contact_material_nsc_demo,NSC,Bullet_or_fallback,body_pair:rover_body-rigid_obstacle,deterministic_contact_probe_pychrono_unavailable
collision_contact_component_demo,collision.contact_probe.v1,pair_contact_schema_v1,0.2975,119,contact.force_torque,rover_body,rigid_obstacle,moving_body,fixed_obstacle,ChBody,ChBody,body_a_body_b,body_a,0,0.36000,0.00000,0.30000,0.36000,0.00000,0.30000,0.36000,0.00000,0.30000,-1.00000,0.00000,0.00000,0.00000,1.00000,0.00000,0.00000,0.00000,1.00000,[-1 0 0; 0 1 0; 0 0 1],,,,,-0.00000,0.00000,0.00000,0.00000,0.00000,0.00000,0.00000,-0.00000,0.00000,0.00000,0.00000,0.00000,0.00000,0.00000,world,world,sum_over_filtered_pair,pair_contact_reporter_world,false,contact_material_nsc_demo,contact_material_nsc_demo,NSC,Bullet_or_fallback,body_pair:rover_body-rigid_obstacle,deterministic_contact_probe_pychrono_unavailable
collision_contact_component_demo,collision.contact_probe.v1,pair_contact_schema_v1,0.3000,120,contact.force_torque,rover_body,rigid_obstacle,moving_body,fixed_obstacle,ChBody,ChBody,body_a_body_b,body_a,0,0.36000,0.00000,0.30000,0.36000,0.00000,0.30000,0.36000,0.00000,0.30000,-1.00000,0.00000,0.00000,0.00000,1.00000,0.00000,0.00000,0.00000,1.00000,[-1 0 0; 0 1 0; 0 0 1],,,,,-0.00000,0.00000,0.00000,0.00000,0.00000,0.00000,0.00000,-0.00000,0.00000,0.00000,0.00000,0.00000,0.00000,0.00000,world,world,sum_over_filtered_pair,pair_contact_reporter_world,false,contact_material_nsc_demo,contact_material_nsc_demo,NSC,Bullet_or_fallback,body_pair:rover_body-rigid_obstacle,deterministic_contact_probe_pychrono_unavailable
collision_contact_component_demo,collision.contact_probe.v1,pair_contact_schema_v1,0.3025,121,contact.force_torque,rover_body,rigid_obstacle,moving_body,fixed_obstacle,ChBody,ChBody,body_a_body_b,body_a,0,0.36000,0.00000,0.30000,0.36000,0.00000,0.30000,0.36000,0.00000,0.30000,-1.00000,0.00000,0.00000,0.00000,1.00000,0.00000,0.00000,0.00000,1.00000,[-1 0 0; 0 1 0; 0 0 1],,,,,-0.00000,0.00000,0.00000,0.00000,0.00000,0.00000,0.00000,-0.00000,0.00000,0.00000,0.00000,0.00000,0.00000,0.00000,world,world,sum_over_filtered_pair,pair_contact_reporter_world,false,contact_material_nsc_demo,contact_material_nsc_demo,NSC,Bullet_or_fallback,body_pair:rover_body-rigid_obstacle,deterministic_contact_probe_pychrono_unavailable
collision_contact_component_demo,collision.contact_probe.v1,pair_contact_schema_v1,0.3050,122,contact.force_torque,rover_body,rigid_obstacle,moving_body,fixed_obstacle,ChBody,ChBody,body_a_body_b,body_a,0,0.36000,0.00000,0.30000,0.36000,0.00000,0.30000,0.36000,0.00000,0.30000,-1.00000,0.00000,0.00000,0.00000,1.00000,0.00000,0.00000,0.00000,1.00000,[-1 0 0; 0 1 0; 0 0 1],,,,,-0.00000,0.00000,0.00000,0.00000,0.00000,0.00000,0.00000,-0.00000,0.00000,0.00000,0.00000,0.00000,0.00000,0.00000,world,world,sum_over_filtered_pair,pair_contact_reporter_world,false,contact_material_nsc_demo,contact_material_nsc_demo,NSC,Bullet_or_fallback,body_pair:rover_body-rigid_obstacle,deterministic_contact_probe_pychrono_unavailable
collision_contact_component_demo,collision.contact_probe.v1,pair_contact_schema_v1,0.3075,123,contact.force_torque,rover_body,rigid_obstacle,moving_body,fixed_obstacle,ChBody,ChBody,body_a_body_b,body_a,0,0.36000,0.00000,0.30000,0.36000,0.00000,0.30000,0.36000,0.00000,0.30000,-1.00000,0.00000,0.00000,0.00000,1.00000,0.00000,0.00000,0.00000,1.00000,[-1 0 0; 0 1 0; 0 0 1],,,,,-0.00000,0.00000,0.00000,0.00000,0.00000,0.00000,0.00000,-0.00000,0.00000,0.00000,0.00000,0.00000,0.00000,0.00000,world,world,sum_over_filtered_pair,pair_contact_reporter_world,false,contact_material_nsc_demo,contact_material_nsc_demo,NSC,Bullet_or_fallback,body_pair:rover_body-rigid_obstacle,deterministic_contact_probe_pychrono_unavailable
collision_contact_component_demo,collision.contact_probe.v1,pair_contact_schema_v1,0.3100,124,contact.force_torque,rover_body,rigid_obstacle,moving_body,fixed_obstacle,ChBody,ChBody,body_a_body_b,body_a,0,0.36000,0.00000,0.30000,0.36000,0.00000,0.30000,0.36000,0.00000,0.30000,-1.00000,0.00000,0.00000,0.00000,1.00000,0.00000,0.00000,0.00000,1.00000,[-1 0 0; 0 1 0; 0 0 1],,,,,-0.00000,0.00000,0.00000,0.00000,0.00000,0.00000,0.00000,-0.00000,0.00000,0.00000,0.00000,0.00000,0.00000,0.00000,world,world,sum_over_filtered_pair,pair_contact_reporter_world,false,contact_material_nsc_demo,contact_material_nsc_demo,NSC,Bullet_or_fallback,body_pair:rover_body-rigid_obstacle,deterministic_contact_probe_pychrono_unavailable
collision_contact_component_demo,collision.contact_probe.v1,pair_contact_schema_v1,0.3125,125,contact.force_torque,rover_body,rigid_obstacle,moving_body,fixed_obstacle,ChBody,ChBody,body_a_body_b,body_a,0,0.36000,0.00000,0.30000,0.36000,0.00000,0.30000,0.36000,0.00000,0.30000,-1.00000,0.00000,0.00000,0.00000,1.00000,0.00000,0.00000,0.00000,1.00000,[-1 0 0; 0 1 0; 0 0 1],,,,,-0.00000,0.00000,0.00000,0.00000,0.00000,0.00000,0.00000,-0.00000,0.00000,0.00000,0.00000,0.00000,0.00000,0.00000,world,world,sum_over_filtered_pair,pair_contact_reporter_world,false,contact_material_nsc_demo,contact_material_nsc_demo,NSC,Bullet_or_fallback,body_pair:rover_body-rigid_obstacle,deterministic_contact_probe_pychrono_unavailable
collision_contact_component_demo,collision.contact_probe.v1,pair_contact_schema_v1,0.3150,126,contact.force_torque,rover_body,rigid_obstacle,moving_body,fixed_obstacle,ChBody,ChBody,body_a_body_b,body_a,0,0.36000,0.00000,0.30000,0.36000,0.00000,0.30000,0.36000,0.00000,0.30000,-1.00000,0.00000,0.00000,0.00000,1.00000,0.00000,0.00000,0.00000,1.00000,[-1 0 0; 0 1 0; 0 0 1],,,,,-0.00000,0.00000,0.00000,0.00000,0.00000,0.00000,0.00000,-0.00000,0.00000,0.00000,0.00000,0.00000,0.00000,0.00000,world,world,sum_over_filtered_pair,pair_contact_reporter_world,false,contact_material_nsc_demo,contact_material_nsc_demo,NSC,Bullet_or_fallback,body_pair:rover_body-rigid_obstacle,deterministic_contact_probe_pychrono_unavailable
collision_contact_component_demo,collision.contact_probe.v1,pair_contact_schema_v1,0.3175,127,contact.force_torque,rover_body,rigid_obstacle,moving_body,fixed_obstacle,ChBody,ChBody,body_a_body_b,body_a,0,0.36000,0.00000,0.30000,0.36000,0.00000,0.30000,0.36000,0.00000,0.30000,-1.00000,0.00000,0.00000,0.00000,1.00000,0.00000,0.00000,0.00000,1.00000,[-1 0 0; 0 1 0; 0 0 1],,,,,-0.00000,0.00000,0.00000,0.00000,0.00000,0.00000,0.00000,-0.00000,0.00000,0.00000,0.00000,0.00000,0.00000,0.00000,world,world,sum_over_filtered_pair,pair_contact_reporter_world,false,contact_material_nsc_demo,contact_material_nsc_demo,NSC,Bullet_or_fallback,body_pair:rover_body-rigid_obstacle,deterministic_contact_probe_pychrono_unavailable
collision_contact_component_demo,collision.contact_probe.v1,pair_contact_schema_v1,0.3200,128,contact.force_torque,rover_body,rigid_obstacle,moving_body,fixed_obstacle,ChBody,ChBody,body_a_body_b,body_a,0,0.36000,0.00000,0.30000,0.36000,0.00000,0.30000,0.36000,0.00000,0.30000,-1.00000,0.00000,0.00000,0.00000,1.00000,0.00000,0.00000,0.00000,1.00000,[-1 0 0; 0 1 0; 0 0 1],,,,,-0.00000,0.00000,0.00000,0.00000,0.00000,0.00000,0.00000,-0.00000,0.00000,0.00000,0.00000,0.00000,0.00000,0.00000,world,world,sum_over_filtered_pair,pair_contact_reporter_world,false,contact_material_nsc_demo,contact_material_nsc_demo,NSC,Bullet_or_fallback,body_pair:rover_body-rigid_obstacle,deterministic_contact_probe_pychrono_unavailable
collision_contact_component_demo,collision.contact_probe.v1,pair_contact_schema_v1,0.3225,129,contact.force_torque,rover_body,rigid_obstacle,moving_body,fixed_obstacle,ChBody,ChBody,body_a_body_b,body_a,0,0.36000,0.00000,0.30000,0.36000,0.00000,0.30000,0.36000,0.00000,0.30000,-1.00000,0.00000,0.00000,0.00000,1.00000,0.00000,0.00000,0.00000,1.00000,[-1 0 0; 0 1 0; 0 0 1],,,,,-0.00000,0.00000,0.00000,0.00000,0.00000,0.00000,0.00000,-0.00000,0.00000,0.00000,0.00000,0.00000,0.00000,0.00000,world,world,sum_over_filtered_pair,pair_contact_reporter_world,false,contact_material_nsc_demo,contact_material_nsc_demo,NSC,Bullet_or_fallback,body_pair:rover_body-rigid_obstacle,deterministic_contact_probe_pychrono_unavailable
collision_contact_component_demo,collision.contact_probe.v1,pair_contact_schema_v1,0.3250,130,contact.force_torque,rover_body,rigid_obstacle,moving_body,fixed_obstacle,ChBody,ChBody,body_a_body_b,body_a,0,0.36000,0.00000,0.30000,0.36000,0.00000,0.30000,0.36000,0.00000,0.30000,-1.00000,0.00000,0.00000,0.00000,1.00000,0.00000,0.00000,0.00000,1.00000,[-1 0 0; 0 1 0; 0 0 1],,,,,-0.00000,0.00000,0.00000,0.00000,0.00000,0.00000,0.00000,-0.00000,0.00000,0.00000,0.00000,0.00000,0.00000,0.00000,world,world,sum_over_filtered_pair,pair_contact_reporter_world,false,contact_material_nsc_demo,contact_material_nsc_demo,NSC,Bullet_or_fallback,body_pair:rover_body-rigid_obstacle,deterministic_contact_probe_pychrono_unavailable
collision_contact_component_demo,collision.contact_probe.v1,pair_contact_schema_v1,0.3275,131,contact.force_torque,rover_body,rigid_obstacle,moving_body,fixed_obstacle,ChBody,ChBody,body_a_body_b,body_a,0,0.36000,0.00000,0.30000,0.36000,0.00000,0.30000,0.36000,0.00000,0.30000,-1.00000,0.00000,0.00000,0.00000,1.00000,0.00000,0.00000,0.00000,1.00000,[-1 0 0; 0 1 0; 0 0 1],,,,,-0.00000,0.00000,0.00000,0.00000,0.00000,0.00000,0.00000,-0.00000,0.00000,0.00000,0.00000,0.00000,0.00000,0.00000,world,world,sum_over_filtered_pair,pair_contact_reporter_world,false,contact_material_nsc_demo,contact_material_nsc_demo,NSC,Bullet_or_fallback,body_pair:rover_body-rigid_obstacle,deterministic_contact_probe_pychrono_unavailable
collision_contact_component_demo,collision.contact_probe.v1,pair_contact_schema_v1,0.3300,132,contact.force_torque,rover_body,rigid_obstacle,moving_body,fixed_obstacle,ChBody,ChBody,body_a_body_b,body_a,0,0.36000,0.00000,0.30000,0.36000,0.00000,0.30000,0.36000,0.00000,0.30000,-1.00000,0.00000,0.00000,0.00000,1.00000,0.00000,0.00000,0.00000,1.00000,[-1 0 0; 0 1 0; 0 0 1],,,,,-0.00000,0.00000,0.00000,0.00000,0.00000,0.00000,0.00000,-0.00000,0.00000,0.00000,0.00000,0.00000,0.00000,0.00000,world,world,sum_over_filtered_pair,pair_contact_reporter_world,false,contact_material_nsc_demo,contact_material_nsc_demo,NSC,Bullet_or_fallback,body_pair:rover_body-rigid_obstacle,deterministic_contact_probe_pychrono_unavailable
collision_contact_component_demo,collision.contact_probe.v1,pair_contact_schema_v1,0.3325,133,contact.force_torque,rover_body,rigid_obstacle,moving_body,fixed_obstacle,ChBody,ChBody,body_a_body_b,body_a,0,0.36000,0.00000,0.30000,0.36000,0.00000,0.30000,0.36000,0.00000,0.30000,-1.00000,0.00000,0.00000,0.00000,1.00000,0.00000,0.00000,0.00000,1.00000,[-1 0 0; 0 1 0; 0 0 1],,,,,-0.00000,0.00000,0.00000,0.00000,0.00000,0.00000,0.00000,-0.00000,0.00000,0.00000,0.00000,0.00000,0.00000,0.00000,world,world,sum_over_filtered_pair,pair_contact_reporter_world,false,contact_material_nsc_demo,contact_material_nsc_demo,NSC,Bullet_or_fallback,body_pair:rover_body-rigid_obstacle,deterministic_contact_probe_pychrono_unavailable
collision_contact_component_demo,collision.contact_probe.v1,pair_contact_schema_v1,0.3350,134,contact.force_torque,rover_body,rigid_obstacle,moving_body,fixed_obstacle,ChBody,ChBody,body_a_body_b,body_a,0,0.36000,0.00000,0.30000,0.36000,0.00000,0.30000,0.36000,0.00000,0.30000,-1.00000,0.00000,0.00000,0.00000,1.00000,0.00000,0.00000,0.00000,1.00000,[-1 0 0; 0 1 0; 0 0 1],,,,,-0.00000,0.00000,0.00000,0.00000,0.00000,0.00000,0.00000,-0.00000,0.00000,0.00000,0.00000,0.00000,0.00000,0.00000,world,world,sum_over_filtered_pair,pair_contact_reporter_world,false,contact_material_nsc_demo,contact_material_nsc_demo,NSC,Bullet_or_fallback,body_pair:rover_body-rigid_obstacle,deterministic_contact_probe_pychrono_unavailable
collision_contact_component_demo,collision.contact_probe.v1,pair_contact_schema_v1,0.3375,135,contact.force_torque,rover_body,rigid_obstacle,moving_body,fixed_obstacle,ChBody,ChBody,body_a_body_b,body_a,0,0.36000,0.00000,0.30000,0.36000,0.00000,0.30000,0.36000,0.00000,0.30000,-1.00000,0.00000,0.00000,0.00000,1.00000,0.00000,0.00000,0.00000,1.00000,[-1 0 0; 0 1 0; 0 0 1],,,,,-0.00000,0.00000,0.00000,0.00000,0.00000,0.00000,0.00000,-0.00000,0.00000,0.00000,0.00000,0.00000,0.00000,0.00000,world,world,sum_over_filtered_pair,pair_contact_reporter_world,false,contact_material_nsc_demo,contact_material_nsc_demo,NSC,Bullet_or_fallback,body_pair:rover_body-rigid_obstacle,deterministic_contact_probe_pychrono_unavailable
collision_contact_component_demo,collision.contact_probe.v1,pair_contact_schema_v1,0.3400,136,contact.force_torque,rover_body,rigid_obstacle,moving_body,fixed_obstacle,ChBody,ChBody,body_a_body_b,body_a,0,0.36000,0.00000,0.30000,0.36000,0.00000,0.30000,0.36000,0.00000,0.30000,-1.00000,0.00000,0.00000,0.00000,1.00000,0.00000,0.00000,0.00000,1.00000,[-1 0 0; 0 1 0; 0 0 1],,,,,-0.00000,0.00000,0.00000,0.00000,0.00000,0.00000,0.00000,-0.00000,0.00000,0.00000,0.00000,0.00000,0.00000,0.00000,world,world,sum_over_filtered_pair,pair_contact_reporter_world,false,contact_material_nsc_demo,contact_material_nsc_demo,NSC,Bullet_or_fallback,body_pair:rover_body-rigid_obstacle,deterministic_contact_probe_pychrono_unavailable
collision_contact_component_demo,collision.contact_probe.v1,pair_contact_schema_v1,0.3425,137,contact.force_torque,rover_body,rigid_obstacle,moving_body,fixed_obstacle,ChBody,ChBody,body_a_body_b,body_a,0,0.36000,0.00000,0.30000,0.36000,0.00000,0.30000,0.36000,0.00000,0.30000,-1.00000,0.00000,0.00000,0.00000,1.00000,0.00000,0.00000,0.00000,1.00000,[-1 0 0; 0 1 0; 0 0 1],,,,,-0.00000,0.00000,0.00000,0.00000,0.00000,0.00000,0.00000,-0.00000,0.00000,0.00000,0.00000,0.00000,0.00000,0.00000,world,world,sum_over_filtered_pair,pair_contact_reporter_world,false,contact_material_nsc_demo,contact_material_nsc_demo,NSC,Bullet_or_fallback,body_pair:rover_body-rigid_obstacle,deterministic_contact_probe_pychrono_unavailable
collision_contact_component_demo,collision.contact_probe.v1,pair_contact_schema_v1,0.3450,138,contact.force_torque,rover_body,rigid_obstacle,moving_body,fixed_obstacle,ChBody,ChBody,body_a_body_b,body_a,0,0.36000,0.00000,0.30000,0.36000,0.00000,0.30000,0.36000,0.00000,0.30000,-1.00000,0.00000,0.00000,0.00000,1.00000,0.00000,0.00000,0.00000,1.00000,[-1 0 0; 0 1 0; 0 0 1],,,,,-0.00000,0.00000,0.00000,0.00000,0.00000,0.00000,0.00000,-0.00000,0.00000,0.00000,0.00000,0.00000,0.00000,0.00000,world,world,sum_over_filtered_pair,pair_contact_reporter_world,false,contact_material_nsc_demo,contact_material_nsc_demo,NSC,Bullet_or_fallback,body_pair:rover_body-rigid_obstacle,deterministic_contact_probe_pychrono_unavailable
collision_contact_component_demo,collision.contact_probe.v1,pair_contact_schema_v1,0.3475,139,contact.force_torque,rover_body,rigid_obstacle,moving_body,fixed_obstacle,ChBody,ChBody,body_a_body_b,body_a,0,0.36000,0.00000,0.30000,0.36000,0.00000,0.30000,0.36000,0.00000,0.30000,-1.00000,0.00000,0.00000,0.00000,1.00000,0.00000,0.00000,0.00000,1.00000,[-1 0 0; 0 1 0; 0 0 1],,,,,-0.00000,0.00000,0.00000,0.00000,0.00000,0.00000,0.00000,-0.00000,0.00000,0.00000,0.00000,0.00000,0.00000,0.00000,world,world,sum_over_filtered_pair,pair_contact_reporter_world,false,contact_material_nsc_demo,contact_material_nsc_demo,NSC,Bullet_or_fallback,body_pair:rover_body-rigid_obstacle,deterministic_contact_probe_pychrono_unavailable
collision_contact_component_demo,collision.contact_probe.v1,pair_contact_schema_v1,0.3500,140,contact.force_torque,rover_body,rigid_obstacle,moving_body,fixed_obstacle,ChBody,ChBody,body_a_body_b,body_a,0,0.36000,0.00000,0.30000,0.36000,0.00000,0.30000,0.36000,0.00000,0.30000,-1.00000,0.00000,0.00000,0.00000,1.00000,0.00000,0.00000,0.00000,1.00000,[-1 0 0; 0 1 0; 0 0 1],,,,,-0.00000,0.00000,0.00000,0.00000,0.00000,0.00000,0.00000,-0.00000,0.00000,0.00000,0.00000,0.00000,0.00000,0.00000,world,world,sum_over_filtered_pair,pair_contact_reporter_world,false,contact_material_nsc_demo,contact_material_nsc_demo,NSC,Bullet_or_fallback,body_pair:rover_body-rigid_obstacle,deterministic_contact_probe_pychrono_unavailable
collision_contact_component_demo,collision.contact_probe.v1,pair_contact_schema_v1,0.3525,141,contact.force_torque,rover_body,rigid_obstacle,moving_body,fixed_obstacle,ChBody,ChBody,body_a_body_b,body_a,0,0.36000,0.00000,0.30000,0.36000,0.00000,0.30000,0.36000,0.00000,0.30000,-1.00000,0.00000,0.00000,0.00000,1.00000,0.00000,0.00000,0.00000,1.00000,[-1 0 0; 0 1 0; 0 0 1],,,,,-0.00000,0.00000,0.00000,0.00000,0.00000,0.00000,0.00000,-0.00000,0.00000,0.00000,0.00000,0.00000,0.00000,0.00000,world,world,sum_over_filtered_pair,pair_contact_reporter_world,false,contact_material_nsc_demo,contact_material_nsc_demo,NSC,Bullet_or_fallback,body_pair:rover_body-rigid_obstacle,deterministic_contact_probe_pychrono_unavailable
collision_contact_component_demo,collision.contact_probe.v1,pair_contact_schema_v1,0.3550,142,contact.force_torque,rover_body,rigid_obstacle,moving_body,fixed_obstacle,ChBody,ChBody,body_a_body_b,body_a,0,0.36000,0.00000,0.30000,0.36000,0.00000,0.30000,0.36000,0.00000,0.30000,-1.00000,0.00000,0.00000,0.00000,1.00000,0.00000,0.00000,0.00000,1.00000,[-1 0 0; 0 1 0; 0 0 1],,,,,-0.00000,0.00000,0.00000,0.00000,0.00000,0.00000,0.00000,-0.00000,0.00000,0.00000,0.00000,0.00000,0.00000,0.00000,world,world,sum_over_filtered_pair,pair_contact_reporter_world,false,contact_material_nsc_demo,contact_material_nsc_demo,NSC,Bullet_or_fallback,body_pair:rover_body-rigid_obstacle,deterministic_contact_probe_pychrono_unavailable
collision_contact_component_demo,collision.contact_probe.v1,pair_contact_schema_v1,0.3575,143,contact.force_torque,rover_body,rigid_obstacle,moving_body,fixed_obstacle,ChBody,ChBody,body_a_body_b,body_a,0,0.36000,0.00000,0.30000,0.36000,0.00000,0.30000,0.36000,0.00000,0.30000,-1.00000,0.00000,0.00000,0.00000,1.00000,0.00000,0.00000,0.00000,1.00000,[-1 0 0; 0 1 0; 0 0 1],,,,,-0.00000,0.00000,0.00000,0.00000,0.00000,0.00000,0.00000,-0.00000,0.00000,0.00000,0.00000,0.00000,0.00000,0.00000,world,world,sum_over_filtered_pair,pair_contact_reporter_world,false,contact_material_nsc_demo,contact_material_nsc_demo,NSC,Bullet_or_fallback,body_pair:rover_body-rigid_obstacle,deterministic_contact_probe_pychrono_unavailable
collision_contact_component_demo,collision.contact_probe.v1,pair_contact_schema_v1,0.3600,144,contact.force_torque,rover_body,rigid_obstacle,moving_body,fixed_obstacle,ChBody,ChBody,body_a_body_b,body_a,0,0.36000,0.00000,0.30000,0.36000,0.00000,0.30000,0.36000,0.00000,0.30000,-1.00000,0.00000,0.00000,0.00000,1.00000,0.00000,0.00000,0.00000,1.00000,[-1 0 0; 0 1 0; 0 0 1],,,,,-0.00000,0.00000,0.00000,0.00000,0.00000,0.00000,0.00000,-0.00000,0.00000,0.00000,0.00000,0.00000,0.00000,0.00000,world,world,sum_over_filtered_pair,pair_contact_reporter_world,false,contact_material_nsc_demo,contact_material_nsc_demo,NSC,Bullet_or_fallback,body_pair:rover_body-rigid_obstacle,deterministic_contact_probe_pychrono_unavailable
collision_contact_component_demo,collision.contact_probe.v1,pair_contact_schema_v1,0.3625,145,contact.force_torque,rover_body,rigid_obstacle,moving_body,fixed_obstacle,ChBody,ChBody,body_a_body_b,body_a,0,0.36000,0.00000,0.30000,0.36000,0.00000,0.30000,0.36000,0.00000,0.30000,-1.00000,0.00000,0.00000,0.00000,1.00000,0.00000,0.00000,0.00000,1.00000,[-1 0 0; 0 1 0; 0 0 1],,,,,-0.00000,0.00000,0.00000,0.00000,0.00000,0.00000,0.00000,-0.00000,0.00000,0.00000,0.00000,0.00000,0.00000,0.00000,world,world,sum_over_filtered_pair,pair_contact_reporter_world,false,contact_material_nsc_demo,contact_material_nsc_demo,NSC,Bullet_or_fallback,body_pair:rover_body-rigid_obstacle,deterministic_contact_probe_pychrono_unavailable
collision_contact_component_demo,collision.contact_probe.v1,pair_contact_schema_v1,0.3650,146,contact.force_torque,rover_body,rigid_obstacle,moving_body,fixed_obstacle,ChBody,ChBody,body_a_body_b,body_a,0,0.36000,0.00000,0.30000,0.36000,0.00000,0.30000,0.36000,0.00000,0.30000,-1.00000,0.00000,0.00000,0.00000,1.00000,0.00000,0.00000,0.00000,1.00000,[-1 0 0; 0 1 0; 0 0 1],,,,,-0.00000,0.00000,0.00000,0.00000,0.00000,0.00000,0.00000,-0.00000,0.00000,0.00000,0.00000,0.00000,0.00000,0.00000,world,world,sum_over_filtered_pair,pair_contact_reporter_world,false,contact_material_nsc_demo,contact_material_nsc_demo,NSC,Bullet_or_fallback,body_pair:rover_body-rigid_obstacle,deterministic_contact_probe_pychrono_unavailable
collision_contact_component_demo,collision.contact_probe.v1,pair_contact_schema_v1,0.3675,147,contact.force_torque,rover_body,rigid_obstacle,moving_body,fixed_obstacle,ChBody,ChBody,body_a_body_b,body_a,0,0.36000,0.00000,0.30000,0.36000,0.00000,0.30000,0.36000,0.00000,0.30000,-1.00000,0.00000,0.00000,0.00000,1.00000,0.00000,0.00000,0.00000,1.00000,[-1 0 0; 0 1 0; 0 0 1],,,,,-0.00000,0.00000,0.00000,0.00000,0.00000,0.00000,0.00000,-0.00000,0.00000,0.00000,0.00000,0.00000,0.00000,0.00000,world,world,sum_over_filtered_pair,pair_contact_reporter_world,false,contact_material_nsc_demo,contact_material_nsc_demo,NSC,Bullet_or_fallback,body_pair:rover_body-rigid_obstacle,deterministic_contact_probe_pychrono_unavailable
collision_contact_component_demo,collision.contact_probe.v1,pair_contact_schema_v1,0.3700,148,contact.force_torque,rover_body,rigid_obstacle,moving_body,fixed_obstacle,ChBody,ChBody,body_a_body_b,body_a,0,0.36000,0.00000,0.30000,0.36000,0.00000,0.30000,0.36000,0.00000,0.30000,-1.00000,0.00000,0.00000,0.00000,1.00000,0.00000,0.00000,0.00000,1.00000,[-1 0 0; 0 1 0; 0 0 1],,,,,-0.00000,0.00000,0.00000,0.00000,0.00000,0.00000,0.00000,-0.00000,0.00000,0.00000,0.00000,0.00000,0.00000,0.00000,world,world,sum_over_filtered_pair,pair_contact_reporter_world,false,contact_material_nsc_demo,contact_material_nsc_demo,NSC,Bullet_or_fallback,body_pair:rover_body-rigid_obstacle,deterministic_contact_probe_pychrono_unavailable
collision_contact_component_demo,collision.contact_probe.v1,pair_contact_schema_v1,0.3725,149,contact.force_torque,rover_body,rigid_obstacle,moving_body,fixed_obstacle,ChBody,ChBody,body_a_body_b,body_a,0,0.36000,0.00000,0.30000,0.36000,0.00000,0.30000,0.36000,0.00000,0.30000,-1.00000,0.00000,0.00000,0.00000,1.00000,0.00000,0.00000,0.00000,1.00000,[-1 0 0; 0 1 0; 0 0 1],,,,,-0.00000,0.00000,0.00000,0.00000,0.00000,0.00000,0.00000,-0.00000,0.00000,0.00000,0.00000,0.00000,0.00000,0.00000,world,world,sum_over_filtered_pair,pair_contact_reporter_world,false,contact_material_nsc_demo,contact_material_nsc_demo,NSC,Bullet_or_fallback,body_pair:rover_body-rigid_obstacle,deterministic_contact_probe_pychrono_unavailable
collision_contact_component_demo,collision.contact_probe.v1,pair_contact_schema_v1,0.3750,150,contact.force_torque,rover_body,rigid_obstacle,moving_body,fixed_obstacle,ChBody,ChBody,body_a_body_b,body_a,0,0.36000,0.00000,0.30000,0.36000,0.00000,0.30000,0.36000,0.00000,0.30000,-1.00000,0.00000,0.00000,0.00000,1.00000,0.00000,0.00000,0.00000,1.00000,[-1 0 0; 0 1 0; 0 0 1],,,,,-0.00000,0.00000,0.00000,0.00000,0.00000,0.00000,0.00000,-0.00000,0.00000,0.00000,0.00000,0.00000,0.00000,0.00000,world,world,sum_over_filtered_pair,pair_contact_reporter_world,false,contact_material_nsc_demo,contact_material_nsc_demo,NSC,Bullet_or_fallback,body_pair:rover_body-rigid_obstacle,deterministic_contact_probe_pychrono_unavailable
collision_contact_component_demo,collision.contact_probe.v1,pair_contact_schema_v1,0.3775,151,contact.force_torque,rover_body,rigid_obstacle,moving_body,fixed_obstacle,ChBody,ChBody,body_a_body_b,body_a,0,0.36000,0.00000,0.30000,0.36000,0.00000,0.30000,0.36000,0.00000,0.30000,-1.00000,0.00000,0.00000,0.00000,1.00000,0.00000,0.00000,0.00000,1.00000,[-1 0 0; 0 1 0; 0 0 1],,,,,-0.00000,0.00000,0.00000,0.00000,0.00000,0.00000,0.00000,-0.00000,0.00000,0.00000,0.00000,0.00000,0.00000,0.00000,world,world,sum_over_filtered_pair,pair_contact_reporter_world,false,contact_material_nsc_demo,contact_material_nsc_demo,NSC,Bullet_or_fallback,body_pair:rover_body-rigid_obstacle,deterministic_contact_probe_pychrono_unavailable
collision_contact_component_demo,collision.contact_probe.v1,pair_contact_schema_v1,0.3800,152,contact.force_torque,rover_body,rigid_obstacle,moving_body,fixed_obstacle,ChBody,ChBody,body_a_body_b,body_a,0,0.36000,0.00000,0.30000,0.36000,0.00000,0.30000,0.36000,0.00000,0.30000,-1.00000,0.00000,0.00000,0.00000,1.00000,0.00000,0.00000,0.00000,1.00000,[-1 0 0; 0 1 0; 0 0 1],,,,,-0.00000,0.00000,0.00000,0.00000,0.00000,0.00000,0.00000,-0.00000,0.00000,0.00000,0.00000,0.00000,0.00000,0.00000,world,world,sum_over_filtered_pair,pair_contact_reporter_world,false,contact_material_nsc_demo,contact_material_nsc_demo,NSC,Bullet_or_fallback,body_pair:rover_body-rigid_obstacle,deterministic_contact_probe_pychrono_unavailable
collision_contact_component_demo,collision.contact_probe.v1,pair_contact_schema_v1,0.3825,153,contact.force_torque,rover_body,rigid_obstacle,moving_body,fixed_obstacle,ChBody,ChBody,body_a_body_b,body_a,0,0.36000,0.00000,0.30000,0.36000,0.00000,0.30000,0.36000,0.00000,0.30000,-1.00000,0.00000,0.00000,0.00000,1.00000,0.00000,0.00000,0.00000,1.00000,[-1 0 0; 0 1 0; 0 0 1],,,,,-0.00000,0.00000,0.00000,0.00000,0.00000,0.00000,0.00000,-0.00000,0.00000,0.00000,0.00000,0.00000,0.00000,0.00000,world,world,sum_over_filtered_pair,pair_contact_reporter_world,false,contact_material_nsc_demo,contact_material_nsc_demo,NSC,Bullet_or_fallback,body_pair:rover_body-rigid_obstacle,deterministic_contact_probe_pychrono_unavailable
collision_contact_component_demo,collision.contact_probe.v1,pair_contact_schema_v1,0.3850,154,contact.force_torque,rover_body,rigid_obstacle,moving_body,fixed_obstacle,ChBody,ChBody,body_a_body_b,body_a,0,0.36000,0.00000,0.30000,0.36000,0.00000,0.30000,0.36000,0.00000,0.30000,-1.00000,0.00000,0.00000,0.00000,1.00000,0.00000,0.00000,0.00000,1.00000,[-1 0 0; 0 1 0; 0 0 1],,,,,-0.00000,0.00000,0.00000,0.00000,0.00000,0.00000,0.00000,-0.00000,0.00000,0.00000,0.00000,0.00000,0.00000,0.00000,world,world,sum_over_filtered_pair,pair_contact_reporter_world,false,contact_material_nsc_demo,contact_material_nsc_demo,NSC,Bullet_or_fallback,body_pair:rover_body-rigid_obstacle,deterministic_contact_probe_pychrono_unavailable
collision_contact_component_demo,collision.contact_probe.v1,pair_contact_schema_v1,0.3875,155,contact.force_torque,rover_body,rigid_obstacle,moving_body,fixed_obstacle,ChBody,ChBody,body_a_body_b,body_a,0,0.36000,0.00000,0.30000,0.36000,0.00000,0.30000,0.36000,0.00000,0.30000,-1.00000,0.00000,0.00000,0.00000,1.00000,0.00000,0.00000,0.00000,1.00000,[-1 0 0; 0 1 0; 0 0 1],,,,,-0.00000,0.00000,0.00000,0.00000,0.00000,0.00000,0.00000,-0.00000,0.00000,0.00000,0.00000,0.00000,0.00000,0.00000,world,world,sum_over_filtered_pair,pair_contact_reporter_world,false,contact_material_nsc_demo,contact_material_nsc_demo,NSC,Bullet_or_fallback,body_pair:rover_body-rigid_obstacle,deterministic_contact_probe_pychrono_unavailable
collision_contact_component_demo,collision.contact_probe.v1,pair_contact_schema_v1,0.3900,156,contact.force_torque,rover_body,rigid_obstacle,moving_body,fixed_obstacle,ChBody,ChBody,body_a_body_b,body_a,0,0.36000,0.00000,0.30000,0.36000,0.00000,0.30000,0.36000,0.00000,0.30000,-1.00000,0.00000,0.00000,0.00000,1.00000,0.00000,0.00000,0.00000,1.00000,[-1 0 0; 0 1 0; 0 0 1],,,,,-0.00000,0.00000,0.00000,0.00000,0.00000,0.00000,0.00000,-0.00000,0.00000,0.00000,0.00000,0.00000,0.00000,0.00000,world,world,sum_over_filtered_pair,pair_contact_reporter_world,false,contact_material_nsc_demo,contact_material_nsc_demo,NSC,Bullet_or_fallback,body_pair:rover_body-rigid_obstacle,deterministic_contact_probe_pychrono_unavailable
collision_contact_component_demo,collision.contact_probe.v1,pair_contact_schema_v1,0.3925,157,contact.force_torque,rover_body,rigid_obstacle,moving_body,fixed_obstacle,ChBody,ChBody,body_a_body_b,body_a,0,0.36000,0.00000,0.30000,0.36000,0.00000,0.30000,0.36000,0.00000,0.30000,-1.00000,0.00000,0.00000,0.00000,1.00000,0.00000,0.00000,0.00000,1.00000,[-1 0 0; 0 1 0; 0 0 1],,,,,-0.00000,0.00000,0.00000,0.00000,0.00000,0.00000,0.00000,-0.00000,0.00000,0.00000,0.00000,0.00000,0.00000,0.00000,world,world,sum_over_filtered_pair,pair_contact_reporter_world,false,contact_material_nsc_demo,contact_material_nsc_demo,NSC,Bullet_or_fallback,body_pair:rover_body-rigid_obstacle,deterministic_contact_probe_pychrono_unavailable
collision_contact_component_demo,collision.contact_probe.v1,pair_contact_schema_v1,0.3950,158,contact.force_torque,rover_body,rigid_obstacle,moving_body,fixed_obstacle,ChBody,ChBody,body_a_body_b,body_a,0,0.36000,0.00000,0.30000,0.36000,0.00000,0.30000,0.36000,0.00000,0.30000,-1.00000,0.00000,0.00000,0.00000,1.00000,0.00000,0.00000,0.00000,1.00000,[-1 0 0; 0 1 0; 0 0 1],,,,,-0.00000,0.00000,0.00000,0.00000,0.00000,0.00000,0.00000,-0.00000,0.00000,0.00000,0.00000,0.00000,0.00000,0.00000,world,world,sum_over_filtered_pair,pair_contact_reporter_world,false,contact_material_nsc_demo,contact_material_nsc_demo,NSC,Bullet_or_fallback,body_pair:rover_body-rigid_obstacle,deterministic_contact_probe_pychrono_unavailable
collision_contact_component_demo,collision.contact_probe.v1,pair_contact_schema_v1,0.3975,159,contact.force_torque,rover_body,rigid_obstacle,moving_body,fixed_obstacle,ChBody,ChBody,body_a_body_b,body_a,0,0.36000,0.00000,0.30000,0.36000,0.00000,0.30000,0.36000,0.00000,0.30000,-1.00000,0.00000,0.00000,0.00000,1.00000,0.00000,0.00000,0.00000,1.00000,[-1 0 0; 0 1 0; 0 0 1],,,,,-0.00000,0.00000,0.00000,0.00000,0.00000,0.00000,0.00000,-0.00000,0.00000,0.00000,0.00000,0.00000,0.00000,0.00000,world,world,sum_over_filtered_pair,pair_contact_reporter_world,false,contact_material_nsc_demo,contact_material_nsc_demo,NSC,Bullet_or_fallback,body_pair:rover_body-rigid_obstacle,deterministic_contact_probe_pychrono_unavailable
collision_contact_component_demo,collision.contact_probe.v1,pair_contact_schema_v1,0.4000,160,contact.force_torque,rover_body,rigid_obstacle,moving_body,fixed_obstacle,ChBody,ChBody,body_a_body_b,body_a,0,0.36000,0.00000,0.30000,0.36000,0.00000,0.30000,0.36000,0.00000,0.30000,-1.00000,0.00000,0.00000,0.00000,1.00000,0.00000,0.00000,0.00000,1.00000,[-1 0 0; 0 1 0; 0 0 1],,,,,-0.00000,0.00000,0.00000,0.00000,0.00000,0.00000,0.00000,-0.00000,0.00000,0.00000,0.00000,0.00000,0.00000,0.00000,world,world,sum_over_filtered_pair,pair_contact_reporter_world,false,contact_material_nsc_demo,contact_material_nsc_demo,NSC,Bullet_or_fallback,body_pair:rover_body-rigid_obstacle,deterministic_contact_probe_pychrono_unavailable
collision_contact_component_demo,collision.contact_probe.v1,pair_contact_schema_v1,0.4025,161,contact.force_torque,rover_body,rigid_obstacle,moving_body,fixed_obstacle,ChBody,ChBody,body_a_body_b,body_a,0,0.36000,0.00000,0.30000,0.36000,0.00000,0.30000,0.36000,0.00000,0.30000,-1.00000,0.00000,0.00000,0.00000,1.00000,0.00000,0.00000,0.00000,1.00000,[-1 0 0; 0 1 0; 0 0 1],,,,,-0.00000,0.00000,0.00000,0.00000,0.00000,0.00000,0.00000,-0.00000,0.00000,0.00000,0.00000,0.00000,0.00000,0.00000,world,world,sum_over_filtered_pair,pair_contact_reporter_world,false,contact_material_nsc_demo,contact_material_nsc_demo,NSC,Bullet_or_fallback,body_pair:rover_body-rigid_obstacle,deterministic_contact_probe_pychrono_unavailable
collision_contact_component_demo,collision.contact_probe.v1,pair_contact_schema_v1,0.4050,162,contact.force_torque,rover_body,rigid_obstacle,moving_body,fixed_obstacle,ChBody,ChBody,body_a_body_b,body_a,0,0.36000,0.00000,0.30000,0.36000,0.00000,0.30000,0.36000,0.00000,0.30000,-1.00000,0.00000,0.00000,0.00000,1.00000,0.00000,0.00000,0.00000,1.00000,[-1 0 0; 0 1 0; 0 0 1],,,,,-0.00000,0.00000,0.00000,0.00000,0.00000,0.00000,0.00000,-0.00000,0.00000,0.00000,0.00000,0.00000,0.00000,0.00000,world,world,sum_over_filtered_pair,pair_contact_reporter_world,false,contact_material_nsc_demo,contact_material_nsc_demo,NSC,Bullet_or_fallback,body_pair:rover_body-rigid_obstacle,deterministic_contact_probe_pychrono_unavailable
collision_contact_component_demo,collision.contact_probe.v1,pair_contact_schema_v1,0.4075,163,contact.force_torque,rover_body,rigid_obstacle,moving_body,fixed_obstacle,ChBody,ChBody,body_a_body_b,body_a,0,0.36000,0.00000,0.30000,0.36000,0.00000,0.30000,0.36000,0.00000,0.30000,-1.00000,0.00000,0.00000,0.00000,1.00000,0.00000,0.00000,0.00000,1.00000,[-1 0 0; 0 1 0; 0 0 1],,,,,-0.00000,0.00000,0.00000,0.00000,0.00000,0.00000,0.00000,-0.00000,0.00000,0.00000,0.00000,0.00000,0.00000,0.00000,world,world,sum_over_filtered_pair,pair_contact_reporter_world,false,contact_material_nsc_demo,contact_material_nsc_demo,NSC,Bullet_or_fallback,body_pair:rover_body-rigid_obstacle,deterministic_contact_probe_pychrono_unavailable
collision_contact_component_demo,collision.contact_probe.v1,pair_contact_schema_v1,0.4100,164,contact.force_torque,rover_body,rigid_obstacle,moving_body,fixed_obstacle,ChBody,ChBody,body_a_body_b,body_a,0,0.36000,0.00000,0.30000,0.36000,0.00000,0.30000,0.36000,0.00000,0.30000,-1.00000,0.00000,0.00000,0.00000,1.00000,0.00000,0.00000,0.00000,1.00000,[-1 0 0; 0 1 0; 0 0 1],,,,,-0.00000,0.00000,0.00000,0.00000,0.00000,0.00000,0.00000,-0.00000,0.00000,0.00000,0.00000,0.00000,0.00000,0.00000,world,world,sum_over_filtered_pair,pair_contact_reporter_world,false,contact_material_nsc_demo,contact_material_nsc_demo,NSC,Bullet_or_fallback,body_pair:rover_body-rigid_obstacle,deterministic_contact_probe_pychrono_unavailable
collision_contact_component_demo,collision.contact_probe.v1,pair_contact_schema_v1,0.4125,165,contact.force_torque,rover_body,rigid_obstacle,moving_body,fixed_obstacle,ChBody,ChBody,body_a_body_b,body_a,0,0.36000,0.00000,0.30000,0.36000,0.00000,0.30000,0.36000,0.00000,0.30000,-1.00000,0.00000,0.00000,0.00000,1.00000,0.00000,0.00000,0.00000,1.00000,[-1 0 0; 0 1 0; 0 0 1],,,,,-0.00000,0.00000,0.00000,0.00000,0.00000,0.00000,0.00000,-0.00000,0.00000,0.00000,0.00000,0.00000,0.00000,0.00000,world,world,sum_over_filtered_pair,pair_contact_reporter_world,false,contact_material_nsc_demo,contact_material_nsc_demo,NSC,Bullet_or_fallback,body_pair:rover_body-rigid_obstacle,deterministic_contact_probe_pychrono_unavailable
collision_contact_component_demo,collision.contact_probe.v1,pair_contact_schema_v1,0.4150,166,contact.force_torque,rover_body,rigid_obstacle,moving_body,fixed_obstacle,ChBody,ChBody,body_a_body_b,body_a,0,0.36000,0.00000,0.30000,0.36000,0.00000,0.30000,0.36000,0.00000,0.30000,-1.00000,0.00000,0.00000,0.00000,1.00000,0.00000,0.00000,0.00000,1.00000,[-1 0 0; 0 1 0; 0 0 1],,,,,-0.00000,0.00000,0.00000,0.00000,0.00000,0.00000,0.00000,-0.00000,0.00000,0.00000,0.00000,0.00000,0.00000,0.00000,world,world,sum_over_filtered_pair,pair_contact_reporter_world,false,contact_material_nsc_demo,contact_material_nsc_demo,NSC,Bullet_or_fallback,body_pair:rover_body-rigid_obstacle,deterministic_contact_probe_pychrono_unavailable
collision_contact_component_demo,collision.contact_probe.v1,pair_contact_schema_v1,0.4175,167,contact.force_torque,rover_body,rigid_obstacle,moving_body,fixed_obstacle,ChBody,ChBody,body_a_body_b,body_a,0,0.36000,0.00000,0.30000,0.36000,0.00000,0.30000,0.36000,0.00000,0.30000,-1.00000,0.00000,0.00000,0.00000,1.00000,0.00000,0.00000,0.00000,1.00000,[-1 0 0; 0 1 0; 0 0 1],,,,,-0.00000,0.00000,0.00000,0.00000,0.00000,0.00000,0.00000,-0.00000,0.00000,0.00000,0.00000,0.00000,0.00000,0.00000,world,world,sum_over_filtered_pair,pair_contact_reporter_world,false,contact_material_nsc_demo,contact_material_nsc_demo,NSC,Bullet_or_fallback,body_pair:rover_body-rigid_obstacle,deterministic_contact_probe_pychrono_unavailable
collision_contact_component_demo,collision.contact_probe.v1,pair_contact_schema_v1,0.4200,168,contact.force_torque,rover_body,rigid_obstacle,moving_body,fixed_obstacle,ChBody,ChBody,body_a_body_b,body_a,0,0.36000,0.00000,0.30000,0.36000,0.00000,0.30000,0.36000,0.00000,0.30000,-1.00000,0.00000,0.00000,0.00000,1.00000,0.00000,0.00000,0.00000,1.00000,[-1 0 0; 0 1 0; 0 0 1],,,,,-0.00000,0.00000,0.00000,0.00000,0.00000,0.00000,0.00000,-0.00000,0.00000,0.00000,0.00000,0.00000,0.00000,0.00000,world,world,sum_over_filtered_pair,pair_contact_reporter_world,false,contact_material_nsc_demo,contact_material_nsc_demo,NSC,Bullet_or_fallback,body_pair:rover_body-rigid_obstacle,deterministic_contact_probe_pychrono_unavailable
collision_contact_component_demo,collision.contact_probe.v1,pair_contact_schema_v1,0.4225,169,contact.force_torque,rover_body,rigid_obstacle,moving_body,fixed_obstacle,ChBody,ChBody,body_a_body_b,body_a,0,0.36000,0.00000,0.30000,0.36000,0.00000,0.30000,0.36000,0.00000,0.30000,-1.00000,0.00000,0.00000,0.00000,1.00000,0.00000,0.00000,0.00000,1.00000,[-1 0 0; 0 1 0; 0 0 1],,,,,-0.00000,0.00000,0.00000,0.00000,0.00000,0.00000,0.00000,-0.00000,0.00000,0.00000,0.00000,0.00000,0.00000,0.00000,world,world,sum_over_filtered_pair,pair_contact_reporter_world,false,contact_material_nsc_demo,contact_material_nsc_demo,NSC,Bullet_or_fallback,body_pair:rover_body-rigid_obstacle,deterministic_contact_probe_pychrono_unavailable
collision_contact_component_demo,collision.contact_probe.v1,pair_contact_schema_v1,0.4250,170,contact.force_torque,rover_body,rigid_obstacle,moving_body,fixed_obstacle,ChBody,ChBody,body_a_body_b,body_a,0,0.36000,0.00000,0.30000,0.36000,0.00000,0.30000,0.36000,0.00000,0.30000,-1.00000,0.00000,0.00000,0.00000,1.00000,0.00000,0.00000,0.00000,1.00000,[-1 0 0; 0 1 0; 0 0 1],,,,,-0.00000,0.00000,0.00000,0.00000,0.00000,0.00000,0.00000,-0.00000,0.00000,0.00000,0.00000,0.00000,0.00000,0.00000,world,world,sum_over_filtered_pair,pair_contact_reporter_world,false,contact_material_nsc_demo,contact_material_nsc_demo,NSC,Bullet_or_fallback,body_pair:rover_body-rigid_obstacle,deterministic_contact_probe_pychrono_unavailable
collision_contact_component_demo,collision.contact_probe.v1,pair_contact_schema_v1,0.4275,171,contact.force_torque,rover_body,rigid_obstacle,moving_body,fixed_obstacle,ChBody,ChBody,body_a_body_b,body_a,0,0.36000,0.00000,0.30000,0.36000,0.00000,0.30000,0.36000,0.00000,0.30000,-1.00000,0.00000,0.00000,0.00000,1.00000,0.00000,0.00000,0.00000,1.00000,[-1 0 0; 0 1 0; 0 0 1],,,,,-0.00000,0.00000,0.00000,0.00000,0.00000,0.00000,0.00000,-0.00000,0.00000,0.00000,0.00000,0.00000,0.00000,0.00000,world,world,sum_over_filtered_pair,pair_contact_reporter_world,false,contact_material_nsc_demo,contact_material_nsc_demo,NSC,Bullet_or_fallback,body_pair:rover_body-rigid_obstacle,deterministic_contact_probe_pychrono_unavailable
collision_contact_component_demo,collision.contact_probe.v1,pair_contact_schema_v1,0.4300,172,contact.force_torque,rover_body,rigid_obstacle,moving_body,fixed_obstacle,ChBody,ChBody,body_a_body_b,body_a,0,0.36000,0.00000,0.30000,0.36000,0.00000,0.30000,0.36000,0.00000,0.30000,-1.00000,0.00000,0.00000,0.00000,1.00000,0.00000,0.00000,0.00000,1.00000,[-1 0 0; 0 1 0; 0 0 1],,,,,-0.00000,0.00000,0.00000,0.00000,0.00000,0.00000,0.00000,-0.00000,0.00000,0.00000,0.00000,0.00000,0.00000,0.00000,world,world,sum_over_filtered_pair,pair_contact_reporter_world,false,contact_material_nsc_demo,contact_material_nsc_demo,NSC,Bullet_or_fallback,body_pair:rover_body-rigid_obstacle,deterministic_contact_probe_pychrono_unavailable
collision_contact_component_demo,collision.contact_probe.v1,pair_contact_schema_v1,0.4325,173,contact.force_torque,rover_body,rigid_obstacle,moving_body,fixed_obstacle,ChBody,ChBody,body_a_body_b,body_a,0,0.36000,0.00000,0.30000,0.36000,0.00000,0.30000,0.36000,0.00000,0.30000,-1.00000,0.00000,0.00000,0.00000,1.00000,0.00000,0.00000,0.00000,1.00000,[-1 0 0; 0 1 0; 0 0 1],,,,,-0.00000,0.00000,0.00000,0.00000,0.00000,0.00000,0.00000,-0.00000,0.00000,0.00000,0.00000,0.00000,0.00000,0.00000,world,world,sum_over_filtered_pair,pair_contact_reporter_world,false,contact_material_nsc_demo,contact_material_nsc_demo,NSC,Bullet_or_fallback,body_pair:rover_body-rigid_obstacle,deterministic_contact_probe_pychrono_unavailable
collision_contact_component_demo,collision.contact_probe.v1,pair_contact_schema_v1,0.4350,174,contact.force_torque,rover_body,rigid_obstacle,moving_body,fixed_obstacle,ChBody,ChBody,body_a_body_b,body_a,0,0.36000,0.00000,0.30000,0.36000,0.00000,0.30000,0.36000,0.00000,0.30000,-1.00000,0.00000,0.00000,0.00000,1.00000,0.00000,0.00000,0.00000,1.00000,[-1 0 0; 0 1 0; 0 0 1],,,,,-0.00000,0.00000,0.00000,0.00000,0.00000,0.00000,0.00000,-0.00000,0.00000,0.00000,0.00000,0.00000,0.00000,0.00000,world,world,sum_over_filtered_pair,pair_contact_reporter_world,false,contact_material_nsc_demo,contact_material_nsc_demo,NSC,Bullet_or_fallback,body_pair:rover_body-rigid_obstacle,deterministic_contact_probe_pychrono_unavailable
collision_contact_component_demo,collision.contact_probe.v1,pair_contact_schema_v1,0.4375,175,contact.force_torque,rover_body,rigid_obstacle,moving_body,fixed_obstacle,ChBody,ChBody,body_a_body_b,body_a,0,0.36000,0.00000,0.30000,0.36000,0.00000,0.30000,0.36000,0.00000,0.30000,-1.00000,0.00000,0.00000,0.00000,1.00000,0.00000,0.00000,0.00000,1.00000,[-1 0 0; 0 1 0; 0 0 1],,,,,-0.00000,0.00000,0.00000,0.00000,0.00000,0.00000,0.00000,-0.00000,0.00000,0.00000,0.00000,0.00000,0.00000,0.00000,world,world,sum_over_filtered_pair,pair_contact_reporter_world,false,contact_material_nsc_demo,contact_material_nsc_demo,NSC,Bullet_or_fallback,body_pair:rover_body-rigid_obstacle,deterministic_contact_probe_pychrono_unavailable
collision_contact_component_demo,collision.contact_probe.v1,pair_contact_schema_v1,0.4400,176,contact.force_torque,rover_body,rigid_obstacle,moving_body,fixed_obstacle,ChBody,ChBody,body_a_body_b,body_a,0,0.36000,0.00000,0.30000,0.36000,0.00000,0.30000,0.36000,0.00000,0.30000,-1.00000,0.00000,0.00000,0.00000,1.00000,0.00000,0.00000,0.00000,1.00000,[-1 0 0; 0 1 0; 0 0 1],,,,,-0.00000,0.00000,0.00000,0.00000,0.00000,0.00000,0.00000,-0.00000,0.00000,0.00000,0.00000,0.00000,0.00000,0.00000,world,world,sum_over_filtered_pair,pair_contact_reporter_world,false,contact_material_nsc_demo,contact_material_nsc_demo,NSC,Bullet_or_fallback,body_pair:rover_body-rigid_obstacle,deterministic_contact_probe_pychrono_unavailable
collision_contact_component_demo,collision.contact_probe.v1,pair_contact_schema_v1,0.4425,177,contact.force_torque,rover_body,rigid_obstacle,moving_body,fixed_obstacle,ChBody,ChBody,body_a_body_b,body_a,0,0.36000,0.00000,0.30000,0.36000,0.00000,0.30000,0.36000,0.00000,0.30000,-1.00000,0.00000,0.00000,0.00000,1.00000,0.00000,0.00000,0.00000,1.00000,[-1 0 0; 0 1 0; 0 0 1],,,,,-0.00000,0.00000,0.00000,0.00000,0.00000,0.00000,0.00000,-0.00000,0.00000,0.00000,0.00000,0.00000,0.00000,0.00000,world,world,sum_over_filtered_pair,pair_contact_reporter_world,false,contact_material_nsc_demo,contact_material_nsc_demo,NSC,Bullet_or_fallback,body_pair:rover_body-rigid_obstacle,deterministic_contact_probe_pychrono_unavailable
collision_contact_component_demo,collision.contact_probe.v1,pair_contact_schema_v1,0.4450,178,contact.force_torque,rover_body,rigid_obstacle,moving_body,fixed_obstacle,ChBody,ChBody,body_a_body_b,body_a,0,0.36000,0.00000,0.30000,0.36000,0.00000,0.30000,0.36000,0.00000,0.30000,-1.00000,0.00000,0.00000,0.00000,1.00000,0.00000,0.00000,0.00000,1.00000,[-1 0 0; 0 1 0; 0 0 1],,,,,-0.00000,0.00000,0.00000,0.00000,0.00000,0.00000,0.00000,-0.00000,0.00000,0.00000,0.00000,0.00000,0.00000,0.00000,world,world,sum_over_filtered_pair,pair_contact_reporter_world,false,contact_material_nsc_demo,contact_material_nsc_demo,NSC,Bullet_or_fallback,body_pair:rover_body-rigid_obstacle,deterministic_contact_probe_pychrono_unavailable
collision_contact_component_demo,collision.contact_probe.v1,pair_contact_schema_v1,0.4475,179,contact.force_torque,rover_body,rigid_obstacle,moving_body,fixed_obstacle,ChBody,ChBody,body_a_body_b,body_a,0,0.36000,0.00000,0.30000,0.36000,0.00000,0.30000,0.36000,0.00000,0.30000,-1.00000,0.00000,0.00000,0.00000,1.00000,0.00000,0.00000,0.00000,1.00000,[-1 0 0; 0 1 0; 0 0 1],,,,,-0.00000,0.00000,0.00000,0.00000,0.00000,0.00000,0.00000,-0.00000,0.00000,0.00000,0.00000,0.00000,0.00000,0.00000,world,world,sum_over_filtered_pair,pair_contact_reporter_world,false,contact_material_nsc_demo,contact_material_nsc_demo,NSC,Bullet_or_fallback,body_pair:rover_body-rigid_obstacle,deterministic_contact_probe_pychrono_unavailable
collision_contact_component_demo,collision.contact_probe.v1,pair_contact_schema_v1,0.4500,180,contact.force_torque,rover_body,rigid_obstacle,moving_body,fixed_obstacle,ChBody,ChBody,body_a_body_b,body_a,0,0.36000,0.00000,0.30000,0.36000,0.00000,0.30000,0.36000,0.00000,0.30000,-1.00000,0.00000,0.00000,0.00000,1.00000,0.00000,0.00000,0.00000,1.00000,[-1 0 0; 0 1 0; 0 0 1],,,,,-0.00000,0.00000,0.00000,0.00000,0.00000,0.00000,0.00000,-0.00000,0.00000,0.00000,0.00000,0.00000,0.00000,0.00000,world,world,sum_over_filtered_pair,pair_contact_reporter_world,false,contact_material_nsc_demo,contact_material_nsc_demo,NSC,Bullet_or_fallback,body_pair:rover_body-rigid_obstacle,deterministic_contact_probe_pychrono_unavailable
collision_contact_component_demo,collision.contact_probe.v1,pair_contact_schema_v1,0.4525,181,contact.force_torque,rover_body,rigid_obstacle,moving_body,fixed_obstacle,ChBody,ChBody,body_a_body_b,body_a,0,0.36000,0.00000,0.30000,0.36000,0.00000,0.30000,0.36000,0.00000,0.30000,-1.00000,0.00000,0.00000,0.00000,1.00000,0.00000,0.00000,0.00000,1.00000,[-1 0 0; 0 1 0; 0 0 1],,,,,-0.00000,0.00000,0.00000,0.00000,0.00000,0.00000,0.00000,-0.00000,0.00000,0.00000,0.00000,0.00000,0.00000,0.00000,world,world,sum_over_filtered_pair,pair_contact_reporter_world,false,contact_material_nsc_demo,contact_material_nsc_demo,NSC,Bullet_or_fallback,body_pair:rover_body-rigid_obstacle,deterministic_contact_probe_pychrono_unavailable
collision_contact_component_demo,collision.contact_probe.v1,pair_contact_schema_v1,0.4550,182,contact.force_torque,rover_body,rigid_obstacle,moving_body,fixed_obstacle,ChBody,ChBody,body_a_body_b,body_a,0,0.36000,0.00000,0.30000,0.36000,0.00000,0.30000,0.36000,0.00000,0.30000,-1.00000,0.00000,0.00000,0.00000,1.00000,0.00000,0.00000,0.00000,1.00000,[-1 0 0; 0 1 0; 0 0 1],,,,,-0.00000,0.00000,0.00000,0.00000,0.00000,0.00000,0.00000,-0.00000,0.00000,0.00000,0.00000,0.00000,0.00000,0.00000,world,world,sum_over_filtered_pair,pair_contact_reporter_world,false,contact_material_nsc_demo,contact_material_nsc_demo,NSC,Bullet_or_fallback,body_pair:rover_body-rigid_obstacle,deterministic_contact_probe_pychrono_unavailable
collision_contact_component_demo,collision.contact_probe.v1,pair_contact_schema_v1,0.4575,183,contact.force_torque,rover_body,rigid_obstacle,moving_body,fixed_obstacle,ChBody,ChBody,body_a_body_b,body_a,0,0.36000,0.00000,0.30000,0.36000,0.00000,0.30000,0.36000,0.00000,0.30000,-1.00000,0.00000,0.00000,0.00000,1.00000,0.00000,0.00000,0.00000,1.00000,[-1 0 0; 0 1 0; 0 0 1],,,,,-0.00000,0.00000,0.00000,0.00000,0.00000,0.00000,0.00000,-0.00000,0.00000,0.00000,0.00000,0.00000,0.00000,0.00000,world,world,sum_over_filtered_pair,pair_contact_reporter_world,false,contact_material_nsc_demo,contact_material_nsc_demo,NSC,Bullet_or_fallback,body_pair:rover_body-rigid_obstacle,deterministic_contact_probe_pychrono_unavailable
collision_contact_component_demo,collision.contact_probe.v1,pair_contact_schema_v1,0.4600,184,contact.force_torque,rover_body,rigid_obstacle,moving_body,fixed_obstacle,ChBody,ChBody,body_a_body_b,body_a,0,0.36000,0.00000,0.30000,0.36000,0.00000,0.30000,0.36000,0.00000,0.30000,-1.00000,0.00000,0.00000,0.00000,1.00000,0.00000,0.00000,0.00000,1.00000,[-1 0 0; 0 1 0; 0 0 1],,,,,-0.00000,0.00000,0.00000,0.00000,0.00000,0.00000,0.00000,-0.00000,0.00000,0.00000,0.00000,0.00000,0.00000,0.00000,world,world,sum_over_filtered_pair,pair_contact_reporter_world,false,contact_material_nsc_demo,contact_material_nsc_demo,NSC,Bullet_or_fallback,body_pair:rover_body-rigid_obstacle,deterministic_contact_probe_pychrono_unavailable
collision_contact_component_demo,collision.contact_probe.v1,pair_contact_schema_v1,0.4625,185,contact.force_torque,rover_body,rigid_obstacle,moving_body,fixed_obstacle,ChBody,ChBody,body_a_body_b,body_a,0,0.36000,0.00000,0.30000,0.36000,0.00000,0.30000,0.36000,0.00000,0.30000,-1.00000,0.00000,0.00000,0.00000,1.00000,0.00000,0.00000,0.00000,1.00000,[-1 0 0; 0 1 0; 0 0 1],,,,,-0.00000,0.00000,0.00000,0.00000,0.00000,0.00000,0.00000,-0.00000,0.00000,0.00000,0.00000,0.00000,0.00000,0.00000,world,world,sum_over_filtered_pair,pair_contact_reporter_world,false,contact_material_nsc_demo,contact_material_nsc_demo,NSC,Bullet_or_fallback,body_pair:rover_body-rigid_obstacle,deterministic_contact_probe_pychrono_unavailable
collision_contact_component_demo,collision.contact_probe.v1,pair_contact_schema_v1,0.4650,186,contact.force_torque,rover_body,rigid_obstacle,moving_body,fixed_obstacle,ChBody,ChBody,body_a_body_b,body_a,0,0.36000,0.00000,0.30000,0.36000,0.00000,0.30000,0.36000,0.00000,0.30000,-1.00000,0.00000,0.00000,0.00000,1.00000,0.00000,0.00000,0.00000,1.00000,[-1 0 0; 0 1 0; 0 0 1],,,,,-0.00000,0.00000,0.00000,0.00000,0.00000,0.00000,0.00000,-0.00000,0.00000,0.00000,0.00000,0.00000,0.00000,0.00000,world,world,sum_over_filtered_pair,pair_contact_reporter_world,false,contact_material_nsc_demo,contact_material_nsc_demo,NSC,Bullet_or_fallback,body_pair:rover_body-rigid_obstacle,deterministic_contact_probe_pychrono_unavailable
collision_contact_component_demo,collision.contact_probe.v1,pair_contact_schema_v1,0.4675,187,contact.force_torque,rover_body,rigid_obstacle,moving_body,fixed_obstacle,ChBody,ChBody,body_a_body_b,body_a,0,0.36000,0.00000,0.30000,0.36000,0.00000,0.30000,0.36000,0.00000,0.30000,-1.00000,0.00000,0.00000,0.00000,1.00000,0.00000,0.00000,0.00000,1.00000,[-1 0 0; 0 1 0; 0 0 1],,,,,-0.00000,0.00000,0.00000,0.00000,0.00000,0.00000,0.00000,-0.00000,0.00000,0.00000,0.00000,0.00000,0.00000,0.00000,world,world,sum_over_filtered_pair,pair_contact_reporter_world,false,contact_material_nsc_demo,contact_material_nsc_demo,NSC,Bullet_or_fallback,body_pair:rover_body-rigid_obstacle,deterministic_contact_probe_pychrono_unavailable
collision_contact_component_demo,collision.contact_probe.v1,pair_contact_schema_v1,0.4700,188,contact.force_torque,rover_body,rigid_obstacle,moving_body,fixed_obstacle,ChBody,ChBody,body_a_body_b,body_a,0,0.36000,0.00000,0.30000,0.36000,0.00000,0.30000,0.36000,0.00000,0.30000,-1.00000,0.00000,0.00000,0.00000,1.00000,0.00000,0.00000,0.00000,1.00000,[-1 0 0; 0 1 0; 0 0 1],,,,,-0.00000,0.00000,0.00000,0.00000,0.00000,0.00000,0.00000,-0.00000,0.00000,0.00000,0.00000,0.00000,0.00000,0.00000,world,world,sum_over_filtered_pair,pair_contact_reporter_world,false,contact_material_nsc_demo,contact_material_nsc_demo,NSC,Bullet_or_fallback,body_pair:rover_body-rigid_obstacle,deterministic_contact_probe_pychrono_unavailable
collision_contact_component_demo,collision.contact_probe.v1,pair_contact_schema_v1,0.4725,189,contact.force_torque,rover_body,rigid_obstacle,moving_body,fixed_obstacle,ChBody,ChBody,body_a_body_b,body_a,0,0.36000,0.00000,0.30000,0.36000,0.00000,0.30000,0.36000,0.00000,0.30000,-1.00000,0.00000,0.00000,0.00000,1.00000,0.00000,0.00000,0.00000,1.00000,[-1 0 0; 0 1 0; 0 0 1],,,,,-0.00000,0.00000,0.00000,0.00000,0.00000,0.00000,0.00000,-0.00000,0.00000,0.00000,0.00000,0.00000,0.00000,0.00000,world,world,sum_over_filtered_pair,pair_contact_reporter_world,false,contact_material_nsc_demo,contact_material_nsc_demo,NSC,Bullet_or_fallback,body_pair:rover_body-rigid_obstacle,deterministic_contact_probe_pychrono_unavailable
collision_contact_component_demo,collision.contact_probe.v1,pair_contact_schema_v1,0.4750,190,contact.force_torque,rover_body,rigid_obstacle,moving_body,fixed_obstacle,ChBody,ChBody,body_a_body_b,body_a,0,0.36000,0.00000,0.30000,0.36000,0.00000,0.30000,0.36000,0.00000,0.30000,-1.00000,0.00000,0.00000,0.00000,1.00000,0.00000,0.00000,0.00000,1.00000,[-1 0 0; 0 1 0; 0 0 1],,,,,-0.00000,0.00000,0.00000,0.00000,0.00000,0.00000,0.00000,-0.00000,0.00000,0.00000,0.00000,0.00000,0.00000,0.00000,world,world,sum_over_filtered_pair,pair_contact_reporter_world,false,contact_material_nsc_demo,contact_material_nsc_demo,NSC,Bullet_or_fallback,body_pair:rover_body-rigid_obstacle,deterministic_contact_probe_pychrono_unavailable
collision_contact_component_demo,collision.contact_probe.v1,pair_contact_schema_v1,0.4775,191,contact.force_torque,rover_body,rigid_obstacle,moving_body,fixed_obstacle,ChBody,ChBody,body_a_body_b,body_a,0,0.36000,0.00000,0.30000,0.36000,0.00000,0.30000,0.36000,0.00000,0.30000,-1.00000,0.00000,0.00000,0.00000,1.00000,0.00000,0.00000,0.00000,1.00000,[-1 0 0; 0 1 0; 0 0 1],,,,,-0.00000,0.00000,0.00000,0.00000,0.00000,0.00000,0.00000,-0.00000,0.00000,0.00000,0.00000,0.00000,0.00000,0.00000,world,world,sum_over_filtered_pair,pair_contact_reporter_world,false,contact_material_nsc_demo,contact_material_nsc_demo,NSC,Bullet_or_fallback,body_pair:rover_body-rigid_obstacle,deterministic_contact_probe_pychrono_unavailable
collision_contact_component_demo,collision.contact_probe.v1,pair_contact_schema_v1,0.4800,192,contact.force_torque,rover_body,rigid_obstacle,moving_body,fixed_obstacle,ChBody,ChBody,body_a_body_b,body_a,0,0.36000,0.00000,0.30000,0.36000,0.00000,0.30000,0.36000,0.00000,0.30000,-1.00000,0.00000,0.00000,0.00000,1.00000,0.00000,0.00000,0.00000,1.00000,[-1 0 0; 0 1 0; 0 0 1],,,,,-0.00000,0.00000,0.00000,0.00000,0.00000,0.00000,0.00000,-0.00000,0.00000,0.00000,0.00000,0.00000,0.00000,0.00000,world,world,sum_over_filtered_pair,pair_contact_reporter_world,false,contact_material_nsc_demo,contact_material_nsc_demo,NSC,Bullet_or_fallback,body_pair:rover_body-rigid_obstacle,deterministic_contact_probe_pychrono_unavailable
collision_contact_component_demo,collision.contact_probe.v1,pair_contact_schema_v1,0.4825,193,contact.force_torque,rover_body,rigid_obstacle,moving_body,fixed_obstacle,ChBody,ChBody,body_a_body_b,body_a,0,0.36000,0.00000,0.30000,0.36000,0.00000,0.30000,0.36000,0.00000,0.30000,-1.00000,0.00000,0.00000,0.00000,1.00000,0.00000,0.00000,0.00000,1.00000,[-1 0 0; 0 1 0; 0 0 1],,,,,-0.00000,0.00000,0.00000,0.00000,0.00000,0.00000,0.00000,-0.00000,0.00000,0.00000,0.00000,0.00000,0.00000,0.00000,world,world,sum_over_filtered_pair,pair_contact_reporter_world,false,contact_material_nsc_demo,contact_material_nsc_demo,NSC,Bullet_or_fallback,body_pair:rover_body-rigid_obstacle,deterministic_contact_probe_pychrono_unavailable
collision_contact_component_demo,collision.contact_probe.v1,pair_contact_schema_v1,0.4850,194,contact.force_torque,rover_body,rigid_obstacle,moving_body,fixed_obstacle,ChBody,ChBody,body_a_body_b,body_a,0,0.36000,0.00000,0.30000,0.36000,0.00000,0.30000,0.36000,0.00000,0.30000,-1.00000,0.00000,0.00000,0.00000,1.00000,0.00000,0.00000,0.00000,1.00000,[-1 0 0; 0 1 0; 0 0 1],,,,,-0.00000,0.00000,0.00000,0.00000,0.00000,0.00000,0.00000,-0.00000,0.00000,0.00000,0.00000,0.00000,0.00000,0.00000,world,world,sum_over_filtered_pair,pair_contact_reporter_world,false,contact_material_nsc_demo,contact_material_nsc_demo,NSC,Bullet_or_fallback,body_pair:rover_body-rigid_obstacle,deterministic_contact_probe_pychrono_unavailable
collision_contact_component_demo,collision.contact_probe.v1,pair_contact_schema_v1,0.4875,195,contact.force_torque,rover_body,rigid_obstacle,moving_body,fixed_obstacle,ChBody,ChBody,body_a_body_b,body_a,0,0.36000,0.00000,0.30000,0.36000,0.00000,0.30000,0.36000,0.00000,0.30000,-1.00000,0.00000,0.00000,0.00000,1.00000,0.00000,0.00000,0.00000,1.00000,[-1 0 0; 0 1 0; 0 0 1],,,,,-0.00000,0.00000,0.00000,0.00000,0.00000,0.00000,0.00000,-0.00000,0.00000,0.00000,0.00000,0.00000,0.00000,0.00000,world,world,sum_over_filtered_pair,pair_contact_reporter_world,false,contact_material_nsc_demo,contact_material_nsc_demo,NSC,Bullet_or_fallback,body_pair:rover_body-rigid_obstacle,deterministic_contact_probe_pychrono_unavailable
collision_contact_component_demo,collision.contact_probe.v1,pair_contact_schema_v1,0.4900,196,contact.force_torque,rover_body,rigid_obstacle,moving_body,fixed_obstacle,ChBody,ChBody,body_a_body_b,body_a,0,0.36000,0.00000,0.30000,0.36000,0.00000,0.30000,0.36000,0.00000,0.30000,-1.00000,0.00000,0.00000,0.00000,1.00000,0.00000,0.00000,0.00000,1.00000,[-1 0 0; 0 1 0; 0 0 1],,,,,-0.00000,0.00000,0.00000,0.00000,0.00000,0.00000,0.00000,-0.00000,0.00000,0.00000,0.00000,0.00000,0.00000,0.00000,world,world,sum_over_filtered_pair,pair_contact_reporter_world,false,contact_material_nsc_demo,contact_material_nsc_demo,NSC,Bullet_or_fallback,body_pair:rover_body-rigid_obstacle,deterministic_contact_probe_pychrono_unavailable
collision_contact_component_demo,collision.contact_probe.v1,pair_contact_schema_v1,0.4925,197,contact.force_torque,rover_body,rigid_obstacle,moving_body,fixed_obstacle,ChBody,ChBody,body_a_body_b,body_a,0,0.36000,0.00000,0.30000,0.36000,0.00000,0.30000,0.36000,0.00000,0.30000,-1.00000,0.00000,0.00000,0.00000,1.00000,0.00000,0.00000,0.00000,1.00000,[-1 0 0; 0 1 0; 0 0 1],,,,,-0.00000,0.00000,0.00000,0.00000,0.00000,0.00000,0.00000,-0.00000,0.00000,0.00000,0.00000,0.00000,0.00000,0.00000,world,world,sum_over_filtered_pair,pair_contact_reporter_world,false,contact_material_nsc_demo,contact_material_nsc_demo,NSC,Bullet_or_fallback,body_pair:rover_body-rigid_obstacle,deterministic_contact_probe_pychrono_unavailable
collision_contact_component_demo,collision.contact_probe.v1,pair_contact_schema_v1,0.4950,198,contact.force_torque,rover_body,rigid_obstacle,moving_body,fixed_obstacle,ChBody,ChBody,body_a_body_b,body_a,0,0.36000,0.00000,0.30000,0.36000,0.00000,0.30000,0.36000,0.00000,0.30000,-1.00000,0.00000,0.00000,0.00000,1.00000,0.00000,0.00000,0.00000,1.00000,[-1 0 0; 0 1 0; 0 0 1],,,,,-0.00000,0.00000,0.00000,0.00000,0.00000,0.00000,0.00000,-0.00000,0.00000,0.00000,0.00000,0.00000,0.00000,0.00000,world,world,sum_over_filtered_pair,pair_contact_reporter_world,false,contact_material_nsc_demo,contact_material_nsc_demo,NSC,Bullet_or_fallback,body_pair:rover_body-rigid_obstacle,deterministic_contact_probe_pychrono_unavailable
collision_contact_component_demo,collision.contact_probe.v1,pair_contact_schema_v1,0.4975,199,contact.force_torque,rover_body,rigid_obstacle,moving_body,fixed_obstacle,ChBody,ChBody,body_a_body_b,body_a,0,0.36000,0.00000,0.30000,0.36000,0.00000,0.30000,0.36000,0.00000,0.30000,-1.00000,0.00000,0.00000,0.00000,1.00000,0.00000,0.00000,0.00000,1.00000,[-1 0 0; 0 1 0; 0 0 1],,,,,-0.00000,0.00000,0.00000,0.00000,0.00000,0.00000,0.00000,-0.00000,0.00000,0.00000,0.00000,0.00000,0.00000,0.00000,world,world,sum_over_filtered_pair,pair_contact_reporter_world,false,contact_material_nsc_demo,contact_material_nsc_demo,NSC,Bullet_or_fallback,body_pair:rover_body-rigid_obstacle,deterministic_contact_probe_pychrono_unavailable
collision_contact_component_demo,collision.contact_probe.v1,pair_contact_schema_v1,0.5000,200,contact.force_torque,rover_body,rigid_obstacle,moving_body,fixed_obstacle,ChBody,ChBody,body_a_body_b,body_a,0,0.36000,0.00000,0.30000,0.36000,0.00000,0.30000,0.36000,0.00000,0.30000,-1.00000,0.00000,0.00000,0.00000,1.00000,0.00000,0.00000,0.00000,1.00000,[-1 0 0; 0 1 0; 0 0 1],,,,,-0.00000,0.00000,0.00000,0.00000,0.00000,0.00000,0.00000,-0.00000,0.00000,0.00000,0.00000,0.00000,0.00000,0.00000,world,world,sum_over_filtered_pair,pair_contact_reporter_world,false,contact_material_nsc_demo,contact_material_nsc_demo,NSC,Bullet_or_fallback,body_pair:rover_body-rigid_obstacle,deterministic_contact_probe_pychrono_unavailable
collision_contact_component_demo,collision.contact_probe.v1,pair_contact_schema_v1,0.5025,201,contact.force_torque,rover_body,rigid_obstacle,moving_body,fixed_obstacle,ChBody,ChBody,body_a_body_b,body_a,0,0.36000,0.00000,0.30000,0.36000,0.00000,0.30000,0.36000,0.00000,0.30000,-1.00000,0.00000,0.00000,0.00000,1.00000,0.00000,0.00000,0.00000,1.00000,[-1 0 0; 0 1 0; 0 0 1],,,,,-0.00000,0.00000,0.00000,0.00000,0.00000,0.00000,0.00000,-0.00000,0.00000,0.00000,0.00000,0.00000,0.00000,0.00000,world,world,sum_over_filtered_pair,pair_contact_reporter_world,false,contact_material_nsc_demo,contact_material_nsc_demo,NSC,Bullet_or_fallback,body_pair:rover_body-rigid_obstacle,deterministic_contact_probe_pychrono_unavailable
collision_contact_component_demo,collision.contact_probe.v1,pair_contact_schema_v1,0.5050,202,contact.force_torque,rover_body,rigid_obstacle,moving_body,fixed_obstacle,ChBody,ChBody,body_a_body_b,body_a,0,0.36000,0.00000,0.30000,0.36000,0.00000,0.30000,0.36000,0.00000,0.30000,-1.00000,0.00000,0.00000,0.00000,1.00000,0.00000,0.00000,0.00000,1.00000,[-1 0 0; 0 1 0; 0 0 1],,,,,-0.00000,0.00000,0.00000,0.00000,0.00000,0.00000,0.00000,-0.00000,0.00000,0.00000,0.00000,0.00000,0.00000,0.00000,world,world,sum_over_filtered_pair,pair_contact_reporter_world,false,contact_material_nsc_demo,contact_material_nsc_demo,NSC,Bullet_or_fallback,body_pair:rover_body-rigid_obstacle,deterministic_contact_probe_pychrono_unavailable
collision_contact_component_demo,collision.contact_probe.v1,pair_contact_schema_v1,0.5075,203,contact.force_torque,rover_body,rigid_obstacle,moving_body,fixed_obstacle,ChBody,ChBody,body_a_body_b,body_a,0,0.36000,0.00000,0.30000,0.36000,0.00000,0.30000,0.36000,0.00000,0.30000,-1.00000,0.00000,0.00000,0.00000,1.00000,0.00000,0.00000,0.00000,1.00000,[-1 0 0; 0 1 0; 0 0 1],,,,,-0.00000,0.00000,0.00000,0.00000,0.00000,0.00000,0.00000,-0.00000,0.00000,0.00000,0.00000,0.00000,0.00000,0.00000,world,world,sum_over_filtered_pair,pair_contact_reporter_world,false,contact_material_nsc_demo,contact_material_nsc_demo,NSC,Bullet_or_fallback,body_pair:rover_body-rigid_obstacle,deterministic_contact_probe_pychrono_unavailable
collision_contact_component_demo,collision.contact_probe.v1,pair_contact_schema_v1,0.5100,204,contact.force_torque,rover_body,rigid_obstacle,moving_body,fixed_obstacle,ChBody,ChBody,body_a_body_b,body_a,0,0.36000,0.00000,0.30000,0.36000,0.00000,0.30000,0.36000,0.00000,0.30000,-1.00000,0.00000,0.00000,0.00000,1.00000,0.00000,0.00000,0.00000,1.00000,[-1 0 0; 0 1 0; 0 0 1],,,,,-0.00000,0.00000,0.00000,0.00000,0.00000,0.00000,0.00000,-0.00000,0.00000,0.00000,0.00000,0.00000,0.00000,0.00000,world,world,sum_over_filtered_pair,pair_contact_reporter_world,false,contact_material_nsc_demo,contact_material_nsc_demo,NSC,Bullet_or_fallback,body_pair:rover_body-rigid_obstacle,deterministic_contact_probe_pychrono_unavailable
collision_contact_component_demo,collision.contact_probe.v1,pair_contact_schema_v1,0.5125,205,contact.force_torque,rover_body,rigid_obstacle,moving_body,fixed_obstacle,ChBody,ChBody,body_a_body_b,body_a,0,0.36000,0.00000,0.30000,0.36000,0.00000,0.30000,0.36000,0.00000,0.30000,-1.00000,0.00000,0.00000,0.00000,1.00000,0.00000,0.00000,0.00000,1.00000,[-1 0 0; 0 1 0; 0 0 1],,,,,-0.00000,0.00000,0.00000,0.00000,0.00000,0.00000,0.00000,-0.00000,0.00000,0.00000,0.00000,0.00000,0.00000,0.00000,world,world,sum_over_filtered_pair,pair_contact_reporter_world,false,contact_material_nsc_demo,contact_material_nsc_demo,NSC,Bullet_or_fallback,body_pair:rover_body-rigid_obstacle,deterministic_contact_probe_pychrono_unavailable
collision_contact_component_demo,collision.contact_probe.v1,pair_contact_schema_v1,0.5150,206,contact.force_torque,rover_body,rigid_obstacle,moving_body,fixed_obstacle,ChBody,ChBody,body_a_body_b,body_a,0,0.36000,0.00000,0.30000,0.36000,0.00000,0.30000,0.36000,0.00000,0.30000,-1.00000,0.00000,0.00000,0.00000,1.00000,0.00000,0.00000,0.00000,1.00000,[-1 0 0; 0 1 0; 0 0 1],,,,,-0.00000,0.00000,0.00000,0.00000,0.00000,0.00000,0.00000,-0.00000,0.00000,0.00000,0.00000,0.00000,0.00000,0.00000,world,world,sum_over_filtered_pair,pair_contact_reporter_world,false,contact_material_nsc_demo,contact_material_nsc_demo,NSC,Bullet_or_fallback,body_pair:rover_body-rigid_obstacle,deterministic_contact_probe_pychrono_unavailable
collision_contact_component_demo,collision.contact_probe.v1,pair_contact_schema_v1,0.5175,207,contact.force_torque,rover_body,rigid_obstacle,moving_body,fixed_obstacle,ChBody,ChBody,body_a_body_b,body_a,0,0.36000,0.00000,0.30000,0.36000,0.00000,0.30000,0.36000,0.00000,0.30000,-1.00000,0.00000,0.00000,0.00000,1.00000,0.00000,0.00000,0.00000,1.00000,[-1 0 0; 0 1 0; 0 0 1],,,,,-0.00000,0.00000,0.00000,0.00000,0.00000,0.00000,0.00000,-0.00000,0.00000,0.00000,0.00000,0.00000,0.00000,0.00000,world,world,sum_over_filtered_pair,pair_contact_reporter_world,false,contact_material_nsc_demo,contact_material_nsc_demo,NSC,Bullet_or_fallback,body_pair:rover_body-rigid_obstacle,deterministic_contact_probe_pychrono_unavailable
collision_contact_component_demo,collision.contact_probe.v1,pair_contact_schema_v1,0.5200,208,contact.force_torque,rover_body,rigid_obstacle,moving_body,fixed_obstacle,ChBody,ChBody,body_a_body_b,body_a,0,0.36000,0.00000,0.30000,0.36000,0.00000,0.30000,0.36000,0.00000,0.30000,-1.00000,0.00000,0.00000,0.00000,1.00000,0.00000,0.00000,0.00000,1.00000,[-1 0 0; 0 1 0; 0 0 1],,,,,-0.00000,0.00000,0.00000,0.00000,0.00000,0.00000,0.00000,-0.00000,0.00000,0.00000,0.00000,0.00000,0.00000,0.00000,world,world,sum_over_filtered_pair,pair_contact_reporter_world,false,contact_material_nsc_demo,contact_material_nsc_demo,NSC,Bullet_or_fallback,body_pair:rover_body-rigid_obstacle,deterministic_contact_probe_pychrono_unavailable
collision_contact_component_demo,collision.contact_probe.v1,pair_contact_schema_v1,0.5225,209,contact.force_torque,rover_body,rigid_obstacle,moving_body,fixed_obstacle,ChBody,ChBody,body_a_body_b,body_a,0,0.36000,0.00000,0.30000,0.36000,0.00000,0.30000,0.36000,0.00000,0.30000,-1.00000,0.00000,0.00000,0.00000,1.00000,0.00000,0.00000,0.00000,1.00000,[-1 0 0; 0 1 0; 0 0 1],,,,,-0.00000,0.00000,0.00000,0.00000,0.00000,0.00000,0.00000,-0.00000,0.00000,0.00000,0.00000,0.00000,0.00000,0.00000,world,world,sum_over_filtered_pair,pair_contact_reporter_world,false,contact_material_nsc_demo,contact_material_nsc_demo,NSC,Bullet_or_fallback,body_pair:rover_body-rigid_obstacle,deterministic_contact_probe_pychrono_unavailable
collision_contact_component_demo,collision.contact_probe.v1,pair_contact_schema_v1,0.5250,210,contact.force_torque,rover_body,rigid_obstacle,moving_body,fixed_obstacle,ChBody,ChBody,body_a_body_b,body_a,0,0.36000,0.00000,0.30000,0.36000,0.00000,0.30000,0.36000,0.00000,0.30000,-1.00000,0.00000,0.00000,0.00000,1.00000,0.00000,0.00000,0.00000,1.00000,[-1 0 0; 0 1 0; 0 0 1],,,,,-0.00000,0.00000,0.00000,0.00000,0.00000,0.00000,0.00000,-0.00000,0.00000,0.00000,0.00000,0.00000,0.00000,0.00000,world,world,sum_over_filtered_pair,pair_contact_reporter_world,false,contact_material_nsc_demo,contact_material_nsc_demo,NSC,Bullet_or_fallback,body_pair:rover_body-rigid_obstacle,deterministic_contact_probe_pychrono_unavailable
collision_contact_component_demo,collision.contact_probe.v1,pair_contact_schema_v1,0.5275,211,contact.force_torque,rover_body,rigid_obstacle,moving_body,fixed_obstacle,ChBody,ChBody,body_a_body_b,body_a,0,0.36000,0.00000,0.30000,0.36000,0.00000,0.30000,0.36000,0.00000,0.30000,-1.00000,0.00000,0.00000,0.00000,1.00000,0.00000,0.00000,0.00000,1.00000,[-1 0 0; 0 1 0; 0 0 1],,,,,-0.00000,0.00000,0.00000,0.00000,0.00000,0.00000,0.00000,-0.00000,0.00000,0.00000,0.00000,0.00000,0.00000,0.00000,world,world,sum_over_filtered_pair,pair_contact_reporter_world,false,contact_material_nsc_demo,contact_material_nsc_demo,NSC,Bullet_or_fallback,body_pair:rover_body-rigid_obstacle,deterministic_contact_probe_pychrono_unavailable
collision_contact_component_demo,collision.contact_probe.v1,pair_contact_schema_v1,0.5300,212,contact.force_torque,rover_body,rigid_obstacle,moving_body,fixed_obstacle,ChBody,ChBody,body_a_body_b,body_a,0,0.36000,0.00000,0.30000,0.36000,0.00000,0.30000,0.36000,0.00000,0.30000,-1.00000,0.00000,0.00000,0.00000,1.00000,0.00000,0.00000,0.00000,1.00000,[-1 0 0; 0 1 0; 0 0 1],,,,,-0.00000,0.00000,0.00000,0.00000,0.00000,0.00000,0.00000,-0.00000,0.00000,0.00000,0.00000,0.00000,0.00000,0.00000,world,world,sum_over_filtered_pair,pair_contact_reporter_world,false,contact_material_nsc_demo,contact_material_nsc_demo,NSC,Bullet_or_fallback,body_pair:rover_body-rigid_obstacle,deterministic_contact_probe_pychrono_unavailable
collision_contact_component_demo,collision.contact_probe.v1,pair_contact_schema_v1,0.5325,213,contact.force_torque,rover_body,rigid_obstacle,moving_body,fixed_obstacle,ChBody,ChBody,body_a_body_b,body_a,0,0.36000,0.00000,0.30000,0.36000,0.00000,0.30000,0.36000,0.00000,0.30000,-1.00000,0.00000,0.00000,0.00000,1.00000,0.00000,0.00000,0.00000,1.00000,[-1 0 0; 0 1 0; 0 0 1],,,,,-0.00000,0.00000,0.00000,0.00000,0.00000,0.00000,0.00000,-0.00000,0.00000,0.00000,0.00000,0.00000,0.00000,0.00000,world,world,sum_over_filtered_pair,pair_contact_reporter_world,false,contact_material_nsc_demo,contact_material_nsc_demo,NSC,Bullet_or_fallback,body_pair:rover_body-rigid_obstacle,deterministic_contact_probe_pychrono_unavailable
collision_contact_component_demo,collision.contact_probe.v1,pair_contact_schema_v1,0.5350,214,contact.force_torque,rover_body,rigid_obstacle,moving_body,fixed_obstacle,ChBody,ChBody,body_a_body_b,body_a,0,0.36000,0.00000,0.30000,0.36000,0.00000,0.30000,0.36000,0.00000,0.30000,-1.00000,0.00000,0.00000,0.00000,1.00000,0.00000,0.00000,0.00000,1.00000,[-1 0 0; 0 1 0; 0 0 1],,,,,-0.00000,0.00000,0.00000,0.00000,0.00000,0.00000,0.00000,-0.00000,0.00000,0.00000,0.00000,0.00000,0.00000,0.00000,world,world,sum_over_filtered_pair,pair_contact_reporter_world,false,contact_material_nsc_demo,contact_material_nsc_demo,NSC,Bullet_or_fallback,body_pair:rover_body-rigid_obstacle,deterministic_contact_probe_pychrono_unavailable
collision_contact_component_demo,collision.contact_probe.v1,pair_contact_schema_v1,0.5375,215,contact.force_torque,rover_body,rigid_obstacle,moving_body,fixed_obstacle,ChBody,ChBody,body_a_body_b,body_a,0,0.36000,0.00000,0.30000,0.36000,0.00000,0.30000,0.36000,0.00000,0.30000,-1.00000,0.00000,0.00000,0.00000,1.00000,0.00000,0.00000,0.00000,1.00000,[-1 0 0; 0 1 0; 0 0 1],,,,,-0.00000,0.00000,0.00000,0.00000,0.00000,0.00000,0.00000,-0.00000,0.00000,0.00000,0.00000,0.00000,0.00000,0.00000,world,world,sum_over_filtered_pair,pair_contact_reporter_world,false,contact_material_nsc_demo,contact_material_nsc_demo,NSC,Bullet_or_fallback,body_pair:rover_body-rigid_obstacle,deterministic_contact_probe_pychrono_unavailable
collision_contact_component_demo,collision.contact_probe.v1,pair_contact_schema_v1,0.5400,216,contact.force_torque,rover_body,rigid_obstacle,moving_body,fixed_obstacle,ChBody,ChBody,body_a_body_b,body_a,0,0.36000,0.00000,0.30000,0.36000,0.00000,0.30000,0.36000,0.00000,0.30000,-1.00000,0.00000,0.00000,0.00000,1.00000,0.00000,0.00000,0.00000,1.00000,[-1 0 0; 0 1 0; 0 0 1],,,,,-0.00000,0.00000,0.00000,0.00000,0.00000,0.00000,0.00000,-0.00000,0.00000,0.00000,0.00000,0.00000,0.00000,0.00000,world,world,sum_over_filtered_pair,pair_contact_reporter_world,false,contact_material_nsc_demo,contact_material_nsc_demo,NSC,Bullet_or_fallback,body_pair:rover_body-rigid_obstacle,deterministic_contact_probe_pychrono_unavailable
collision_contact_component_demo,collision.contact_probe.v1,pair_contact_schema_v1,0.5425,217,contact.force_torque,rover_body,rigid_obstacle,moving_body,fixed_obstacle,ChBody,ChBody,body_a_body_b,body_a,0,0.36000,0.00000,0.30000,0.36000,0.00000,0.30000,0.36000,0.00000,0.30000,-1.00000,0.00000,0.00000,0.00000,1.00000,0.00000,0.00000,0.00000,1.00000,[-1 0 0; 0 1 0; 0 0 1],,,,,-0.00000,0.00000,0.00000,0.00000,0.00000,0.00000,0.00000,-0.00000,0.00000,0.00000,0.00000,0.00000,0.00000,0.00000,world,world,sum_over_filtered_pair,pair_contact_reporter_world,false,contact_material_nsc_demo,contact_material_nsc_demo,NSC,Bullet_or_fallback,body_pair:rover_body-rigid_obstacle,deterministic_contact_probe_pychrono_unavailable
collision_contact_component_demo,collision.contact_probe.v1,pair_contact_schema_v1,0.5450,218,contact.force_torque,rover_body,rigid_obstacle,moving_body,fixed_obstacle,ChBody,ChBody,body_a_body_b,body_a,0,0.36000,0.00000,0.30000,0.36000,0.00000,0.30000,0.36000,0.00000,0.30000,-1.00000,0.00000,0.00000,0.00000,1.00000,0.00000,0.00000,0.00000,1.00000,[-1 0 0; 0 1 0; 0 0 1],,,,,-0.00000,0.00000,0.00000,0.00000,0.00000,0.00000,0.00000,-0.00000,0.00000,0.00000,0.00000,0.00000,0.00000,0.00000,world,world,sum_over_filtered_pair,pair_contact_reporter_world,false,contact_material_nsc_demo,contact_material_nsc_demo,NSC,Bullet_or_fallback,body_pair:rover_body-rigid_obstacle,deterministic_contact_probe_pychrono_unavailable
collision_contact_component_demo,collision.contact_probe.v1,pair_contact_schema_v1,0.5475,219,contact.force_torque,rover_body,rigid_obstacle,moving_body,fixed_obstacle,ChBody,ChBody,body_a_body_b,body_a,0,0.36000,0.00000,0.30000,0.36000,0.00000,0.30000,0.36000,0.00000,0.30000,-1.00000,0.00000,0.00000,0.00000,1.00000,0.00000,0.00000,0.00000,1.00000,[-1 0 0; 0 1 0; 0 0 1],,,,,-0.00000,0.00000,0.00000,0.00000,0.00000,0.00000,0.00000,-0.00000,0.00000,0.00000,0.00000,0.00000,0.00000,0.00000,world,world,sum_over_filtered_pair,pair_contact_reporter_world,false,contact_material_nsc_demo,contact_material_nsc_demo,NSC,Bullet_or_fallback,body_pair:rover_body-rigid_obstacle,deterministic_contact_probe_pychrono_unavailable
collision_contact_component_demo,collision.contact_probe.v1,pair_contact_schema_v1,0.5500,220,contact.force_torque,rover_body,rigid_obstacle,moving_body,fixed_obstacle,ChBody,ChBody,body_a_body_b,body_a,0,0.36000,0.00000,0.30000,0.36000,0.00000,0.30000,0.36000,0.00000,0.30000,-1.00000,0.00000,0.00000,0.00000,1.00000,0.00000,0.00000,0.00000,1.00000,[-1 0 0; 0 1 0; 0 0 1],,,,,-0.00000,0.00000,0.00000,0.00000,0.00000,0.00000,0.00000,-0.00000,0.00000,0.00000,0.00000,0.00000,0.00000,0.00000,world,world,sum_over_filtered_pair,pair_contact_reporter_world,false,contact_material_nsc_demo,contact_material_nsc_demo,NSC,Bullet_or_fallback,body_pair:rover_body-rigid_obstacle,deterministic_contact_probe_pychrono_unavailable
collision_contact_component_demo,collision.contact_probe.v1,pair_contact_schema_v1,0.5525,221,contact.force_torque,rover_body,rigid_obstacle,moving_body,fixed_obstacle,ChBody,ChBody,body_a_body_b,body_a,0,0.36000,0.00000,0.30000,0.36000,0.00000,0.30000,0.36000,0.00000,0.30000,-1.00000,0.00000,0.00000,0.00000,1.00000,0.00000,0.00000,0.00000,1.00000,[-1 0 0; 0 1 0; 0 0 1],,,,,-0.00000,0.00000,0.00000,0.00000,0.00000,0.00000,0.00000,-0.00000,0.00000,0.00000,0.00000,0.00000,0.00000,0.00000,world,world,sum_over_filtered_pair,pair_contact_reporter_world,false,contact_material_nsc_demo,contact_material_nsc_demo,NSC,Bullet_or_fallback,body_pair:rover_body-rigid_obstacle,deterministic_contact_probe_pychrono_unavailable
collision_contact_component_demo,collision.contact_probe.v1,pair_contact_schema_v1,0.5550,222,contact.force_torque,rover_body,rigid_obstacle,moving_body,fixed_obstacle,ChBody,ChBody,body_a_body_b,body_a,0,0.36000,0.00000,0.30000,0.36000,0.00000,0.30000,0.36000,0.00000,0.30000,-1.00000,0.00000,0.00000,0.00000,1.00000,0.00000,0.00000,0.00000,1.00000,[-1 0 0; 0 1 0; 0 0 1],,,,,-0.00000,0.00000,0.00000,0.00000,0.00000,0.00000,0.00000,-0.00000,0.00000,0.00000,0.00000,0.00000,0.00000,0.00000,world,world,sum_over_filtered_pair,pair_contact_reporter_world,false,contact_material_nsc_demo,contact_material_nsc_demo,NSC,Bullet_or_fallback,body_pair:rover_body-rigid_obstacle,deterministic_contact_probe_pychrono_unavailable
collision_contact_component_demo,collision.contact_probe.v1,pair_contact_schema_v1,0.5575,223,contact.force_torque,rover_body,rigid_obstacle,moving_body,fixed_obstacle,ChBody,ChBody,body_a_body_b,body_a,0,0.36000,0.00000,0.30000,0.36000,0.00000,0.30000,0.36000,0.00000,0.30000,-1.00000,0.00000,0.00000,0.00000,1.00000,0.00000,0.00000,0.00000,1.00000,[-1 0 0; 0 1 0; 0 0 1],,,,,-0.00000,0.00000,0.00000,0.00000,0.00000,0.00000,0.00000,-0.00000,0.00000,0.00000,0.00000,0.00000,0.00000,0.00000,world,world,sum_over_filtered_pair,pair_contact_reporter_world,false,contact_material_nsc_demo,contact_material_nsc_demo,NSC,Bullet_or_fallback,body_pair:rover_body-rigid_obstacle,deterministic_contact_probe_pychrono_unavailable
collision_contact_component_demo,collision.contact_probe.v1,pair_contact_schema_v1,0.5600,224,contact.force_torque,rover_body,rigid_obstacle,moving_body,fixed_obstacle,ChBody,ChBody,body_a_body_b,body_a,0,0.36000,0.00000,0.30000,0.36000,0.00000,0.30000,0.36000,0.00000,0.30000,-1.00000,0.00000,0.00000,0.00000,1.00000,0.00000,0.00000,0.00000,1.00000,[-1 0 0; 0 1 0; 0 0 1],,,,,-0.00000,0.00000,0.00000,0.00000,0.00000,0.00000,0.00000,-0.00000,0.00000,0.00000,0.00000,0.00000,0.00000,0.00000,world,world,sum_over_filtered_pair,pair_contact_reporter_world,false,contact_material_nsc_demo,contact_material_nsc_demo,NSC,Bullet_or_fallback,body_pair:rover_body-rigid_obstacle,deterministic_contact_probe_pychrono_unavailable
collision_contact_component_demo,collision.contact_probe.v1,pair_contact_schema_v1,0.5625,225,contact.force_torque,rover_body,rigid_obstacle,moving_body,fixed_obstacle,ChBody,ChBody,body_a_body_b,body_a,0,0.36000,0.00000,0.30000,0.36000,0.00000,0.30000,0.36000,0.00000,0.30000,-1.00000,0.00000,0.00000,0.00000,1.00000,0.00000,0.00000,0.00000,1.00000,[-1 0 0; 0 1 0; 0 0 1],,,,,-0.00000,0.00000,0.00000,0.00000,0.00000,0.00000,0.00000,-0.00000,0.00000,0.00000,0.00000,0.00000,0.00000,0.00000,world,world,sum_over_filtered_pair,pair_contact_reporter_world,false,contact_material_nsc_demo,contact_material_nsc_demo,NSC,Bullet_or_fallback,body_pair:rover_body-rigid_obstacle,deterministic_contact_probe_pychrono_unavailable
collision_contact_component_demo,collision.contact_probe.v1,pair_contact_schema_v1,0.5650,226,contact.force_torque,rover_body,rigid_obstacle,moving_body,fixed_obstacle,ChBody,ChBody,body_a_body_b,body_a,0,0.36000,0.00000,0.30000,0.36000,0.00000,0.30000,0.36000,0.00000,0.30000,-1.00000,0.00000,0.00000,0.00000,1.00000,0.00000,0.00000,0.00000,1.00000,[-1 0 0; 0 1 0; 0 0 1],,,,,-0.00000,0.00000,0.00000,0.00000,0.00000,0.00000,0.00000,-0.00000,0.00000,0.00000,0.00000,0.00000,0.00000,0.00000,world,world,sum_over_filtered_pair,pair_contact_reporter_world,false,contact_material_nsc_demo,contact_material_nsc_demo,NSC,Bullet_or_fallback,body_pair:rover_body-rigid_obstacle,deterministic_contact_probe_pychrono_unavailable
collision_contact_component_demo,collision.contact_probe.v1,pair_contact_schema_v1,0.5675,227,contact.force_torque,rover_body,rigid_obstacle,moving_body,fixed_obstacle,ChBody,ChBody,body_a_body_b,body_a,0,0.36000,0.00000,0.30000,0.36000,0.00000,0.30000,0.36000,0.00000,0.30000,-1.00000,0.00000,0.00000,0.00000,1.00000,0.00000,0.00000,0.00000,1.00000,[-1 0 0; 0 1 0; 0 0 1],,,,,-0.00000,0.00000,0.00000,0.00000,0.00000,0.00000,0.00000,-0.00000,0.00000,0.00000,0.00000,0.00000,0.00000,0.00000,world,world,sum_over_filtered_pair,pair_contact_reporter_world,false,contact_material_nsc_demo,contact_material_nsc_demo,NSC,Bullet_or_fallback,body_pair:rover_body-rigid_obstacle,deterministic_contact_probe_pychrono_unavailable
collision_contact_component_demo,collision.contact_probe.v1,pair_contact_schema_v1,0.5700,228,contact.force_torque,rover_body,rigid_obstacle,moving_body,fixed_obstacle,ChBody,ChBody,body_a_body_b,body_a,0,0.36000,0.00000,0.30000,0.36000,0.00000,0.30000,0.36000,0.00000,0.30000,-1.00000,0.00000,0.00000,0.00000,1.00000,0.00000,0.00000,0.00000,1.00000,[-1 0 0; 0 1 0; 0 0 1],,,,,-0.00000,0.00000,0.00000,0.00000,0.00000,0.00000,0.00000,-0.00000,0.00000,0.00000,0.00000,0.00000,0.00000,0.00000,world,world,sum_over_filtered_pair,pair_contact_reporter_world,false,contact_material_nsc_demo,contact_material_nsc_demo,NSC,Bullet_or_fallback,body_pair:rover_body-rigid_obstacle,deterministic_contact_probe_pychrono_unavailable
collision_contact_component_demo,collision.contact_probe.v1,pair_contact_schema_v1,0.5725,229,contact.force_torque,rover_body,rigid_obstacle,moving_body,fixed_obstacle,ChBody,ChBody,body_a_body_b,body_a,0,0.36000,0.00000,0.30000,0.36000,0.00000,0.30000,0.36000,0.00000,0.30000,-1.00000,0.00000,0.00000,0.00000,1.00000,0.00000,0.00000,0.00000,1.00000,[-1 0 0; 0 1 0; 0 0 1],,,,,-0.00000,0.00000,0.00000,0.00000,0.00000,0.00000,0.00000,-0.00000,0.00000,0.00000,0.00000,0.00000,0.00000,0.00000,world,world,sum_over_filtered_pair,pair_contact_reporter_world,false,contact_material_nsc_demo,contact_material_nsc_demo,NSC,Bullet_or_fallback,body_pair:rover_body-rigid_obstacle,deterministic_contact_probe_pychrono_unavailable
collision_contact_component_demo,collision.contact_probe.v1,pair_contact_schema_v1,0.5750,230,contact.force_torque,rover_body,rigid_obstacle,moving_body,fixed_obstacle,ChBody,ChBody,body_a_body_b,body_a,0,0.36000,0.00000,0.30000,0.36000,0.00000,0.30000,0.36000,0.00000,0.30000,-1.00000,0.00000,0.00000,0.00000,1.00000,0.00000,0.00000,0.00000,1.00000,[-1 0 0; 0 1 0; 0 0 1],,,,,-0.00000,0.00000,0.00000,0.00000,0.00000,0.00000,0.00000,-0.00000,0.00000,0.00000,0.00000,0.00000,0.00000,0.00000,world,world,sum_over_filtered_pair,pair_contact_reporter_world,false,contact_material_nsc_demo,contact_material_nsc_demo,NSC,Bullet_or_fallback,body_pair:rover_body-rigid_obstacle,deterministic_contact_probe_pychrono_unavailable
collision_contact_component_demo,collision.contact_probe.v1,pair_contact_schema_v1,0.5775,231,contact.force_torque,rover_body,rigid_obstacle,moving_body,fixed_obstacle,ChBody,ChBody,body_a_body_b,body_a,0,0.36000,0.00000,0.30000,0.36000,0.00000,0.30000,0.36000,0.00000,0.30000,-1.00000,0.00000,0.00000,0.00000,1.00000,0.00000,0.00000,0.00000,1.00000,[-1 0 0; 0 1 0; 0 0 1],,,,,-0.00000,0.00000,0.00000,0.00000,0.00000,0.00000,0.00000,-0.00000,0.00000,0.00000,0.00000,0.00000,0.00000,0.00000,world,world,sum_over_filtered_pair,pair_contact_reporter_world,false,contact_material_nsc_demo,contact_material_nsc_demo,NSC,Bullet_or_fallback,body_pair:rover_body-rigid_obstacle,deterministic_contact_probe_pychrono_unavailable
collision_contact_component_demo,collision.contact_probe.v1,pair_contact_schema_v1,0.5800,232,contact.force_torque,rover_body,rigid_obstacle,moving_body,fixed_obstacle,ChBody,ChBody,body_a_body_b,body_a,0,0.36000,0.00000,0.30000,0.36000,0.00000,0.30000,0.36000,0.00000,0.30000,-1.00000,0.00000,0.00000,0.00000,1.00000,0.00000,0.00000,0.00000,1.00000,[-1 0 0; 0 1 0; 0 0 1],,,,,-0.00000,0.00000,0.00000,0.00000,0.00000,0.00000,0.00000,-0.00000,0.00000,0.00000,0.00000,0.00000,0.00000,0.00000,world,world,sum_over_filtered_pair,pair_contact_reporter_world,false,contact_material_nsc_demo,contact_material_nsc_demo,NSC,Bullet_or_fallback,body_pair:rover_body-rigid_obstacle,deterministic_contact_probe_pychrono_unavailable
collision_contact_component_demo,collision.contact_probe.v1,pair_contact_schema_v1,0.5825,233,contact.force_torque,rover_body,rigid_obstacle,moving_body,fixed_obstacle,ChBody,ChBody,body_a_body_b,body_a,0,0.36000,0.00000,0.30000,0.36000,0.00000,0.30000,0.36000,0.00000,0.30000,-1.00000,0.00000,0.00000,0.00000,1.00000,0.00000,0.00000,0.00000,1.00000,[-1 0 0; 0 1 0; 0 0 1],,,,,-0.00000,0.00000,0.00000,0.00000,0.00000,0.00000,0.00000,-0.00000,0.00000,0.00000,0.00000,0.00000,0.00000,0.00000,world,world,sum_over_filtered_pair,pair_contact_reporter_world,false,contact_material_nsc_demo,contact_material_nsc_demo,NSC,Bullet_or_fallback,body_pair:rover_body-rigid_obstacle,deterministic_contact_probe_pychrono_unavailable
collision_contact_component_demo,collision.contact_probe.v1,pair_contact_schema_v1,0.5850,234,contact.force_torque,rover_body,rigid_obstacle,moving_body,fixed_obstacle,ChBody,ChBody,body_a_body_b,body_a,0,0.36000,0.00000,0.30000,0.36000,0.00000,0.30000,0.36000,0.00000,0.30000,-1.00000,0.00000,0.00000,0.00000,1.00000,0.00000,0.00000,0.00000,1.00000,[-1 0 0; 0 1 0; 0 0 1],,,,,-0.00000,0.00000,0.00000,0.00000,0.00000,0.00000,0.00000,-0.00000,0.00000,0.00000,0.00000,0.00000,0.00000,0.00000,world,world,sum_over_filtered_pair,pair_contact_reporter_world,false,contact_material_nsc_demo,contact_material_nsc_demo,NSC,Bullet_or_fallback,body_pair:rover_body-rigid_obstacle,deterministic_contact_probe_pychrono_unavailable
collision_contact_component_demo,collision.contact_probe.v1,pair_contact_schema_v1,0.5875,235,contact.force_torque,rover_body,rigid_obstacle,moving_body,fixed_obstacle,ChBody,ChBody,body_a_body_b,body_a,0,0.36000,0.00000,0.30000,0.36000,0.00000,0.30000,0.36000,0.00000,0.30000,-1.00000,0.00000,0.00000,0.00000,1.00000,0.00000,0.00000,0.00000,1.00000,[-1 0 0; 0 1 0; 0 0 1],,,,,-0.00000,0.00000,0.00000,0.00000,0.00000,0.00000,0.00000,-0.00000,0.00000,0.00000,0.00000,0.00000,0.00000,0.00000,world,world,sum_over_filtered_pair,pair_contact_reporter_world,false,contact_material_nsc_demo,contact_material_nsc_demo,NSC,Bullet_or_fallback,body_pair:rover_body-rigid_obstacle,deterministic_contact_probe_pychrono_unavailable
collision_contact_component_demo,collision.contact_probe.v1,pair_contact_schema_v1,0.5900,236,contact.force_torque,rover_body,rigid_obstacle,moving_body,fixed_obstacle,ChBody,ChBody,body_a_body_b,body_a,0,0.36000,0.00000,0.30000,0.36000,0.00000,0.30000,0.36000,0.00000,0.30000,-1.00000,0.00000,0.00000,0.00000,1.00000,0.00000,0.00000,0.00000,1.00000,[-1 0 0; 0 1 0; 0 0 1],,,,,-0.00000,0.00000,0.00000,0.00000,0.00000,0.00000,0.00000,-0.00000,0.00000,0.00000,0.00000,0.00000,0.00000,0.00000,world,world,sum_over_filtered_pair,pair_contact_reporter_world,false,contact_material_nsc_demo,contact_material_nsc_demo,NSC,Bullet_or_fallback,body_pair:rover_body-rigid_obstacle,deterministic_contact_probe_pychrono_unavailable
collision_contact_component_demo,collision.contact_probe.v1,pair_contact_schema_v1,0.5925,237,contact.force_torque,rover_body,rigid_obstacle,moving_body,fixed_obstacle,ChBody,ChBody,body_a_body_b,body_a,0,0.36000,0.00000,0.30000,0.36000,0.00000,0.30000,0.36000,0.00000,0.30000,-1.00000,0.00000,0.00000,0.00000,1.00000,0.00000,0.00000,0.00000,1.00000,[-1 0 0; 0 1 0; 0 0 1],,,,,-0.00000,0.00000,0.00000,0.00000,0.00000,0.00000,0.00000,-0.00000,0.00000,0.00000,0.00000,0.00000,0.00000,0.00000,world,world,sum_over_filtered_pair,pair_contact_reporter_world,false,contact_material_nsc_demo,contact_material_nsc_demo,NSC,Bullet_or_fallback,body_pair:rover_body-rigid_obstacle,deterministic_contact_probe_pychrono_unavailable
collision_contact_component_demo,collision.contact_probe.v1,pair_contact_schema_v1,0.5950,238,contact.force_torque,rover_body,rigid_obstacle,moving_body,fixed_obstacle,ChBody,ChBody,body_a_body_b,body_a,0,0.36000,0.00000,0.30000,0.36000,0.00000,0.30000,0.36000,0.00000,0.30000,-1.00000,0.00000,0.00000,0.00000,1.00000,0.00000,0.00000,0.00000,1.00000,[-1 0 0; 0 1 0; 0 0 1],,,,,-0.00000,0.00000,0.00000,0.00000,0.00000,0.00000,0.00000,-0.00000,0.00000,0.00000,0.00000,0.00000,0.00000,0.00000,world,world,sum_over_filtered_pair,pair_contact_reporter_world,false,contact_material_nsc_demo,contact_material_nsc_demo,NSC,Bullet_or_fallback,body_pair:rover_body-rigid_obstacle,deterministic_contact_probe_pychrono_unavailable
collision_contact_component_demo,collision.contact_probe.v1,pair_contact_schema_v1,0.5975,239,contact.force_torque,rover_body,rigid_obstacle,moving_body,fixed_obstacle,ChBody,ChBody,body_a_body_b,body_a,0,0.36000,0.00000,0.30000,0.36000,0.00000,0.30000,0.36000,0.00000,0.30000,-1.00000,0.00000,0.00000,0.00000,1.00000,0.00000,0.00000,0.00000,1.00000,[-1 0 0; 0 1 0; 0 0 1],,,,,-0.00000,0.00000,0.00000,0.00000,0.00000,0.00000,0.00000,-0.00000,0.00000,0.00000,0.00000,0.00000,0.00000,0.00000,world,world,sum_over_filtered_pair,pair_contact_reporter_world,false,contact_material_nsc_demo,contact_material_nsc_demo,NSC,Bullet_or_fallback,body_pair:rover_body-rigid_obstacle,deterministic_contact_probe_pychrono_unavailable
collision_contact_component_demo,collision.contact_probe.v1,pair_contact_schema_v1,0.6000,240,contact.force_torque,rover_body,rigid_obstacle,moving_body,fixed_obstacle,ChBody,ChBody,body_a_body_b,body_a,0,0.36000,0.00000,0.30000,0.36000,0.00000,0.30000,0.36000,0.00000,0.30000,-1.00000,0.00000,0.00000,0.00000,1.00000,0.00000,0.00000,0.00000,1.00000,[-1 0 0; 0 1 0; 0 0 1],,,,,-0.00000,0.00000,0.00000,0.00000,0.00000,0.00000,0.00000,-0.00000,0.00000,0.00000,0.00000,0.00000,0.00000,0.00000,world,world,sum_over_filtered_pair,pair_contact_reporter_world,false,contact_material_nsc_demo,contact_material_nsc_demo,NSC,Bullet_or_fallback,body_pair:rover_body-rigid_obstacle,deterministic_contact_probe_pychrono_unavailable
collision_contact_component_demo,collision.contact_probe.v1,pair_contact_schema_v1,0.6025,241,contact.force_torque,rover_body,rigid_obstacle,moving_body,fixed_obstacle,ChBody,ChBody,body_a_body_b,body_a,0,0.36000,0.00000,0.30000,0.36000,0.00000,0.30000,0.36000,0.00000,0.30000,-1.00000,0.00000,0.00000,0.00000,1.00000,0.00000,0.00000,0.00000,1.00000,[-1 0 0; 0 1 0; 0 0 1],,,,,-0.00000,0.00000,0.00000,0.00000,0.00000,0.00000,0.00000,-0.00000,0.00000,0.00000,0.00000,0.00000,0.00000,0.00000,world,world,sum_over_filtered_pair,pair_contact_reporter_world,false,contact_material_nsc_demo,contact_material_nsc_demo,NSC,Bullet_or_fallback,body_pair:rover_body-rigid_obstacle,deterministic_contact_probe_pychrono_unavailable
collision_contact_component_demo,collision.contact_probe.v1,pair_contact_schema_v1,0.6050,242,contact.force_torque,rover_body,rigid_obstacle,moving_body,fixed_obstacle,ChBody,ChBody,body_a_body_b,body_a,0,0.36000,0.00000,0.30000,0.36000,0.00000,0.30000,0.36000,0.00000,0.30000,-1.00000,0.00000,0.00000,0.00000,1.00000,0.00000,0.00000,0.00000,1.00000,[-1 0 0; 0 1 0; 0 0 1],,,,,-0.00000,0.00000,0.00000,0.00000,0.00000,0.00000,0.00000,-0.00000,0.00000,0.00000,0.00000,0.00000,0.00000,0.00000,world,world,sum_over_filtered_pair,pair_contact_reporter_world,false,contact_material_nsc_demo,contact_material_nsc_demo,NSC,Bullet_or_fallback,body_pair:rover_body-rigid_obstacle,deterministic_contact_probe_pychrono_unavailable
collision_contact_component_demo,collision.contact_probe.v1,pair_contact_schema_v1,0.6075,243,contact.force_torque,rover_body,rigid_obstacle,moving_body,fixed_obstacle,ChBody,ChBody,body_a_body_b,body_a,0,0.36000,0.00000,0.30000,0.36000,0.00000,0.30000,0.36000,0.00000,0.30000,-1.00000,0.00000,0.00000,0.00000,1.00000,0.00000,0.00000,0.00000,1.00000,[-1 0 0; 0 1 0; 0 0 1],,,,,-0.00000,0.00000,0.00000,0.00000,0.00000,0.00000,0.00000,-0.00000,0.00000,0.00000,0.00000,0.00000,0.00000,0.00000,world,world,sum_over_filtered_pair,pair_contact_reporter_world,false,contact_material_nsc_demo,contact_material_nsc_demo,NSC,Bullet_or_fallback,body_pair:rover_body-rigid_obstacle,deterministic_contact_probe_pychrono_unavailable
collision_contact_component_demo,collision.contact_probe.v1,pair_contact_schema_v1,0.6100,244,contact.force_torque,rover_body,rigid_obstacle,moving_body,fixed_obstacle,ChBody,ChBody,body_a_body_b,body_a,0,0.36000,0.00000,0.30000,0.36000,0.00000,0.30000,0.36000,0.00000,0.30000,-1.00000,0.00000,0.00000,0.00000,1.00000,0.00000,0.00000,0.00000,1.00000,[-1 0 0; 0 1 0; 0 0 1],,,,,-0.00000,0.00000,0.00000,0.00000,0.00000,0.00000,0.00000,-0.00000,0.00000,0.00000,0.00000,0.00000,0.00000,0.00000,world,world,sum_over_filtered_pair,pair_contact_reporter_world,false,contact_material_nsc_demo,contact_material_nsc_demo,NSC,Bullet_or_fallback,body_pair:rover_body-rigid_obstacle,deterministic_contact_probe_pychrono_unavailable
collision_contact_component_demo,collision.contact_probe.v1,pair_contact_schema_v1,0.6125,245,contact.force_torque,rover_body,rigid_obstacle,moving_body,fixed_obstacle,ChBody,ChBody,body_a_body_b,body_a,0,0.36000,0.00000,0.30000,0.36000,0.00000,0.30000,0.36000,0.00000,0.30000,-1.00000,0.00000,0.00000,0.00000,1.00000,0.00000,0.00000,0.00000,1.00000,[-1 0 0; 0 1 0; 0 0 1],,,,,-0.00000,0.00000,0.00000,0.00000,0.00000,0.00000,0.00000,-0.00000,0.00000,0.00000,0.00000,0.00000,0.00000,0.00000,world,world,sum_over_filtered_pair,pair_contact_reporter_world,false,contact_material_nsc_demo,contact_material_nsc_demo,NSC,Bullet_or_fallback,body_pair:rover_body-rigid_obstacle,deterministic_contact_probe_pychrono_unavailable
collision_contact_component_demo,collision.contact_probe.v1,pair_contact_schema_v1,0.6150,246,contact.force_torque,rover_body,rigid_obstacle,moving_body,fixed_obstacle,ChBody,ChBody,body_a_body_b,body_a,0,0.36000,0.00000,0.30000,0.36000,0.00000,0.30000,0.36000,0.00000,0.30000,-1.00000,0.00000,0.00000,0.00000,1.00000,0.00000,0.00000,0.00000,1.00000,[-1 0 0; 0 1 0; 0 0 1],,,,,-0.00000,0.00000,0.00000,0.00000,0.00000,0.00000,0.00000,-0.00000,0.00000,0.00000,0.00000,0.00000,0.00000,0.00000,world,world,sum_over_filtered_pair,pair_contact_reporter_world,false,contact_material_nsc_demo,contact_material_nsc_demo,NSC,Bullet_or_fallback,body_pair:rover_body-rigid_obstacle,deterministic_contact_probe_pychrono_unavailable
collision_contact_component_demo,collision.contact_probe.v1,pair_contact_schema_v1,0.6175,247,contact.force_torque,rover_body,rigid_obstacle,moving_body,fixed_obstacle,ChBody,ChBody,body_a_body_b,body_a,0,0.36000,0.00000,0.30000,0.36000,0.00000,0.30000,0.36000,0.00000,0.30000,-1.00000,0.00000,0.00000,0.00000,1.00000,0.00000,0.00000,0.00000,1.00000,[-1 0 0; 0 1 0; 0 0 1],,,,,-0.00000,0.00000,0.00000,0.00000,0.00000,0.00000,0.00000,-0.00000,0.00000,0.00000,0.00000,0.00000,0.00000,0.00000,world,world,sum_over_filtered_pair,pair_contact_reporter_world,false,contact_material_nsc_demo,contact_material_nsc_demo,NSC,Bullet_or_fallback,body_pair:rover_body-rigid_obstacle,deterministic_contact_probe_pychrono_unavailable
collision_contact_component_demo,collision.contact_probe.v1,pair_contact_schema_v1,0.6200,248,contact.force_torque,rover_body,rigid_obstacle,moving_body,fixed_obstacle,ChBody,ChBody,body_a_body_b,body_a,0,0.36000,0.00000,0.30000,0.36000,0.00000,0.30000,0.36000,0.00000,0.30000,-1.00000,0.00000,0.00000,0.00000,1.00000,0.00000,0.00000,0.00000,1.00000,[-1 0 0; 0 1 0; 0 0 1],,,,,-0.00000,0.00000,0.00000,0.00000,0.00000,0.00000,0.00000,-0.00000,0.00000,0.00000,0.00000,0.00000,0.00000,0.00000,world,world,sum_over_filtered_pair,pair_contact_reporter_world,false,contact_material_nsc_demo,contact_material_nsc_demo,NSC,Bullet_or_fallback,body_pair:rover_body-rigid_obstacle,deterministic_contact_probe_pychrono_unavailable
collision_contact_component_demo,collision.contact_probe.v1,pair_contact_schema_v1,0.6225,249,contact.force_torque,rover_body,rigid_obstacle,moving_body,fixed_obstacle,ChBody,ChBody,body_a_body_b,body_a,0,0.36000,0.00000,0.30000,0.36000,0.00000,0.30000,0.36000,0.00000,0.30000,-1.00000,0.00000,0.00000,0.00000,1.00000,0.00000,0.00000,0.00000,1.00000,[-1 0 0; 0 1 0; 0 0 1],,,,,-0.00000,0.00000,0.00000,0.00000,0.00000,0.00000,0.00000,-0.00000,0.00000,0.00000,0.00000,0.00000,0.00000,0.00000,world,world,sum_over_filtered_pair,pair_contact_reporter_world,false,contact_material_nsc_demo,contact_material_nsc_demo,NSC,Bullet_or_fallback,body_pair:rover_body-rigid_obstacle,deterministic_contact_probe_pychrono_unavailable
collision_contact_component_demo,collision.contact_probe.v1,pair_contact_schema_v1,0.6250,250,contact.force_torque,rover_body,rigid_obstacle,moving_body,fixed_obstacle,ChBody,ChBody,body_a_body_b,body_a,0,0.36000,0.00000,0.30000,0.36000,0.00000,0.30000,0.36000,0.00000,0.30000,-1.00000,0.00000,0.00000,0.00000,1.00000,0.00000,0.00000,0.00000,1.00000,[-1 0 0; 0 1 0; 0 0 1],,,,,-0.00000,0.00000,0.00000,0.00000,0.00000,0.00000,0.00000,-0.00000,0.00000,0.00000,0.00000,0.00000,0.00000,0.00000,world,world,sum_over_filtered_pair,pair_contact_reporter_world,false,contact_material_nsc_demo,contact_material_nsc_demo,NSC,Bullet_or_fallback,body_pair:rover_body-rigid_obstacle,deterministic_contact_probe_pychrono_unavailable
collision_contact_component_demo,collision.contact_probe.v1,pair_contact_schema_v1,0.6275,251,contact.force_torque,rover_body,rigid_obstacle,moving_body,fixed_obstacle,ChBody,ChBody,body_a_body_b,body_a,0,0.36000,0.00000,0.30000,0.36000,0.00000,0.30000,0.36000,0.00000,0.30000,-1.00000,0.00000,0.00000,0.00000,1.00000,0.00000,0.00000,0.00000,1.00000,[-1 0 0; 0 1 0; 0 0 1],,,,,-0.00000,0.00000,0.00000,0.00000,0.00000,0.00000,0.00000,-0.00000,0.00000,0.00000,0.00000,0.00000,0.00000,0.00000,world,world,sum_over_filtered_pair,pair_contact_reporter_world,false,contact_material_nsc_demo,contact_material_nsc_demo,NSC,Bullet_or_fallback,body_pair:rover_body-rigid_obstacle,deterministic_contact_probe_pychrono_unavailable
collision_contact_component_demo,collision.contact_probe.v1,pair_contact_schema_v1,0.6300,252,contact.force_torque,rover_body,rigid_obstacle,moving_body,fixed_obstacle,ChBody,ChBody,body_a_body_b,body_a,0,0.36000,0.00000,0.30000,0.36000,0.00000,0.30000,0.36000,0.00000,0.30000,-1.00000,0.00000,0.00000,0.00000,1.00000,0.00000,0.00000,0.00000,1.00000,[-1 0 0; 0 1 0; 0 0 1],,,,,-0.00000,0.00000,0.00000,0.00000,0.00000,0.00000,0.00000,-0.00000,0.00000,0.00000,0.00000,0.00000,0.00000,0.00000,world,world,sum_over_filtered_pair,pair_contact_reporter_world,false,contact_material_nsc_demo,contact_material_nsc_demo,NSC,Bullet_or_fallback,body_pair:rover_body-rigid_obstacle,deterministic_contact_probe_pychrono_unavailable
collision_contact_component_demo,collision.contact_probe.v1,pair_contact_schema_v1,0.6325,253,contact.force_torque,rover_body,rigid_obstacle,moving_body,fixed_obstacle,ChBody,ChBody,body_a_body_b,body_a,0,0.36000,0.00000,0.30000,0.36000,0.00000,0.30000,0.36000,0.00000,0.30000,-1.00000,0.00000,0.00000,0.00000,1.00000,0.00000,0.00000,0.00000,1.00000,[-1 0 0; 0 1 0; 0 0 1],,,,,-0.00000,0.00000,0.00000,0.00000,0.00000,0.00000,0.00000,-0.00000,0.00000,0.00000,0.00000,0.00000,0.00000,0.00000,world,world,sum_over_filtered_pair,pair_contact_reporter_world,false,contact_material_nsc_demo,contact_material_nsc_demo,NSC,Bullet_or_fallback,body_pair:rover_body-rigid_obstacle,deterministic_contact_probe_pychrono_unavailable
collision_contact_component_demo,collision.contact_probe.v1,pair_contact_schema_v1,0.6350,254,contact.force_torque,rover_body,rigid_obstacle,moving_body,fixed_obstacle,ChBody,ChBody,body_a_body_b,body_a,0,0.36000,0.00000,0.30000,0.36000,0.00000,0.30000,0.36000,0.00000,0.30000,-1.00000,0.00000,0.00000,0.00000,1.00000,0.00000,0.00000,0.00000,1.00000,[-1 0 0; 0 1 0; 0 0 1],,,,,-0.00000,0.00000,0.00000,0.00000,0.00000,0.00000,0.00000,-0.00000,0.00000,0.00000,0.00000,0.00000,0.00000,0.00000,world,world,sum_over_filtered_pair,pair_contact_reporter_world,false,contact_material_nsc_demo,contact_material_nsc_demo,NSC,Bullet_or_fallback,body_pair:rover_body-rigid_obstacle,deterministic_contact_probe_pychrono_unavailable
collision_contact_component_demo,collision.contact_probe.v1,pair_contact_schema_v1,0.6375,255,contact.force_torque,rover_body,rigid_obstacle,moving_body,fixed_obstacle,ChBody,ChBody,body_a_body_b,body_a,0,0.36000,0.00000,0.30000,0.36000,0.00000,0.30000,0.36000,0.00000,0.30000,-1.00000,0.00000,0.00000,0.00000,1.00000,0.00000,0.00000,0.00000,1.00000,[-1 0 0; 0 1 0; 0 0 1],,,,,-0.00000,0.00000,0.00000,0.00000,0.00000,0.00000,0.00000,-0.00000,0.00000,0.00000,0.00000,0.00000,0.00000,0.00000,world,world,sum_over_filtered_pair,pair_contact_reporter_world,false,contact_material_nsc_demo,contact_material_nsc_demo,NSC,Bullet_or_fallback,body_pair:rover_body-rigid_obstacle,deterministic_contact_probe_pychrono_unavailable
collision_contact_component_demo,collision.contact_probe.v1,pair_contact_schema_v1,0.6400,256,contact.force_torque,rover_body,rigid_obstacle,moving_body,fixed_obstacle,ChBody,ChBody,body_a_body_b,body_a,0,0.36000,0.00000,0.30000,0.36000,0.00000,0.30000,0.36000,0.00000,0.30000,-1.00000,0.00000,0.00000,0.00000,1.00000,0.00000,0.00000,0.00000,1.00000,[-1 0 0; 0 1 0; 0 0 1],,,,,-0.00000,0.00000,0.00000,0.00000,0.00000,0.00000,0.00000,-0.00000,0.00000,0.00000,0.00000,0.00000,0.00000,0.00000,world,world,sum_over_filtered_pair,pair_contact_reporter_world,false,contact_material_nsc_demo,contact_material_nsc_demo,NSC,Bullet_or_fallback,body_pair:rover_body-rigid_obstacle,deterministic_contact_probe_pychrono_unavailable
collision_contact_component_demo,collision.contact_probe.v1,pair_contact_schema_v1,0.6425,257,contact.force_torque,rover_body,rigid_obstacle,moving_body,fixed_obstacle,ChBody,ChBody,body_a_body_b,body_a,0,0.36000,0.00000,0.30000,0.36000,0.00000,0.30000,0.36000,0.00000,0.30000,-1.00000,0.00000,0.00000,0.00000,1.00000,0.00000,0.00000,0.00000,1.00000,[-1 0 0; 0 1 0; 0 0 1],,,,,-0.00000,0.00000,0.00000,0.00000,0.00000,0.00000,0.00000,-0.00000,0.00000,0.00000,0.00000,0.00000,0.00000,0.00000,world,world,sum_over_filtered_pair,pair_contact_reporter_world,false,contact_material_nsc_demo,contact_material_nsc_demo,NSC,Bullet_or_fallback,body_pair:rover_body-rigid_obstacle,deterministic_contact_probe_pychrono_unavailable
collision_contact_component_demo,collision.contact_probe.v1,pair_contact_schema_v1,0.6450,258,contact.force_torque,rover_body,rigid_obstacle,moving_body,fixed_obstacle,ChBody,ChBody,body_a_body_b,body_a,0,0.36000,0.00000,0.30000,0.36000,0.00000,0.30000,0.36000,0.00000,0.30000,-1.00000,0.00000,0.00000,0.00000,1.00000,0.00000,0.00000,0.00000,1.00000,[-1 0 0; 0 1 0; 0 0 1],,,,,-0.00000,0.00000,0.00000,0.00000,0.00000,0.00000,0.00000,-0.00000,0.00000,0.00000,0.00000,0.00000,0.00000,0.00000,world,world,sum_over_filtered_pair,pair_contact_reporter_world,false,contact_material_nsc_demo,contact_material_nsc_demo,NSC,Bullet_or_fallback,body_pair:rover_body-rigid_obstacle,deterministic_contact_probe_pychrono_unavailable
collision_contact_component_demo,collision.contact_probe.v1,pair_contact_schema_v1,0.6475,259,contact.force_torque,rover_body,rigid_obstacle,moving_body,fixed_obstacle,ChBody,ChBody,body_a_body_b,body_a,0,0.36000,0.00000,0.30000,0.36000,0.00000,0.30000,0.36000,0.00000,0.30000,-1.00000,0.00000,0.00000,0.00000,1.00000,0.00000,0.00000,0.00000,1.00000,[-1 0 0; 0 1 0; 0 0 1],,,,,-0.00000,0.00000,0.00000,0.00000,0.00000,0.00000,0.00000,-0.00000,0.00000,0.00000,0.00000,0.00000,0.00000,0.00000,world,world,sum_over_filtered_pair,pair_contact_reporter_world,false,contact_material_nsc_demo,contact_material_nsc_demo,NSC,Bullet_or_fallback,body_pair:rover_body-rigid_obstacle,deterministic_contact_probe_pychrono_unavailable
collision_contact_component_demo,collision.contact_probe.v1,pair_contact_schema_v1,0.6500,260,contact.force_torque,rover_body,rigid_obstacle,moving_body,fixed_obstacle,ChBody,ChBody,body_a_body_b,body_a,0,0.36000,0.00000,0.30000,0.36000,0.00000,0.30000,0.36000,0.00000,0.30000,-1.00000,0.00000,0.00000,0.00000,1.00000,0.00000,0.00000,0.00000,1.00000,[-1 0 0; 0 1 0; 0 0 1],,,,,-0.00000,0.00000,0.00000,0.00000,0.00000,0.00000,0.00000,-0.00000,0.00000,0.00000,0.00000,0.00000,0.00000,0.00000,world,world,sum_over_filtered_pair,pair_contact_reporter_world,false,contact_material_nsc_demo,contact_material_nsc_demo,NSC,Bullet_or_fallback,body_pair:rover_body-rigid_obstacle,deterministic_contact_probe_pychrono_unavailable
collision_contact_component_demo,collision.contact_probe.v1,pair_contact_schema_v1,0.6525,261,contact.force_torque,rover_body,rigid_obstacle,moving_body,fixed_obstacle,ChBody,ChBody,body_a_body_b,body_a,0,0.36000,0.00000,0.30000,0.36000,0.00000,0.30000,0.36000,0.00000,0.30000,-1.00000,0.00000,0.00000,0.00000,1.00000,0.00000,0.00000,0.00000,1.00000,[-1 0 0; 0 1 0; 0 0 1],,,,,-0.00000,0.00000,0.00000,0.00000,0.00000,0.00000,0.00000,-0.00000,0.00000,0.00000,0.00000,0.00000,0.00000,0.00000,world,world,sum_over_filtered_pair,pair_contact_reporter_world,false,contact_material_nsc_demo,contact_material_nsc_demo,NSC,Bullet_or_fallback,body_pair:rover_body-rigid_obstacle,deterministic_contact_probe_pychrono_unavailable
collision_contact_component_demo,collision.contact_probe.v1,pair_contact_schema_v1,0.6550,262,contact.force_torque,rover_body,rigid_obstacle,moving_body,fixed_obstacle,ChBody,ChBody,body_a_body_b,body_a,0,0.36000,0.00000,0.30000,0.36000,0.00000,0.30000,0.36000,0.00000,0.30000,-1.00000,0.00000,0.00000,0.00000,1.00000,0.00000,0.00000,0.00000,1.00000,[-1 0 0; 0 1 0; 0 0 1],,,,,-0.00000,0.00000,0.00000,0.00000,0.00000,0.00000,0.00000,-0.00000,0.00000,0.00000,0.00000,0.00000,0.00000,0.00000,world,world,sum_over_filtered_pair,pair_contact_reporter_world,false,contact_material_nsc_demo,contact_material_nsc_demo,NSC,Bullet_or_fallback,body_pair:rover_body-rigid_obstacle,deterministic_contact_probe_pychrono_unavailable
collision_contact_component_demo,collision.contact_probe.v1,pair_contact_schema_v1,0.6575,263,contact.force_torque,rover_body,rigid_obstacle,moving_body,fixed_obstacle,ChBody,ChBody,body_a_body_b,body_a,0,0.36000,0.00000,0.30000,0.36000,0.00000,0.30000,0.36000,0.00000,0.30000,-1.00000,0.00000,0.00000,0.00000,1.00000,0.00000,0.00000,0.00000,1.00000,[-1 0 0; 0 1 0; 0 0 1],,,,,-0.00000,0.00000,0.00000,0.00000,0.00000,0.00000,0.00000,-0.00000,0.00000,0.00000,0.00000,0.00000,0.00000,0.00000,world,world,sum_over_filtered_pair,pair_contact_reporter_world,false,contact_material_nsc_demo,contact_material_nsc_demo,NSC,Bullet_or_fallback,body_pair:rover_body-rigid_obstacle,deterministic_contact_probe_pychrono_unavailable
collision_contact_component_demo,collision.contact_probe.v1,pair_contact_schema_v1,0.6600,264,contact.force_torque,rover_body,rigid_obstacle,moving_body,fixed_obstacle,ChBody,ChBody,body_a_body_b,body_a,0,0.36000,0.00000,0.30000,0.36000,0.00000,0.30000,0.36000,0.00000,0.30000,-1.00000,0.00000,0.00000,0.00000,1.00000,0.00000,0.00000,0.00000,1.00000,[-1 0 0; 0 1 0; 0 0 1],,,,,-0.00000,0.00000,0.00000,0.00000,0.00000,0.00000,0.00000,-0.00000,0.00000,0.00000,0.00000,0.00000,0.00000,0.00000,world,world,sum_over_filtered_pair,pair_contact_reporter_world,false,contact_material_nsc_demo,contact_material_nsc_demo,NSC,Bullet_or_fallback,body_pair:rover_body-rigid_obstacle,deterministic_contact_probe_pychrono_unavailable
collision_contact_component_demo,collision.contact_probe.v1,pair_contact_schema_v1,0.6625,265,contact.force_torque,rover_body,rigid_obstacle,moving_body,fixed_obstacle,ChBody,ChBody,body_a_body_b,body_a,0,0.36000,0.00000,0.30000,0.36000,0.00000,0.30000,0.36000,0.00000,0.30000,-1.00000,0.00000,0.00000,0.00000,1.00000,0.00000,0.00000,0.00000,1.00000,[-1 0 0; 0 1 0; 0 0 1],,,,,-0.00000,0.00000,0.00000,0.00000,0.00000,0.00000,0.00000,-0.00000,0.00000,0.00000,0.00000,0.00000,0.00000,0.00000,world,world,sum_over_filtered_pair,pair_contact_reporter_world,false,contact_material_nsc_demo,contact_material_nsc_demo,NSC,Bullet_or_fallback,body_pair:rover_body-rigid_obstacle,deterministic_contact_probe_pychrono_unavailable
collision_contact_component_demo,collision.contact_probe.v1,pair_contact_schema_v1,0.6650,266,contact.force_torque,rover_body,rigid_obstacle,moving_body,fixed_obstacle,ChBody,ChBody,body_a_body_b,body_a,0,0.36000,0.00000,0.30000,0.36000,0.00000,0.30000,0.36000,0.00000,0.30000,-1.00000,0.00000,0.00000,0.00000,1.00000,0.00000,0.00000,0.00000,1.00000,[-1 0 0; 0 1 0; 0 0 1],,,,,-0.00000,0.00000,0.00000,0.00000,0.00000,0.00000,0.00000,-0.00000,0.00000,0.00000,0.00000,0.00000,0.00000,0.00000,world,world,sum_over_filtered_pair,pair_contact_reporter_world,false,contact_material_nsc_demo,contact_material_nsc_demo,NSC,Bullet_or_fallback,body_pair:rover_body-rigid_obstacle,deterministic_contact_probe_pychrono_unavailable
collision_contact_component_demo,collision.contact_probe.v1,pair_contact_schema_v1,0.6675,267,contact.force_torque,rover_body,rigid_obstacle,moving_body,fixed_obstacle,ChBody,ChBody,body_a_body_b,body_a,0,0.36000,0.00000,0.30000,0.36000,0.00000,0.30000,0.36000,0.00000,0.30000,-1.00000,0.00000,0.00000,0.00000,1.00000,0.00000,0.00000,0.00000,1.00000,[-1 0 0; 0 1 0; 0 0 1],,,,,-0.00000,0.00000,0.00000,0.00000,0.00000,0.00000,0.00000,-0.00000,0.00000,0.00000,0.00000,0.00000,0.00000,0.00000,world,world,sum_over_filtered_pair,pair_contact_reporter_world,false,contact_material_nsc_demo,contact_material_nsc_demo,NSC,Bullet_or_fallback,body_pair:rover_body-rigid_obstacle,deterministic_contact_probe_pychrono_unavailable
collision_contact_component_demo,collision.contact_probe.v1,pair_contact_schema_v1,0.6700,268,contact.force_torque,rover_body,rigid_obstacle,moving_body,fixed_obstacle,ChBody,ChBody,body_a_body_b,body_a,0,0.36000,0.00000,0.30000,0.36000,0.00000,0.30000,0.36000,0.00000,0.30000,-1.00000,0.00000,0.00000,0.00000,1.00000,0.00000,0.00000,0.00000,1.00000,[-1 0 0; 0 1 0; 0 0 1],,,,,-0.00000,0.00000,0.00000,0.00000,0.00000,0.00000,0.00000,-0.00000,0.00000,0.00000,0.00000,0.00000,0.00000,0.00000,world,world,sum_over_filtered_pair,pair_contact_reporter_world,false,contact_material_nsc_demo,contact_material_nsc_demo,NSC,Bullet_or_fallback,body_pair:rover_body-rigid_obstacle,deterministic_contact_probe_pychrono_unavailable
collision_contact_component_demo,collision.contact_probe.v1,pair_contact_schema_v1,0.6725,269,contact.force_torque,rover_body,rigid_obstacle,moving_body,fixed_obstacle,ChBody,ChBody,body_a_body_b,body_a,0,0.36000,0.00000,0.30000,0.36000,0.00000,0.30000,0.36000,0.00000,0.30000,-1.00000,0.00000,0.00000,0.00000,1.00000,0.00000,0.00000,0.00000,1.00000,[-1 0 0; 0 1 0; 0 0 1],,,,,-0.00000,0.00000,0.00000,0.00000,0.00000,0.00000,0.00000,-0.00000,0.00000,0.00000,0.00000,0.00000,0.00000,0.00000,world,world,sum_over_filtered_pair,pair_contact_reporter_world,false,contact_material_nsc_demo,contact_material_nsc_demo,NSC,Bullet_or_fallback,body_pair:rover_body-rigid_obstacle,deterministic_contact_probe_pychrono_unavailable
collision_contact_component_demo,collision.contact_probe.v1,pair_contact_schema_v1,0.6750,270,contact.force_torque,rover_body,rigid_obstacle,moving_body,fixed_obstacle,ChBody,ChBody,body_a_body_b,body_a,0,0.36000,0.00000,0.30000,0.36000,0.00000,0.30000,0.36000,0.00000,0.30000,-1.00000,0.00000,0.00000,0.00000,1.00000,0.00000,0.00000,0.00000,1.00000,[-1 0 0; 0 1 0; 0 0 1],,,,,-0.00000,0.00000,0.00000,0.00000,0.00000,0.00000,0.00000,-0.00000,0.00000,0.00000,0.00000,0.00000,0.00000,0.00000,world,world,sum_over_filtered_pair,pair_contact_reporter_world,false,contact_material_nsc_demo,contact_material_nsc_demo,NSC,Bullet_or_fallback,body_pair:rover_body-rigid_obstacle,deterministic_contact_probe_pychrono_unavailable
collision_contact_component_demo,collision.contact_probe.v1,pair_contact_schema_v1,0.6775,271,contact.force_torque,rover_body,rigid_obstacle,moving_body,fixed_obstacle,ChBody,ChBody,body_a_body_b,body_a,0,0.36000,0.00000,0.30000,0.36000,0.00000,0.30000,0.36000,0.00000,0.30000,-1.00000,0.00000,0.00000,0.00000,1.00000,0.00000,0.00000,0.00000,1.00000,[-1 0 0; 0 1 0; 0 0 1],,,,,-0.00000,0.00000,0.00000,0.00000,0.00000,0.00000,0.00000,-0.00000,0.00000,0.00000,0.00000,0.00000,0.00000,0.00000,world,world,sum_over_filtered_pair,pair_contact_reporter_world,false,contact_material_nsc_demo,contact_material_nsc_demo,NSC,Bullet_or_fallback,body_pair:rover_body-rigid_obstacle,deterministic_contact_probe_pychrono_unavailable
collision_contact_component_demo,collision.contact_probe.v1,pair_contact_schema_v1,0.6800,272,contact.force_torque,rover_body,rigid_obstacle,moving_body,fixed_obstacle,ChBody,ChBody,body_a_body_b,body_a,0,0.36000,0.00000,0.30000,0.36000,0.00000,0.30000,0.36000,0.00000,0.30000,-1.00000,0.00000,0.00000,0.00000,1.00000,0.00000,0.00000,0.00000,1.00000,[-1 0 0; 0 1 0; 0 0 1],,,,,-0.00000,0.00000,0.00000,0.00000,0.00000,0.00000,0.00000,-0.00000,0.00000,0.00000,0.00000,0.00000,0.00000,0.00000,world,world,sum_over_filtered_pair,pair_contact_reporter_world,false,contact_material_nsc_demo,contact_material_nsc_demo,NSC,Bullet_or_fallback,body_pair:rover_body-rigid_obstacle,deterministic_contact_probe_pychrono_unavailable
collision_contact_component_demo,collision.contact_probe.v1,pair_contact_schema_v1,0.6825,273,contact.force_torque,rover_body,rigid_obstacle,moving_body,fixed_obstacle,ChBody,ChBody,body_a_body_b,body_a,0,0.36000,0.00000,0.30000,0.36000,0.00000,0.30000,0.36000,0.00000,0.30000,-1.00000,0.00000,0.00000,0.00000,1.00000,0.00000,0.00000,0.00000,1.00000,[-1 0 0; 0 1 0; 0 0 1],,,,,-0.00000,0.00000,0.00000,0.00000,0.00000,0.00000,0.00000,-0.00000,0.00000,0.00000,0.00000,0.00000,0.00000,0.00000,world,world,sum_over_filtered_pair,pair_contact_reporter_world,false,contact_material_nsc_demo,contact_material_nsc_demo,NSC,Bullet_or_fallback,body_pair:rover_body-rigid_obstacle,deterministic_contact_probe_pychrono_unavailable
collision_contact_component_demo,collision.contact_probe.v1,pair_contact_schema_v1,0.6850,274,contact.force_torque,rover_body,rigid_obstacle,moving_body,fixed_obstacle,ChBody,ChBody,body_a_body_b,body_a,0,0.36000,0.00000,0.30000,0.36000,0.00000,0.30000,0.36000,0.00000,0.30000,-1.00000,0.00000,0.00000,0.00000,1.00000,0.00000,0.00000,0.00000,1.00000,[-1 0 0; 0 1 0; 0 0 1],,,,,-0.00000,0.00000,0.00000,0.00000,0.00000,0.00000,0.00000,-0.00000,0.00000,0.00000,0.00000,0.00000,0.00000,0.00000,world,world,sum_over_filtered_pair,pair_contact_reporter_world,false,contact_material_nsc_demo,contact_material_nsc_demo,NSC,Bullet_or_fallback,body_pair:rover_body-rigid_obstacle,deterministic_contact_probe_pychrono_unavailable
collision_contact_component_demo,collision.contact_probe.v1,pair_contact_schema_v1,0.6875,275,contact.force_torque,rover_body,rigid_obstacle,moving_body,fixed_obstacle,ChBody,ChBody,body_a_body_b,body_a,0,0.36000,0.00000,0.30000,0.36000,0.00000,0.30000,0.36000,0.00000,0.30000,-1.00000,0.00000,0.00000,0.00000,1.00000,0.00000,0.00000,0.00000,1.00000,[-1 0 0; 0 1 0; 0 0 1],,,,,-0.00000,0.00000,0.00000,0.00000,0.00000,0.00000,0.00000,-0.00000,0.00000,0.00000,0.00000,0.00000,0.00000,0.00000,world,world,sum_over_filtered_pair,pair_contact_reporter_world,false,contact_material_nsc_demo,contact_material_nsc_demo,NSC,Bullet_or_fallback,body_pair:rover_body-rigid_obstacle,deterministic_contact_probe_pychrono_unavailable
collision_contact_component_demo,collision.contact_probe.v1,pair_contact_schema_v1,0.6900,276,contact.force_torque,rover_body,rigid_obstacle,moving_body,fixed_obstacle,ChBody,ChBody,body_a_body_b,body_a,0,0.36000,0.00000,0.30000,0.36000,0.00000,0.30000,0.36000,0.00000,0.30000,-1.00000,0.00000,0.00000,0.00000,1.00000,0.00000,0.00000,0.00000,1.00000,[-1 0 0; 0 1 0; 0 0 1],,,,,-0.00000,0.00000,0.00000,0.00000,0.00000,0.00000,0.00000,-0.00000,0.00000,0.00000,0.00000,0.00000,0.00000,0.00000,world,world,sum_over_filtered_pair,pair_contact_reporter_world,false,contact_material_nsc_demo,contact_material_nsc_demo,NSC,Bullet_or_fallback,body_pair:rover_body-rigid_obstacle,deterministic_contact_probe_pychrono_unavailable
collision_contact_component_demo,collision.contact_probe.v1,pair_contact_schema_v1,0.6925,277,contact.force_torque,rover_body,rigid_obstacle,moving_body,fixed_obstacle,ChBody,ChBody,body_a_body_b,body_a,0,0.36000,0.00000,0.30000,0.36000,0.00000,0.30000,0.36000,0.00000,0.30000,-1.00000,0.00000,0.00000,0.00000,1.00000,0.00000,0.00000,0.00000,1.00000,[-1 0 0; 0 1 0; 0 0 1],,,,,-0.00000,0.00000,0.00000,0.00000,0.00000,0.00000,0.00000,-0.00000,0.00000,0.00000,0.00000,0.00000,0.00000,0.00000,world,world,sum_over_filtered_pair,pair_contact_reporter_world,false,contact_material_nsc_demo,contact_material_nsc_demo,NSC,Bullet_or_fallback,body_pair:rover_body-rigid_obstacle,deterministic_contact_probe_pychrono_unavailable
collision_contact_component_demo,collision.contact_probe.v1,pair_contact_schema_v1,0.6950,278,contact.force_torque,rover_body,rigid_obstacle,moving_body,fixed_obstacle,ChBody,ChBody,body_a_body_b,body_a,0,0.36000,0.00000,0.30000,0.36000,0.00000,0.30000,0.36000,0.00000,0.30000,-1.00000,0.00000,0.00000,0.00000,1.00000,0.00000,0.00000,0.00000,1.00000,[-1 0 0; 0 1 0; 0 0 1],,,,,-0.00000,0.00000,0.00000,0.00000,0.00000,0.00000,0.00000,-0.00000,0.00000,0.00000,0.00000,0.00000,0.00000,0.00000,world,world,sum_over_filtered_pair,pair_contact_reporter_world,false,contact_material_nsc_demo,contact_material_nsc_demo,NSC,Bullet_or_fallback,body_pair:rover_body-rigid_obstacle,deterministic_contact_probe_pychrono_unavailable
collision_contact_component_demo,collision.contact_probe.v1,pair_contact_schema_v1,0.6975,279,contact.force_torque,rover_body,rigid_obstacle,moving_body,fixed_obstacle,ChBody,ChBody,body_a_body_b,body_a,0,0.36000,0.00000,0.30000,0.36000,0.00000,0.30000,0.36000,0.00000,0.30000,-1.00000,0.00000,0.00000,0.00000,1.00000,0.00000,0.00000,0.00000,1.00000,[-1 0 0; 0 1 0; 0 0 1],,,,,-0.00000,0.00000,0.00000,0.00000,0.00000,0.00000,0.00000,-0.00000,0.00000,0.00000,0.00000,0.00000,0.00000,0.00000,world,world,sum_over_filtered_pair,pair_contact_reporter_world,false,contact_material_nsc_demo,contact_material_nsc_demo,NSC,Bullet_or_fallback,body_pair:rover_body-rigid_obstacle,deterministic_contact_probe_pychrono_unavailable
collision_contact_component_demo,collision.contact_probe.v1,pair_contact_schema_v1,0.7000,280,contact.force_torque,rover_body,rigid_obstacle,moving_body,fixed_obstacle,ChBody,ChBody,body_a_body_b,body_a,0,0.36000,0.00000,0.30000,0.36000,0.00000,0.30000,0.36000,0.00000,0.30000,-1.00000,0.00000,0.00000,0.00000,1.00000,0.00000,0.00000,0.00000,1.00000,[-1 0 0; 0 1 0; 0 0 1],,,,,-0.00000,0.00000,0.00000,0.00000,0.00000,0.00000,0.00000,-0.00000,0.00000,0.00000,0.00000,0.00000,0.00000,0.00000,world,world,sum_over_filtered_pair,pair_contact_reporter_world,false,contact_material_nsc_demo,contact_material_nsc_demo,NSC,Bullet_or_fallback,body_pair:rover_body-rigid_obstacle,deterministic_contact_probe_pychrono_unavailable
collision_contact_component_demo,collision.contact_probe.v1,pair_contact_schema_v1,0.7025,281,contact.force_torque,rover_body,rigid_obstacle,moving_body,fixed_obstacle,ChBody,ChBody,body_a_body_b,body_a,0,0.36000,0.00000,0.30000,0.36000,0.00000,0.30000,0.36000,0.00000,0.30000,-1.00000,0.00000,0.00000,0.00000,1.00000,0.00000,0.00000,0.00000,1.00000,[-1 0 0; 0 1 0; 0 0 1],,,,,-0.00000,0.00000,0.00000,0.00000,0.00000,0.00000,0.00000,-0.00000,0.00000,0.00000,0.00000,0.00000,0.00000,0.00000,world,world,sum_over_filtered_pair,pair_contact_reporter_world,false,contact_material_nsc_demo,contact_material_nsc_demo,NSC,Bullet_or_fallback,body_pair:rover_body-rigid_obstacle,deterministic_contact_probe_pychrono_unavailable
collision_contact_component_demo,collision.contact_probe.v1,pair_contact_schema_v1,0.7050,282,contact.force_torque,rover_body,rigid_obstacle,moving_body,fixed_obstacle,ChBody,ChBody,body_a_body_b,body_a,0,0.36000,0.00000,0.30000,0.36000,0.00000,0.30000,0.36000,0.00000,0.30000,-1.00000,0.00000,0.00000,0.00000,1.00000,0.00000,0.00000,0.00000,1.00000,[-1 0 0; 0 1 0; 0 0 1],,,,,-0.00000,0.00000,0.00000,0.00000,0.00000,0.00000,0.00000,-0.00000,0.00000,0.00000,0.00000,0.00000,0.00000,0.00000,world,world,sum_over_filtered_pair,pair_contact_reporter_world,false,contact_material_nsc_demo,contact_material_nsc_demo,NSC,Bullet_or_fallback,body_pair:rover_body-rigid_obstacle,deterministic_contact_probe_pychrono_unavailable
collision_contact_component_demo,collision.contact_probe.v1,pair_contact_schema_v1,0.7075,283,contact.force_torque,rover_body,rigid_obstacle,moving_body,fixed_obstacle,ChBody,ChBody,body_a_body_b,body_a,0,0.36000,0.00000,0.30000,0.36000,0.00000,0.30000,0.36000,0.00000,0.30000,-1.00000,0.00000,0.00000,0.00000,1.00000,0.00000,0.00000,0.00000,1.00000,[-1 0 0; 0 1 0; 0 0 1],,,,,-0.00000,0.00000,0.00000,0.00000,0.00000,0.00000,0.00000,-0.00000,0.00000,0.00000,0.00000,0.00000,0.00000,0.00000,world,world,sum_over_filtered_pair,pair_contact_reporter_world,false,contact_material_nsc_demo,contact_material_nsc_demo,NSC,Bullet_or_fallback,body_pair:rover_body-rigid_obstacle,deterministic_contact_probe_pychrono_unavailable
collision_contact_component_demo,collision.contact_probe.v1,pair_contact_schema_v1,0.7100,284,contact.force_torque,rover_body,rigid_obstacle,moving_body,fixed_obstacle,ChBody,ChBody,body_a_body_b,body_a,0,0.36000,0.00000,0.30000,0.36000,0.00000,0.30000,0.36000,0.00000,0.30000,-1.00000,0.00000,0.00000,0.00000,1.00000,0.00000,0.00000,0.00000,1.00000,[-1 0 0; 0 1 0; 0 0 1],,,,,-0.00000,0.00000,0.00000,0.00000,0.00000,0.00000,0.00000,-0.00000,0.00000,0.00000,0.00000,0.00000,0.00000,0.00000,world,world,sum_over_filtered_pair,pair_contact_reporter_world,false,contact_material_nsc_demo,contact_material_nsc_demo,NSC,Bullet_or_fallback,body_pair:rover_body-rigid_obstacle,deterministic_contact_probe_pychrono_unavailable
collision_contact_component_demo,collision.contact_probe.v1,pair_contact_schema_v1,0.7125,285,contact.force_torque,rover_body,rigid_obstacle,moving_body,fixed_obstacle,ChBody,ChBody,body_a_body_b,body_a,0,0.36000,0.00000,0.30000,0.36000,0.00000,0.30000,0.36000,0.00000,0.30000,-1.00000,0.00000,0.00000,0.00000,1.00000,0.00000,0.00000,0.00000,1.00000,[-1 0 0; 0 1 0; 0 0 1],,,,,-0.00000,0.00000,0.00000,0.00000,0.00000,0.00000,0.00000,-0.00000,0.00000,0.00000,0.00000,0.00000,0.00000,0.00000,world,world,sum_over_filtered_pair,pair_contact_reporter_world,false,contact_material_nsc_demo,contact_material_nsc_demo,NSC,Bullet_or_fallback,body_pair:rover_body-rigid_obstacle,deterministic_contact_probe_pychrono_unavailable
collision_contact_component_demo,collision.contact_probe.v1,pair_contact_schema_v1,0.7150,286,contact.force_torque,rover_body,rigid_obstacle,moving_body,fixed_obstacle,ChBody,ChBody,body_a_body_b,body_a,0,0.36000,0.00000,0.30000,0.36000,0.00000,0.30000,0.36000,0.00000,0.30000,-1.00000,0.00000,0.00000,0.00000,1.00000,0.00000,0.00000,0.00000,1.00000,[-1 0 0; 0 1 0; 0 0 1],,,,,-0.00000,0.00000,0.00000,0.00000,0.00000,0.00000,0.00000,-0.00000,0.00000,0.00000,0.00000,0.00000,0.00000,0.00000,world,world,sum_over_filtered_pair,pair_contact_reporter_world,false,contact_material_nsc_demo,contact_material_nsc_demo,NSC,Bullet_or_fallback,body_pair:rover_body-rigid_obstacle,deterministic_contact_probe_pychrono_unavailable
collision_contact_component_demo,collision.contact_probe.v1,pair_contact_schema_v1,0.7175,287,contact.force_torque,rover_body,rigid_obstacle,moving_body,fixed_obstacle,ChBody,ChBody,body_a_body_b,body_a,0,0.36000,0.00000,0.30000,0.36000,0.00000,0.30000,0.36000,0.00000,0.30000,-1.00000,0.00000,0.00000,0.00000,1.00000,0.00000,0.00000,0.00000,1.00000,[-1 0 0; 0 1 0; 0 0 1],,,,,-0.00000,0.00000,0.00000,0.00000,0.00000,0.00000,0.00000,-0.00000,0.00000,0.00000,0.00000,0.00000,0.00000,0.00000,world,world,sum_over_filtered_pair,pair_contact_reporter_world,false,contact_material_nsc_demo,contact_material_nsc_demo,NSC,Bullet_or_fallback,body_pair:rover_body-rigid_obstacle,deterministic_contact_probe_pychrono_unavailable
collision_contact_component_demo,collision.contact_probe.v1,pair_contact_schema_v1,0.7200,288,contact.force_torque,rover_body,rigid_obstacle,moving_body,fixed_obstacle,ChBody,ChBody,body_a_body_b,body_a,0,0.36000,0.00000,0.30000,0.36000,0.00000,0.30000,0.36000,0.00000,0.30000,-1.00000,0.00000,0.00000,0.00000,1.00000,0.00000,0.00000,0.00000,1.00000,[-1 0 0; 0 1 0; 0 0 1],,,,,-0.00000,0.00000,0.00000,0.00000,0.00000,0.00000,0.00000,-0.00000,0.00000,0.00000,0.00000,0.00000,0.00000,0.00000,world,world,sum_over_filtered_pair,pair_contact_reporter_world,false,contact_material_nsc_demo,contact_material_nsc_demo,NSC,Bullet_or_fallback,body_pair:rover_body-rigid_obstacle,deterministic_contact_probe_pychrono_unavailable
collision_contact_component_demo,collision.contact_probe.v1,pair_contact_schema_v1,0.7225,289,contact.force_torque,rover_body,rigid_obstacle,moving_body,fixed_obstacle,ChBody,ChBody,body_a_body_b,body_a,0,0.36000,0.00000,0.30000,0.36000,0.00000,0.30000,0.36000,0.00000,0.30000,-1.00000,0.00000,0.00000,0.00000,1.00000,0.00000,0.00000,0.00000,1.00000,[-1 0 0; 0 1 0; 0 0 1],,,,,-0.00000,0.00000,0.00000,0.00000,0.00000,0.00000,0.00000,-0.00000,0.00000,0.00000,0.00000,0.00000,0.00000,0.00000,world,world,sum_over_filtered_pair,pair_contact_reporter_world,false,contact_material_nsc_demo,contact_material_nsc_demo,NSC,Bullet_or_fallback,body_pair:rover_body-rigid_obstacle,deterministic_contact_probe_pychrono_unavailable
collision_contact_component_demo,collision.contact_probe.v1,pair_contact_schema_v1,0.7250,290,contact.force_torque,rover_body,rigid_obstacle,moving_body,fixed_obstacle,ChBody,ChBody,body_a_body_b,body_a,0,0.36000,0.00000,0.30000,0.36000,0.00000,0.30000,0.36000,0.00000,0.30000,-1.00000,0.00000,0.00000,0.00000,1.00000,0.00000,0.00000,0.00000,1.00000,[-1 0 0; 0 1 0; 0 0 1],,,,,-0.00000,0.00000,0.00000,0.00000,0.00000,0.00000,0.00000,-0.00000,0.00000,0.00000,0.00000,0.00000,0.00000,0.00000,world,world,sum_over_filtered_pair,pair_contact_reporter_world,false,contact_material_nsc_demo,contact_material_nsc_demo,NSC,Bullet_or_fallback,body_pair:rover_body-rigid_obstacle,deterministic_contact_probe_pychrono_unavailable
collision_contact_component_demo,collision.contact_probe.v1,pair_contact_schema_v1,0.7275,291,contact.force_torque,rover_body,rigid_obstacle,moving_body,fixed_obstacle,ChBody,ChBody,body_a_body_b,body_a,0,0.36000,0.00000,0.30000,0.36000,0.00000,0.30000,0.36000,0.00000,0.30000,-1.00000,0.00000,0.00000,0.00000,1.00000,0.00000,0.00000,0.00000,1.00000,[-1 0 0; 0 1 0; 0 0 1],,,,,-0.00000,0.00000,0.00000,0.00000,0.00000,0.00000,0.00000,-0.00000,0.00000,0.00000,0.00000,0.00000,0.00000,0.00000,world,world,sum_over_filtered_pair,pair_contact_reporter_world,false,contact_material_nsc_demo,contact_material_nsc_demo,NSC,Bullet_or_fallback,body_pair:rover_body-rigid_obstacle,deterministic_contact_probe_pychrono_unavailable
collision_contact_component_demo,collision.contact_probe.v1,pair_contact_schema_v1,0.7300,292,contact.force_torque,rover_body,rigid_obstacle,moving_body,fixed_obstacle,ChBody,ChBody,body_a_body_b,body_a,0,0.36000,0.00000,0.30000,0.36000,0.00000,0.30000,0.36000,0.00000,0.30000,-1.00000,0.00000,0.00000,0.00000,1.00000,0.00000,0.00000,0.00000,1.00000,[-1 0 0; 0 1 0; 0 0 1],,,,,-0.00000,0.00000,0.00000,0.00000,0.00000,0.00000,0.00000,-0.00000,0.00000,0.00000,0.00000,0.00000,0.00000,0.00000,world,world,sum_over_filtered_pair,pair_contact_reporter_world,false,contact_material_nsc_demo,contact_material_nsc_demo,NSC,Bullet_or_fallback,body_pair:rover_body-rigid_obstacle,deterministic_contact_probe_pychrono_unavailable
collision_contact_component_demo,collision.contact_probe.v1,pair_contact_schema_v1,0.7325,293,contact.force_torque,rover_body,rigid_obstacle,moving_body,fixed_obstacle,ChBody,ChBody,body_a_body_b,body_a,0,0.36000,0.00000,0.30000,0.36000,0.00000,0.30000,0.36000,0.00000,0.30000,-1.00000,0.00000,0.00000,0.00000,1.00000,0.00000,0.00000,0.00000,1.00000,[-1 0 0; 0 1 0; 0 0 1],,,,,-0.00000,0.00000,0.00000,0.00000,0.00000,0.00000,0.00000,-0.00000,0.00000,0.00000,0.00000,0.00000,0.00000,0.00000,world,world,sum_over_filtered_pair,pair_contact_reporter_world,false,contact_material_nsc_demo,contact_material_nsc_demo,NSC,Bullet_or_fallback,body_pair:rover_body-rigid_obstacle,deterministic_contact_probe_pychrono_unavailable
collision_contact_component_demo,collision.contact_probe.v1,pair_contact_schema_v1,0.7350,294,contact.force_torque,rover_body,rigid_obstacle,moving_body,fixed_obstacle,ChBody,ChBody,body_a_body_b,body_a,0,0.36000,0.00000,0.30000,0.36000,0.00000,0.30000,0.36000,0.00000,0.30000,-1.00000,0.00000,0.00000,0.00000,1.00000,0.00000,0.00000,0.00000,1.00000,[-1 0 0; 0 1 0; 0 0 1],,,,,-0.00000,0.00000,0.00000,0.00000,0.00000,0.00000,0.00000,-0.00000,0.00000,0.00000,0.00000,0.00000,0.00000,0.00000,world,world,sum_over_filtered_pair,pair_contact_reporter_world,false,contact_material_nsc_demo,contact_material_nsc_demo,NSC,Bullet_or_fallback,body_pair:rover_body-rigid_obstacle,deterministic_contact_probe_pychrono_unavailable
collision_contact_component_demo,collision.contact_probe.v1,pair_contact_schema_v1,0.7375,295,contact.force_torque,rover_body,rigid_obstacle,moving_body,fixed_obstacle,ChBody,ChBody,body_a_body_b,body_a,0,0.36000,0.00000,0.30000,0.36000,0.00000,0.30000,0.36000,0.00000,0.30000,-1.00000,0.00000,0.00000,0.00000,1.00000,0.00000,0.00000,0.00000,1.00000,[-1 0 0; 0 1 0; 0 0 1],,,,,-0.00000,0.00000,0.00000,0.00000,0.00000,0.00000,0.00000,-0.00000,0.00000,0.00000,0.00000,0.00000,0.00000,0.00000,world,world,sum_over_filtered_pair,pair_contact_reporter_world,false,contact_material_nsc_demo,contact_material_nsc_demo,NSC,Bullet_or_fallback,body_pair:rover_body-rigid_obstacle,deterministic_contact_probe_pychrono_unavailable
collision_contact_component_demo,collision.contact_probe.v1,pair_contact_schema_v1,0.7400,296,contact.force_torque,rover_body,rigid_obstacle,moving_body,fixed_obstacle,ChBody,ChBody,body_a_body_b,body_a,0,0.36000,0.00000,0.30000,0.36000,0.00000,0.30000,0.36000,0.00000,0.30000,-1.00000,0.00000,0.00000,0.00000,1.00000,0.00000,0.00000,0.00000,1.00000,[-1 0 0; 0 1 0; 0 0 1],,,,,-0.00000,0.00000,0.00000,0.00000,0.00000,0.00000,0.00000,-0.00000,0.00000,0.00000,0.00000,0.00000,0.00000,0.00000,world,world,sum_over_filtered_pair,pair_contact_reporter_world,false,contact_material_nsc_demo,contact_material_nsc_demo,NSC,Bullet_or_fallback,body_pair:rover_body-rigid_obstacle,deterministic_contact_probe_pychrono_unavailable
collision_contact_component_demo,collision.contact_probe.v1,pair_contact_schema_v1,0.7425,297,contact.force_torque,rover_body,rigid_obstacle,moving_body,fixed_obstacle,ChBody,ChBody,body_a_body_b,body_a,0,0.36000,0.00000,0.30000,0.36000,0.00000,0.30000,0.36000,0.00000,0.30000,-1.00000,0.00000,0.00000,0.00000,1.00000,0.00000,0.00000,0.00000,1.00000,[-1 0 0; 0 1 0; 0 0 1],,,,,-0.00000,0.00000,0.00000,0.00000,0.00000,0.00000,0.00000,-0.00000,0.00000,0.00000,0.00000,0.00000,0.00000,0.00000,world,world,sum_over_filtered_pair,pair_contact_reporter_world,false,contact_material_nsc_demo,contact_material_nsc_demo,NSC,Bullet_or_fallback,body_pair:rover_body-rigid_obstacle,deterministic_contact_probe_pychrono_unavailable
collision_contact_component_demo,collision.contact_probe.v1,pair_contact_schema_v1,0.7450,298,contact.force_torque,rover_body,rigid_obstacle,moving_body,fixed_obstacle,ChBody,ChBody,body_a_body_b,body_a,0,0.36000,0.00000,0.30000,0.36000,0.00000,0.30000,0.36000,0.00000,0.30000,-1.00000,0.00000,0.00000,0.00000,1.00000,0.00000,0.00000,0.00000,1.00000,[-1 0 0; 0 1 0; 0 0 1],,,,,-0.00000,0.00000,0.00000,0.00000,0.00000,0.00000,0.00000,-0.00000,0.00000,0.00000,0.00000,0.00000,0.00000,0.00000,world,world,sum_over_filtered_pair,pair_contact_reporter_world,false,contact_material_nsc_demo,contact_material_nsc_demo,NSC,Bullet_or_fallback,body_pair:rover_body-rigid_obstacle,deterministic_contact_probe_pychrono_unavailable
collision_contact_component_demo,collision.contact_probe.v1,pair_contact_schema_v1,0.7475,299,contact.force_torque,rover_body,rigid_obstacle,moving_body,fixed_obstacle,ChBody,ChBody,body_a_body_b,body_a,0,0.36000,0.00000,0.30000,0.36000,0.00000,0.30000,0.36000,0.00000,0.30000,-1.00000,0.00000,0.00000,0.00000,1.00000,0.00000,0.00000,0.00000,1.00000,[-1 0 0; 0 1 0; 0 0 1],,,,,-0.00000,0.00000,0.00000,0.00000,0.00000,0.00000,0.00000,-0.00000,0.00000,0.00000,0.00000,0.00000,0.00000,0.00000,world,world,sum_over_filtered_pair,pair_contact_reporter_world,false,contact_material_nsc_demo,contact_material_nsc_demo,NSC,Bullet_or_fallback,body_pair:rover_body-rigid_obstacle,deterministic_contact_probe_pychrono_unavailable
collision_contact_component_demo,collision.contact_probe.v1,pair_contact_schema_v1,0.7500,300,contact.force_torque,rover_body,rigid_obstacle,moving_body,fixed_obstacle,ChBody,ChBody,body_a_body_b,body_a,0,0.36000,0.00000,0.30000,0.36000,0.00000,0.30000,0.36000,0.00000,0.30000,-1.00000,0.00000,0.00000,0.00000,1.00000,0.00000,0.00000,0.00000,1.00000,[-1 0 0; 0 1 0; 0 0 1],,,,,-0.00000,0.00000,0.00000,0.00000,0.00000,0.00000,0.00000,-0.00000,0.00000,0.00000,0.00000,0.00000,0.00000,0.00000,world,world,sum_over_filtered_pair,pair_contact_reporter_world,false,contact_material_nsc_demo,contact_material_nsc_demo,NSC,Bullet_or_fallback,body_pair:rover_body-rigid_obstacle,deterministic_contact_probe_pychrono_unavailable
collision_contact_component_demo,collision.contact_probe.v1,pair_contact_schema_v1,0.7525,301,contact.force_torque,rover_body,rigid_obstacle,moving_body,fixed_obstacle,ChBody,ChBody,body_a_body_b,body_a,0,0.36000,0.00000,0.30000,0.36000,0.00000,0.30000,0.36000,0.00000,0.30000,-1.00000,0.00000,0.00000,0.00000,1.00000,0.00000,0.00000,0.00000,1.00000,[-1 0 0; 0 1 0; 0 0 1],,,,,-0.00000,0.00000,0.00000,0.00000,0.00000,0.00000,0.00000,-0.00000,0.00000,0.00000,0.00000,0.00000,0.00000,0.00000,world,world,sum_over_filtered_pair,pair_contact_reporter_world,false,contact_material_nsc_demo,contact_material_nsc_demo,NSC,Bullet_or_fallback,body_pair:rover_body-rigid_obstacle,deterministic_contact_probe_pychrono_unavailable
collision_contact_component_demo,collision.contact_probe.v1,pair_contact_schema_v1,0.7550,302,contact.force_torque,rover_body,rigid_obstacle,moving_body,fixed_obstacle,ChBody,ChBody,body_a_body_b,body_a,0,0.36000,0.00000,0.30000,0.36000,0.00000,0.30000,0.36000,0.00000,0.30000,-1.00000,0.00000,0.00000,0.00000,1.00000,0.00000,0.00000,0.00000,1.00000,[-1 0 0; 0 1 0; 0 0 1],,,,,-0.00000,0.00000,0.00000,0.00000,0.00000,0.00000,0.00000,-0.00000,0.00000,0.00000,0.00000,0.00000,0.00000,0.00000,world,world,sum_over_filtered_pair,pair_contact_reporter_world,false,contact_material_nsc_demo,contact_material_nsc_demo,NSC,Bullet_or_fallback,body_pair:rover_body-rigid_obstacle,deterministic_contact_probe_pychrono_unavailable
collision_contact_component_demo,collision.contact_probe.v1,pair_contact_schema_v1,0.7575,303,contact.force_torque,rover_body,rigid_obstacle,moving_body,fixed_obstacle,ChBody,ChBody,body_a_body_b,body_a,0,0.36000,0.00000,0.30000,0.36000,0.00000,0.30000,0.36000,0.00000,0.30000,-1.00000,0.00000,0.00000,0.00000,1.00000,0.00000,0.00000,0.00000,1.00000,[-1 0 0; 0 1 0; 0 0 1],,,,,-0.00000,0.00000,0.00000,0.00000,0.00000,0.00000,0.00000,-0.00000,0.00000,0.00000,0.00000,0.00000,0.00000,0.00000,world,world,sum_over_filtered_pair,pair_contact_reporter_world,false,contact_material_nsc_demo,contact_material_nsc_demo,NSC,Bullet_or_fallback,body_pair:rover_body-rigid_obstacle,deterministic_contact_probe_pychrono_unavailable
collision_contact_component_demo,collision.contact_probe.v1,pair_contact_schema_v1,0.7600,304,contact.force_torque,rover_body,rigid_obstacle,moving_body,fixed_obstacle,ChBody,ChBody,body_a_body_b,body_a,0,0.36000,0.00000,0.30000,0.36000,0.00000,0.30000,0.36000,0.00000,0.30000,-1.00000,0.00000,0.00000,0.00000,1.00000,0.00000,0.00000,0.00000,1.00000,[-1 0 0; 0 1 0; 0 0 1],,,,,-0.00000,0.00000,0.00000,0.00000,0.00000,0.00000,0.00000,-0.00000,0.00000,0.00000,0.00000,0.00000,0.00000,0.00000,world,world,sum_over_filtered_pair,pair_contact_reporter_world,false,contact_material_nsc_demo,contact_material_nsc_demo,NSC,Bullet_or_fallback,body_pair:rover_body-rigid_obstacle,deterministic_contact_probe_pychrono_unavailable
collision_contact_component_demo,collision.contact_probe.v1,pair_contact_schema_v1,0.7625,305,contact.force_torque,rover_body,rigid_obstacle,moving_body,fixed_obstacle,ChBody,ChBody,body_a_body_b,body_a,0,0.36000,0.00000,0.30000,0.36000,0.00000,0.30000,0.36000,0.00000,0.30000,-1.00000,0.00000,0.00000,0.00000,1.00000,0.00000,0.00000,0.00000,1.00000,[-1 0 0; 0 1 0; 0 0 1],,,,,-0.00000,0.00000,0.00000,0.00000,0.00000,0.00000,0.00000,-0.00000,0.00000,0.00000,0.00000,0.00000,0.00000,0.00000,world,world,sum_over_filtered_pair,pair_contact_reporter_world,false,contact_material_nsc_demo,contact_material_nsc_demo,NSC,Bullet_or_fallback,body_pair:rover_body-rigid_obstacle,deterministic_contact_probe_pychrono_unavailable
collision_contact_component_demo,collision.contact_probe.v1,pair_contact_schema_v1,0.7650,306,contact.force_torque,rover_body,rigid_obstacle,moving_body,fixed_obstacle,ChBody,ChBody,body_a_body_b,body_a,0,0.36000,0.00000,0.30000,0.36000,0.00000,0.30000,0.36000,0.00000,0.30000,-1.00000,0.00000,0.00000,0.00000,1.00000,0.00000,0.00000,0.00000,1.00000,[-1 0 0; 0 1 0; 0 0 1],,,,,-0.00000,0.00000,0.00000,0.00000,0.00000,0.00000,0.00000,-0.00000,0.00000,0.00000,0.00000,0.00000,0.00000,0.00000,world,world,sum_over_filtered_pair,pair_contact_reporter_world,false,contact_material_nsc_demo,contact_material_nsc_demo,NSC,Bullet_or_fallback,body_pair:rover_body-rigid_obstacle,deterministic_contact_probe_pychrono_unavailable
collision_contact_component_demo,collision.contact_probe.v1,pair_contact_schema_v1,0.7675,307,contact.force_torque,rover_body,rigid_obstacle,moving_body,fixed_obstacle,ChBody,ChBody,body_a_body_b,body_a,0,0.36000,0.00000,0.30000,0.36000,0.00000,0.30000,0.36000,0.00000,0.30000,-1.00000,0.00000,0.00000,0.00000,1.00000,0.00000,0.00000,0.00000,1.00000,[-1 0 0; 0 1 0; 0 0 1],,,,,-0.00000,0.00000,0.00000,0.00000,0.00000,0.00000,0.00000,-0.00000,0.00000,0.00000,0.00000,0.00000,0.00000,0.00000,world,world,sum_over_filtered_pair,pair_contact_reporter_world,false,contact_material_nsc_demo,contact_material_nsc_demo,NSC,Bullet_or_fallback,body_pair:rover_body-rigid_obstacle,deterministic_contact_probe_pychrono_unavailable
collision_contact_component_demo,collision.contact_probe.v1,pair_contact_schema_v1,0.7700,308,contact.force_torque,rover_body,rigid_obstacle,moving_body,fixed_obstacle,ChBody,ChBody,body_a_body_b,body_a,0,0.36000,0.00000,0.30000,0.36000,0.00000,0.30000,0.36000,0.00000,0.30000,-1.00000,0.00000,0.00000,0.00000,1.00000,0.00000,0.00000,0.00000,1.00000,[-1 0 0; 0 1 0; 0 0 1],,,,,-0.00000,0.00000,0.00000,0.00000,0.00000,0.00000,0.00000,-0.00000,0.00000,0.00000,0.00000,0.00000,0.00000,0.00000,world,world,sum_over_filtered_pair,pair_contact_reporter_world,false,contact_material_nsc_demo,contact_material_nsc_demo,NSC,Bullet_or_fallback,body_pair:rover_body-rigid_obstacle,deterministic_contact_probe_pychrono_unavailable
collision_contact_component_demo,collision.contact_probe.v1,pair_contact_schema_v1,0.7725,309,contact.force_torque,rover_body,rigid_obstacle,moving_body,fixed_obstacle,ChBody,ChBody,body_a_body_b,body_a,0,0.36000,0.00000,0.30000,0.36000,0.00000,0.30000,0.36000,0.00000,0.30000,-1.00000,0.00000,0.00000,0.00000,1.00000,0.00000,0.00000,0.00000,1.00000,[-1 0 0; 0 1 0; 0 0 1],,,,,-0.00000,0.00000,0.00000,0.00000,0.00000,0.00000,0.00000,-0.00000,0.00000,0.00000,0.00000,0.00000,0.00000,0.00000,world,world,sum_over_filtered_pair,pair_contact_reporter_world,false,contact_material_nsc_demo,contact_material_nsc_demo,NSC,Bullet_or_fallback,body_pair:rover_body-rigid_obstacle,deterministic_contact_probe_pychrono_unavailable
collision_contact_component_demo,collision.contact_probe.v1,pair_contact_schema_v1,0.7750,310,contact.force_torque,rover_body,rigid_obstacle,moving_body,fixed_obstacle,ChBody,ChBody,body_a_body_b,body_a,0,0.36000,0.00000,0.30000,0.36000,0.00000,0.30000,0.36000,0.00000,0.30000,-1.00000,0.00000,0.00000,0.00000,1.00000,0.00000,0.00000,0.00000,1.00000,[-1 0 0; 0 1 0; 0 0 1],,,,,-0.00000,0.00000,0.00000,0.00000,0.00000,0.00000,0.00000,-0.00000,0.00000,0.00000,0.00000,0.00000,0.00000,0.00000,world,world,sum_over_filtered_pair,pair_contact_reporter_world,false,contact_material_nsc_demo,contact_material_nsc_demo,NSC,Bullet_or_fallback,body_pair:rover_body-rigid_obstacle,deterministic_contact_probe_pychrono_unavailable
collision_contact_component_demo,collision.contact_probe.v1,pair_contact_schema_v1,0.7775,311,contact.force_torque,rover_body,rigid_obstacle,moving_body,fixed_obstacle,ChBody,ChBody,body_a_body_b,body_a,0,0.36000,0.00000,0.30000,0.36000,0.00000,0.30000,0.36000,0.00000,0.30000,-1.00000,0.00000,0.00000,0.00000,1.00000,0.00000,0.00000,0.00000,1.00000,[-1 0 0; 0 1 0; 0 0 1],,,,,-0.00000,0.00000,0.00000,0.00000,0.00000,0.00000,0.00000,-0.00000,0.00000,0.00000,0.00000,0.00000,0.00000,0.00000,world,world,sum_over_filtered_pair,pair_contact_reporter_world,false,contact_material_nsc_demo,contact_material_nsc_demo,NSC,Bullet_or_fallback,body_pair:rover_body-rigid_obstacle,deterministic_contact_probe_pychrono_unavailable
collision_contact_component_demo,collision.contact_probe.v1,pair_contact_schema_v1,0.7800,312,contact.force_torque,rover_body,rigid_obstacle,moving_body,fixed_obstacle,ChBody,ChBody,body_a_body_b,body_a,0,0.36000,0.00000,0.30000,0.36000,0.00000,0.30000,0.36000,0.00000,0.30000,-1.00000,0.00000,0.00000,0.00000,1.00000,0.00000,0.00000,0.00000,1.00000,[-1 0 0; 0 1 0; 0 0 1],,,,,-0.00000,0.00000,0.00000,0.00000,0.00000,0.00000,0.00000,-0.00000,0.00000,0.00000,0.00000,0.00000,0.00000,0.00000,world,world,sum_over_filtered_pair,pair_contact_reporter_world,false,contact_material_nsc_demo,contact_material_nsc_demo,NSC,Bullet_or_fallback,body_pair:rover_body-rigid_obstacle,deterministic_contact_probe_pychrono_unavailable
collision_contact_component_demo,collision.contact_probe.v1,pair_contact_schema_v1,0.7825,313,contact.force_torque,rover_body,rigid_obstacle,moving_body,fixed_obstacle,ChBody,ChBody,body_a_body_b,body_a,0,0.36000,0.00000,0.30000,0.36000,0.00000,0.30000,0.36000,0.00000,0.30000,-1.00000,0.00000,0.00000,0.00000,1.00000,0.00000,0.00000,0.00000,1.00000,[-1 0 0; 0 1 0; 0 0 1],,,,,-0.00000,0.00000,0.00000,0.00000,0.00000,0.00000,0.00000,-0.00000,0.00000,0.00000,0.00000,0.00000,0.00000,0.00000,world,world,sum_over_filtered_pair,pair_contact_reporter_world,false,contact_material_nsc_demo,contact_material_nsc_demo,NSC,Bullet_or_fallback,body_pair:rover_body-rigid_obstacle,deterministic_contact_probe_pychrono_unavailable
collision_contact_component_demo,collision.contact_probe.v1,pair_contact_schema_v1,0.7850,314,contact.force_torque,rover_body,rigid_obstacle,moving_body,fixed_obstacle,ChBody,ChBody,body_a_body_b,body_a,0,0.36000,0.00000,0.30000,0.36000,0.00000,0.30000,0.36000,0.00000,0.30000,-1.00000,0.00000,0.00000,0.00000,1.00000,0.00000,0.00000,0.00000,1.00000,[-1 0 0; 0 1 0; 0 0 1],,,,,-0.00000,0.00000,0.00000,0.00000,0.00000,0.00000,0.00000,-0.00000,0.00000,0.00000,0.00000,0.00000,0.00000,0.00000,world,world,sum_over_filtered_pair,pair_contact_reporter_world,false,contact_material_nsc_demo,contact_material_nsc_demo,NSC,Bullet_or_fallback,body_pair:rover_body-rigid_obstacle,deterministic_contact_probe_pychrono_unavailable
collision_contact_component_demo,collision.contact_probe.v1,pair_contact_schema_v1,0.7875,315,contact.force_torque,rover_body,rigid_obstacle,moving_body,fixed_obstacle,ChBody,ChBody,body_a_body_b,body_a,0,0.36000,0.00000,0.30000,0.36000,0.00000,0.30000,0.36000,0.00000,0.30000,-1.00000,0.00000,0.00000,0.00000,1.00000,0.00000,0.00000,0.00000,1.00000,[-1 0 0; 0 1 0; 0 0 1],,,,,-0.00000,0.00000,0.00000,0.00000,0.00000,0.00000,0.00000,-0.00000,0.00000,0.00000,0.00000,0.00000,0.00000,0.00000,world,world,sum_over_filtered_pair,pair_contact_reporter_world,false,contact_material_nsc_demo,contact_material_nsc_demo,NSC,Bullet_or_fallback,body_pair:rover_body-rigid_obstacle,deterministic_contact_probe_pychrono_unavailable
collision_contact_component_demo,collision.contact_probe.v1,pair_contact_schema_v1,0.7900,316,contact.force_torque,rover_body,rigid_obstacle,moving_body,fixed_obstacle,ChBody,ChBody,body_a_body_b,body_a,0,0.36000,0.00000,0.30000,0.36000,0.00000,0.30000,0.36000,0.00000,0.30000,-1.00000,0.00000,0.00000,0.00000,1.00000,0.00000,0.00000,0.00000,1.00000,[-1 0 0; 0 1 0; 0 0 1],,,,,-0.00000,0.00000,0.00000,0.00000,0.00000,0.00000,0.00000,-0.00000,0.00000,0.00000,0.00000,0.00000,0.00000,0.00000,world,world,sum_over_filtered_pair,pair_contact_reporter_world,false,contact_material_nsc_demo,contact_material_nsc_demo,NSC,Bullet_or_fallback,body_pair:rover_body-rigid_obstacle,deterministic_contact_probe_pychrono_unavailable
collision_contact_component_demo,collision.contact_probe.v1,pair_contact_schema_v1,0.7925,317,contact.force_torque,rover_body,rigid_obstacle,moving_body,fixed_obstacle,ChBody,ChBody,body_a_body_b,body_a,0,0.36000,0.00000,0.30000,0.36000,0.00000,0.30000,0.36000,0.00000,0.30000,-1.00000,0.00000,0.00000,0.00000,1.00000,0.00000,0.00000,0.00000,1.00000,[-1 0 0; 0 1 0; 0 0 1],,,,,-0.00000,0.00000,0.00000,0.00000,0.00000,0.00000,0.00000,-0.00000,0.00000,0.00000,0.00000,0.00000,0.00000,0.00000,world,world,sum_over_filtered_pair,pair_contact_reporter_world,false,contact_material_nsc_demo,contact_material_nsc_demo,NSC,Bullet_or_fallback,body_pair:rover_body-rigid_obstacle,deterministic_contact_probe_pychrono_unavailable
collision_contact_component_demo,collision.contact_probe.v1,pair_contact_schema_v1,0.7950,318,contact.force_torque,rover_body,rigid_obstacle,moving_body,fixed_obstacle,ChBody,ChBody,body_a_body_b,body_a,0,0.36000,0.00000,0.30000,0.36000,0.00000,0.30000,0.36000,0.00000,0.30000,-1.00000,0.00000,0.00000,0.00000,1.00000,0.00000,0.00000,0.00000,1.00000,[-1 0 0; 0 1 0; 0 0 1],,,,,-0.00000,0.00000,0.00000,0.00000,0.00000,0.00000,0.00000,-0.00000,0.00000,0.00000,0.00000,0.00000,0.00000,0.00000,world,world,sum_over_filtered_pair,pair_contact_reporter_world,false,contact_material_nsc_demo,contact_material_nsc_demo,NSC,Bullet_or_fallback,body_pair:rover_body-rigid_obstacle,deterministic_contact_probe_pychrono_unavailable
collision_contact_component_demo,collision.contact_probe.v1,pair_contact_schema_v1,0.7975,319,contact.force_torque,rover_body,rigid_obstacle,moving_body,fixed_obstacle,ChBody,ChBody,body_a_body_b,body_a,0,0.36000,0.00000,0.30000,0.36000,0.00000,0.30000,0.36000,0.00000,0.30000,-1.00000,0.00000,0.00000,0.00000,1.00000,0.00000,0.00000,0.00000,1.00000,[-1 0 0; 0 1 0; 0 0 1],,,,,-0.00000,0.00000,0.00000,0.00000,0.00000,0.00000,0.00000,-0.00000,0.00000,0.00000,0.00000,0.00000,0.00000,0.00000,world,world,sum_over_filtered_pair,pair_contact_reporter_world,false,contact_material_nsc_demo,contact_material_nsc_demo,NSC,Bullet_or_fallback,body_pair:rover_body-rigid_obstacle,deterministic_contact_probe_pychrono_unavailable
collision_contact_component_demo,collision.contact_probe.v1,pair_contact_schema_v1,0.8000,320,contact.force_torque,rover_body,rigid_obstacle,moving_body,fixed_obstacle,ChBody,ChBody,body_a_body_b,body_a,0,0.36000,0.00000,0.30000,0.36000,0.00000,0.30000,0.36000,0.00000,0.30000,-1.00000,0.00000,0.00000,0.00000,1.00000,0.00000,0.00000,0.00000,1.00000,[-1 0 0; 0 1 0; 0 0 1],,,,,-0.00000,0.00000,0.00000,0.00000,0.00000,0.00000,0.00000,-0.00000,0.00000,0.00000,0.00000,0.00000,0.00000,0.00000,world,world,sum_over_filtered_pair,pair_contact_reporter_world,false,contact_material_nsc_demo,contact_material_nsc_demo,NSC,Bullet_or_fallback,body_pair:rover_body-rigid_obstacle,deterministic_contact_probe_pychrono_unavailable
collision_contact_component_demo,collision.contact_probe.v1,pair_contact_schema_v1,0.8025,321,contact.force_torque,rover_body,rigid_obstacle,moving_body,fixed_obstacle,ChBody,ChBody,body_a_body_b,body_a,0,0.36000,0.00000,0.30000,0.36000,0.00000,0.30000,0.36000,0.00000,0.30000,-1.00000,0.00000,0.00000,0.00000,1.00000,0.00000,0.00000,0.00000,1.00000,[-1 0 0; 0 1 0; 0 0 1],,,,,-0.00000,0.00000,0.00000,0.00000,0.00000,0.00000,0.00000,-0.00000,0.00000,0.00000,0.00000,0.00000,0.00000,0.00000,world,world,sum_over_filtered_pair,pair_contact_reporter_world,false,contact_material_nsc_demo,contact_material_nsc_demo,NSC,Bullet_or_fallback,body_pair:rover_body-rigid_obstacle,deterministic_contact_probe_pychrono_unavailable
collision_contact_component_demo,collision.contact_probe.v1,pair_contact_schema_v1,0.8050,322,contact.force_torque,rover_body,rigid_obstacle,moving_body,fixed_obstacle,ChBody,ChBody,body_a_body_b,body_a,0,0.36000,0.00000,0.30000,0.36000,0.00000,0.30000,0.36000,0.00000,0.30000,-1.00000,0.00000,0.00000,0.00000,1.00000,0.00000,0.00000,0.00000,1.00000,[-1 0 0; 0 1 0; 0 0 1],,,,,-0.00000,0.00000,0.00000,0.00000,0.00000,0.00000,0.00000,-0.00000,0.00000,0.00000,0.00000,0.00000,0.00000,0.00000,world,world,sum_over_filtered_pair,pair_contact_reporter_world,false,contact_material_nsc_demo,contact_material_nsc_demo,NSC,Bullet_or_fallback,body_pair:rover_body-rigid_obstacle,deterministic_contact_probe_pychrono_unavailable
collision_contact_component_demo,collision.contact_probe.v1,pair_contact_schema_v1,0.8075,323,contact.force_torque,rover_body,rigid_obstacle,moving_body,fixed_obstacle,ChBody,ChBody,body_a_body_b,body_a,0,0.36000,0.00000,0.30000,0.36000,0.00000,0.30000,0.36000,0.00000,0.30000,-1.00000,0.00000,0.00000,0.00000,1.00000,0.00000,0.00000,0.00000,1.00000,[-1 0 0; 0 1 0; 0 0 1],,,,,-0.00000,0.00000,0.00000,0.00000,0.00000,0.00000,0.00000,-0.00000,0.00000,0.00000,0.00000,0.00000,0.00000,0.00000,world,world,sum_over_filtered_pair,pair_contact_reporter_world,false,contact_material_nsc_demo,contact_material_nsc_demo,NSC,Bullet_or_fallback,body_pair:rover_body-rigid_obstacle,deterministic_contact_probe_pychrono_unavailable
collision_contact_component_demo,collision.contact_probe.v1,pair_contact_schema_v1,0.8100,324,contact.force_torque,rover_body,rigid_obstacle,moving_body,fixed_obstacle,ChBody,ChBody,body_a_body_b,body_a,0,0.36000,0.00000,0.30000,0.36000,0.00000,0.30000,0.36000,0.00000,0.30000,-1.00000,0.00000,0.00000,0.00000,1.00000,0.00000,0.00000,0.00000,1.00000,[-1 0 0; 0 1 0; 0 0 1],,,,,-0.00000,0.00000,0.00000,0.00000,0.00000,0.00000,0.00000,-0.00000,0.00000,0.00000,0.00000,0.00000,0.00000,0.00000,world,world,sum_over_filtered_pair,pair_contact_reporter_world,false,contact_material_nsc_demo,contact_material_nsc_demo,NSC,Bullet_or_fallback,body_pair:rover_body-rigid_obstacle,deterministic_contact_probe_pychrono_unavailable
collision_contact_component_demo,collision.contact_probe.v1,pair_contact_schema_v1,0.8125,325,contact.force_torque,rover_body,rigid_obstacle,moving_body,fixed_obstacle,ChBody,ChBody,body_a_body_b,body_a,0,0.36000,0.00000,0.30000,0.36000,0.00000,0.30000,0.36000,0.00000,0.30000,-1.00000,0.00000,0.00000,0.00000,1.00000,0.00000,0.00000,0.00000,1.00000,[-1 0 0; 0 1 0; 0 0 1],,,,,-0.00000,0.00000,0.00000,0.00000,0.00000,0.00000,0.00000,-0.00000,0.00000,0.00000,0.00000,0.00000,0.00000,0.00000,world,world,sum_over_filtered_pair,pair_contact_reporter_world,false,contact_material_nsc_demo,contact_material_nsc_demo,NSC,Bullet_or_fallback,body_pair:rover_body-rigid_obstacle,deterministic_contact_probe_pychrono_unavailable
collision_contact_component_demo,collision.contact_probe.v1,pair_contact_schema_v1,0.8150,326,contact.force_torque,rover_body,rigid_obstacle,moving_body,fixed_obstacle,ChBody,ChBody,body_a_body_b,body_a,0,0.36000,0.00000,0.30000,0.36000,0.00000,0.30000,0.36000,0.00000,0.30000,-1.00000,0.00000,0.00000,0.00000,1.00000,0.00000,0.00000,0.00000,1.00000,[-1 0 0; 0 1 0; 0 0 1],,,,,-0.00000,0.00000,0.00000,0.00000,0.00000,0.00000,0.00000,-0.00000,0.00000,0.00000,0.00000,0.00000,0.00000,0.00000,world,world,sum_over_filtered_pair,pair_contact_reporter_world,false,contact_material_nsc_demo,contact_material_nsc_demo,NSC,Bullet_or_fallback,body_pair:rover_body-rigid_obstacle,deterministic_contact_probe_pychrono_unavailable
collision_contact_component_demo,collision.contact_probe.v1,pair_contact_schema_v1,0.8175,327,contact.force_torque,rover_body,rigid_obstacle,moving_body,fixed_obstacle,ChBody,ChBody,body_a_body_b,body_a,0,0.36000,0.00000,0.30000,0.36000,0.00000,0.30000,0.36000,0.00000,0.30000,-1.00000,0.00000,0.00000,0.00000,1.00000,0.00000,0.00000,0.00000,1.00000,[-1 0 0; 0 1 0; 0 0 1],,,,,-0.00000,0.00000,0.00000,0.00000,0.00000,0.00000,0.00000,-0.00000,0.00000,0.00000,0.00000,0.00000,0.00000,0.00000,world,world,sum_over_filtered_pair,pair_contact_reporter_world,false,contact_material_nsc_demo,contact_material_nsc_demo,NSC,Bullet_or_fallback,body_pair:rover_body-rigid_obstacle,deterministic_contact_probe_pychrono_unavailable
collision_contact_component_demo,collision.contact_probe.v1,pair_contact_schema_v1,0.8200,328,contact.force_torque,rover_body,rigid_obstacle,moving_body,fixed_obstacle,ChBody,ChBody,body_a_body_b,body_a,0,0.36000,0.00000,0.30000,0.36000,0.00000,0.30000,0.36000,0.00000,0.30000,-1.00000,0.00000,0.00000,0.00000,1.00000,0.00000,0.00000,0.00000,1.00000,[-1 0 0; 0 1 0; 0 0 1],,,,,-0.00000,0.00000,0.00000,0.00000,0.00000,0.00000,0.00000,-0.00000,0.00000,0.00000,0.00000,0.00000,0.00000,0.00000,world,world,sum_over_filtered_pair,pair_contact_reporter_world,false,contact_material_nsc_demo,contact_material_nsc_demo,NSC,Bullet_or_fallback,body_pair:rover_body-rigid_obstacle,deterministic_contact_probe_pychrono_unavailable
collision_contact_component_demo,collision.contact_probe.v1,pair_contact_schema_v1,0.8225,329,contact.force_torque,rover_body,rigid_obstacle,moving_body,fixed_obstacle,ChBody,ChBody,body_a_body_b,body_a,0,0.36000,0.00000,0.30000,0.36000,0.00000,0.30000,0.36000,0.00000,0.30000,-1.00000,0.00000,0.00000,0.00000,1.00000,0.00000,0.00000,0.00000,1.00000,[-1 0 0; 0 1 0; 0 0 1],,,,,-0.00000,0.00000,0.00000,0.00000,0.00000,0.00000,0.00000,-0.00000,0.00000,0.00000,0.00000,0.00000,0.00000,0.00000,world,world,sum_over_filtered_pair,pair_contact_reporter_world,false,contact_material_nsc_demo,contact_material_nsc_demo,NSC,Bullet_or_fallback,body_pair:rover_body-rigid_obstacle,deterministic_contact_probe_pychrono_unavailable
collision_contact_component_demo,collision.contact_probe.v1,pair_contact_schema_v1,0.8250,330,contact.force_torque,rover_body,rigid_obstacle,moving_body,fixed_obstacle,ChBody,ChBody,body_a_body_b,body_a,0,0.36000,0.00000,0.30000,0.36000,0.00000,0.30000,0.36000,0.00000,0.30000,-1.00000,0.00000,0.00000,0.00000,1.00000,0.00000,0.00000,0.00000,1.00000,[-1 0 0; 0 1 0; 0 0 1],,,,,-0.00000,0.00000,0.00000,0.00000,0.00000,0.00000,0.00000,-0.00000,0.00000,0.00000,0.00000,0.00000,0.00000,0.00000,world,world,sum_over_filtered_pair,pair_contact_reporter_world,false,contact_material_nsc_demo,contact_material_nsc_demo,NSC,Bullet_or_fallback,body_pair:rover_body-rigid_obstacle,deterministic_contact_probe_pychrono_unavailable
collision_contact_component_demo,collision.contact_probe.v1,pair_contact_schema_v1,0.8275,331,contact.force_torque,rover_body,rigid_obstacle,moving_body,fixed_obstacle,ChBody,ChBody,body_a_body_b,body_a,0,0.36000,0.00000,0.30000,0.36000,0.00000,0.30000,0.36000,0.00000,0.30000,-1.00000,0.00000,0.00000,0.00000,1.00000,0.00000,0.00000,0.00000,1.00000,[-1 0 0; 0 1 0; 0 0 1],,,,,-0.00000,0.00000,0.00000,0.00000,0.00000,0.00000,0.00000,-0.00000,0.00000,0.00000,0.00000,0.00000,0.00000,0.00000,world,world,sum_over_filtered_pair,pair_contact_reporter_world,false,contact_material_nsc_demo,contact_material_nsc_demo,NSC,Bullet_or_fallback,body_pair:rover_body-rigid_obstacle,deterministic_contact_probe_pychrono_unavailable
collision_contact_component_demo,collision.contact_probe.v1,pair_contact_schema_v1,0.8300,332,contact.force_torque,rover_body,rigid_obstacle,moving_body,fixed_obstacle,ChBody,ChBody,body_a_body_b,body_a,0,0.36000,0.00000,0.30000,0.36000,0.00000,0.30000,0.36000,0.00000,0.30000,-1.00000,0.00000,0.00000,0.00000,1.00000,0.00000,0.00000,0.00000,1.00000,[-1 0 0; 0 1 0; 0 0 1],,,,,-0.00000,0.00000,0.00000,0.00000,0.00000,0.00000,0.00000,-0.00000,0.00000,0.00000,0.00000,0.00000,0.00000,0.00000,world,world,sum_over_filtered_pair,pair_contact_reporter_world,false,contact_material_nsc_demo,contact_material_nsc_demo,NSC,Bullet_or_fallback,body_pair:rover_body-rigid_obstacle,deterministic_contact_probe_pychrono_unavailable
collision_contact_component_demo,collision.contact_probe.v1,pair_contact_schema_v1,0.8325,333,contact.force_torque,rover_body,rigid_obstacle,moving_body,fixed_obstacle,ChBody,ChBody,body_a_body_b,body_a,0,0.36000,0.00000,0.30000,0.36000,0.00000,0.30000,0.36000,0.00000,0.30000,-1.00000,0.00000,0.00000,0.00000,1.00000,0.00000,0.00000,0.00000,1.00000,[-1 0 0; 0 1 0; 0 0 1],,,,,-0.00000,0.00000,0.00000,0.00000,0.00000,0.00000,0.00000,-0.00000,0.00000,0.00000,0.00000,0.00000,0.00000,0.00000,world,world,sum_over_filtered_pair,pair_contact_reporter_world,false,contact_material_nsc_demo,contact_material_nsc_demo,NSC,Bullet_or_fallback,body_pair:rover_body-rigid_obstacle,deterministic_contact_probe_pychrono_unavailable
collision_contact_component_demo,collision.contact_probe.v1,pair_contact_schema_v1,0.8350,334,contact.force_torque,rover_body,rigid_obstacle,moving_body,fixed_obstacle,ChBody,ChBody,body_a_body_b,body_a,0,0.36000,0.00000,0.30000,0.36000,0.00000,0.30000,0.36000,0.00000,0.30000,-1.00000,0.00000,0.00000,0.00000,1.00000,0.00000,0.00000,0.00000,1.00000,[-1 0 0; 0 1 0; 0 0 1],,,,,-0.00000,0.00000,0.00000,0.00000,0.00000,0.00000,0.00000,-0.00000,0.00000,0.00000,0.00000,0.00000,0.00000,0.00000,world,world,sum_over_filtered_pair,pair_contact_reporter_world,false,contact_material_nsc_demo,contact_material_nsc_demo,NSC,Bullet_or_fallback,body_pair:rover_body-rigid_obstacle,deterministic_contact_probe_pychrono_unavailable
collision_contact_component_demo,collision.contact_probe.v1,pair_contact_schema_v1,0.8375,335,contact.force_torque,rover_body,rigid_obstacle,moving_body,fixed_obstacle,ChBody,ChBody,body_a_body_b,body_a,0,0.36000,0.00000,0.30000,0.36000,0.00000,0.30000,0.36000,0.00000,0.30000,-1.00000,0.00000,0.00000,0.00000,1.00000,0.00000,0.00000,0.00000,1.00000,[-1 0 0; 0 1 0; 0 0 1],,,,,-0.00000,0.00000,0.00000,0.00000,0.00000,0.00000,0.00000,-0.00000,0.00000,0.00000,0.00000,0.00000,0.00000,0.00000,world,world,sum_over_filtered_pair,pair_contact_reporter_world,false,contact_material_nsc_demo,contact_material_nsc_demo,NSC,Bullet_or_fallback,body_pair:rover_body-rigid_obstacle,deterministic_contact_probe_pychrono_unavailable
collision_contact_component_demo,collision.contact_probe.v1,pair_contact_schema_v1,0.8400,336,contact.force_torque,rover_body,rigid_obstacle,moving_body,fixed_obstacle,ChBody,ChBody,body_a_body_b,body_a,0,0.36000,0.00000,0.30000,0.36000,0.00000,0.30000,0.36000,0.00000,0.30000,-1.00000,0.00000,0.00000,0.00000,1.00000,0.00000,0.00000,0.00000,1.00000,[-1 0 0; 0 1 0; 0 0 1],,,,,-0.00000,0.00000,0.00000,0.00000,0.00000,0.00000,0.00000,-0.00000,0.00000,0.00000,0.00000,0.00000,0.00000,0.00000,world,world,sum_over_filtered_pair,pair_contact_reporter_world,false,contact_material_nsc_demo,contact_material_nsc_demo,NSC,Bullet_or_fallback,body_pair:rover_body-rigid_obstacle,deterministic_contact_probe_pychrono_unavailable
collision_contact_component_demo,collision.contact_probe.v1,pair_contact_schema_v1,0.8425,337,contact.force_torque,rover_body,rigid_obstacle,moving_body,fixed_obstacle,ChBody,ChBody,body_a_body_b,body_a,0,0.36000,0.00000,0.30000,0.36000,0.00000,0.30000,0.36000,0.00000,0.30000,-1.00000,0.00000,0.00000,0.00000,1.00000,0.00000,0.00000,0.00000,1.00000,[-1 0 0; 0 1 0; 0 0 1],,,,,-0.00000,0.00000,0.00000,0.00000,0.00000,0.00000,0.00000,-0.00000,0.00000,0.00000,0.00000,0.00000,0.00000,0.00000,world,world,sum_over_filtered_pair,pair_contact_reporter_world,false,contact_material_nsc_demo,contact_material_nsc_demo,NSC,Bullet_or_fallback,body_pair:rover_body-rigid_obstacle,deterministic_contact_probe_pychrono_unavailable
collision_contact_component_demo,collision.contact_probe.v1,pair_contact_schema_v1,0.8450,338,contact.force_torque,rover_body,rigid_obstacle,moving_body,fixed_obstacle,ChBody,ChBody,body_a_body_b,body_a,0,0.36000,0.00000,0.30000,0.36000,0.00000,0.30000,0.36000,0.00000,0.30000,-1.00000,0.00000,0.00000,0.00000,1.00000,0.00000,0.00000,0.00000,1.00000,[-1 0 0; 0 1 0; 0 0 1],,,,,-0.00000,0.00000,0.00000,0.00000,0.00000,0.00000,0.00000,-0.00000,0.00000,0.00000,0.00000,0.00000,0.00000,0.00000,world,world,sum_over_filtered_pair,pair_contact_reporter_world,false,contact_material_nsc_demo,contact_material_nsc_demo,NSC,Bullet_or_fallback,body_pair:rover_body-rigid_obstacle,deterministic_contact_probe_pychrono_unavailable
collision_contact_component_demo,collision.contact_probe.v1,pair_contact_schema_v1,0.8475,339,contact.force_torque,rover_body,rigid_obstacle,moving_body,fixed_obstacle,ChBody,ChBody,body_a_body_b,body_a,0,0.36000,0.00000,0.30000,0.36000,0.00000,0.30000,0.36000,0.00000,0.30000,-1.00000,0.00000,0.00000,0.00000,1.00000,0.00000,0.00000,0.00000,1.00000,[-1 0 0; 0 1 0; 0 0 1],,,,,-0.00000,0.00000,0.00000,0.00000,0.00000,0.00000,0.00000,-0.00000,0.00000,0.00000,0.00000,0.00000,0.00000,0.00000,world,world,sum_over_filtered_pair,pair_contact_reporter_world,false,contact_material_nsc_demo,contact_material_nsc_demo,NSC,Bullet_or_fallback,body_pair:rover_body-rigid_obstacle,deterministic_contact_probe_pychrono_unavailable
collision_contact_component_demo,collision.contact_probe.v1,pair_contact_schema_v1,0.8500,340,contact.force_torque,rover_body,rigid_obstacle,moving_body,fixed_obstacle,ChBody,ChBody,body_a_body_b,body_a,0,0.36000,0.00000,0.30000,0.36000,0.00000,0.30000,0.36000,0.00000,0.30000,-1.00000,0.00000,0.00000,0.00000,1.00000,0.00000,0.00000,0.00000,1.00000,[-1 0 0; 0 1 0; 0 0 1],,,,,-0.00000,0.00000,0.00000,0.00000,0.00000,0.00000,0.00000,-0.00000,0.00000,0.00000,0.00000,0.00000,0.00000,0.00000,world,world,sum_over_filtered_pair,pair_contact_reporter_world,false,contact_material_nsc_demo,contact_material_nsc_demo,NSC,Bullet_or_fallback,body_pair:rover_body-rigid_obstacle,deterministic_contact_probe_pychrono_unavailable
collision_contact_component_demo,collision.contact_probe.v1,pair_contact_schema_v1,0.8525,341,contact.force_torque,rover_body,rigid_obstacle,moving_body,fixed_obstacle,ChBody,ChBody,body_a_body_b,body_a,0,0.36000,0.00000,0.30000,0.36000,0.00000,0.30000,0.36000,0.00000,0.30000,-1.00000,0.00000,0.00000,0.00000,1.00000,0.00000,0.00000,0.00000,1.00000,[-1 0 0; 0 1 0; 0 0 1],,,,,-0.00000,0.00000,0.00000,0.00000,0.00000,0.00000,0.00000,-0.00000,0.00000,0.00000,0.00000,0.00000,0.00000,0.00000,world,world,sum_over_filtered_pair,pair_contact_reporter_world,false,contact_material_nsc_demo,contact_material_nsc_demo,NSC,Bullet_or_fallback,body_pair:rover_body-rigid_obstacle,deterministic_contact_probe_pychrono_unavailable
collision_contact_component_demo,collision.contact_probe.v1,pair_contact_schema_v1,0.8550,342,contact.force_torque,rover_body,rigid_obstacle,moving_body,fixed_obstacle,ChBody,ChBody,body_a_body_b,body_a,0,0.36000,0.00000,0.30000,0.36000,0.00000,0.30000,0.36000,0.00000,0.30000,-1.00000,0.00000,0.00000,0.00000,1.00000,0.00000,0.00000,0.00000,1.00000,[-1 0 0; 0 1 0; 0 0 1],,,,,-0.00000,0.00000,0.00000,0.00000,0.00000,0.00000,0.00000,-0.00000,0.00000,0.00000,0.00000,0.00000,0.00000,0.00000,world,world,sum_over_filtered_pair,pair_contact_reporter_world,false,contact_material_nsc_demo,contact_material_nsc_demo,NSC,Bullet_or_fallback,body_pair:rover_body-rigid_obstacle,deterministic_contact_probe_pychrono_unavailable
collision_contact_component_demo,collision.contact_probe.v1,pair_contact_schema_v1,0.8575,343,contact.force_torque,rover_body,rigid_obstacle,moving_body,fixed_obstacle,ChBody,ChBody,body_a_body_b,body_a,0,0.36000,0.00000,0.30000,0.36000,0.00000,0.30000,0.36000,0.00000,0.30000,-1.00000,0.00000,0.00000,0.00000,1.00000,0.00000,0.00000,0.00000,1.00000,[-1 0 0; 0 1 0; 0 0 1],,,,,-0.00000,0.00000,0.00000,0.00000,0.00000,0.00000,0.00000,-0.00000,0.00000,0.00000,0.00000,0.00000,0.00000,0.00000,world,world,sum_over_filtered_pair,pair_contact_reporter_world,false,contact_material_nsc_demo,contact_material_nsc_demo,NSC,Bullet_or_fallback,body_pair:rover_body-rigid_obstacle,deterministic_contact_probe_pychrono_unavailable
collision_contact_component_demo,collision.contact_probe.v1,pair_contact_schema_v1,0.8600,344,contact.force_torque,rover_body,rigid_obstacle,moving_body,fixed_obstacle,ChBody,ChBody,body_a_body_b,body_a,1,0.36000,0.00000,0.30000,0.36000,0.00000,0.30000,0.36000,0.00000,0.30000,-1.00000,0.00000,0.00000,0.00000,1.00000,0.00000,0.00000,0.00000,1.00000,[-1 0 0; 0 1 0; 0 0 1],,,,,-30.44199,0.00000,7.27961,0.00000,0.00000,0.00000,33.08912,-30.44199,0.00000,7.27961,0.00000,0.00000,0.00000,0.00000,world,world,sum_over_filtered_pair,pair_contact_reporter_world,false,contact_material_nsc_demo,contact_material_nsc_demo,NSC,Bullet_or_fallback,body_pair:rover_body-rigid_obstacle,deterministic_contact_probe_pychrono_unavailable
collision_contact_component_demo,collision.contact_probe.v1,pair_contact_schema_v1,0.8625,345,contact.force_torque,rover_body,rigid_obstacle,moving_body,fixed_obstacle,ChBody,ChBody,body_a_body_b,body_a,1,0.36000,0.00000,0.30000,0.36000,0.00000,0.30000,0.36000,0.00000,0.30000,-1.00000,0.00000,0.00000,0.00000,1.00000,0.00000,0.00000,0.00000,1.00000,[-1 0 0; 0 1 0; 0 0 1],,,,,-34.88783,0.00000,8.34274,0.00000,0.00000,0.00000,37.92155,-34.88783,0.00000,8.34274,0.00000,0.00000,0.00000,0.00000,world,world,sum_over_filtered_pair,pair_contact_reporter_world,false,contact_material_nsc_demo,contact_material_nsc_demo,NSC,Bullet_or_fallback,body_pair:rover_body-rigid_obstacle,deterministic_contact_probe_pychrono_unavailable
collision_contact_component_demo,collision.contact_probe.v1,pair_contact_schema_v1,0.8650,346,contact.force_torque,rover_body,rigid_obstacle,moving_body,fixed_obstacle,ChBody,ChBody,body_a_body_b,body_a,1,0.36000,0.00000,0.30000,0.36000,0.00000,0.30000,0.36000,0.00000,0.30000,-1.00000,0.00000,0.00000,0.00000,1.00000,0.00000,0.00000,0.00000,1.00000,[-1 0 0; 0 1 0; 0 0 1],,,,,-39.85777,0.00000,9.53121,0.00000,0.00000,0.00000,43.32366,-39.85777,0.00000,9.53121,0.00000,0.00000,0.00000,0.00000,world,world,sum_over_filtered_pair,pair_contact_reporter_world,false,contact_material_nsc_demo,contact_material_nsc_demo,NSC,Bullet_or_fallback,body_pair:rover_body-rigid_obstacle,deterministic_contact_probe_pychrono_unavailable
collision_contact_component_demo,collision.contact_probe.v1,pair_contact_schema_v1,0.8675,347,contact.force_torque,rover_body,rigid_obstacle,moving_body,fixed_obstacle,ChBody,ChBody,body_a_body_b,body_a,1,0.36000,0.00000,0.30000,0.36000,0.00000,0.30000,0.36000,0.00000,0.30000,-1.00000,0.00000,0.00000,0.00000,1.00000,0.00000,0.00000,0.00000,1.00000,[-1 0 0; 0 1 0; 0 0 1],,,,,-45.39147,0.00000,10.85448,0.00000,0.00000,0.00000,49.33856,-45.39147,0.00000,10.85448,0.00000,0.00000,0.00000,0.00000,world,world,sum_over_filtered_pair,pair_contact_reporter_world,false,contact_material_nsc_demo,contact_material_nsc_demo,NSC,Bullet_or_fallback,body_pair:rover_body-rigid_obstacle,deterministic_contact_probe_pychrono_unavailable
collision_contact_component_demo,collision.contact_probe.v1,pair_contact_schema_v1,0.8700,348,contact.force_torque,rover_body,rigid_obstacle,moving_body,fixed_obstacle,ChBody,ChBody,body_a_body_b,body_a,1,0.36000,0.00000,0.30000,0.36000,0.00000,0.30000,0.36000,0.00000,0.30000,-1.00000,0.00000,0.00000,0.00000,1.00000,0.00000,0.00000,0.00000,1.00000,[-1 0 0; 0 1 0; 0 0 1],,,,,-51.52801,0.00000,12.32192,0.00000,0.00000,0.00000,56.00871,-51.52801,0.00000,12.32192,0.00000,0.00000,0.00000,0.00000,world,world,sum_over_filtered_pair,pair_contact_reporter_world,false,contact_material_nsc_demo,contact_material_nsc_demo,NSC,Bullet_or_fallback,body_pair:rover_body-rigid_obstacle,deterministic_contact_probe_pychrono_unavailable
collision_contact_component_demo,collision.contact_probe.v1,pair_contact_schema_v1,0.8725,349,contact.force_torque,rover_body,rigid_obstacle,moving_body,fixed_obstacle,ChBody,ChBody,body_a_body_b,body_a,1,0.36000,0.00000,0.30000,0.36000,0.00000,0.30000,0.36000,0.00000,0.30000,-1.00000,0.00000,0.00000,0.00000,1.00000,0.00000,0.00000,0.00000,1.00000,[-1 0 0; 0 1 0; 0 0 1],,,,,-58.30521,0.00000,13.94255,0.00000,0.00000,0.00000,63.37523,-58.30521,0.00000,13.94255,0.00000,0.00000,0.00000,0.00000,world,world,sum_over_filtered_pair,pair_contact_reporter_world,false,contact_material_nsc_demo,contact_material_nsc_demo,NSC,Bullet_or_fallback,body_pair:rover_body-rigid_obstacle,deterministic_contact_probe_pychrono_unavailable
collision_contact_component_demo,collision.contact_probe.v1,pair_contact_schema_v1,0.8750,350,contact.force_torque,rover_body,rigid_obstacle,moving_body,fixed_obstacle,ChBody,ChBody,body_a_body_b,body_a,1,0.36000,0.00000,0.30000,0.36000,0.00000,0.30000,0.36000,0.00000,0.30000,-1.00000,0.00000,0.00000,0.00000,1.00000,0.00000,0.00000,0.00000,1.00000,[-1 0 0; 0 1 0; 0 0 1],,,,,-65.75895,0.00000,15.72497,0.00000,0.00000,0.00000,71.47712,-65.75895,0.00000,15.72497,0.00000,0.00000,0.00000,0.00000,world,world,sum_over_filtered_pair,pair_contact_reporter_world,false,contact_material_nsc_demo,contact_material_nsc_demo,NSC,Bullet_or_fallback,body_pair:rover_body-rigid_obstacle,deterministic_contact_probe_pychrono_unavailable
collision_contact_component_demo,collision.contact_probe.v1,pair_contact_schema_v1,0.8775,351,contact.force_torque,rover_body,rigid_obstacle,moving_body,fixed_obstacle,ChBody,ChBody,body_a_body_b,body_a,1,0.36000,0.00000,0.30000,0.36000,0.00000,0.30000,0.36000,0.00000,0.30000,-1.00000,0.00000,0.00000,0.00000,1.00000,0.00000,0.00000,0.00000,1.00000,[-1 0 0; 0 1 0; 0 0 1],,,,,-73.92232,0.00000,17.67708,0.00000,0.00000,0.00000,80.35035,-73.92232,0.00000,17.67708,0.00000,0.00000,0.00000,0.00000,world,world,sum_over_filtered_pair,pair_contact_reporter_world,false,contact_material_nsc_demo,contact_material_nsc_demo,NSC,Bullet_or_fallback,body_pair:rover_body-rigid_obstacle,deterministic_contact_probe_pychrono_unavailable
collision_contact_component_demo,collision.contact_probe.v1,pair_contact_schema_v1,0.8800,352,contact.force_torque,rover_body,rigid_obstacle,moving_body,fixed_obstacle,ChBody,ChBody,body_a_body_b,body_a,1,0.36000,0.00000,0.30000,0.36000,0.00000,0.30000,0.36000,0.00000,0.30000,-1.00000,0.00000,0.00000,0.00000,1.00000,0.00000,0.00000,0.00000,1.00000,[-1 0 0; 0 1 0; 0 0 1],,,,,-82.82481,0.00000,19.80593,0.00000,0.00000,0.00000,90.02697,-82.82481,0.00000,19.80593,0.00000,0.00000,0.00000,0.00000,world,world,sum_over_filtered_pair,pair_contact_reporter_world,false,contact_material_nsc_demo,contact_material_nsc_demo,NSC,Bullet_or_fallback,body_pair:rover_body-rigid_obstacle,deterministic_contact_probe_pychrono_unavailable
collision_contact_component_demo,collision.contact_probe.v1,pair_contact_schema_v1,0.8825,353,contact.force_torque,rover_body,rigid_obstacle,moving_body,fixed_obstacle,ChBody,ChBody,body_a_body_b,body_a,1,0.36000,0.00000,0.30000,0.36000,0.00000,0.30000,0.36000,0.00000,0.30000,-1.00000,0.00000,0.00000,0.00000,1.00000,0.00000,0.00000,0.00000,1.00000,[-1 0 0; 0 1 0; 0 0 1],,,,,-92.49142,0.00000,22.11751,0.00000,0.00000,0.00000,100.53415,-92.49142,0.00000,22.11751,0.00000,0.00000,0.00000,0.00000,world,world,sum_over_filtered_pair,pair_contact_reporter_world,false,contact_material_nsc_demo,contact_material_nsc_demo,NSC,Bullet_or_fallback,body_pair:rover_body-rigid_obstacle,deterministic_contact_probe_pychrono_unavailable
collision_contact_component_demo,collision.contact_probe.v1,pair_contact_schema_v1,0.8850,354,contact.force_torque,rover_body,rigid_obstacle,moving_body,fixed_obstacle,ChBody,ChBody,body_a_body_b,body_a,1,0.36000,0.00000,0.30000,0.36000,0.00000,0.30000,0.36000,0.00000,0.30000,-1.00000,0.00000,0.00000,0.00000,1.00000,0.00000,0.00000,0.00000,1.00000,[-1 0 0; 0 1 0; 0 0 1],,,,,-102.94172,0.00000,24.61650,0.00000,0.00000,0.00000,111.89318,-102.94172,0.00000,24.61650,0.00000,0.00000,0.00000,0.00000,world,world,sum_over_filtered_pair,pair_contact_reporter_world,false,contact_material_nsc_demo,contact_material_nsc_demo,NSC,Bullet_or_fallback,body_pair:rover_body-rigid_obstacle,deterministic_contact_probe_pychrono_unavailable
collision_contact_component_demo,collision.contact_probe.v1,pair_contact_schema_v1,0.8875,355,contact.force_torque,rover_body,rigid_obstacle,moving_body,fixed_obstacle,ChBody,ChBody,body_a_body_b,body_a,1,0.36000,0.00000,0.30000,0.36000,0.00000,0.30000,0.36000,0.00000,0.30000,-1.00000,0.00000,0.00000,0.00000,1.00000,0.00000,0.00000,0.00000,1.00000,[-1 0 0; 0 1 0; 0 0 1],,,,,-114.18896,0.00000,27.30606,0.00000,0.00000,0.00000,124.11844,-114.18896,0.00000,27.30606,0.00000,0.00000,0.00000,0.00000,world,world,sum_over_filtered_pair,pair_contact_reporter_world,false,contact_material_nsc_demo,contact_material_nsc_demo,NSC,Bullet_or_fallback,body_pair:rover_body-rigid_obstacle,deterministic_contact_probe_pychrono_unavailable
collision_contact_component_demo,collision.contact_probe.v1,pair_contact_schema_v1,0.8900,356,contact.force_torque,rover_body,rigid_obstacle,moving_body,fixed_obstacle,ChBody,ChBody,body_a_body_b,body_a,3,0.36000,0.00000,0.30000,0.36000,0.00000,0.30000,0.36000,0.00000,0.30000,-1.00000,0.00000,0.00000,0.00000,1.00000,0.00000,0.00000,0.00000,1.00000,[-1 0 0; 0 1 0; 0 0 1],,,,,-126.23915,0.00000,30.18762,0.00000,0.00000,0.00000,137.21647,-126.23915,0.00000,30.18762,0.00000,0.00000,0.00000,0.00000,world,world,sum_over_filtered_pair,pair_contact_reporter_world,false,contact_material_nsc_demo,contact_material_nsc_demo,NSC,Bullet_or_fallback,body_pair:rover_body-rigid_obstacle,deterministic_contact_probe_pychrono_unavailable
collision_contact_component_demo,collision.contact_probe.v1,pair_contact_schema_v1,0.8925,357,contact.force_torque,rover_body,rigid_obstacle,moving_body,fixed_obstacle,ChBody,ChBody,body_a_body_b,body_a,3,0.36000,0.00000,0.30000,0.36000,0.00000,0.30000,0.36000,0.00000,0.30000,-1.00000,0.00000,0.00000,0.00000,1.00000,0.00000,0.00000,0.00000,1.00000,[-1 0 0; 0 1 0; 0 0 1],,,,,-139.09019,0.00000,33.26070,0.00000,0.00000,0.00000,151.18499,-139.09019,0.00000,33.26070,0.00000,0.00000,0.00000,0.00000,world,world,sum_over_filtered_pair,pair_contact_reporter_world,false,contact_material_nsc_demo,contact_material_nsc_demo,NSC,Bullet_or_fallback,body_pair:rover_body-rigid_obstacle,deterministic_contact_probe_pychrono_unavailable
collision_contact_component_demo,collision.contact_probe.v1,pair_contact_schema_v1,0.8950,358,contact.force_torque,rover_body,rigid_obstacle,moving_body,fixed_obstacle,ChBody,ChBody,body_a_body_b,body_a,3,0.36000,0.00000,0.30000,0.36000,0.00000,0.30000,0.36000,0.00000,0.30000,-1.00000,0.00000,0.00000,0.00000,1.00000,0.00000,0.00000,0.00000,1.00000,[-1 0 0; 0 1 0; 0 0 1],,,,,-152.73105,0.00000,36.52264,0.00000,0.00000,0.00000,166.01201,-152.73105,0.00000,36.52264,0.00000,0.00000,0.00000,0.00000,world,world,sum_over_filtered_pair,pair_contact_reporter_world,false,contact_material_nsc_demo,contact_material_nsc_demo,NSC,Bullet_or_fallback,body_pair:rover_body-rigid_obstacle,deterministic_contact_probe_pychrono_unavailable
collision_contact_component_demo,collision.contact_probe.v1,pair_contact_schema_v1,0.8975,359,contact.force_torque,rover_body,rigid_obstacle,moving_body,fixed_obstacle,ChBody,ChBody,body_a_body_b,body_a,3,0.36000,0.00000,0.30000,0.36000,0.00000,0.30000,0.36000,0.00000,0.30000,-1.00000,0.00000,0.00000,0.00000,1.00000,0.00000,0.00000,0.00000,1.00000,[-1 0 0; 0 1 0; 0 0 1],,,,,-167.14104,0.00000,39.96851,0.00000,0.00000,0.00000,181.67504,-167.14104,0.00000,39.96851,0.00000,0.00000,0.00000,0.00000,world,world,sum_over_filtered_pair,pair_contact_reporter_world,false,contact_material_nsc_demo,contact_material_nsc_demo,NSC,Bullet_or_fallback,body_pair:rover_body-rigid_obstacle,deterministic_contact_probe_pychrono_unavailable
collision_contact_component_demo,collision.contact_probe.v1,pair_contact_schema_v1,0.9000,360,contact.force_torque,rover_body,rigid_obstacle,moving_body,fixed_obstacle,ChBody,ChBody,body_a_body_b,body_a,3,0.36000,0.00000,0.30000,0.36000,0.00000,0.30000,0.36000,0.00000,0.30000,-1.00000,0.00000,0.00000,0.00000,1.00000,0.00000,0.00000,0.00000,1.00000,[-1 0 0; 0 1 0; 0 0 1],,,,,-182.28918,0.00000,43.59089,0.00000,0.00000,0.00000,198.14042,-182.28918,0.00000,43.59089,0.00000,0.00000,0.00000,0.00000,world,world,sum_over_filtered_pair,pair_contact_reporter_world,false,contact_material_nsc_demo,contact_material_nsc_demo,NSC,Bullet_or_fallback,body_pair:rover_body-rigid_obstacle,deterministic_contact_probe_pychrono_unavailable
collision_contact_component_demo,collision.contact_probe.v1,pair_contact_schema_v1,0.9025,361,contact.force_torque,rover_body,rigid_obstacle,moving_body,fixed_obstacle,ChBody,ChBody,body_a_body_b,body_a,3,0.36000,0.00000,0.30000,0.36000,0.00000,0.30000,0.36000,0.00000,0.30000,-1.00000,0.00000,0.00000,0.00000,1.00000,0.00000,0.00000,0.00000,1.00000,[-1 0 0; 0 1 0; 0 0 1],,,,,-198.13372,0.00000,47.37980,0.00000,0.00000,0.00000,215.36274,-198.13372,0.00000,47.37980,0.00000,0.00000,0.00000,0.00000,world,world,sum_over_filtered_pair,pair_contact_reporter_world,false,contact_material_nsc_demo,contact_material_nsc_demo,NSC,Bullet_or_fallback,body_pair:rover_body-rigid_obstacle,deterministic_contact_probe_pychrono_unavailable
collision_contact_component_demo,collision.contact_probe.v1,pair_contact_schema_v1,0.9050,362,contact.force_torque,rover_body,rigid_obstacle,moving_body,fixed_obstacle,ChBody,ChBody,body_a_body_b,body_a,3,0.36000,0.00000,0.30000,0.36000,0.00000,0.30000,0.36000,0.00000,0.30000,-1.00000,0.00000,0.00000,0.00000,1.00000,0.00000,0.00000,0.00000,1.00000,[-1 0 0; 0 1 0; 0 0 1],,,,,-214.62178,0.00000,51.32260,0.00000,0.00000,0.00000,233.28454,-214.62178,0.00000,51.32260,0.00000,0.00000,0.00000,0.00000,world,world,sum_over_filtered_pair,pair_contact_reporter_world,false,contact_material_nsc_demo,contact_material_nsc_demo,NSC,Bullet_or_fallback,body_pair:rover_body-rigid_obstacle,deterministic_contact_probe_pychrono_unavailable
collision_contact_component_demo,collision.contact_probe.v1,pair_contact_schema_v1,0.9075,363,contact.force_torque,rover_body,rigid_obstacle,moving_body,fixed_obstacle,ChBody,ChBody,body_a_body_b,body_a,3,0.36000,0.00000,0.30000,0.36000,0.00000,0.30000,0.36000,0.00000,0.30000,-1.00000,0.00000,0.00000,0.00000,1.00000,0.00000,0.00000,0.00000,1.00000,[-1 0 0; 0 1 0; 0 0 1],,,,,-231.68918,0.00000,55.40393,0.00000,0.00000,0.00000,251.83606,-231.68918,0.00000,55.40393,0.00000,0.00000,0.00000,0.00000,world,world,sum_over_filtered_pair,pair_contact_reporter_world,false,contact_material_nsc_demo,contact_material_nsc_demo,NSC,Bullet_or_fallback,body_pair:rover_body-rigid_obstacle,deterministic_contact_probe_pychrono_unavailable
collision_contact_component_demo,collision.contact_probe.v1,pair_contact_schema_v1,0.9100,364,contact.force_torque,rover_body,rigid_obstacle,moving_body,fixed_obstacle,ChBody,ChBody,body_a_body_b,body_a,3,0.36000,0.00000,0.30000,0.36000,0.00000,0.30000,0.36000,0.00000,0.30000,-1.00000,0.00000,0.00000,0.00000,1.00000,0.00000,0.00000,0.00000,1.00000,[-1 0 0; 0 1 0; 0 0 1],,,,,-249.26049,0.00000,59.60577,0.00000,0.00000,0.00000,270.93531,-249.26049,0.00000,59.60577,0.00000,0.00000,0.00000,0.00000,world,world,sum_over_filtered_pair,pair_contact_reporter_world,false,contact_material_nsc_demo,contact_material_nsc_demo,NSC,Bullet_or_fallback,body_pair:rover_body-rigid_obstacle,deterministic_contact_probe_pychrono_unavailable
collision_contact_component_demo,collision.contact_probe.v1,pair_contact_schema_v1,0.9125,365,contact.force_torque,rover_body,rigid_obstacle,moving_body,fixed_obstacle,ChBody,ChBody,body_a_body_b,body_a,3,0.36000,0.00000,0.30000,0.36000,0.00000,0.30000,0.36000,0.00000,0.30000,-1.00000,0.00000,0.00000,0.00000,1.00000,0.00000,0.00000,0.00000,1.00000,[-1 0 0; 0 1 0; 0 0 1],,,,,-267.24927,0.00000,63.90743,0.00000,0.00000,0.00000,290.48834,-267.24927,0.00000,63.90743,0.00000,0.00000,0.00000,0.00000,world,world,sum_over_filtered_pair,pair_contact_reporter_world,false,contact_material_nsc_demo,contact_material_nsc_demo,NSC,Bullet_or_fallback,body_pair:rover_body-rigid_obstacle,deterministic_contact_probe_pychrono_unavailable
collision_contact_component_demo,collision.contact_probe.v1,pair_contact_schema_v1,0.9150,366,contact.force_torque,rover_body,rigid_obstacle,moving_body,fixed_obstacle,ChBody,ChBody,body_a_body_b,body_a,3,0.36000,0.00000,0.30000,0.36000,0.00000,0.30000,0.36000,0.00000,0.30000,-1.00000,0.00000,0.00000,0.00000,1.00000,0.00000,0.00000,0.00000,1.00000,[-1 0 0; 0 1 0; 0 0 1],,,,,-285.55853,0.00000,68.28574,0.00000,0.00000,0.00000,310.38971,-285.55853,0.00000,68.28574,0.00000,0.00000,0.00000,0.00000,world,world,sum_over_filtered_pair,pair_contact_reporter_world,false,contact_material_nsc_demo,contact_material_nsc_demo,NSC,Bullet_or_fallback,body_pair:rover_body-rigid_obstacle,deterministic_contact_probe_pychrono_unavailable
collision_contact_component_demo,collision.contact_probe.v1,pair_contact_schema_v1,0.9175,367,contact.force_torque,rover_body,rigid_obstacle,moving_body,fixed_obstacle,ChBody,ChBody,body_a_body_b,body_a,3,0.36000,0.00000,0.30000,0.36000,0.00000,0.30000,0.36000,0.00000,0.30000,-1.00000,0.00000,0.00000,0.00000,1.00000,0.00000,0.00000,0.00000,1.00000,[-1 0 0; 0 1 0; 0 0 1],,,,,-304.08141,0.00000,72.71512,0.00000,0.00000,0.00000,330.52327,-304.08141,0.00000,72.71512,0.00000,0.00000,0.00000,0.00000,world,world,sum_over_filtered_pair,pair_contact_reporter_world,false,contact_material_nsc_demo,contact_material_nsc_demo,NSC,Bullet_or_fallback,body_pair:rover_body-rigid_obstacle,deterministic_contact_probe_pychrono_unavailable
collision_contact_component_demo,collision.contact_probe.v1,pair_contact_schema_v1,0.9200,368,contact.force_torque,rover_body,rigid_obstacle,moving_body,fixed_obstacle,ChBody,ChBody,body_a_body_b,body_a,3,0.36000,0.00000,0.30000,0.36000,0.00000,0.30000,0.36000,0.00000,0.30000,-1.00000,0.00000,0.00000,0.00000,1.00000,0.00000,0.00000,0.00000,1.00000,[-1 0 0; 0 1 0; 0 0 1],,,,,-322.70210,0.00000,77.16789,0.00000,0.00000,0.00000,350.76316,-322.70210,0.00000,77.16789,0.00000,0.00000,0.00000,0.00000,world,world,sum_over_filtered_pair,pair_contact_reporter_world,false,contact_material_nsc_demo,contact_material_nsc_demo,NSC,Bullet_or_fallback,body_pair:rover_body-rigid_obstacle,deterministic_contact_probe_pychrono_unavailable
collision_contact_component_demo,collision.contact_probe.v1,pair_contact_schema_v1,0.9225,369,contact.force_torque,rover_body,rigid_obstacle,moving_body,fixed_obstacle,ChBody,ChBody,body_a_body_b,body_a,3,0.36000,0.00000,0.30000,0.36000,0.00000,0.30000,0.36000,0.00000,0.30000,-1.00000,0.00000,0.00000,0.00000,1.00000,0.00000,0.00000,0.00000,1.00000,[-1 0 0; 0 1 0; 0 0 1],,,,,-341.29703,0.00000,81.61451,0.00000,0.00000,0.00000,370.97503,-341.29703,0.00000,81.61451,0.00000,0.00000,0.00000,0.00000,world,world,sum_over_filtered_pair,pair_contact_reporter_world,false,contact_material_nsc_demo,contact_material_nsc_demo,NSC,Bullet_or_fallback,body_pair:rover_body-rigid_obstacle,deterministic_contact_probe_pychrono_unavailable
collision_contact_component_demo,collision.contact_probe.v1,pair_contact_schema_v1,0.9250,370,contact.force_torque,rover_body,rigid_obstacle,moving_body,fixed_obstacle,ChBody,ChBody,body_a_body_b,body_a,3,0.36000,0.00000,0.30000,0.36000,0.00000,0.30000,0.36000,0.00000,0.30000,-1.00000,0.00000,0.00000,0.00000,1.00000,0.00000,0.00000,0.00000,1.00000,[-1 0 0; 0 1 0; 0 0 1],,,,,-359.73616,0.00000,86.02386,0.00000,0.00000,0.00000,391.01757,-359.73616,0.00000,86.02386,0.00000,0.00000,0.00000,0.00000,world,world,sum_over_filtered_pair,pair_contact_reporter_world,false,contact_material_nsc_demo,contact_material_nsc_demo,NSC,Bullet_or_fallback,body_pair:rover_body-rigid_obstacle,deterministic_contact_probe_pychrono_unavailable
collision_contact_component_demo,collision.contact_probe.v1,pair_contact_schema_v1,0.9275,371,contact.force_torque,rover_body,rigid_obstacle,moving_body,fixed_obstacle,ChBody,ChBody,body_a_body_b,body_a,3,0.36000,0.00000,0.30000,0.36000,0.00000,0.30000,0.36000,0.00000,0.30000,-1.00000,0.00000,0.00000,0.00000,1.00000,0.00000,0.00000,0.00000,1.00000,[-1 0 0; 0 1 0; 0 0 1],,,,,-377.88459,0.00000,90.36371,0.00000,0.00000,0.00000,410.74412,-377.88459,0.00000,90.36371,0.00000,0.00000,0.00000,0.00000,world,world,sum_over_filtered_pair,pair_contact_reporter_world,false,contact_material_nsc_demo,contact_material_nsc_demo,NSC,Bullet_or_fallback,body_pair:rover_body-rigid_obstacle,deterministic_contact_probe_pychrono_unavailable
collision_contact_component_demo,collision.contact_probe.v1,pair_contact_schema_v1,0.9300,372,contact.force_torque,rover_body,rigid_obstacle,moving_body,fixed_obstacle,ChBody,ChBody,body_a_body_b,body_a,3,0.36000,0.00000,0.30000,0.36000,0.00000,0.30000,0.36000,0.00000,0.30000,-1.00000,0.00000,0.00000,0.00000,1.00000,0.00000,0.00000,0.00000,1.00000,[-1 0 0; 0 1 0; 0 0 1],,,,,-395.60426,0.00000,94.60102,0.00000,0.00000,0.00000,430.00463,-395.60426,0.00000,94.60102,0.00000,0.00000,0.00000,0.00000,world,world,sum_over_filtered_pair,pair_contact_reporter_world,false,contact_material_nsc_demo,contact_material_nsc_demo,NSC,Bullet_or_fallback,body_pair:rover_body-rigid_obstacle,deterministic_contact_probe_pychrono_unavailable
collision_contact_component_demo,collision.contact_probe.v1,pair_contact_schema_v1,0.9325,373,contact.force_torque,rover_body,rigid_obstacle,moving_body,fixed_obstacle,ChBody,ChBody,body_a_body_b,body_a,3,0.36000,0.00000,0.30000,0.36000,0.00000,0.30000,0.36000,0.00000,0.30000,-1.00000,0.00000,0.00000,0.00000,1.00000,0.00000,0.00000,0.00000,1.00000,[-1 0 0; 0 1 0; 0 0 1],,,,,-412.75583,0.00000,98.70248,0.00000,0.00000,0.00000,448.64764,-412.75583,0.00000,98.70248,0.00000,0.00000,0.00000,0.00000,world,world,sum_over_filtered_pair,pair_contact_reporter_world,false,contact_material_nsc_demo,contact_material_nsc_demo,NSC,Bullet_or_fallback,body_pair:rover_body-rigid_obstacle,deterministic_contact_probe_pychrono_unavailable
collision_contact_component_demo,collision.contact_probe.v1,pair_contact_schema_v1,0.9350,374,contact.force_torque,rover_body,rigid_obstacle,moving_body,fixed_obstacle,ChBody,ChBody,body_a_body_b,body_a,3,0.36000,0.00000,0.30000,0.36000,0.00000,0.30000,0.36000,0.00000,0.30000,-1.00000,0.00000,0.00000,0.00000,1.00000,0.00000,0.00000,0.00000,1.00000,[-1 0 0; 0 1 0; 0 0 1],,,,,-429.20068,0.00000,102.63494,0.00000,0.00000,0.00000,466.52248,-429.20068,0.00000,102.63494,0.00000,0.00000,0.00000,0.00000,world,world,sum_over_filtered_pair,pair_contact_reporter_world,false,contact_material_nsc_demo,contact_material_nsc_demo,NSC,Bullet_or_fallback,body_pair:rover_body-rigid_obstacle,deterministic_contact_probe_pychrono_unavailable
collision_contact_component_demo,collision.contact_probe.v1,pair_contact_schema_v1,0.9375,375,contact.force_torque,rover_body,rigid_obstacle,moving_body,fixed_obstacle,ChBody,ChBody,body_a_body_b,body_a,3,0.36000,0.00000,0.30000,0.36000,0.00000,0.30000,0.36000,0.00000,0.30000,-1.00000,0.00000,0.00000,0.00000,1.00000,0.00000,0.00000,0.00000,1.00000,[-1 0 0; 0 1 0; 0 0 1],,,,,-444.80292,0.00000,106.36592,0.00000,0.00000,0.00000,483.48144,-444.80292,0.00000,106.36592,0.00000,0.00000,0.00000,0.00000,world,world,sum_over_filtered_pair,pair_contact_reporter_world,false,contact_material_nsc_demo,contact_material_nsc_demo,NSC,Bullet_or_fallback,body_pair:rover_body-rigid_obstacle,deterministic_contact_probe_pychrono_unavailable
collision_contact_component_demo,collision.contact_probe.v1,pair_contact_schema_v1,0.9400,376,contact.force_torque,rover_body,rigid_obstacle,moving_body,fixed_obstacle,ChBody,ChBody,body_a_body_b,body_a,3,0.36000,0.00000,0.30000,0.36000,0.00000,0.30000,0.36000,0.00000,0.30000,-1.00000,0.00000,0.00000,0.00000,1.00000,0.00000,0.00000,0.00000,1.00000,[-1 0 0; 0 1 0; 0 0 1],,,,,-459.43154,0.00000,109.86406,0.00000,0.00000,0.00000,499.38211,-459.43154,0.00000,109.86406,0.00000,0.00000,0.00000,0.00000,world,world,sum_over_filtered_pair,pair_contact_reporter_world,false,contact_material_nsc_demo,contact_material_nsc_demo,NSC,Bullet_or_fallback,body_pair:rover_body-rigid_obstacle,deterministic_contact_probe_pychrono_unavailable
collision_contact_component_demo,collision.contact_probe.v1,pair_contact_schema_v1,0.9425,377,contact.force_torque,rover_body,rigid_obstacle,moving_body,fixed_obstacle,ChBody,ChBody,body_a_body_b,body_a,3,0.36000,0.00000,0.30000,0.36000,0.00000,0.30000,0.36000,0.00000,0.30000,-1.00000,0.00000,0.00000,0.00000,1.00000,0.00000,0.00000,0.00000,1.00000,[-1 0 0; 0 1 0; 0 0 1],,,,,-472.96240,0.00000,113.09971,0.00000,0.00000,0.00000,514.08957,-472.96240,0.00000,113.09971,0.00000,0.00000,0.00000,0.00000,world,world,sum_over_filtered_pair,pair_contact_reporter_world,false,contact_material_nsc_demo,contact_material_nsc_demo,NSC,Bullet_or_fallback,body_pair:rover_body-rigid_obstacle,deterministic_contact_probe_pychrono_unavailable
collision_contact_component_demo,collision.contact_probe.v1,pair_contact_schema_v1,0.9450,378,contact.force_torque,rover_body,rigid_obstacle,moving_body,fixed_obstacle,ChBody,ChBody,body_a_body_b,body_a,3,0.36000,0.00000,0.30000,0.36000,0.00000,0.30000,0.36000,0.00000,0.30000,-1.00000,0.00000,0.00000,0.00000,1.00000,0.00000,0.00000,0.00000,1.00000,[-1 0 0; 0 1 0; 0 0 1],,,,,-485.28032,0.00000,116.04529,0.00000,0.00000,0.00000,527.47861,-485.28032,0.00000,116.04529,0.00000,0.00000,0.00000,0.00000,world,world,sum_over_filtered_pair,pair_contact_reporter_world,false,contact_material_nsc_demo,contact_material_nsc_demo,NSC,Bullet_or_fallback,body_pair:rover_body-rigid_obstacle,deterministic_contact_probe_pychrono_unavailable
collision_contact_component_demo,collision.contact_probe.v1,pair_contact_schema_v1,0.9475,379,contact.force_torque,rover_body,rigid_obstacle,moving_body,fixed_obstacle,ChBody,ChBody,body_a_body_b,body_a,3,0.36000,0.00000,0.30000,0.36000,0.00000,0.30000,0.36000,0.00000,0.30000,-1.00000,0.00000,0.00000,0.00000,1.00000,0.00000,0.00000,0.00000,1.00000,[-1 0 0; 0 1 0; 0 0 1],,,,,-496.28092,0.00000,118.67587,0.00000,0.00000,0.00000,539.43578,-496.28092,0.00000,118.67587,0.00000,0.00000,0.00000,0.00000,world,world,sum_over_filtered_pair,pair_contact_reporter_world,false,contact_material_nsc_demo,contact_material_nsc_demo,NSC,Bullet_or_fallback,body_pair:rover_body-rigid_obstacle,deterministic_contact_probe_pychrono_unavailable
collision_contact_component_demo,collision.contact_probe.v1,pair_contact_schema_v1,0.9500,380,contact.force_torque,rover_body,rigid_obstacle,moving_body,fixed_obstacle,ChBody,ChBody,body_a_body_b,body_a,3,0.36000,0.00000,0.30000,0.36000,0.00000,0.30000,0.36000,0.00000,0.30000,-1.00000,0.00000,0.00000,0.00000,1.00000,0.00000,0.00000,0.00000,1.00000,[-1 0 0; 0 1 0; 0 0 1],,,,,-505.87239,0.00000,120.96948,0.00000,0.00000,0.00000,549.86129,-505.87239,0.00000,120.96948,0.00000,0.00000,0.00000,0.00000,world,world,sum_over_filtered_pair,pair_contact_reporter_world,false,contact_material_nsc_demo,contact_material_nsc_demo,NSC,Bullet_or_fallback,body_pair:rover_body-rigid_obstacle,deterministic_contact_probe_pychrono_unavailable
collision_contact_component_demo,collision.contact_probe.v1,pair_contact_schema_v1,0.9525,381,contact.force_torque,rover_body,rigid_obstacle,moving_body,fixed_obstacle,ChBody,ChBody,body_a_body_b,body_a,3,0.36000,0.00000,0.30000,0.36000,0.00000,0.30000,0.36000,0.00000,0.30000,-1.00000,0.00000,0.00000,0.00000,1.00000,0.00000,0.00000,0.00000,1.00000,[-1 0 0; 0 1 0; 0 0 1],,,,,-513.97708,0.00000,122.90756,0.00000,0.00000,0.00000,558.67074,-513.97708,0.00000,122.90756,0.00000,0.00000,0.00000,0.00000,world,world,sum_over_filtered_pair,pair_contact_reporter_world,false,contact_material_nsc_demo,contact_material_nsc_demo,NSC,Bullet_or_fallback,body_pair:rover_body-rigid_obstacle,deterministic_contact_probe_pychrono_unavailable
collision_contact_component_demo,collision.contact_probe.v1,pair_contact_schema_v1,0.9550,382,contact.force_torque,rover_body,rigid_obstacle,moving_body,fixed_obstacle,ChBody,ChBody,body_a_body_b,body_a,3,0.36000,0.00000,0.30000,0.36000,0.00000,0.30000,0.36000,0.00000,0.30000,-1.00000,0.00000,0.00000,0.00000,1.00000,0.00000,0.00000,0.00000,1.00000,[-1 0 0; 0 1 0; 0 0 1],,,,,-520.53279,0.00000,124.47523,0.00000,0.00000,0.00000,565.79651,-520.53279,0.00000,124.47523,0.00000,0.00000,0.00000,0.00000,world,world,sum_over_filtered_pair,pair_contact_reporter_world,false,contact_material_nsc_demo,contact_material_nsc_demo,NSC,Bullet_or_fallback,body_pair:rover_body-rigid_obstacle,deterministic_contact_probe_pychrono_unavailable
collision_contact_component_demo,collision.contact_probe.v1,pair_contact_schema_v1,0.9575,383,contact.force_torque,rover_body,rigid_obstacle,moving_body,fixed_obstacle,ChBody,ChBody,body_a_body_b,body_a,3,0.36000,0.00000,0.30000,0.36000,0.00000,0.30000,0.36000,0.00000,0.30000,-1.00000,0.00000,0.00000,0.00000,1.00000,0.00000,0.00000,0.00000,1.00000,[-1 0 0; 0 1 0; 0 0 1],,,,,-525.49386,0.00000,125.66158,0.00000,0.00000,0.00000,571.18898,-525.49386,0.00000,125.66158,0.00000,0.00000,0.00000,0.00000,world,world,sum_over_filtered_pair,pair_contact_reporter_world,false,contact_material_nsc_demo,contact_material_nsc_demo,NSC,Bullet_or_fallback,body_pair:rover_body-rigid_obstacle,deterministic_contact_probe_pychrono_unavailable
collision_contact_component_demo,collision.contact_probe.v1,pair_contact_schema_v1,0.9600,384,contact.force_torque,rover_body,rigid_obstacle,moving_body,fixed_obstacle,ChBody,ChBody,body_a_body_b,body_a,3,0.36000,0.00000,0.30000,0.36000,0.00000,0.30000,0.36000,0.00000,0.30000,-1.00000,0.00000,0.00000,0.00000,1.00000,0.00000,0.00000,0.00000,1.00000,[-1 0 0; 0 1 0; 0 0 1],,,,,-528.83196,0.00000,126.45982,0.00000,0.00000,0.00000,574.81735,-528.83196,0.00000,126.45982,0.00000,0.00000,0.00000,0.00000,world,world,sum_over_filtered_pair,pair_contact_reporter_world,false,contact_material_nsc_demo,contact_material_nsc_demo,NSC,Bullet_or_fallback,body_pair:rover_body-rigid_obstacle,deterministic_contact_probe_pychrono_unavailable
collision_contact_component_demo,collision.contact_probe.v1,pair_contact_schema_v1,0.9625,385,contact.force_torque,rover_body,rigid_obstacle,moving_body,fixed_obstacle,ChBody,ChBody,body_a_body_b,body_a,3,0.36000,0.00000,0.30000,0.36000,0.00000,0.30000,0.36000,0.00000,0.30000,-1.00000,0.00000,0.00000,0.00000,1.00000,0.00000,0.00000,0.00000,1.00000,[-1 0 0; 0 1 0; 0 0 1],,,,,-530.53653,0.00000,126.86743,0.00000,0.00000,0.00000,576.67014,-530.53653,0.00000,126.86743,0.00000,0.00000,0.00000,0.00000,world,world,sum_over_filtered_pair,pair_contact_reporter_world,false,contact_material_nsc_demo,contact_material_nsc_demo,NSC,Bullet_or_fallback,body_pair:rover_body-rigid_obstacle,deterministic_contact_probe_pychrono_unavailable
collision_contact_component_demo,collision.contact_probe.v1,pair_contact_schema_v1,0.9650,386,contact.force_torque,rover_body,rigid_obstacle,moving_body,fixed_obstacle,ChBody,ChBody,body_a_body_b,body_a,3,0.36000,0.00000,0.30000,0.36000,0.00000,0.30000,0.36000,0.00000,0.30000,-1.00000,0.00000,0.00000,0.00000,1.00000,0.00000,0.00000,0.00000,1.00000,[-1 0 0; 0 1 0; 0 0 1],,,,,-530.61497,0.00000,126.88619,0.00000,0.00000,0.00000,576.75540,-530.61497,0.00000,126.88619,0.00000,0.00000,0.00000,0.00000,world,world,sum_over_filtered_pair,pair_contact_reporter_world,false,contact_material_nsc_demo,contact_material_nsc_demo,NSC,Bullet_or_fallback,body_pair:rover_body-rigid_obstacle,deterministic_contact_probe_pychrono_unavailable
collision_contact_component_demo,collision.contact_probe.v1,pair_contact_schema_v1,0.9675,387,contact.force_torque,rover_body,rigid_obstacle,moving_body,fixed_obstacle,ChBody,ChBody,body_a_body_b,body_a,3,0.36000,0.00000,0.30000,0.36000,0.00000,0.30000,0.36000,0.00000,0.30000,-1.00000,0.00000,0.00000,0.00000,1.00000,0.00000,0.00000,0.00000,1.00000,[-1 0 0; 0 1 0; 0 0 1],,,,,-529.09244,0.00000,126.52211,0.00000,0.00000,0.00000,575.10048,-529.09244,0.00000,126.52211,0.00000,0.00000,0.00000,0.00000,world,world,sum_over_filtered_pair,pair_contact_reporter_world,false,contact_material_nsc_demo,contact_material_nsc_demo,NSC,Bullet_or_fallback,body_pair:rover_body-rigid_obstacle,deterministic_contact_probe_pychrono_unavailable
collision_contact_component_demo,collision.contact_probe.v1,pair_contact_schema_v1,0.9700,388,contact.force_torque,rover_body,rigid_obstacle,moving_body,fixed_obstacle,ChBody,ChBody,body_a_body_b,body_a,3,0.36000,0.00000,0.30000,0.36000,0.00000,0.30000,0.36000,0.00000,0.30000,-1.00000,0.00000,0.00000,0.00000,1.00000,0.00000,0.00000,0.00000,1.00000,[-1 0 0; 0 1 0; 0 0 1],,,,,-526.01140,0.00000,125.78533,0.00000,0.00000,0.00000,571.75152,-526.01140,0.00000,125.78533,0.00000,0.00000,0.00000,0.00000,world,world,sum_over_filtered_pair,pair_contact_reporter_world,false,contact_material_nsc_demo,contact_material_nsc_demo,NSC,Bullet_or_fallback,body_pair:rover_body-rigid_obstacle,deterministic_contact_probe_pychrono_unavailable
collision_contact_component_demo,collision.contact_probe.v1,pair_contact_schema_v1,0.9725,389,contact.force_torque,rover_body,rigid_obstacle,moving_body,fixed_obstacle,ChBody,ChBody,body_a_body_b,body_a,3,0.36000,0.00000,0.30000,0.36000,0.00000,0.30000,0.36000,0.00000,0.30000,-1.00000,0.00000,0.00000,0.00000,1.00000,0.00000,0.00000,0.00000,1.00000,[-1 0 0; 0 1 0; 0 0 1],,,,,-521.43077,0.00000,124.68997,0.00000,0.00000,0.00000,566.77258,-521.43077,0.00000,124.68997,0.00000,0.00000,0.00000,0.00000,world,world,sum_over_filtered_pair,pair_contact_reporter_world,false,contact_material_nsc_demo,contact_material_nsc_demo,NSC,Bullet_or_fallback,body_pair:rover_body-rigid_obstacle,deterministic_contact_probe_pychrono_unavailable
collision_contact_component_demo,collision.contact_probe.v1,pair_contact_schema_v1,0.9750,390,contact.force_torque,rover_body,rigid_obstacle,moving_body,fixed_obstacle,ChBody,ChBody,body_a_body_b,body_a,3,0.36000,0.00000,0.30000,0.36000,0.00000,0.30000,0.36000,0.00000,0.30000,-1.00000,0.00000,0.00000,0.00000,1.00000,0.00000,0.00000,0.00000,1.00000,[-1 0 0; 0 1 0; 0 0 1],,,,,-515.42489,0.00000,123.25378,0.00000,0.00000,0.00000,560.24444,-515.42489,0.00000,123.25378,0.00000,0.00000,0.00000,0.00000,world,world,sum_over_filtered_pair,pair_contact_reporter_world,false,contact_material_nsc_demo,contact_material_nsc_demo,NSC,Bullet_or_fallback,body_pair:rover_body-rigid_obstacle,deterministic_contact_probe_pychrono_unavailable
collision_contact_component_demo,collision.contact_probe.v1,pair_contact_schema_v1,0.9775,391,contact.force_torque,rover_body,rigid_obstacle,moving_body,fixed_obstacle,ChBody,ChBody,body_a_body_b,body_a,3,0.36000,0.00000,0.30000,0.36000,0.00000,0.30000,0.36000,0.00000,0.30000,-1.00000,0.00000,0.00000,0.00000,1.00000,0.00000,0.00000,0.00000,1.00000,[-1 0 0; 0 1 0; 0 0 1],,,,,-508.08214,0.00000,121.49790,0.00000,0.00000,0.00000,552.26320,-508.08214,0.00000,121.49790,0.00000,0.00000,0.00000,0.00000,world,world,sum_over_filtered_pair,pair_contact_reporter_world,false,contact_material_nsc_demo,contact_material_nsc_demo,NSC,Bullet_or_fallback,body_pair:rover_body-rigid_obstacle,deterministic_contact_probe_pychrono_unavailable
collision_contact_component_demo,collision.contact_probe.v1,pair_contact_schema_v1,0.9800,392,contact.force_torque,rover_body,rigid_obstacle,moving_body,fixed_obstacle,ChBody,ChBody,body_a_body_b,body_a,3,0.36000,0.00000,0.30000,0.36000,0.00000,0.30000,0.36000,0.00000,0.30000,-1.00000,0.00000,0.00000,0.00000,1.00000,0.00000,0.00000,0.00000,1.00000,[-1 0 0; 0 1 0; 0 0 1],,,,,-499.50339,0.00000,119.44646,0.00000,0.00000,0.00000,542.93847,-499.50339,0.00000,119.44646,0.00000,0.00000,0.00000,0.00000,world,world,sum_over_filtered_pair,pair_contact_reporter_world,false,contact_material_nsc_demo,contact_material_nsc_demo,NSC,Bullet_or_fallback,body_pair:rover_body-rigid_obstacle,deterministic_contact_probe_pychrono_unavailable
collision_contact_component_demo,collision.contact_probe.v1,pair_contact_schema_v1,0.9825,393,contact.force_torque,rover_body,rigid_obstacle,moving_body,fixed_obstacle,ChBody,ChBody,body_a_body_b,body_a,3,0.36000,0.00000,0.30000,0.36000,0.00000,0.30000,0.36000,0.00000,0.30000,-1.00000,0.00000,0.00000,0.00000,1.00000,0.00000,0.00000,0.00000,1.00000,[-1 0 0; 0 1 0; 0 0 1],,,,,-489.80021,0.00000,117.12614,0.00000,0.00000,0.00000,532.39153,-489.80021,0.00000,117.12614,0.00000,0.00000,0.00000,0.00000,world,world,sum_over_filtered_pair,pair_contact_reporter_world,false,contact_material_nsc_demo,contact_material_nsc_demo,NSC,Bullet_or_fallback,body_pair:rover_body-rigid_obstacle,deterministic_contact_probe_pychrono_unavailable
collision_contact_component_demo,collision.contact_probe.v1,pair_contact_schema_v1,0.9850,394,contact.force_torque,rover_body,rigid_obstacle,moving_body,fixed_obstacle,ChBody,ChBody,body_a_body_b,body_a,3,0.36000,0.00000,0.30000,0.36000,0.00000,0.30000,0.36000,0.00000,0.30000,-1.00000,0.00000,0.00000,0.00000,1.00000,0.00000,0.00000,0.00000,1.00000,[-1 0 0; 0 1 0; 0 0 1],,,,,-479.09297,0.00000,114.56571,0.00000,0.00000,0.00000,520.75323,-479.09297,0.00000,114.56571,0.00000,0.00000,0.00000,0.00000,world,world,sum_over_filtered_pair,pair_contact_reporter_world,false,contact_material_nsc_demo,contact_material_nsc_demo,NSC,Bullet_or_fallback,body_pair:rover_body-rigid_obstacle,deterministic_contact_probe_pychrono_unavailable
collision_contact_component_demo,collision.contact_probe.v1,pair_contact_schema_v1,0.9875,395,contact.force_torque,rover_body,rigid_obstacle,moving_body,fixed_obstacle,ChBody,ChBody,body_a_body_b,body_a,3,0.36000,0.00000,0.30000,0.36000,0.00000,0.30000,0.36000,0.00000,0.30000,-1.00000,0.00000,0.00000,0.00000,1.00000,0.00000,0.00000,0.00000,1.00000,[-1 0 0; 0 1 0; 0 0 1],,,,,-467.50884,0.00000,111.79559,0.00000,0.00000,0.00000,508.16178,-467.50884,0.00000,111.79559,0.00000,0.00000,0.00000,0.00000,world,world,sum_over_filtered_pair,pair_contact_reporter_world,false,contact_material_nsc_demo,contact_material_nsc_demo,NSC,Bullet_or_fallback,body_pair:rover_body-rigid_obstacle,deterministic_contact_probe_pychrono_unavailable
collision_contact_component_demo,collision.contact_probe.v1,pair_contact_schema_v1,0.9900,396,contact.force_torque,rover_body,rigid_obstacle,moving_body,fixed_obstacle,ChBody,ChBody,body_a_body_b,body_a,3,0.36000,0.00000,0.30000,0.36000,0.00000,0.30000,0.36000,0.00000,0.30000,-1.00000,0.00000,0.00000,0.00000,1.00000,0.00000,0.00000,0.00000,1.00000,[-1 0 0; 0 1 0; 0 0 1],,,,,-455.17965,0.00000,108.84731,0.00000,0.00000,0.00000,494.76049,-455.17965,0.00000,108.84731,0.00000,0.00000,0.00000,0.00000,world,world,sum_over_filtered_pair,pair_contact_reporter_world,false,contact_material_nsc_demo,contact_material_nsc_demo,NSC,Bullet_or_fallback,body_pair:rover_body-rigid_obstacle,deterministic_contact_probe_pychrono_unavailable
collision_contact_component_demo,collision.contact_probe.v1,pair_contact_schema_v1,0.9925,397,contact.force_torque,rover_body,rigid_obstacle,moving_body,fixed_obstacle,ChBody,ChBody,body_a_body_b,body_a,3,0.36000,0.00000,0.30000,0.36000,0.00000,0.30000,0.36000,0.00000,0.30000,-1.00000,0.00000,0.00000,0.00000,1.00000,0.00000,0.00000,0.00000,1.00000,[-1 0 0; 0 1 0; 0 0 1],,,,,-442.23989,0.00000,105.75302,0.00000,0.00000,0.00000,480.69553,-442.23989,0.00000,105.75302,0.00000,0.00000,0.00000,0.00000,world,world,sum_over_filtered_pair,pair_contact_reporter_world,false,contact_material_nsc_demo,contact_material_nsc_demo,NSC,Bullet_or_fallback,body_pair:rover_body-rigid_obstacle,deterministic_contact_probe_pychrono_unavailable
collision_contact_component_demo,collision.contact_probe.v1,pair_contact_schema_v1,0.9950,398,contact.force_torque,rover_body,rigid_obstacle,moving_body,fixed_obstacle,ChBody,ChBody,body_a_body_b,body_a,3,0.36000,0.00000,0.30000,0.36000,0.00000,0.30000,0.36000,0.00000,0.30000,-1.00000,0.00000,0.00000,0.00000,1.00000,0.00000,0.00000,0.00000,1.00000,[-1 0 0; 0 1 0; 0 0 1],,,,,-428.82456,0.00000,102.54500,0.00000,0.00000,0.00000,466.11365,-428.82456,0.00000,102.54500,0.00000,0.00000,0.00000,0.00000,world,world,sum_over_filtered_pair,pair_contact_reporter_world,false,contact_material_nsc_demo,contact_material_nsc_demo,NSC,Bullet_or_fallback,body_pair:rover_body-rigid_obstacle,deterministic_contact_probe_pychrono_unavailable
collision_contact_component_demo,collision.contact_probe.v1,pair_contact_schema_v1,0.9975,399,contact.force_torque,rover_body,rigid_obstacle,moving_body,fixed_obstacle,ChBody,ChBody,body_a_body_b,body_a,3,0.36000,0.00000,0.30000,0.36000,0.00000,0.30000,0.36000,0.00000,0.30000,-1.00000,0.00000,0.00000,0.00000,1.00000,0.00000,0.00000,0.00000,1.00000,[-1 0 0; 0 1 0; 0 0 1],,,,,-415.06725,0.00000,99.25521,0.00000,0.00000,0.00000,451.16005,-415.06725,0.00000,99.25521,0.00000,0.00000,0.00000,0.00000,world,world,sum_over_filtered_pair,pair_contact_reporter_world,false,contact_material_nsc_demo,contact_material_nsc_demo,NSC,Bullet_or_fallback,body_pair:rover_body-rigid_obstacle,deterministic_contact_probe_pychrono_unavailable
collision_contact_component_demo,collision.contact_probe.v1,pair_contact_schema_v1,1.0000,400,contact.force_torque,rover_body,rigid_obstacle,moving_body,fixed_obstacle,ChBody,ChBody,body_a_body_b,body_a,3,0.36000,0.00000,0.30000,0.36000,0.00000,0.30000,0.36000,0.00000,0.30000,-1.00000,0.00000,0.00000,0.00000,1.00000,0.00000,0.00000,0.00000,1.00000,[-1 0 0; 0 1 0; 0 0 1],,,,,-401.09825,0.00000,95.91480,0.00000,0.00000,0.00000,435.97636,-401.09825,0.00000,95.91480,0.00000,0.00000,0.00000,0.00000,world,world,sum_over_filtered_pair,pair_contact_reporter_world,false,contact_material_nsc_demo,contact_material_nsc_demo,NSC,Bullet_or_fallback,body_pair:rover_body-rigid_obstacle,deterministic_contact_probe_pychrono_unavailable
collision_contact_component_demo,collision.contact_probe.v1,pair_contact_schema_v1,1.0025,401,contact.force_torque,rover_body,rigid_obstacle,moving_body,fixed_obstacle,ChBody,ChBody,body_a_body_b,body_a,3,0.36000,0.00000,0.30000,0.36000,0.00000,0.30000,0.36000,0.00000,0.30000,-1.00000,0.00000,0.00000,0.00000,1.00000,0.00000,0.00000,0.00000,1.00000,[-1 0 0; 0 1 0; 0 0 1],,,,,-387.04280,0.00000,92.55371,0.00000,0.00000,0.00000,420.69870,-387.04280,0.00000,92.55371,0.00000,0.00000,0.00000,0.00000,world,world,sum_over_filtered_pair,pair_contact_reporter_world,false,contact_material_nsc_demo,contact_material_nsc_demo,NSC,Bullet_or_fallback,body_pair:rover_body-rigid_obstacle,deterministic_contact_probe_pychrono_unavailable
collision_contact_component_demo,collision.contact_probe.v1,pair_contact_schema_v1,1.0050,402,contact.force_torque,rover_body,rigid_obstacle,moving_body,fixed_obstacle,ChBody,ChBody,body_a_body_b,body_a,3,0.36000,0.00000,0.30000,0.36000,0.00000,0.30000,0.36000,0.00000,0.30000,-1.00000,0.00000,0.00000,0.00000,1.00000,0.00000,0.00000,0.00000,1.00000,[-1 0 0; 0 1 0; 0 0 1],,,,,-373.01958,0.00000,89.20033,0.00000,0.00000,0.00000,405.45606,-373.01958,0.00000,89.20033,0.00000,0.00000,0.00000,0.00000,world,world,sum_over_filtered_pair,pair_contact_reporter_world,false,contact_material_nsc_demo,contact_material_nsc_demo,NSC,Bullet_or_fallback,body_pair:rover_body-rigid_obstacle,deterministic_contact_probe_pychrono_unavailable
collision_contact_component_demo,collision.contact_probe.v1,pair_contact_schema_v1,1.0075,403,contact.force_torque,rover_body,rigid_obstacle,moving_body,fixed_obstacle,ChBody,ChBody,body_a_body_b,body_a,3,0.36000,0.00000,0.30000,0.36000,0.00000,0.30000,0.36000,0.00000,0.30000,-1.00000,0.00000,0.00000,0.00000,1.00000,0.00000,0.00000,0.00000,1.00000,[-1 0 0; 0 1 0; 0 0 1],,,,,-359.13932,0.00000,85.88114,0.00000,0.00000,0.00000,390.36882,-359.13932,0.00000,85.88114,0.00000,0.00000,0.00000,0.00000,world,world,sum_over_filtered_pair,pair_contact_reporter_world,false,contact_material_nsc_demo,contact_material_nsc_demo,NSC,Bullet_or_fallback,body_pair:rover_body-rigid_obstacle,deterministic_contact_probe_pychrono_unavailable
collision_contact_component_demo,collision.contact_probe.v1,pair_contact_schema_v1,1.0100,404,contact.force_torque,rover_body,rigid_obstacle,moving_body,fixed_obstacle,ChBody,ChBody,body_a_body_b,body_a,3,0.36000,0.00000,0.30000,0.36000,0.00000,0.30000,0.36000,0.00000,0.30000,-1.00000,0.00000,0.00000,0.00000,1.00000,0.00000,0.00000,0.00000,1.00000,[-1 0 0; 0 1 0; 0 0 1],,,,,-345.50368,0.00000,82.62045,0.00000,0.00000,0.00000,375.54748,-345.50368,0.00000,82.62045,0.00000,0.00000,0.00000,0.00000,world,world,sum_over_filtered_pair,pair_contact_reporter_world,false,contact_material_nsc_demo,contact_material_nsc_demo,NSC,Bullet_or_fallback,body_pair:rover_body-rigid_obstacle,deterministic_contact_probe_pychrono_unavailable
collision_contact_component_demo,collision.contact_probe.v1,pair_contact_schema_v1,1.0125,405,contact.force_torque,rover_body,rigid_obstacle,moving_body,fixed_obstacle,ChBody,ChBody,body_a_body_b,body_a,3,0.36000,0.00000,0.30000,0.36000,0.00000,0.30000,0.36000,0.00000,0.30000,-1.00000,0.00000,0.00000,0.00000,1.00000,0.00000,0.00000,0.00000,1.00000,[-1 0 0; 0 1 0; 0 0 1],,,,,-332.20437,0.00000,79.44018,0.00000,0.00000,0.00000,361.09171,-332.20437,0.00000,79.44018,0.00000,0.00000,0.00000,0.00000,world,world,sum_over_filtered_pair,pair_contact_reporter_world,false,contact_material_nsc_demo,contact_material_nsc_demo,NSC,Bullet_or_fallback,body_pair:rover_body-rigid_obstacle,deterministic_contact_probe_pychrono_unavailable
collision_contact_component_demo,collision.contact_probe.v1,pair_contact_schema_v1,1.0150,406,contact.force_torque,rover_body,rigid_obstacle,moving_body,fixed_obstacle,ChBody,ChBody,body_a_body_b,body_a,3,0.36000,0.00000,0.30000,0.36000,0.00000,0.30000,0.36000,0.00000,0.30000,-1.00000,0.00000,0.00000,0.00000,1.00000,0.00000,0.00000,0.00000,1.00000,[-1 0 0; 0 1 0; 0 0 1],,,,,-319.32240,0.00000,76.35971,0.00000,0.00000,0.00000,347.08957,-319.32240,0.00000,76.35971,0.00000,0.00000,0.00000,0.00000,world,world,sum_over_filtered_pair,pair_contact_reporter_world,false,contact_material_nsc_demo,contact_material_nsc_demo,NSC,Bullet_or_fallback,body_pair:rover_body-rigid_obstacle,deterministic_contact_probe_pychrono_unavailable
collision_contact_component_demo,collision.contact_probe.v1,pair_contact_schema_v1,1.0175,407,contact.force_torque,rover_body,rigid_obstacle,moving_body,fixed_obstacle,ChBody,ChBody,body_a_body_b,body_a,3,0.36000,0.00000,0.30000,0.36000,0.00000,0.30000,0.36000,0.00000,0.30000,-1.00000,0.00000,0.00000,0.00000,1.00000,0.00000,0.00000,0.00000,1.00000,[-1 0 0; 0 1 0; 0 0 1],,,,,-306.92771,0.00000,73.39576,0.00000,0.00000,0.00000,333.61708,-306.92771,0.00000,73.39576,0.00000,0.00000,0.00000,0.00000,world,world,sum_over_filtered_pair,pair_contact_reporter_world,false,contact_material_nsc_demo,contact_material_nsc_demo,NSC,Bullet_or_fallback,body_pair:rover_body-rigid_obstacle,deterministic_contact_probe_pychrono_unavailable
collision_contact_component_demo,collision.contact_probe.v1,pair_contact_schema_v1,1.0200,408,contact.force_torque,rover_body,rigid_obstacle,moving_body,fixed_obstacle,ChBody,ChBody,body_a_body_b,body_a,3,0.36000,0.00000,0.30000,0.36000,0.00000,0.30000,0.36000,0.00000,0.30000,-1.00000,0.00000,0.00000,0.00000,1.00000,0.00000,0.00000,0.00000,1.00000,[-1 0 0; 0 1 0; 0 0 1],,,,,-295.07890,0.00000,70.56234,0.00000,0.00000,0.00000,320.73793,-295.07890,0.00000,70.56234,0.00000,0.00000,0.00000,0.00000,world,world,sum_over_filtered_pair,pair_contact_reporter_world,false,contact_material_nsc_demo,contact_material_nsc_demo,NSC,Bullet_or_fallback,body_pair:rover_body-rigid_obstacle,deterministic_contact_probe_pychrono_unavailable
collision_contact_component_demo,collision.contact_probe.v1,pair_contact_schema_v1,1.0225,409,contact.force_torque,rover_body,rigid_obstacle,moving_body,fixed_obstacle,ChBody,ChBody,body_a_body_b,body_a,3,0.36000,0.00000,0.30000,0.36000,0.00000,0.30000,0.36000,0.00000,0.30000,-1.00000,0.00000,0.00000,0.00000,1.00000,0.00000,0.00000,0.00000,1.00000,[-1 0 0; 0 1 0; 0 0 1],,,,,-283.82321,0.00000,67.87077,0.00000,0.00000,0.00000,308.50349,-283.82321,0.00000,67.87077,0.00000,0.00000,0.00000,0.00000,world,world,sum_over_filtered_pair,pair_contact_reporter_world,false,contact_material_nsc_demo,contact_material_nsc_demo,NSC,Bullet_or_fallback,body_pair:rover_body-rigid_obstacle,deterministic_contact_probe_pychrono_unavailable
collision_contact_component_demo,collision.contact_probe.v1,pair_contact_schema_v1,1.0250,410,contact.force_torque,rover_body,rigid_obstacle,moving_body,fixed_obstacle,ChBody,ChBody,body_a_body_b,body_a,3,0.36000,0.00000,0.30000,0.36000,0.00000,0.30000,0.36000,0.00000,0.30000,-1.00000,0.00000,0.00000,0.00000,1.00000,0.00000,0.00000,0.00000,1.00000,[-1 0 0; 0 1 0; 0 0 1],,,,,-273.19677,0.00000,65.32966,0.00000,0.00000,0.00000,296.95301,-273.19677,0.00000,65.32966,0.00000,0.00000,0.00000,0.00000,world,world,sum_over_filtered_pair,pair_contact_reporter_world,false,contact_material_nsc_demo,contact_material_nsc_demo,NSC,Bullet_or_fallback,body_pair:rover_body-rigid_obstacle,deterministic_contact_probe_pychrono_unavailable
collision_contact_component_demo,collision.contact_probe.v1,pair_contact_schema_v1,1.0275,411,contact.force_torque,rover_body,rigid_obstacle,moving_body,fixed_obstacle,ChBody,ChBody,body_a_body_b,body_a,3,0.36000,0.00000,0.30000,0.36000,0.00000,0.30000,0.36000,0.00000,0.30000,-1.00000,0.00000,0.00000,0.00000,1.00000,0.00000,0.00000,0.00000,1.00000,[-1 0 0; 0 1 0; 0 0 1],,,,,-263.22488,0.00000,62.94508,0.00000,0.00000,0.00000,286.11400,-263.22488,0.00000,62.94508,0.00000,0.00000,0.00000,0.00000,world,world,sum_over_filtered_pair,pair_contact_reporter_world,false,contact_material_nsc_demo,contact_material_nsc_demo,NSC,Bullet_or_fallback,body_pair:rover_body-rigid_obstacle,deterministic_contact_probe_pychrono_unavailable
collision_contact_component_demo,collision.contact_probe.v1,pair_contact_schema_v1,1.0300,412,contact.force_torque,rover_body,rigid_obstacle,moving_body,fixed_obstacle,ChBody,ChBody,body_a_body_b,body_a,3,0.36000,0.00000,0.30000,0.36000,0.00000,0.30000,0.36000,0.00000,0.30000,-1.00000,0.00000,0.00000,0.00000,1.00000,0.00000,0.00000,0.00000,1.00000,[-1 0 0; 0 1 0; 0 0 1],,,,,-253.92261,0.00000,60.72062,0.00000,0.00000,0.00000,276.00284,-253.92261,0.00000,60.72062,0.00000,0.00000,0.00000,0.00000,world,world,sum_over_filtered_pair,pair_contact_reporter_world,false,contact_material_nsc_demo,contact_material_nsc_demo,NSC,Bullet_or_fallback,body_pair:rover_body-rigid_obstacle,deterministic_contact_probe_pychrono_unavailable
collision_contact_component_demo,collision.contact_probe.v1,pair_contact_schema_v1,1.0325,413,contact.force_torque,rover_body,rigid_obstacle,moving_body,fixed_obstacle,ChBody,ChBody,body_a_body_b,body_a,3,0.36000,0.00000,0.30000,0.36000,0.00000,0.30000,0.36000,0.00000,0.30000,-1.00000,0.00000,0.00000,0.00000,1.00000,0.00000,0.00000,0.00000,1.00000,[-1 0 0; 0 1 0; 0 0 1],,,,,-245.29538,0.00000,58.65759,0.00000,0.00000,0.00000,266.62541,-245.29538,0.00000,58.65759,0.00000,0.00000,0.00000,0.00000,world,world,sum_over_filtered_pair,pair_contact_reporter_world,false,contact_material_nsc_demo,contact_material_nsc_demo,NSC,Bullet_or_fallback,body_pair:rover_body-rigid_obstacle,deterministic_contact_probe_pychrono_unavailable
collision_contact_component_demo,collision.contact_probe.v1,pair_contact_schema_v1,1.0350,414,contact.force_torque,rover_body,rigid_obstacle,moving_body,fixed_obstacle,ChBody,ChBody,body_a_body_b,body_a,3,0.36000,0.00000,0.30000,0.36000,0.00000,0.30000,0.36000,0.00000,0.30000,-1.00000,0.00000,0.00000,0.00000,1.00000,0.00000,0.00000,0.00000,1.00000,[-1 0 0; 0 1 0; 0 0 1],,,,,-237.33977,0.00000,56.75516,0.00000,0.00000,0.00000,257.97801,-237.33977,0.00000,56.75516,0.00000,0.00000,0.00000,0.00000,world,world,sum_over_filtered_pair,pair_contact_reporter_world,false,contact_material_nsc_demo,contact_material_nsc_demo,NSC,Bullet_or_fallback,body_pair:rover_body-rigid_obstacle,deterministic_contact_probe_pychrono_unavailable
collision_contact_component_demo,collision.contact_probe.v1,pair_contact_schema_v1,1.0375,415,contact.force_torque,rover_body,rigid_obstacle,moving_body,fixed_obstacle,ChBody,ChBody,body_a_body_b,body_a,3,0.36000,0.00000,0.30000,0.36000,0.00000,0.30000,0.36000,0.00000,0.30000,-1.00000,0.00000,0.00000,0.00000,1.00000,0.00000,0.00000,0.00000,1.00000,[-1 0 0; 0 1 0; 0 0 1],,,,,-230.04435,0.00000,55.01061,0.00000,0.00000,0.00000,250.04821,-230.04435,0.00000,55.01061,0.00000,0.00000,0.00000,0.00000,world,world,sum_over_filtered_pair,pair_contact_reporter_world,false,contact_material_nsc_demo,contact_material_nsc_demo,NSC,Bullet_or_fallback,body_pair:rover_body-rigid_obstacle,deterministic_contact_probe_pychrono_unavailable
collision_contact_component_demo,collision.contact_probe.v1,pair_contact_schema_v1,1.0400,416,contact.force_torque,rover_body,rigid_obstacle,moving_body,fixed_obstacle,ChBody,ChBody,body_a_body_b,body_a,3,0.36000,0.00000,0.30000,0.36000,0.00000,0.30000,0.36000,0.00000,0.30000,-1.00000,0.00000,0.00000,0.00000,1.00000,0.00000,0.00000,0.00000,1.00000,[-1 0 0; 0 1 0; 0 0 1],,,,,-223.39058,0.00000,53.41949,0.00000,0.00000,0.00000,242.81585,-223.39058,0.00000,53.41949,0.00000,0.00000,0.00000,0.00000,world,world,sum_over_filtered_pair,pair_contact_reporter_world,false,contact_material_nsc_demo,contact_material_nsc_demo,NSC,Bullet_or_fallback,body_pair:rover_body-rigid_obstacle,deterministic_contact_probe_pychrono_unavailable
collision_contact_component_demo,collision.contact_probe.v1,pair_contact_schema_v1,1.0425,417,contact.force_torque,rover_body,rigid_obstacle,moving_body,fixed_obstacle,ChBody,ChBody,body_a_body_b,body_a,3,0.36000,0.00000,0.30000,0.36000,0.00000,0.30000,0.36000,0.00000,0.30000,-1.00000,0.00000,0.00000,0.00000,1.00000,0.00000,0.00000,0.00000,1.00000,[-1 0 0; 0 1 0; 0 0 1],,,,,-217.35374,0.00000,51.97589,0.00000,0.00000,0.00000,236.25407,-217.35374,0.00000,51.97589,0.00000,0.00000,0.00000,0.00000,world,world,sum_over_filtered_pair,pair_contact_reporter_world,false,contact_material_nsc_demo,contact_material_nsc_demo,NSC,Bullet_or_fallback,body_pair:rover_body-rigid_obstacle,deterministic_contact_probe_pychrono_unavailable
collision_contact_component_demo,collision.contact_probe.v1,pair_contact_schema_v1,1.0450,418,contact.force_torque,rover_body,rigid_obstacle,moving_body,fixed_obstacle,ChBody,ChBody,body_a_body_b,body_a,3,0.36000,0.00000,0.30000,0.36000,0.00000,0.30000,0.36000,0.00000,0.30000,-1.00000,0.00000,0.00000,0.00000,1.00000,0.00000,0.00000,0.00000,1.00000,[-1 0 0; 0 1 0; 0 0 1],,,,,-211.90389,0.00000,50.67267,0.00000,0.00000,0.00000,230.33031,-211.90389,0.00000,50.67267,0.00000,0.00000,0.00000,0.00000,world,world,sum_over_filtered_pair,pair_contact_reporter_world,false,contact_material_nsc_demo,contact_material_nsc_demo,NSC,Bullet_or_fallback,body_pair:rover_body-rigid_obstacle,deterministic_contact_probe_pychrono_unavailable
collision_contact_component_demo,collision.contact_probe.v1,pair_contact_schema_v1,1.0475,419,contact.force_torque,rover_body,rigid_obstacle,moving_body,fixed_obstacle,ChBody,ChBody,body_a_body_b,body_a,3,0.36000,0.00000,0.30000,0.36000,0.00000,0.30000,0.36000,0.00000,0.30000,-1.00000,0.00000,0.00000,0.00000,1.00000,0.00000,0.00000,0.00000,1.00000,[-1 0 0; 0 1 0; 0 0 1],,,,,-207.00680,0.00000,49.50163,0.00000,0.00000,0.00000,225.00739,-207.00680,0.00000,49.50163,0.00000,0.00000,0.00000,0.00000,world,world,sum_over_filtered_pair,pair_contact_reporter_world,false,contact_material_nsc_demo,contact_material_nsc_demo,NSC,Bullet_or_fallback,body_pair:rover_body-rigid_obstacle,deterministic_contact_probe_pychrono_unavailable
collision_contact_component_demo,collision.contact_probe.v1,pair_contact_schema_v1,1.0500,420,contact.force_torque,rover_body,rigid_obstacle,moving_body,fixed_obstacle,ChBody,ChBody,body_a_body_b,body_a,3,0.36000,0.00000,0.30000,0.36000,0.00000,0.30000,0.36000,0.00000,0.30000,-1.00000,0.00000,0.00000,0.00000,1.00000,0.00000,0.00000,0.00000,1.00000,[-1 0 0; 0 1 0; 0 0 1],,,,,-202.62487,0.00000,48.45377,0.00000,0.00000,0.00000,220.24443,-202.62487,0.00000,48.45377,0.00000,0.00000,0.00000,0.00000,world,world,sum_over_filtered_pair,pair_contact_reporter_world,false,contact_material_nsc_demo,contact_material_nsc_demo,NSC,Bullet_or_fallback,body_pair:rover_body-rigid_obstacle,deterministic_contact_probe_pychrono_unavailable
collision_contact_component_demo,collision.contact_probe.v1,pair_contact_schema_v1,1.0525,421,contact.force_torque,rover_body,rigid_obstacle,moving_body,fixed_obstacle,ChBody,ChBody,body_a_body_b,body_a,3,0.36000,0.00000,0.30000,0.36000,0.00000,0.30000,0.36000,0.00000,0.30000,-1.00000,0.00000,0.00000,0.00000,1.00000,0.00000,0.00000,0.00000,1.00000,[-1 0 0; 0 1 0; 0 0 1],,,,,-198.71802,0.00000,47.51953,0.00000,0.00000,0.00000,215.99785,-198.71802,0.00000,47.51953,0.00000,0.00000,0.00000,0.00000,world,world,sum_over_filtered_pair,pair_contact_reporter_world,false,contact_material_nsc_demo,contact_material_nsc_demo,NSC,Bullet_or_fallback,body_pair:rover_body-rigid_obstacle,deterministic_contact_probe_pychrono_unavailable
collision_contact_component_demo,collision.contact_probe.v1,pair_contact_schema_v1,1.0550,422,contact.force_torque,rover_body,rigid_obstacle,moving_body,fixed_obstacle,ChBody,ChBody,body_a_body_b,body_a,3,0.36000,0.00000,0.30000,0.36000,0.00000,0.30000,0.36000,0.00000,0.30000,-1.00000,0.00000,0.00000,0.00000,1.00000,0.00000,0.00000,0.00000,1.00000,[-1 0 0; 0 1 0; 0 0 1],,,,,-195.24449,0.00000,46.68890,0.00000,0.00000,0.00000,212.22227,-195.24449,0.00000,46.68890,0.00000,0.00000,0.00000,0.00000,world,world,sum_over_filtered_pair,pair_contact_reporter_world,false,contact_material_nsc_demo,contact_material_nsc_demo,NSC,Bullet_or_fallback,body_pair:rover_body-rigid_obstacle,deterministic_contact_probe_pychrono_unavailable
collision_contact_component_demo,collision.contact_probe.v1,pair_contact_schema_v1,1.0575,423,contact.force_torque,rover_body,rigid_obstacle,moving_body,fixed_obstacle,ChBody,ChBody,body_a_body_b,body_a,3,0.36000,0.00000,0.30000,0.36000,0.00000,0.30000,0.36000,0.00000,0.30000,-1.00000,0.00000,0.00000,0.00000,1.00000,0.00000,0.00000,0.00000,1.00000,[-1 0 0; 0 1 0; 0 0 1],,,,,-192.16159,0.00000,45.95168,0.00000,0.00000,0.00000,208.87129,-192.16159,0.00000,45.95168,0.00000,0.00000,0.00000,0.00000,world,world,sum_over_filtered_pair,pair_contact_reporter_world,false,contact_material_nsc_demo,contact_material_nsc_demo,NSC,Bullet_or_fallback,body_pair:rover_body-rigid_obstacle,deterministic_contact_probe_pychrono_unavailable
collision_contact_component_demo,collision.contact_probe.v1,pair_contact_schema_v1,1.0600,424,contact.force_torque,rover_body,rigid_obstacle,moving_body,fixed_obstacle,ChBody,ChBody,body_a_body_b,body_a,3,0.36000,0.00000,0.30000,0.36000,0.00000,0.30000,0.36000,0.00000,0.30000,-1.00000,0.00000,0.00000,0.00000,1.00000,0.00000,0.00000,0.00000,1.00000,[-1 0 0; 0 1 0; 0 0 1],,,,,-189.42643,0.00000,45.29762,0.00000,0.00000,0.00000,205.89829,-189.42643,0.00000,45.29762,0.00000,0.00000,0.00000,0.00000,world,world,sum_over_filtered_pair,pair_contact_reporter_world,false,contact_material_nsc_demo,contact_material_nsc_demo,NSC,Bullet_or_fallback,body_pair:rover_body-rigid_obstacle,deterministic_contact_probe_pychrono_unavailable
collision_contact_component_demo,collision.contact_probe.v1,pair_contact_schema_v1,1.0625,425,contact.force_torque,rover_body,rigid_obstacle,moving_body,fixed_obstacle,ChBody,ChBody,body_a_body_b,body_a,3,0.36000,0.00000,0.30000,0.36000,0.00000,0.30000,0.36000,0.00000,0.30000,-1.00000,0.00000,0.00000,0.00000,1.00000,0.00000,0.00000,0.00000,1.00000,[-1 0 0; 0 1 0; 0 0 1],,,,,-186.99650,0.00000,44.71655,0.00000,0.00000,0.00000,203.25706,-186.99650,0.00000,44.71655,0.00000,0.00000,0.00000,0.00000,world,world,sum_over_filtered_pair,pair_contact_reporter_world,false,contact_material_nsc_demo,contact_material_nsc_demo,NSC,Bullet_or_fallback,body_pair:rover_body-rigid_obstacle,deterministic_contact_probe_pychrono_unavailable
collision_contact_component_demo,collision.contact_probe.v1,pair_contact_schema_v1,1.0650,426,contact.force_torque,rover_body,rigid_obstacle,moving_body,fixed_obstacle,ChBody,ChBody,body_a_body_b,body_a,3,0.36000,0.00000,0.30000,0.36000,0.00000,0.30000,0.36000,0.00000,0.30000,-1.00000,0.00000,0.00000,0.00000,1.00000,0.00000,0.00000,0.00000,1.00000,[-1 0 0; 0 1 0; 0 0 1],,,,,-184.83021,0.00000,44.19853,0.00000,0.00000,0.00000,200.90240,-184.83021,0.00000,44.19853,0.00000,0.00000,0.00000,0.00000,world,world,sum_over_filtered_pair,pair_contact_reporter_world,false,contact_material_nsc_demo,contact_material_nsc_demo,NSC,Bullet_or_fallback,body_pair:rover_body-rigid_obstacle,deterministic_contact_probe_pychrono_unavailable
collision_contact_component_demo,collision.contact_probe.v1,pair_contact_schema_v1,1.0675,427,contact.force_torque,rover_body,rigid_obstacle,moving_body,fixed_obstacle,ChBody,ChBody,body_a_body_b,body_a,3,0.36000,0.00000,0.30000,0.36000,0.00000,0.30000,0.36000,0.00000,0.30000,-1.00000,0.00000,0.00000,0.00000,1.00000,0.00000,0.00000,0.00000,1.00000,[-1 0 0; 0 1 0; 0 0 1],,,,,-182.88735,0.00000,43.73393,0.00000,0.00000,0.00000,198.79060,-182.88735,0.00000,43.73393,0.00000,0.00000,0.00000,0.00000,world,world,sum_over_filtered_pair,pair_contact_reporter_world,false,contact_material_nsc_demo,contact_material_nsc_demo,NSC,Bullet_or_fallback,body_pair:rover_body-rigid_obstacle,deterministic_contact_probe_pychrono_unavailable
collision_contact_component_demo,collision.contact_probe.v1,pair_contact_schema_v1,1.0700,428,contact.force_torque,rover_body,rigid_obstacle,moving_body,fixed_obstacle,ChBody,ChBody,body_a_body_b,body_a,3,0.36000,0.00000,0.30000,0.36000,0.00000,0.30000,0.36000,0.00000,0.30000,-1.00000,0.00000,0.00000,0.00000,1.00000,0.00000,0.00000,0.00000,1.00000,[-1 0 0; 0 1 0; 0 0 1],,,,,-181.12948,0.00000,43.31357,0.00000,0.00000,0.00000,196.87987,-181.12948,0.00000,43.31357,0.00000,0.00000,0.00000,0.00000,world,world,sum_over_filtered_pair,pair_contact_reporter_world,false,contact_material_nsc_demo,contact_material_nsc_demo,NSC,Bullet_or_fallback,body_pair:rover_body-rigid_obstacle,deterministic_contact_probe_pychrono_unavailable
collision_contact_component_demo,collision.contact_probe.v1,pair_contact_schema_v1,1.0725,429,contact.force_torque,rover_body,rigid_obstacle,moving_body,fixed_obstacle,ChBody,ChBody,body_a_body_b,body_a,3,0.36000,0.00000,0.30000,0.36000,0.00000,0.30000,0.36000,0.00000,0.30000,-1.00000,0.00000,0.00000,0.00000,1.00000,0.00000,0.00000,0.00000,1.00000,[-1 0 0; 0 1 0; 0 0 1],,,,,-179.52023,0.00000,42.92875,0.00000,0.00000,0.00000,195.13068,-179.52023,0.00000,42.92875,0.00000,0.00000,0.00000,0.00000,world,world,sum_over_filtered_pair,pair_contact_reporter_world,false,contact_material_nsc_demo,contact_material_nsc_demo,NSC,Bullet_or_fallback,body_pair:rover_body-rigid_obstacle,deterministic_contact_probe_pychrono_unavailable
collision_contact_component_demo,collision.contact_probe.v1,pair_contact_schema_v1,1.0750,430,contact.force_torque,rover_body,rigid_obstacle,moving_body,fixed_obstacle,ChBody,ChBody,body_a_body_b,body_a,3,0.36000,0.00000,0.30000,0.36000,0.00000,0.30000,0.36000,0.00000,0.30000,-1.00000,0.00000,0.00000,0.00000,1.00000,0.00000,0.00000,0.00000,1.00000,[-1 0 0; 0 1 0; 0 0 1],,,,,-178.02551,0.00000,42.57132,0.00000,0.00000,0.00000,193.50599,-178.02551,0.00000,42.57132,0.00000,0.00000,0.00000,0.00000,world,world,sum_over_filtered_pair,pair_contact_reporter_world,false,contact_material_nsc_demo,contact_material_nsc_demo,NSC,Bullet_or_fallback,body_pair:rover_body-rigid_obstacle,deterministic_contact_probe_pychrono_unavailable
collision_contact_component_demo,collision.contact_probe.v1,pair_contact_schema_v1,1.0775,431,contact.force_torque,rover_body,rigid_obstacle,moving_body,fixed_obstacle,ChBody,ChBody,body_a_body_b,body_a,3,0.36000,0.00000,0.30000,0.36000,0.00000,0.30000,0.36000,0.00000,0.30000,-1.00000,0.00000,0.00000,0.00000,1.00000,0.00000,0.00000,0.00000,1.00000,[-1 0 0; 0 1 0; 0 0 1],,,,,-176.61374,0.00000,42.23372,0.00000,0.00000,0.00000,191.97146,-176.61374,0.00000,42.23372,0.00000,0.00000,0.00000,0.00000,world,world,sum_over_filtered_pair,pair_contact_reporter_world,false,contact_material_nsc_demo,contact_material_nsc_demo,NSC,Bullet_or_fallback,body_pair:rover_body-rigid_obstacle,deterministic_contact_probe_pychrono_unavailable
collision_contact_component_demo,collision.contact_probe.v1,pair_contact_schema_v1,1.0800,432,contact.force_torque,rover_body,rigid_obstacle,moving_body,fixed_obstacle,ChBody,ChBody,body_a_body_b,body_a,2,0.36000,0.00000,0.30000,0.36000,0.00000,0.30000,0.36000,0.00000,0.30000,-1.00000,0.00000,0.00000,0.00000,1.00000,0.00000,0.00000,0.00000,1.00000,[-1 0 0; 0 1 0; 0 0 1],,,,,-175.25591,0.00000,41.90902,0.00000,0.00000,0.00000,190.49556,-175.25591,0.00000,41.90902,0.00000,0.00000,0.00000,0.00000,world,world,sum_over_filtered_pair,pair_contact_reporter_world,false,contact_material_nsc_demo,contact_material_nsc_demo,NSC,Bullet_or_fallback,body_pair:rover_body-rigid_obstacle,deterministic_contact_probe_pychrono_unavailable
collision_contact_component_demo,collision.contact_probe.v1,pair_contact_schema_v1,1.0825,433,contact.force_torque,rover_body,rigid_obstacle,moving_body,fixed_obstacle,ChBody,ChBody,body_a_body_b,body_a,2,0.36000,0.00000,0.30000,0.36000,0.00000,0.30000,0.36000,0.00000,0.30000,-1.00000,0.00000,0.00000,0.00000,1.00000,0.00000,0.00000,0.00000,1.00000,[-1 0 0; 0 1 0; 0 0 1],,,,,-173.92566,0.00000,41.59092,0.00000,0.00000,0.00000,189.04963,-173.92566,0.00000,41.59092,0.00000,0.00000,0.00000,0.00000,world,world,sum_over_filtered_pair,pair_contact_reporter_world,false,contact_material_nsc_demo,contact_material_nsc_demo,NSC,Bullet_or_fallback,body_pair:rover_body-rigid_obstacle,deterministic_contact_probe_pychrono_unavailable
collision_contact_component_demo,collision.contact_probe.v1,pair_contact_schema_v1,1.0850,434,contact.force_torque,rover_body,rigid_obstacle,moving_body,fixed_obstacle,ChBody,ChBody,body_a_body_b,body_a,2,0.36000,0.00000,0.30000,0.36000,0.00000,0.30000,0.36000,0.00000,0.30000,-1.00000,0.00000,0.00000,0.00000,1.00000,0.00000,0.00000,0.00000,1.00000,[-1 0 0; 0 1 0; 0 0 1],,,,,-172.59931,0.00000,41.27375,0.00000,0.00000,0.00000,187.60794,-172.59931,0.00000,41.27375,0.00000,0.00000,0.00000,0.00000,world,world,sum_over_filtered_pair,pair_contact_reporter_world,false,contact_material_nsc_demo,contact_material_nsc_demo,NSC,Bullet_or_fallback,body_pair:rover_body-rigid_obstacle,deterministic_contact_probe_pychrono_unavailable
collision_contact_component_demo,collision.contact_probe.v1,pair_contact_schema_v1,1.0875,435,contact.force_torque,rover_body,rigid_obstacle,moving_body,fixed_obstacle,ChBody,ChBody,body_a_body_b,body_a,2,0.36000,0.00000,0.30000,0.36000,0.00000,0.30000,0.36000,0.00000,0.30000,-1.00000,0.00000,0.00000,0.00000,1.00000,0.00000,0.00000,0.00000,1.00000,[-1 0 0; 0 1 0; 0 0 1],,,,,-171.25580,0.00000,40.95247,0.00000,0.00000,0.00000,186.14761,-171.25580,0.00000,40.95247,0.00000,0.00000,0.00000,0.00000,world,world,sum_over_filtered_pair,pair_contact_reporter_world,false,contact_material_nsc_demo,contact_material_nsc_demo,NSC,Bullet_or_fallback,body_pair:rover_body-rigid_obstacle,deterministic_contact_probe_pychrono_unavailable
collision_contact_component_demo,collision.contact_probe.v1,pair_contact_schema_v1,1.0900,436,contact.force_torque,rover_body,rigid_obstacle,moving_body,fixed_obstacle,ChBody,ChBody,body_a_body_b,body_a,2,0.36000,0.00000,0.30000,0.36000,0.00000,0.30000,0.36000,0.00000,0.30000,-1.00000,0.00000,0.00000,0.00000,1.00000,0.00000,0.00000,0.00000,1.00000,[-1 0 0; 0 1 0; 0 0 1],,,,,-169.87668,0.00000,40.62268,0.00000,0.00000,0.00000,184.64856,-169.87668,0.00000,40.62268,0.00000,0.00000,0.00000,0.00000,world,world,sum_over_filtered_pair,pair_contact_reporter_world,false,contact_material_nsc_demo,contact_material_nsc_demo,NSC,Bullet_or_fallback,body_pair:rover_body-rigid_obstacle,deterministic_contact_probe_pychrono_unavailable
collision_contact_component_demo,collision.contact_probe.v1,pair_contact_schema_v1,1.0925,437,contact.force_torque,rover_body,rigid_obstacle,moving_body,fixed_obstacle,ChBody,ChBody,body_a_body_b,body_a,2,0.36000,0.00000,0.30000,0.36000,0.00000,0.30000,0.36000,0.00000,0.30000,-1.00000,0.00000,0.00000,0.00000,1.00000,0.00000,0.00000,0.00000,1.00000,[-1 0 0; 0 1 0; 0 0 1],,,,,-168.44597,0.00000,40.28056,0.00000,0.00000,0.00000,183.09344,-168.44597,0.00000,40.28056,0.00000,0.00000,0.00000,0.00000,world,world,sum_over_filtered_pair,pair_contact_reporter_world,false,contact_material_nsc_demo,contact_material_nsc_demo,NSC,Bullet_or_fallback,body_pair:rover_body-rigid_obstacle,deterministic_contact_probe_pychrono_unavailable
collision_contact_component_demo,collision.contact_probe.v1,pair_contact_schema_v1,1.0950,438,contact.force_torque,rover_body,rigid_obstacle,moving_body,fixed_obstacle,ChBody,ChBody,body_a_body_b,body_a,2,0.36000,0.00000,0.30000,0.36000,0.00000,0.30000,0.36000,0.00000,0.30000,-1.00000,0.00000,0.00000,0.00000,1.00000,0.00000,0.00000,0.00000,1.00000,[-1 0 0; 0 1 0; 0 0 1],,,,,-166.95009,0.00000,39.92285,0.00000,0.00000,0.00000,181.46749,-166.95009,0.00000,39.92285,0.00000,0.00000,0.00000,0.00000,world,world,sum_over_filtered_pair,pair_contact_reporter_world,false,contact_material_nsc_demo,contact_material_nsc_demo,NSC,Bullet_or_fallback,body_pair:rover_body-rigid_obstacle,deterministic_contact_probe_pychrono_unavailable
collision_contact_component_demo,collision.contact_probe.v1,pair_contact_schema_v1,1.0975,439,contact.force_torque,rover_body,rigid_obstacle,moving_body,fixed_obstacle,ChBody,ChBody,body_a_body_b,body_a,2,0.36000,0.00000,0.30000,0.36000,0.00000,0.30000,0.36000,0.00000,0.30000,-1.00000,0.00000,0.00000,0.00000,1.00000,0.00000,0.00000,0.00000,1.00000,[-1 0 0; 0 1 0; 0 0 1],,,,,-165.37774,0.00000,39.54685,0.00000,0.00000,0.00000,179.75841,-165.37774,0.00000,39.54685,0.00000,0.00000,0.00000,0.00000,world,world,sum_over_filtered_pair,pair_contact_reporter_world,false,contact_material_nsc_demo,contact_material_nsc_demo,NSC,Bullet_or_fallback,body_pair:rover_body-rigid_obstacle,deterministic_contact_probe_pychrono_unavailable
collision_contact_component_demo,collision.contact_probe.v1,pair_contact_schema_v1,1.1000,440,contact.force_torque,rover_body,rigid_obstacle,moving_body,fixed_obstacle,ChBody,ChBody,body_a_body_b,body_a,2,0.36000,0.00000,0.30000,0.36000,0.00000,0.30000,0.36000,0.00000,0.30000,-1.00000,0.00000,0.00000,0.00000,1.00000,0.00000,0.00000,0.00000,1.00000,[-1 0 0; 0 1 0; 0 0 1],,,,,-163.71972,0.00000,39.15037,0.00000,0.00000,0.00000,177.95622,-163.71972,0.00000,39.15037,0.00000,0.00000,0.00000,0.00000,world,world,sum_over_filtered_pair,pair_contact_reporter_world,false,contact_material_nsc_demo,contact_material_nsc_demo,NSC,Bullet_or_fallback,body_pair:rover_body-rigid_obstacle,deterministic_contact_probe_pychrono_unavailable
collision_contact_component_demo,collision.contact_probe.v1,pair_contact_schema_v1,1.1025,441,contact.force_torque,rover_body,rigid_obstacle,moving_body,fixed_obstacle,ChBody,ChBody,body_a_body_b,body_a,2,0.36000,0.00000,0.30000,0.36000,0.00000,0.30000,0.36000,0.00000,0.30000,-1.00000,0.00000,0.00000,0.00000,1.00000,0.00000,0.00000,0.00000,1.00000,[-1 0 0; 0 1 0; 0 0 1],,,,,-161.96885,0.00000,38.73168,0.00000,0.00000,0.00000,176.05310,-161.96885,0.00000,38.73168,0.00000,0.00000,0.00000,0.00000,world,world,sum_over_filtered_pair,pair_contact_reporter_world,false,contact_material_nsc_demo,contact_material_nsc_demo,NSC,Bullet_or_fallback,body_pair:rover_body-rigid_obstacle,deterministic_contact_probe_pychrono_unavailable
collision_contact_component_demo,collision.contact_probe.v1,pair_contact_schema_v1,1.1050,442,contact.force_torque,rover_body,rigid_obstacle,moving_body,fixed_obstacle,ChBody,ChBody,body_a_body_b,body_a,2,0.36000,0.00000,0.30000,0.36000,0.00000,0.30000,0.36000,0.00000,0.30000,-1.00000,0.00000,0.00000,0.00000,1.00000,0.00000,0.00000,0.00000,1.00000,[-1 0 0; 0 1 0; 0 0 1],,,,,-160.11977,0.00000,38.28951,0.00000,0.00000,0.00000,174.04323,-160.11977,0.00000,38.28951,0.00000,0.00000,0.00000,0.00000,world,world,sum_over_filtered_pair,pair_contact_reporter_world,false,contact_material_nsc_demo,contact_material_nsc_demo,NSC,Bullet_or_fallback,body_pair:rover_body-rigid_obstacle,deterministic_contact_probe_pychrono_unavailable
collision_contact_component_demo,collision.contact_probe.v1,pair_contact_schema_v1,1.1075,443,contact.force_torque,rover_body,rigid_obstacle,moving_body,fixed_obstacle,ChBody,ChBody,body_a_body_b,body_a,2,0.36000,0.00000,0.30000,0.36000,0.00000,0.30000,0.36000,0.00000,0.30000,-1.00000,0.00000,0.00000,0.00000,1.00000,0.00000,0.00000,0.00000,1.00000,[-1 0 0; 0 1 0; 0 0 1],,,,,-158.16882,0.00000,37.82298,0.00000,0.00000,0.00000,171.92263,-158.16882,0.00000,37.82298,0.00000,0.00000,0.00000,0.00000,world,world,sum_over_filtered_pair,pair_contact_reporter_world,false,contact_material_nsc_demo,contact_material_nsc_demo,NSC,Bullet_or_fallback,body_pair:rover_body-rigid_obstacle,deterministic_contact_probe_pychrono_unavailable
collision_contact_component_demo,collision.contact_probe.v1,pair_contact_schema_v1,1.1100,444,contact.force_torque,rover_body,rigid_obstacle,moving_body,fixed_obstacle,ChBody,ChBody,body_a_body_b,body_a,2,0.36000,0.00000,0.30000,0.36000,0.00000,0.30000,0.36000,0.00000,0.30000,-1.00000,0.00000,0.00000,0.00000,1.00000,0.00000,0.00000,0.00000,1.00000,[-1 0 0; 0 1 0; 0 0 1],,,,,-156.11387,0.00000,37.33158,0.00000,0.00000,0.00000,169.68899,-156.11387,0.00000,37.33158,0.00000,0.00000,0.00000,0.00000,world,world,sum_over_filtered_pair,pair_contact_reporter_world,false,contact_material_nsc_demo,contact_material_nsc_demo,NSC,Bullet_or_fallback,body_pair:rover_body-rigid_obstacle,deterministic_contact_probe_pychrono_unavailable
collision_contact_component_demo,collision.contact_probe.v1,pair_contact_schema_v1,1.1125,445,contact.force_torque,rover_body,rigid_obstacle,moving_body,fixed_obstacle,ChBody,ChBody,body_a_body_b,body_a,2,0.36000,0.00000,0.30000,0.36000,0.00000,0.30000,0.36000,0.00000,0.30000,-1.00000,0.00000,0.00000,0.00000,1.00000,0.00000,0.00000,0.00000,1.00000,[-1 0 0; 0 1 0; 0 0 1],,,,,-153.95419,0.00000,36.81513,0.00000,0.00000,0.00000,167.34151,-153.95419,0.00000,36.81513,0.00000,0.00000,0.00000,0.00000,world,world,sum_over_filtered_pair,pair_contact_reporter_world,false,contact_material_nsc_demo,contact_material_nsc_demo,NSC,Bullet_or_fallback,body_pair:rover_body-rigid_obstacle,deterministic_contact_probe_pychrono_unavailable
collision_contact_component_demo,collision.contact_probe.v1,pair_contact_schema_v1,1.1150,446,contact.force_torque,rover_body,rigid_obstacle,moving_body,fixed_obstacle,ChBody,ChBody,body_a_body_b,body_a,2,0.36000,0.00000,0.30000,0.36000,0.00000,0.30000,0.36000,0.00000,0.30000,-1.00000,0.00000,0.00000,0.00000,1.00000,0.00000,0.00000,0.00000,1.00000,[-1 0 0; 0 1 0; 0 0 1],,,,,-151.69032,0.00000,36.27377,0.00000,0.00000,0.00000,164.88079,-151.69032,0.00000,36.27377,0.00000,0.00000,0.00000,0.00000,world,world,sum_over_filtered_pair,pair_contact_reporter_world,false,contact_material_nsc_demo,contact_material_nsc_demo,NSC,Bullet_or_fallback,body_pair:rover_body-rigid_obstacle,deterministic_contact_probe_pychrono_unavailable
collision_contact_component_demo,collision.contact_probe.v1,pair_contact_schema_v1,1.1175,447,contact.force_torque,rover_body,rigid_obstacle,moving_body,fixed_obstacle,ChBody,ChBody,body_a_body_b,body_a,2,0.36000,0.00000,0.30000,0.36000,0.00000,0.30000,0.36000,0.00000,0.30000,-1.00000,0.00000,0.00000,0.00000,1.00000,0.00000,0.00000,0.00000,1.00000,[-1 0 0; 0 1 0; 0 0 1],,,,,-149.32391,0.00000,35.70789,0.00000,0.00000,0.00000,162.30860,-149.32391,0.00000,35.70789,0.00000,0.00000,0.00000,0.00000,world,world,sum_over_filtered_pair,pair_contact_reporter_world,false,contact_material_nsc_demo,contact_material_nsc_demo,NSC,Bullet_or_fallback,body_pair:rover_body-rigid_obstacle,deterministic_contact_probe_pychrono_unavailable
collision_contact_component_demo,collision.contact_probe.v1,pair_contact_schema_v1,1.1200,448,contact.force_torque,rover_body,rigid_obstacle,moving_body,fixed_obstacle,ChBody,ChBody,body_a_body_b,body_a,2,0.36000,0.00000,0.30000,0.36000,0.00000,0.30000,0.36000,0.00000,0.30000,-1.00000,0.00000,0.00000,0.00000,1.00000,0.00000,0.00000,0.00000,1.00000,[-1 0 0; 0 1 0; 0 0 1],,,,,-146.85761,0.00000,35.11813,0.00000,0.00000,0.00000,159.62784,-146.85761,0.00000,35.11813,0.00000,0.00000,0.00000,0.00000,world,world,sum_over_filtered_pair,pair_contact_reporter_world,false,contact_material_nsc_demo,contact_material_nsc_demo,NSC,Bullet_or_fallback,body_pair:rover_body-rigid_obstacle,deterministic_contact_probe_pychrono_unavailable
collision_contact_component_demo,collision.contact_probe.v1,pair_contact_schema_v1,1.1225,449,contact.force_torque,rover_body,rigid_obstacle,moving_body,fixed_obstacle,ChBody,ChBody,body_a_body_b,body_a,2,0.36000,0.00000,0.30000,0.36000,0.00000,0.30000,0.36000,0.00000,0.30000,-1.00000,0.00000,0.00000,0.00000,1.00000,0.00000,0.00000,0.00000,1.00000,[-1 0 0; 0 1 0; 0 0 1],,,,,-144.29495,0.00000,34.50531,0.00000,0.00000,0.00000,156.84233,-144.29495,0.00000,34.50531,0.00000,0.00000,0.00000,0.00000,world,world,sum_over_filtered_pair,pair_contact_reporter_world,false,contact_material_nsc_demo,contact_material_nsc_demo,NSC,Bullet_or_fallback,body_pair:rover_body-rigid_obstacle,deterministic_contact_probe_pychrono_unavailable
collision_contact_component_demo,collision.contact_probe.v1,pair_contact_schema_v1,1.1250,450,contact.force_torque,rover_body,rigid_obstacle,moving_body,fixed_obstacle,ChBody,ChBody,body_a_body_b,body_a,2,0.36000,0.00000,0.30000,0.36000,0.00000,0.30000,0.36000,0.00000,0.30000,-1.00000,0.00000,0.00000,0.00000,1.00000,0.00000,0.00000,0.00000,1.00000,[-1 0 0; 0 1 0; 0 0 1],,,,,-141.64019,0.00000,33.87048,0.00000,0.00000,0.00000,153.95673,-141.64019,0.00000,33.87048,0.00000,0.00000,0.00000,0.00000,world,world,sum_over_filtered_pair,pair_contact_reporter_world,false,contact_material_nsc_demo,contact_material_nsc_demo,NSC,Bullet_or_fallback,body_pair:rover_body-rigid_obstacle,deterministic_contact_probe_pychrono_unavailable
collision_contact_component_demo,collision.contact_probe.v1,pair_contact_schema_v1,1.1275,451,contact.force_torque,rover_body,rigid_obstacle,moving_body,fixed_obstacle,ChBody,ChBody,body_a_body_b,body_a,2,0.36000,0.00000,0.30000,0.36000,0.00000,0.30000,0.36000,0.00000,0.30000,-1.00000,0.00000,0.00000,0.00000,1.00000,0.00000,0.00000,0.00000,1.00000,[-1 0 0; 0 1 0; 0 0 1],,,,,-138.89828,0.00000,33.21481,0.00000,0.00000,0.00000,150.97639,-138.89828,0.00000,33.21481,0.00000,0.00000,0.00000,0.00000,world,world,sum_over_filtered_pair,pair_contact_reporter_world,false,contact_material_nsc_demo,contact_material_nsc_demo,NSC,Bullet_or_fallback,body_pair:rover_body-rigid_obstacle,deterministic_contact_probe_pychrono_unavailable
collision_contact_component_demo,collision.contact_probe.v1,pair_contact_schema_v1,1.1300,452,contact.force_torque,rover_body,rigid_obstacle,moving_body,fixed_obstacle,ChBody,ChBody,body_a_body_b,body_a,2,0.36000,0.00000,0.30000,0.36000,0.00000,0.30000,0.36000,0.00000,0.30000,-1.00000,0.00000,0.00000,0.00000,1.00000,0.00000,0.00000,0.00000,1.00000,[-1 0 0; 0 1 0; 0 0 1],,,,,-136.07472,0.00000,32.53961,0.00000,0.00000,0.00000,147.90730,-136.07472,0.00000,32.53961,0.00000,0.00000,0.00000,0.00000,world,world,sum_over_filtered_pair,pair_contact_reporter_world,false,contact_material_nsc_demo,contact_material_nsc_demo,NSC,Bullet_or_fallback,body_pair:rover_body-rigid_obstacle,deterministic_contact_probe_pychrono_unavailable
collision_contact_component_demo,collision.contact_probe.v1,pair_contact_schema_v1,1.1325,453,contact.force_torque,rover_body,rigid_obstacle,moving_body,fixed_obstacle,ChBody,ChBody,body_a_body_b,body_a,2,0.36000,0.00000,0.30000,0.36000,0.00000,0.30000,0.36000,0.00000,0.30000,-1.00000,0.00000,0.00000,0.00000,1.00000,0.00000,0.00000,0.00000,1.00000,[-1 0 0; 0 1 0; 0 0 1],,,,,-133.17545,0.00000,31.84630,0.00000,0.00000,0.00000,144.75593,-133.17545,0.00000,31.84630,0.00000,0.00000,0.00000,0.00000,world,world,sum_over_filtered_pair,pair_contact_reporter_world,false,contact_material_nsc_demo,contact_material_nsc_demo,NSC,Bullet_or_fallback,body_pair:rover_body-rigid_obstacle,deterministic_contact_probe_pychrono_unavailable
collision_contact_component_demo,collision.contact_probe.v1,pair_contact_schema_v1,1.1350,454,contact.force_torque,rover_body,rigid_obstacle,moving_body,fixed_obstacle,ChBody,ChBody,body_a_body_b,body_a,2,0.36000,0.00000,0.30000,0.36000,0.00000,0.30000,0.36000,0.00000,0.30000,-1.00000,0.00000,0.00000,0.00000,1.00000,0.00000,0.00000,0.00000,1.00000,[-1 0 0; 0 1 0; 0 0 1],,,,,-130.20682,0.00000,31.13641,0.00000,0.00000,0.00000,141.52915,-130.20682,0.00000,31.13641,0.00000,0.00000,0.00000,0.00000,world,world,sum_over_filtered_pair,pair_contact_reporter_world,false,contact_material_nsc_demo,contact_material_nsc_demo,NSC,Bullet_or_fallback,body_pair:rover_body-rigid_obstacle,deterministic_contact_probe_pychrono_unavailable
collision_contact_component_demo,collision.contact_probe.v1,pair_contact_schema_v1,1.1375,455,contact.force_torque,rover_body,rigid_obstacle,moving_body,fixed_obstacle,ChBody,ChBody,body_a_body_b,body_a,2,0.36000,0.00000,0.30000,0.36000,0.00000,0.30000,0.36000,0.00000,0.30000,-1.00000,0.00000,0.00000,0.00000,1.00000,0.00000,0.00000,0.00000,1.00000,[-1 0 0; 0 1 0; 0 0 1],,,,,-127.17547,0.00000,30.41152,0.00000,0.00000,0.00000,138.23420,-127.17547,0.00000,30.41152,0.00000,0.00000,0.00000,0.00000,world,world,sum_over_filtered_pair,pair_contact_reporter_world,false,contact_material_nsc_demo,contact_material_nsc_demo,NSC,Bullet_or_fallback,body_pair:rover_body-rigid_obstacle,deterministic_contact_probe_pychrono_unavailable
collision_contact_component_demo,collision.contact_probe.v1,pair_contact_schema_v1,1.1400,456,contact.force_torque,rover_body,rigid_obstacle,moving_body,fixed_obstacle,ChBody,ChBody,body_a_body_b,body_a,2,0.36000,0.00000,0.30000,0.36000,0.00000,0.30000,0.36000,0.00000,0.30000,-1.00000,0.00000,0.00000,0.00000,1.00000,0.00000,0.00000,0.00000,1.00000,[-1 0 0; 0 1 0; 0 0 1],,,,,-124.08826,0.00000,29.67328,0.00000,0.00000,0.00000,134.87854,-124.08826,0.00000,29.67328,0.00000,0.00000,0.00000,0.00000,world,world,sum_over_filtered_pair,pair_contact_reporter_world,false,contact_material_nsc_demo,contact_material_nsc_demo,NSC,Bullet_or_fallback,body_pair:rover_body-rigid_obstacle,deterministic_contact_probe_pychrono_unavailable
collision_contact_component_demo,collision.contact_probe.v1,pair_contact_schema_v1,1.1425,457,contact.force_torque,rover_body,rigid_obstacle,moving_body,fixed_obstacle,ChBody,ChBody,body_a_body_b,body_a,2,0.36000,0.00000,0.30000,0.36000,0.00000,0.30000,0.36000,0.00000,0.30000,-1.00000,0.00000,0.00000,0.00000,1.00000,0.00000,0.00000,0.00000,1.00000,[-1 0 0; 0 1 0; 0 0 1],,,,,-120.95222,0.00000,28.92336,0.00000,0.00000,0.00000,131.46981,-120.95222,0.00000,28.92336,0.00000,0.00000,0.00000,0.00000,world,world,sum_over_filtered_pair,pair_contact_reporter_world,false,contact_material_nsc_demo,contact_material_nsc_demo,NSC,Bullet_or_fallback,body_pair:rover_body-rigid_obstacle,deterministic_contact_probe_pychrono_unavailable
collision_contact_component_demo,collision.contact_probe.v1,pair_contact_schema_v1,1.1450,458,contact.force_torque,rover_body,rigid_obstacle,moving_body,fixed_obstacle,ChBody,ChBody,body_a_body_b,body_a,2,0.36000,0.00000,0.30000,0.36000,0.00000,0.30000,0.36000,0.00000,0.30000,-1.00000,0.00000,0.00000,0.00000,1.00000,0.00000,0.00000,0.00000,1.00000,[-1 0 0; 0 1 0; 0 0 1],,,,,-117.77451,0.00000,28.16347,0.00000,0.00000,0.00000,128.01578,-117.77451,0.00000,28.16347,0.00000,0.00000,0.00000,0.00000,world,world,sum_over_filtered_pair,pair_contact_reporter_world,false,contact_material_nsc_demo,contact_material_nsc_demo,NSC,Bullet_or_fallback,body_pair:rover_body-rigid_obstacle,deterministic_contact_probe_pychrono_unavailable
collision_contact_component_demo,collision.contact_probe.v1,pair_contact_schema_v1,1.1475,459,contact.force_torque,rover_body,rigid_obstacle,moving_body,fixed_obstacle,ChBody,ChBody,body_a_body_b,body_a,2,0.36000,0.00000,0.30000,0.36000,0.00000,0.30000,0.36000,0.00000,0.30000,-1.00000,0.00000,0.00000,0.00000,1.00000,0.00000,0.00000,0.00000,1.00000,[-1 0 0; 0 1 0; 0 0 1],,,,,-114.56231,0.00000,27.39534,0.00000,0.00000,0.00000,124.52425,-114.56231,0.00000,27.39534,0.00000,0.00000,0.00000,0.00000,world,world,sum_over_filtered_pair,pair_contact_reporter_world,false,contact_material_nsc_demo,contact_material_nsc_demo,NSC,Bullet_or_fallback,body_pair:rover_body-rigid_obstacle,deterministic_contact_probe_pychrono_unavailable
collision_contact_component_demo,collision.contact_probe.v1,pair_contact_schema_v1,1.1500,460,contact.force_torque,rover_body,rigid_obstacle,moving_body,fixed_obstacle,ChBody,ChBody,body_a_body_b,body_a,2,0.36000,0.00000,0.30000,0.36000,0.00000,0.30000,0.36000,0.00000,0.30000,-1.00000,0.00000,0.00000,0.00000,1.00000,0.00000,0.00000,0.00000,1.00000,[-1 0 0; 0 1 0; 0 0 1],,,,,-111.32282,0.00000,26.62067,0.00000,0.00000,0.00000,121.00306,-111.32282,0.00000,26.62067,0.00000,0.00000,0.00000,0.00000,world,world,sum_over_filtered_pair,pair_contact_reporter_world,false,contact_material_nsc_demo,contact_material_nsc_demo,NSC,Bullet_or_fallback,body_pair:rover_body-rigid_obstacle,deterministic_contact_probe_pychrono_unavailable
collision_contact_component_demo,collision.contact_probe.v1,pair_contact_schema_v1,1.1525,461,contact.force_torque,rover_body,rigid_obstacle,moving_body,fixed_obstacle,ChBody,ChBody,body_a_body_b,body_a,2,0.36000,0.00000,0.30000,0.36000,0.00000,0.30000,0.36000,0.00000,0.30000,-1.00000,0.00000,0.00000,0.00000,1.00000,0.00000,0.00000,0.00000,1.00000,[-1 0 0; 0 1 0; 0 0 1],,,,,-108.06317,0.00000,25.84119,0.00000,0.00000,0.00000,117.45996,-108.06317,0.00000,25.84119,0.00000,0.00000,0.00000,0.00000,world,world,sum_over_filtered_pair,pair_contact_reporter_world,false,contact_material_nsc_demo,contact_material_nsc_demo,NSC,Bullet_or_fallback,body_pair:rover_body-rigid_obstacle,deterministic_contact_probe_pychrono_unavailable
collision_contact_component_demo,collision.contact_probe.v1,pair_contact_schema_v1,1.1550,462,contact.force_torque,rover_body,rigid_obstacle,moving_body,fixed_obstacle,ChBody,ChBody,body_a_body_b,body_a,2,0.36000,0.00000,0.30000,0.36000,0.00000,0.30000,0.36000,0.00000,0.30000,-1.00000,0.00000,0.00000,0.00000,1.00000,0.00000,0.00000,0.00000,1.00000,[-1 0 0; 0 1 0; 0 0 1],,,,,-104.79043,0.00000,25.05858,0.00000,0.00000,0.00000,113.90264,-104.79043,0.00000,25.05858,0.00000,0.00000,0.00000,0.00000,world,world,sum_over_filtered_pair,pair_contact_reporter_world,false,contact_material_nsc_demo,contact_material_nsc_demo,NSC,Bullet_or_fallback,body_pair:rover_body-rigid_obstacle,deterministic_contact_probe_pychrono_unavailable
collision_contact_component_demo,collision.contact_probe.v1,pair_contact_schema_v1,1.1575,463,contact.force_torque,rover_body,rigid_obstacle,moving_body,fixed_obstacle,ChBody,ChBody,body_a_body_b,body_a,2,0.36000,0.00000,0.30000,0.36000,0.00000,0.30000,0.36000,0.00000,0.30000,-1.00000,0.00000,0.00000,0.00000,1.00000,0.00000,0.00000,0.00000,1.00000,[-1 0 0; 0 1 0; 0 0 1],,,,,-101.51153,0.00000,24.27450,0.00000,0.00000,0.00000,110.33862,-101.51153,0.00000,24.27450,0.00000,0.00000,0.00000,0.00000,world,world,sum_over_filtered_pair,pair_contact_reporter_world,false,contact_material_nsc_demo,contact_material_nsc_demo,NSC,Bullet_or_fallback,body_pair:rover_body-rigid_obstacle,deterministic_contact_probe_pychrono_unavailable
collision_contact_component_demo,collision.contact_probe.v1,pair_contact_schema_v1,1.1600,464,contact.force_torque,rover_body,rigid_obstacle,moving_body,fixed_obstacle,ChBody,ChBody,body_a_body_b,body_a,2,0.36000,0.00000,0.30000,0.36000,0.00000,0.30000,0.36000,0.00000,0.30000,-1.00000,0.00000,0.00000,0.00000,1.00000,0.00000,0.00000,0.00000,1.00000,[-1 0 0; 0 1 0; 0 0 1],,,,,-98.23325,0.00000,23.49056,0.00000,0.00000,0.00000,106.77527,-98.23325,0.00000,23.49056,0.00000,0.00000,0.00000,0.00000,world,world,sum_over_filtered_pair,pair_contact_reporter_world,false,contact_material_nsc_demo,contact_material_nsc_demo,NSC,Bullet_or_fallback,body_pair:rover_body-rigid_obstacle,deterministic_contact_probe_pychrono_unavailable
collision_contact_component_demo,collision.contact_probe.v1,pair_contact_schema_v1,1.1625,465,contact.force_torque,rover_body,rigid_obstacle,moving_body,fixed_obstacle,ChBody,ChBody,body_a_body_b,body_a,0,0.36000,0.00000,0.30000,0.36000,0.00000,0.30000,0.36000,0.00000,0.30000,-1.00000,0.00000,0.00000,0.00000,1.00000,0.00000,0.00000,0.00000,1.00000,[-1 0 0; 0 1 0; 0 0 1],,,,,-0.00000,0.00000,0.00000,0.00000,0.00000,0.00000,0.00000,-0.00000,0.00000,0.00000,0.00000,0.00000,0.00000,0.00000,world,world,sum_over_filtered_pair,pair_contact_reporter_world,false,contact_material_nsc_demo,contact_material_nsc_demo,NSC,Bullet_or_fallback,body_pair:rover_body-rigid_obstacle,deterministic_contact_probe_pychrono_unavailable
collision_contact_component_demo,collision.contact_probe.v1,pair_contact_schema_v1,1.1650,466,contact.force_torque,rover_body,rigid_obstacle,moving_body,fixed_obstacle,ChBody,ChBody,body_a_body_b,body_a,0,0.36000,0.00000,0.30000,0.36000,0.00000,0.30000,0.36000,0.00000,0.30000,-1.00000,0.00000,0.00000,0.00000,1.00000,0.00000,0.00000,0.00000,1.00000,[-1 0 0; 0 1 0; 0 0 1],,,,,-0.00000,0.00000,0.00000,0.00000,0.00000,0.00000,0.00000,-0.00000,0.00000,0.00000,0.00000,0.00000,0.00000,0.00000,world,world,sum_over_filtered_pair,pair_contact_reporter_world,false,contact_material_nsc_demo,contact_material_nsc_demo,NSC,Bullet_or_fallback,body_pair:rover_body-rigid_obstacle,deterministic_contact_probe_pychrono_unavailable
collision_contact_component_demo,collision.contact_probe.v1,pair_contact_schema_v1,1.1675,467,contact.force_torque,rover_body,rigid_obstacle,moving_body,fixed_obstacle,ChBody,ChBody,body_a_body_b,body_a,0,0.36000,0.00000,0.30000,0.36000,0.00000,0.30000,0.36000,0.00000,0.30000,-1.00000,0.00000,0.00000,0.00000,1.00000,0.00000,0.00000,0.00000,1.00000,[-1 0 0; 0 1 0; 0 0 1],,,,,-0.00000,0.00000,0.00000,0.00000,0.00000,0.00000,0.00000,-0.00000,0.00000,0.00000,0.00000,0.00000,0.00000,0.00000,world,world,sum_over_filtered_pair,pair_contact_reporter_world,false,contact_material_nsc_demo,contact_material_nsc_demo,NSC,Bullet_or_fallback,body_pair:rover_body-rigid_obstacle,deterministic_contact_probe_pychrono_unavailable
collision_contact_component_demo,collision.contact_probe.v1,pair_contact_schema_v1,1.1700,468,contact.force_torque,rover_body,rigid_obstacle,moving_body,fixed_obstacle,ChBody,ChBody,body_a_body_b,body_a,0,0.36000,0.00000,0.30000,0.36000,0.00000,0.30000,0.36000,0.00000,0.30000,-1.00000,0.00000,0.00000,0.00000,1.00000,0.00000,0.00000,0.00000,1.00000,[-1 0 0; 0 1 0; 0 0 1],,,,,-0.00000,0.00000,0.00000,0.00000,0.00000,0.00000,0.00000,-0.00000,0.00000,0.00000,0.00000,0.00000,0.00000,0.00000,world,world,sum_over_filtered_pair,pair_contact_reporter_world,false,contact_material_nsc_demo,contact_material_nsc_demo,NSC,Bullet_or_fallback,body_pair:rover_body-rigid_obstacle,deterministic_contact_probe_pychrono_unavailable
collision_contact_component_demo,collision.contact_probe.v1,pair_contact_schema_v1,1.1725,469,contact.force_torque,rover_body,rigid_obstacle,moving_body,fixed_obstacle,ChBody,ChBody,body_a_body_b,body_a,0,0.36000,0.00000,0.30000,0.36000,0.00000,0.30000,0.36000,0.00000,0.30000,-1.00000,0.00000,0.00000,0.00000,1.00000,0.00000,0.00000,0.00000,1.00000,[-1 0 0; 0 1 0; 0 0 1],,,,,-0.00000,0.00000,0.00000,0.00000,0.00000,0.00000,0.00000,-0.00000,0.00000,0.00000,0.00000,0.00000,0.00000,0.00000,world,world,sum_over_filtered_pair,pair_contact_reporter_world,false,contact_material_nsc_demo,contact_material_nsc_demo,NSC,Bullet_or_fallback,body_pair:rover_body-rigid_obstacle,deterministic_contact_probe_pychrono_unavailable
collision_contact_component_demo,collision.contact_probe.v1,pair_contact_schema_v1,1.1750,470,contact.force_torque,rover_body,rigid_obstacle,moving_body,fixed_obstacle,ChBody,ChBody,body_a_body_b,body_a,0,0.36000,0.00000,0.30000,0.36000,0.00000,0.30000,0.36000,0.00000,0.30000,-1.00000,0.00000,0.00000,0.00000,1.00000,0.00000,0.00000,0.00000,1.00000,[-1 0 0; 0 1 0; 0 0 1],,,,,-0.00000,0.00000,0.00000,0.00000,0.00000,0.00000,0.00000,-0.00000,0.00000,0.00000,0.00000,0.00000,0.00000,0.00000,world,world,sum_over_filtered_pair,pair_contact_reporter_world,false,contact_material_nsc_demo,contact_material_nsc_demo,NSC,Bullet_or_fallback,body_pair:rover_body-rigid_obstacle,deterministic_contact_probe_pychrono_unavailable
collision_contact_component_demo,collision.contact_probe.v1,pair_contact_schema_v1,1.1775,471,contact.force_torque,rover_body,rigid_obstacle,moving_body,fixed_obstacle,ChBody,ChBody,body_a_body_b,body_a,0,0.36000,0.00000,0.30000,0.36000,0.00000,0.30000,0.36000,0.00000,0.30000,-1.00000,0.00000,0.00000,0.00000,1.00000,0.00000,0.00000,0.00000,1.00000,[-1 0 0; 0 1 0; 0 0 1],,,,,-0.00000,0.00000,0.00000,0.00000,0.00000,0.00000,0.00000,-0.00000,0.00000,0.00000,0.00000,0.00000,0.00000,0.00000,world,world,sum_over_filtered_pair,pair_contact_reporter_world,false,contact_material_nsc_demo,contact_material_nsc_demo,NSC,Bullet_or_fallback,body_pair:rover_body-rigid_obstacle,deterministic_contact_probe_pychrono_unavailable
collision_contact_component_demo,collision.contact_probe.v1,pair_contact_schema_v1,1.1800,472,contact.force_torque,rover_body,rigid_obstacle,moving_body,fixed_obstacle,ChBody,ChBody,body_a_body_b,body_a,0,0.36000,0.00000,0.30000,0.36000,0.00000,0.30000,0.36000,0.00000,0.30000,-1.00000,0.00000,0.00000,0.00000,1.00000,0.00000,0.00000,0.00000,1.00000,[-1 0 0; 0 1 0; 0 0 1],,,,,-0.00000,0.00000,0.00000,0.00000,0.00000,0.00000,0.00000,-0.00000,0.00000,0.00000,0.00000,0.00000,0.00000,0.00000,world,world,sum_over_filtered_pair,pair_contact_reporter_world,false,contact_material_nsc_demo,contact_material_nsc_demo,NSC,Bullet_or_fallback,body_pair:rover_body-rigid_obstacle,deterministic_contact_probe_pychrono_unavailable
collision_contact_component_demo,collision.contact_probe.v1,pair_contact_schema_v1,1.1825,473,contact.force_torque,rover_body,rigid_obstacle,moving_body,fixed_obstacle,ChBody,ChBody,body_a_body_b,body_a,0,0.36000,0.00000,0.30000,0.36000,0.00000,0.30000,0.36000,0.00000,0.30000,-1.00000,0.00000,0.00000,0.00000,1.00000,0.00000,0.00000,0.00000,1.00000,[-1 0 0; 0 1 0; 0 0 1],,,,,-0.00000,0.00000,0.00000,0.00000,0.00000,0.00000,0.00000,-0.00000,0.00000,0.00000,0.00000,0.00000,0.00000,0.00000,world,world,sum_over_filtered_pair,pair_contact_reporter_world,false,contact_material_nsc_demo,contact_material_nsc_demo,NSC,Bullet_or_fallback,body_pair:rover_body-rigid_obstacle,deterministic_contact_probe_pychrono_unavailable
collision_contact_component_demo,collision.contact_probe.v1,pair_contact_schema_v1,1.1850,474,contact.force_torque,rover_body,rigid_obstacle,moving_body,fixed_obstacle,ChBody,ChBody,body_a_body_b,body_a,0,0.36000,0.00000,0.30000,0.36000,0.00000,0.30000,0.36000,0.00000,0.30000,-1.00000,0.00000,0.00000,0.00000,1.00000,0.00000,0.00000,0.00000,1.00000,[-1 0 0; 0 1 0; 0 0 1],,,,,-0.00000,0.00000,0.00000,0.00000,0.00000,0.00000,0.00000,-0.00000,0.00000,0.00000,0.00000,0.00000,0.00000,0.00000,world,world,sum_over_filtered_pair,pair_contact_reporter_world,false,contact_material_nsc_demo,contact_material_nsc_demo,NSC,Bullet_or_fallback,body_pair:rover_body-rigid_obstacle,deterministic_contact_probe_pychrono_unavailable
collision_contact_component_demo,collision.contact_probe.v1,pair_contact_schema_v1,1.1875,475,contact.force_torque,rover_body,rigid_obstacle,moving_body,fixed_obstacle,ChBody,ChBody,body_a_body_b,body_a,0,0.36000,0.00000,0.30000,0.36000,0.00000,0.30000,0.36000,0.00000,0.30000,-1.00000,0.00000,0.00000,0.00000,1.00000,0.00000,0.00000,0.00000,1.00000,[-1 0 0; 0 1 0; 0 0 1],,,,,-0.00000,0.00000,0.00000,0.00000,0.00000,0.00000,0.00000,-0.00000,0.00000,0.00000,0.00000,0.00000,0.00000,0.00000,world,world,sum_over_filtered_pair,pair_contact_reporter_world,false,contact_material_nsc_demo,contact_material_nsc_demo,NSC,Bullet_or_fallback,body_pair:rover_body-rigid_obstacle,deterministic_contact_probe_pychrono_unavailable
collision_contact_component_demo,collision.contact_probe.v1,pair_contact_schema_v1,1.1900,476,contact.force_torque,rover_body,rigid_obstacle,moving_body,fixed_obstacle,ChBody,ChBody,body_a_body_b,body_a,0,0.36000,0.00000,0.30000,0.36000,0.00000,0.30000,0.36000,0.00000,0.30000,-1.00000,0.00000,0.00000,0.00000,1.00000,0.00000,0.00000,0.00000,1.00000,[-1 0 0; 0 1 0; 0 0 1],,,,,-0.00000,0.00000,0.00000,0.00000,0.00000,0.00000,0.00000,-0.00000,0.00000,0.00000,0.00000,0.00000,0.00000,0.00000,world,world,sum_over_filtered_pair,pair_contact_reporter_world,false,contact_material_nsc_demo,contact_material_nsc_demo,NSC,Bullet_or_fallback,body_pair:rover_body-rigid_obstacle,deterministic_contact_probe_pychrono_unavailable
collision_contact_component_demo,collision.contact_probe.v1,pair_contact_schema_v1,1.1925,477,contact.force_torque,rover_body,rigid_obstacle,moving_body,fixed_obstacle,ChBody,ChBody,body_a_body_b,body_a,0,0.36000,0.00000,0.30000,0.36000,0.00000,0.30000,0.36000,0.00000,0.30000,-1.00000,0.00000,0.00000,0.00000,1.00000,0.00000,0.00000,0.00000,1.00000,[-1 0 0; 0 1 0; 0 0 1],,,,,-0.00000,0.00000,0.00000,0.00000,0.00000,0.00000,0.00000,-0.00000,0.00000,0.00000,0.00000,0.00000,0.00000,0.00000,world,world,sum_over_filtered_pair,pair_contact_reporter_world,false,contact_material_nsc_demo,contact_material_nsc_demo,NSC,Bullet_or_fallback,body_pair:rover_body-rigid_obstacle,deterministic_contact_probe_pychrono_unavailable
collision_contact_component_demo,collision.contact_probe.v1,pair_contact_schema_v1,1.1950,478,contact.force_torque,rover_body,rigid_obstacle,moving_body,fixed_obstacle,ChBody,ChBody,body_a_body_b,body_a,0,0.36000,0.00000,0.30000,0.36000,0.00000,0.30000,0.36000,0.00000,0.30000,-1.00000,0.00000,0.00000,0.00000,1.00000,0.00000,0.00000,0.00000,1.00000,[-1 0 0; 0 1 0; 0 0 1],,,,,-0.00000,0.00000,0.00000,0.00000,0.00000,0.00000,0.00000,-0.00000,0.00000,0.00000,0.00000,0.00000,0.00000,0.00000,world,world,sum_over_filtered_pair,pair_contact_reporter_world,false,contact_material_nsc_demo,contact_material_nsc_demo,NSC,Bullet_or_fallback,body_pair:rover_body-rigid_obstacle,deterministic_contact_probe_pychrono_unavailable
collision_contact_component_demo,collision.contact_probe.v1,pair_contact_schema_v1,1.1975,479,contact.force_torque,rover_body,rigid_obstacle,moving_body,fixed_obstacle,ChBody,ChBody,body_a_body_b,body_a,0,0.36000,0.00000,0.30000,0.36000,0.00000,0.30000,0.36000,0.00000,0.30000,-1.00000,0.00000,0.00000,0.00000,1.00000,0.00000,0.00000,0.00000,1.00000,[-1 0 0; 0 1 0; 0 0 1],,,,,-0.00000,0.00000,0.00000,0.00000,0.00000,0.00000,0.00000,-0.00000,0.00000,0.00000,0.00000,0.00000,0.00000,0.00000,world,world,sum_over_filtered_pair,pair_contact_reporter_world,false,contact_material_nsc_demo,contact_material_nsc_demo,NSC,Bullet_or_fallback,body_pair:rover_body-rigid_obstacle,deterministic_contact_probe_pychrono_unavailable
collision_contact_component_demo,collision.contact_probe.v1,pair_contact_schema_v1,1.2000,480,contact.force_torque,rover_body,rigid_obstacle,moving_body,fixed_obstacle,ChBody,ChBody,body_a_body_b,body_a,0,0.36000,0.00000,0.30000,0.36000,0.00000,0.30000,0.36000,0.00000,0.30000,-1.00000,0.00000,0.00000,0.00000,1.00000,0.00000,0.00000,0.00000,1.00000,[-1 0 0; 0 1 0; 0 0 1],,,,,-0.00000,0.00000,0.00000,0.00000,0.00000,0.00000,0.00000,-0.00000,0.00000,0.00000,0.00000,0.00000,0.00000,0.00000,world,world,sum_over_filtered_pair,pair_contact_reporter_world,false,contact_material_nsc_demo,contact_material_nsc_demo,NSC,Bullet_or_fallback,body_pair:rover_body-rigid_obstacle,deterministic_contact_probe_pychrono_unavailable
collision_contact_component_demo,collision.contact_probe.v1,pair_contact_schema_v1,1.2025,481,contact.force_torque,rover_body,rigid_obstacle,moving_body,fixed_obstacle,ChBody,ChBody,body_a_body_b,body_a,0,0.36000,0.00000,0.30000,0.36000,0.00000,0.30000,0.36000,0.00000,0.30000,-1.00000,0.00000,0.00000,0.00000,1.00000,0.00000,0.00000,0.00000,1.00000,[-1 0 0; 0 1 0; 0 0 1],,,,,-0.00000,0.00000,0.00000,0.00000,0.00000,0.00000,0.00000,-0.00000,0.00000,0.00000,0.00000,0.00000,0.00000,0.00000,world,world,sum_over_filtered_pair,pair_contact_reporter_world,false,contact_material_nsc_demo,contact_material_nsc_demo,NSC,Bullet_or_fallback,body_pair:rover_body-rigid_obstacle,deterministic_contact_probe_pychrono_unavailable
collision_contact_component_demo,collision.contact_probe.v1,pair_contact_schema_v1,1.2050,482,contact.force_torque,rover_body,rigid_obstacle,moving_body,fixed_obstacle,ChBody,ChBody,body_a_body_b,body_a,0,0.36000,0.00000,0.30000,0.36000,0.00000,0.30000,0.36000,0.00000,0.30000,-1.00000,0.00000,0.00000,0.00000,1.00000,0.00000,0.00000,0.00000,1.00000,[-1 0 0; 0 1 0; 0 0 1],,,,,-0.00000,0.00000,0.00000,0.00000,0.00000,0.00000,0.00000,-0.00000,0.00000,0.00000,0.00000,0.00000,0.00000,0.00000,world,world,sum_over_filtered_pair,pair_contact_reporter_world,false,contact_material_nsc_demo,contact_material_nsc_demo,NSC,Bullet_or_fallback,body_pair:rover_body-rigid_obstacle,deterministic_contact_probe_pychrono_unavailable
collision_contact_component_demo,collision.contact_probe.v1,pair_contact_schema_v1,1.2075,483,contact.force_torque,rover_body,rigid_obstacle,moving_body,fixed_obstacle,ChBody,ChBody,body_a_body_b,body_a,0,0.36000,0.00000,0.30000,0.36000,0.00000,0.30000,0.36000,0.00000,0.30000,-1.00000,0.00000,0.00000,0.00000,1.00000,0.00000,0.00000,0.00000,1.00000,[-1 0 0; 0 1 0; 0 0 1],,,,,-0.00000,0.00000,0.00000,0.00000,0.00000,0.00000,0.00000,-0.00000,0.00000,0.00000,0.00000,0.00000,0.00000,0.00000,world,world,sum_over_filtered_pair,pair_contact_reporter_world,false,contact_material_nsc_demo,contact_material_nsc_demo,NSC,Bullet_or_fallback,body_pair:rover_body-rigid_obstacle,deterministic_contact_probe_pychrono_unavailable
collision_contact_component_demo,collision.contact_probe.v1,pair_contact_schema_v1,1.2100,484,contact.force_torque,rover_body,rigid_obstacle,moving_body,fixed_obstacle,ChBody,ChBody,body_a_body_b,body_a,0,0.36000,0.00000,0.30000,0.36000,0.00000,0.30000,0.36000,0.00000,0.30000,-1.00000,0.00000,0.00000,0.00000,1.00000,0.00000,0.00000,0.00000,1.00000,[-1 0 0; 0 1 0; 0 0 1],,,,,-0.00000,0.00000,0.00000,0.00000,0.00000,0.00000,0.00000,-0.00000,0.00000,0.00000,0.00000,0.00000,0.00000,0.00000,world,world,sum_over_filtered_pair,pair_contact_reporter_world,false,contact_material_nsc_demo,contact_material_nsc_demo,NSC,Bullet_or_fallback,body_pair:rover_body-rigid_obstacle,deterministic_contact_probe_pychrono_unavailable
collision_contact_component_demo,collision.contact_probe.v1,pair_contact_schema_v1,1.2125,485,contact.force_torque,rover_body,rigid_obstacle,moving_body,fixed_obstacle,ChBody,ChBody,body_a_body_b,body_a,0,0.36000,0.00000,0.30000,0.36000,0.00000,0.30000,0.36000,0.00000,0.30000,-1.00000,0.00000,0.00000,0.00000,1.00000,0.00000,0.00000,0.00000,1.00000,[-1 0 0; 0 1 0; 0 0 1],,,,,-0.00000,0.00000,0.00000,0.00000,0.00000,0.00000,0.00000,-0.00000,0.00000,0.00000,0.00000,0.00000,0.00000,0.00000,world,world,sum_over_filtered_pair,pair_contact_reporter_world,false,contact_material_nsc_demo,contact_material_nsc_demo,NSC,Bullet_or_fallback,body_pair:rover_body-rigid_obstacle,deterministic_contact_probe_pychrono_unavailable
collision_contact_component_demo,collision.contact_probe.v1,pair_contact_schema_v1,1.2150,486,contact.force_torque,rover_body,rigid_obstacle,moving_body,fixed_obstacle,ChBody,ChBody,body_a_body_b,body_a,0,0.36000,0.00000,0.30000,0.36000,0.00000,0.30000,0.36000,0.00000,0.30000,-1.00000,0.00000,0.00000,0.00000,1.00000,0.00000,0.00000,0.00000,1.00000,[-1 0 0; 0 1 0; 0 0 1],,,,,-0.00000,0.00000,0.00000,0.00000,0.00000,0.00000,0.00000,-0.00000,0.00000,0.00000,0.00000,0.00000,0.00000,0.00000,world,world,sum_over_filtered_pair,pair_contact_reporter_world,false,contact_material_nsc_demo,contact_material_nsc_demo,NSC,Bullet_or_fallback,body_pair:rover_body-rigid_obstacle,deterministic_contact_probe_pychrono_unavailable
collision_contact_component_demo,collision.contact_probe.v1,pair_contact_schema_v1,1.2175,487,contact.force_torque,rover_body,rigid_obstacle,moving_body,fixed_obstacle,ChBody,ChBody,body_a_body_b,body_a,0,0.36000,0.00000,0.30000,0.36000,0.00000,0.30000,0.36000,0.00000,0.30000,-1.00000,0.00000,0.00000,0.00000,1.00000,0.00000,0.00000,0.00000,1.00000,[-1 0 0; 0 1 0; 0 0 1],,,,,-0.00000,0.00000,0.00000,0.00000,0.00000,0.00000,0.00000,-0.00000,0.00000,0.00000,0.00000,0.00000,0.00000,0.00000,world,world,sum_over_filtered_pair,pair_contact_reporter_world,false,contact_material_nsc_demo,contact_material_nsc_demo,NSC,Bullet_or_fallback,body_pair:rover_body-rigid_obstacle,deterministic_contact_probe_pychrono_unavailable
collision_contact_component_demo,collision.contact_probe.v1,pair_contact_schema_v1,1.2200,488,contact.force_torque,rover_body,rigid_obstacle,moving_body,fixed_obstacle,ChBody,ChBody,body_a_body_b,body_a,0,0.36000,0.00000,0.30000,0.36000,0.00000,0.30000,0.36000,0.00000,0.30000,-1.00000,0.00000,0.00000,0.00000,1.00000,0.00000,0.00000,0.00000,1.00000,[-1 0 0; 0 1 0; 0 0 1],,,,,-0.00000,0.00000,0.00000,0.00000,0.00000,0.00000,0.00000,-0.00000,0.00000,0.00000,0.00000,0.00000,0.00000,0.00000,world,world,sum_over_filtered_pair,pair_contact_reporter_world,false,contact_material_nsc_demo,contact_material_nsc_demo,NSC,Bullet_or_fallback,body_pair:rover_body-rigid_obstacle,deterministic_contact_probe_pychrono_unavailable
collision_contact_component_demo,collision.contact_probe.v1,pair_contact_schema_v1,1.2225,489,contact.force_torque,rover_body,rigid_obstacle,moving_body,fixed_obstacle,ChBody,ChBody,body_a_body_b,body_a,0,0.36000,0.00000,0.30000,0.36000,0.00000,0.30000,0.36000,0.00000,0.30000,-1.00000,0.00000,0.00000,0.00000,1.00000,0.00000,0.00000,0.00000,1.00000,[-1 0 0; 0 1 0; 0 0 1],,,,,-0.00000,0.00000,0.00000,0.00000,0.00000,0.00000,0.00000,-0.00000,0.00000,0.00000,0.00000,0.00000,0.00000,0.00000,world,world,sum_over_filtered_pair,pair_contact_reporter_world,false,contact_material_nsc_demo,contact_material_nsc_demo,NSC,Bullet_or_fallback,body_pair:rover_body-rigid_obstacle,deterministic_contact_probe_pychrono_unavailable
collision_contact_component_demo,collision.contact_probe.v1,pair_contact_schema_v1,1.2250,490,contact.force_torque,rover_body,rigid_obstacle,moving_body,fixed_obstacle,ChBody,ChBody,body_a_body_b,body_a,0,0.36000,0.00000,0.30000,0.36000,0.00000,0.30000,0.36000,0.00000,0.30000,-1.00000,0.00000,0.00000,0.00000,1.00000,0.00000,0.00000,0.00000,1.00000,[-1 0 0; 0 1 0; 0 0 1],,,,,-0.00000,0.00000,0.00000,0.00000,0.00000,0.00000,0.00000,-0.00000,0.00000,0.00000,0.00000,0.00000,0.00000,0.00000,world,world,sum_over_filtered_pair,pair_contact_reporter_world,false,contact_material_nsc_demo,contact_material_nsc_demo,NSC,Bullet_or_fallback,body_pair:rover_body-rigid_obstacle,deterministic_contact_probe_pychrono_unavailable
collision_contact_component_demo,collision.contact_probe.v1,pair_contact_schema_v1,1.2275,491,contact.force_torque,rover_body,rigid_obstacle,moving_body,fixed_obstacle,ChBody,ChBody,body_a_body_b,body_a,0,0.36000,0.00000,0.30000,0.36000,0.00000,0.30000,0.36000,0.00000,0.30000,-1.00000,0.00000,0.00000,0.00000,1.00000,0.00000,0.00000,0.00000,1.00000,[-1 0 0; 0 1 0; 0 0 1],,,,,-0.00000,0.00000,0.00000,0.00000,0.00000,0.00000,0.00000,-0.00000,0.00000,0.00000,0.00000,0.00000,0.00000,0.00000,world,world,sum_over_filtered_pair,pair_contact_reporter_world,false,contact_material_nsc_demo,contact_material_nsc_demo,NSC,Bullet_or_fallback,body_pair:rover_body-rigid_obstacle,deterministic_contact_probe_pychrono_unavailable
collision_contact_component_demo,collision.contact_probe.v1,pair_contact_schema_v1,1.2300,492,contact.force_torque,rover_body,rigid_obstacle,moving_body,fixed_obstacle,ChBody,ChBody,body_a_body_b,body_a,0,0.36000,0.00000,0.30000,0.36000,0.00000,0.30000,0.36000,0.00000,0.30000,-1.00000,0.00000,0.00000,0.00000,1.00000,0.00000,0.00000,0.00000,1.00000,[-1 0 0; 0 1 0; 0 0 1],,,,,-0.00000,0.00000,0.00000,0.00000,0.00000,0.00000,0.00000,-0.00000,0.00000,0.00000,0.00000,0.00000,0.00000,0.00000,world,world,sum_over_filtered_pair,pair_contact_reporter_world,false,contact_material_nsc_demo,contact_material_nsc_demo,NSC,Bullet_or_fallback,body_pair:rover_body-rigid_obstacle,deterministic_contact_probe_pychrono_unavailable
collision_contact_component_demo,collision.contact_probe.v1,pair_contact_schema_v1,1.2325,493,contact.force_torque,rover_body,rigid_obstacle,moving_body,fixed_obstacle,ChBody,ChBody,body_a_body_b,body_a,0,0.36000,0.00000,0.30000,0.36000,0.00000,0.30000,0.36000,0.00000,0.30000,-1.00000,0.00000,0.00000,0.00000,1.00000,0.00000,0.00000,0.00000,1.00000,[-1 0 0; 0 1 0; 0 0 1],,,,,-0.00000,0.00000,0.00000,0.00000,0.00000,0.00000,0.00000,-0.00000,0.00000,0.00000,0.00000,0.00000,0.00000,0.00000,world,world,sum_over_filtered_pair,pair_contact_reporter_world,false,contact_material_nsc_demo,contact_material_nsc_demo,NSC,Bullet_or_fallback,body_pair:rover_body-rigid_obstacle,deterministic_contact_probe_pychrono_unavailable
collision_contact_component_demo,collision.contact_probe.v1,pair_contact_schema_v1,1.2350,494,contact.force_torque,rover_body,rigid_obstacle,moving_body,fixed_obstacle,ChBody,ChBody,body_a_body_b,body_a,0,0.36000,0.00000,0.30000,0.36000,0.00000,0.30000,0.36000,0.00000,0.30000,-1.00000,0.00000,0.00000,0.00000,1.00000,0.00000,0.00000,0.00000,1.00000,[-1 0 0; 0 1 0; 0 0 1],,,,,-0.00000,0.00000,0.00000,0.00000,0.00000,0.00000,0.00000,-0.00000,0.00000,0.00000,0.00000,0.00000,0.00000,0.00000,world,world,sum_over_filtered_pair,pair_contact_reporter_world,false,contact_material_nsc_demo,contact_material_nsc_demo,NSC,Bullet_or_fallback,body_pair:rover_body-rigid_obstacle,deterministic_contact_probe_pychrono_unavailable
collision_contact_component_demo,collision.contact_probe.v1,pair_contact_schema_v1,1.2375,495,contact.force_torque,rover_body,rigid_obstacle,moving_body,fixed_obstacle,ChBody,ChBody,body_a_body_b,body_a,0,0.36000,0.00000,0.30000,0.36000,0.00000,0.30000,0.36000,0.00000,0.30000,-1.00000,0.00000,0.00000,0.00000,1.00000,0.00000,0.00000,0.00000,1.00000,[-1 0 0; 0 1 0; 0 0 1],,,,,-0.00000,0.00000,0.00000,0.00000,0.00000,0.00000,0.00000,-0.00000,0.00000,0.00000,0.00000,0.00000,0.00000,0.00000,world,world,sum_over_filtered_pair,pair_contact_reporter_world,false,contact_material_nsc_demo,contact_material_nsc_demo,NSC,Bullet_or_fallback,body_pair:rover_body-rigid_obstacle,deterministic_contact_probe_pychrono_unavailable
collision_contact_component_demo,collision.contact_probe.v1,pair_contact_schema_v1,1.2400,496,contact.force_torque,rover_body,rigid_obstacle,moving_body,fixed_obstacle,ChBody,ChBody,body_a_body_b,body_a,0,0.36000,0.00000,0.30000,0.36000,0.00000,0.30000,0.36000,0.00000,0.30000,-1.00000,0.00000,0.00000,0.00000,1.00000,0.00000,0.00000,0.00000,1.00000,[-1 0 0; 0 1 0; 0 0 1],,,,,-0.00000,0.00000,0.00000,0.00000,0.00000,0.00000,0.00000,-0.00000,0.00000,0.00000,0.00000,0.00000,0.00000,0.00000,world,world,sum_over_filtered_pair,pair_contact_reporter_world,false,contact_material_nsc_demo,contact_material_nsc_demo,NSC,Bullet_or_fallback,body_pair:rover_body-rigid_obstacle,deterministic_contact_probe_pychrono_unavailable
collision_contact_component_demo,collision.contact_probe.v1,pair_contact_schema_v1,1.2425,497,contact.force_torque,rover_body,rigid_obstacle,moving_body,fixed_obstacle,ChBody,ChBody,body_a_body_b,body_a,0,0.36000,0.00000,0.30000,0.36000,0.00000,0.30000,0.36000,0.00000,0.30000,-1.00000,0.00000,0.00000,0.00000,1.00000,0.00000,0.00000,0.00000,1.00000,[-1 0 0; 0 1 0; 0 0 1],,,,,-0.00000,0.00000,0.00000,0.00000,0.00000,0.00000,0.00000,-0.00000,0.00000,0.00000,0.00000,0.00000,0.00000,0.00000,world,world,sum_over_filtered_pair,pair_contact_reporter_world,false,contact_material_nsc_demo,contact_material_nsc_demo,NSC,Bullet_or_fallback,body_pair:rover_body-rigid_obstacle,deterministic_contact_probe_pychrono_unavailable
collision_contact_component_demo,collision.contact_probe.v1,pair_contact_schema_v1,1.2450,498,contact.force_torque,rover_body,rigid_obstacle,moving_body,fixed_obstacle,ChBody,ChBody,body_a_body_b,body_a,0,0.36000,0.00000,0.30000,0.36000,0.00000,0.30000,0.36000,0.00000,0.30000,-1.00000,0.00000,0.00000,0.00000,1.00000,0.00000,0.00000,0.00000,1.00000,[-1 0 0; 0 1 0; 0 0 1],,,,,-0.00000,0.00000,0.00000,0.00000,0.00000,0.00000,0.00000,-0.00000,0.00000,0.00000,0.00000,0.00000,0.00000,0.00000,world,world,sum_over_filtered_pair,pair_contact_reporter_world,false,contact_material_nsc_demo,contact_material_nsc_demo,NSC,Bullet_or_fallback,body_pair:rover_body-rigid_obstacle,deterministic_contact_probe_pychrono_unavailable
collision_contact_component_demo,collision.contact_probe.v1,pair_contact_schema_v1,1.2475,499,contact.force_torque,rover_body,rigid_obstacle,moving_body,fixed_obstacle,ChBody,ChBody,body_a_body_b,body_a,0,0.36000,0.00000,0.30000,0.36000,0.00000,0.30000,0.36000,0.00000,0.30000,-1.00000,0.00000,0.00000,0.00000,1.00000,0.00000,0.00000,0.00000,1.00000,[-1 0 0; 0 1 0; 0 0 1],,,,,-0.00000,0.00000,0.00000,0.00000,0.00000,0.00000,0.00000,-0.00000,0.00000,0.00000,0.00000,0.00000,0.00000,0.00000,world,world,sum_over_filtered_pair,pair_contact_reporter_world,false,contact_material_nsc_demo,contact_material_nsc_demo,NSC,Bullet_or_fallback,body_pair:rover_body-rigid_obstacle,deterministic_contact_probe_pychrono_unavailable
collision_contact_component_demo,collision.contact_probe.v1,pair_contact_schema_v1,1.2500,500,contact.force_torque,rover_body,rigid_obstacle,moving_body,fixed_obstacle,ChBody,ChBody,body_a_body_b,body_a,0,0.36000,0.00000,0.30000,0.36000,0.00000,0.30000,0.36000,0.00000,0.30000,-1.00000,0.00000,0.00000,0.00000,1.00000,0.00000,0.00000,0.00000,1.00000,[-1 0 0; 0 1 0; 0 0 1],,,,,-0.00000,0.00000,0.00000,0.00000,0.00000,0.00000,0.00000,-0.00000,0.00000,0.00000,0.00000,0.00000,0.00000,0.00000,world,world,sum_over_filtered_pair,pair_contact_reporter_world,false,contact_material_nsc_demo,contact_material_nsc_demo,NSC,Bullet_or_fallback,body_pair:rover_body-rigid_obstacle,deterministic_contact_probe_pychrono_unavailable
collision_contact_component_demo,collision.contact_probe.v1,pair_contact_schema_v1,1.2525,501,contact.force_torque,rover_body,rigid_obstacle,moving_body,fixed_obstacle,ChBody,ChBody,body_a_body_b,body_a,0,0.36000,0.00000,0.30000,0.36000,0.00000,0.30000,0.36000,0.00000,0.30000,-1.00000,0.00000,0.00000,0.00000,1.00000,0.00000,0.00000,0.00000,1.00000,[-1 0 0; 0 1 0; 0 0 1],,,,,-0.00000,0.00000,0.00000,0.00000,0.00000,0.00000,0.00000,-0.00000,0.00000,0.00000,0.00000,0.00000,0.00000,0.00000,world,world,sum_over_filtered_pair,pair_contact_reporter_world,false,contact_material_nsc_demo,contact_material_nsc_demo,NSC,Bullet_or_fallback,body_pair:rover_body-rigid_obstacle,deterministic_contact_probe_pychrono_unavailable
collision_contact_component_demo,collision.contact_probe.v1,pair_contact_schema_v1,1.2550,502,contact.force_torque,rover_body,rigid_obstacle,moving_body,fixed_obstacle,ChBody,ChBody,body_a_body_b,body_a,0,0.36000,0.00000,0.30000,0.36000,0.00000,0.30000,0.36000,0.00000,0.30000,-1.00000,0.00000,0.00000,0.00000,1.00000,0.00000,0.00000,0.00000,1.00000,[-1 0 0; 0 1 0; 0 0 1],,,,,-0.00000,0.00000,0.00000,0.00000,0.00000,0.00000,0.00000,-0.00000,0.00000,0.00000,0.00000,0.00000,0.00000,0.00000,world,world,sum_over_filtered_pair,pair_contact_reporter_world,false,contact_material_nsc_demo,contact_material_nsc_demo,NSC,Bullet_or_fallback,body_pair:rover_body-rigid_obstacle,deterministic_contact_probe_pychrono_unavailable
collision_contact_component_demo,collision.contact_probe.v1,pair_contact_schema_v1,1.2575,503,contact.force_torque,rover_body,rigid_obstacle,moving_body,fixed_obstacle,ChBody,ChBody,body_a_body_b,body_a,0,0.36000,0.00000,0.30000,0.36000,0.00000,0.30000,0.36000,0.00000,0.30000,-1.00000,0.00000,0.00000,0.00000,1.00000,0.00000,0.00000,0.00000,1.00000,[-1 0 0; 0 1 0; 0 0 1],,,,,-0.00000,0.00000,0.00000,0.00000,0.00000,0.00000,0.00000,-0.00000,0.00000,0.00000,0.00000,0.00000,0.00000,0.00000,world,world,sum_over_filtered_pair,pair_contact_reporter_world,false,contact_material_nsc_demo,contact_material_nsc_demo,NSC,Bullet_or_fallback,body_pair:rover_body-rigid_obstacle,deterministic_contact_probe_pychrono_unavailable
collision_contact_component_demo,collision.contact_probe.v1,pair_contact_schema_v1,1.2600,504,contact.force_torque,rover_body,rigid_obstacle,moving_body,fixed_obstacle,ChBody,ChBody,body_a_body_b,body_a,0,0.36000,0.00000,0.30000,0.36000,0.00000,0.30000,0.36000,0.00000,0.30000,-1.00000,0.00000,0.00000,0.00000,1.00000,0.00000,0.00000,0.00000,1.00000,[-1 0 0; 0 1 0; 0 0 1],,,,,-0.00000,0.00000,0.00000,0.00000,0.00000,0.00000,0.00000,-0.00000,0.00000,0.00000,0.00000,0.00000,0.00000,0.00000,world,world,sum_over_filtered_pair,pair_contact_reporter_world,false,contact_material_nsc_demo,contact_material_nsc_demo,NSC,Bullet_or_fallback,body_pair:rover_body-rigid_obstacle,deterministic_contact_probe_pychrono_unavailable
collision_contact_component_demo,collision.contact_probe.v1,pair_contact_schema_v1,1.2625,505,contact.force_torque,rover_body,rigid_obstacle,moving_body,fixed_obstacle,ChBody,ChBody,body_a_body_b,body_a,0,0.36000,0.00000,0.30000,0.36000,0.00000,0.30000,0.36000,0.00000,0.30000,-1.00000,0.00000,0.00000,0.00000,1.00000,0.00000,0.00000,0.00000,1.00000,[-1 0 0; 0 1 0; 0 0 1],,,,,-0.00000,0.00000,0.00000,0.00000,0.00000,0.00000,0.00000,-0.00000,0.00000,0.00000,0.00000,0.00000,0.00000,0.00000,world,world,sum_over_filtered_pair,pair_contact_reporter_world,false,contact_material_nsc_demo,contact_material_nsc_demo,NSC,Bullet_or_fallback,body_pair:rover_body-rigid_obstacle,deterministic_contact_probe_pychrono_unavailable
collision_contact_component_demo,collision.contact_probe.v1,pair_contact_schema_v1,1.2650,506,contact.force_torque,rover_body,rigid_obstacle,moving_body,fixed_obstacle,ChBody,ChBody,body_a_body_b,body_a,0,0.36000,0.00000,0.30000,0.36000,0.00000,0.30000,0.36000,0.00000,0.30000,-1.00000,0.00000,0.00000,0.00000,1.00000,0.00000,0.00000,0.00000,1.00000,[-1 0 0; 0 1 0; 0 0 1],,,,,-0.00000,0.00000,0.00000,0.00000,0.00000,0.00000,0.00000,-0.00000,0.00000,0.00000,0.00000,0.00000,0.00000,0.00000,world,world,sum_over_filtered_pair,pair_contact_reporter_world,false,contact_material_nsc_demo,contact_material_nsc_demo,NSC,Bullet_or_fallback,body_pair:rover_body-rigid_obstacle,deterministic_contact_probe_pychrono_unavailable
collision_contact_component_demo,collision.contact_probe.v1,pair_contact_schema_v1,1.2675,507,contact.force_torque,rover_body,rigid_obstacle,moving_body,fixed_obstacle,ChBody,ChBody,body_a_body_b,body_a,0,0.36000,0.00000,0.30000,0.36000,0.00000,0.30000,0.36000,0.00000,0.30000,-1.00000,0.00000,0.00000,0.00000,1.00000,0.00000,0.00000,0.00000,1.00000,[-1 0 0; 0 1 0; 0 0 1],,,,,-0.00000,0.00000,0.00000,0.00000,0.00000,0.00000,0.00000,-0.00000,0.00000,0.00000,0.00000,0.00000,0.00000,0.00000,world,world,sum_over_filtered_pair,pair_contact_reporter_world,false,contact_material_nsc_demo,contact_material_nsc_demo,NSC,Bullet_or_fallback,body_pair:rover_body-rigid_obstacle,deterministic_contact_probe_pychrono_unavailable
collision_contact_component_demo,collision.contact_probe.v1,pair_contact_schema_v1,1.2700,508,contact.force_torque,rover_body,rigid_obstacle,moving_body,fixed_obstacle,ChBody,ChBody,body_a_body_b,body_a,0,0.36000,0.00000,0.30000,0.36000,0.00000,0.30000,0.36000,0.00000,0.30000,-1.00000,0.00000,0.00000,0.00000,1.00000,0.00000,0.00000,0.00000,1.00000,[-1 0 0; 0 1 0; 0 0 1],,,,,-0.00000,0.00000,0.00000,0.00000,0.00000,0.00000,0.00000,-0.00000,0.00000,0.00000,0.00000,0.00000,0.00000,0.00000,world,world,sum_over_filtered_pair,pair_contact_reporter_world,false,contact_material_nsc_demo,contact_material_nsc_demo,NSC,Bullet_or_fallback,body_pair:rover_body-rigid_obstacle,deterministic_contact_probe_pychrono_unavailable
collision_contact_component_demo,collision.contact_probe.v1,pair_contact_schema_v1,1.2725,509,contact.force_torque,rover_body,rigid_obstacle,moving_body,fixed_obstacle,ChBody,ChBody,body_a_body_b,body_a,0,0.36000,0.00000,0.30000,0.36000,0.00000,0.30000,0.36000,0.00000,0.30000,-1.00000,0.00000,0.00000,0.00000,1.00000,0.00000,0.00000,0.00000,1.00000,[-1 0 0; 0 1 0; 0 0 1],,,,,-0.00000,0.00000,0.00000,0.00000,0.00000,0.00000,0.00000,-0.00000,0.00000,0.00000,0.00000,0.00000,0.00000,0.00000,world,world,sum_over_filtered_pair,pair_contact_reporter_world,false,contact_material_nsc_demo,contact_material_nsc_demo,NSC,Bullet_or_fallback,body_pair:rover_body-rigid_obstacle,deterministic_contact_probe_pychrono_unavailable
collision_contact_component_demo,collision.contact_probe.v1,pair_contact_schema_v1,1.2750,510,contact.force_torque,rover_body,rigid_obstacle,moving_body,fixed_obstacle,ChBody,ChBody,body_a_body_b,body_a,0,0.36000,0.00000,0.30000,0.36000,0.00000,0.30000,0.36000,0.00000,0.30000,-1.00000,0.00000,0.00000,0.00000,1.00000,0.00000,0.00000,0.00000,1.00000,[-1 0 0; 0 1 0; 0 0 1],,,,,-0.00000,0.00000,0.00000,0.00000,0.00000,0.00000,0.00000,-0.00000,0.00000,0.00000,0.00000,0.00000,0.00000,0.00000,world,world,sum_over_filtered_pair,pair_contact_reporter_world,false,contact_material_nsc_demo,contact_material_nsc_demo,NSC,Bullet_or_fallback,body_pair:rover_body-rigid_obstacle,deterministic_contact_probe_pychrono_unavailable
collision_contact_component_demo,collision.contact_probe.v1,pair_contact_schema_v1,1.2775,511,contact.force_torque,rover_body,rigid_obstacle,moving_body,fixed_obstacle,ChBody,ChBody,body_a_body_b,body_a,0,0.36000,0.00000,0.30000,0.36000,0.00000,0.30000,0.36000,0.00000,0.30000,-1.00000,0.00000,0.00000,0.00000,1.00000,0.00000,0.00000,0.00000,1.00000,[-1 0 0; 0 1 0; 0 0 1],,,,,-0.00000,0.00000,0.00000,0.00000,0.00000,0.00000,0.00000,-0.00000,0.00000,0.00000,0.00000,0.00000,0.00000,0.00000,world,world,sum_over_filtered_pair,pair_contact_reporter_world,false,contact_material_nsc_demo,contact_material_nsc_demo,NSC,Bullet_or_fallback,body_pair:rover_body-rigid_obstacle,deterministic_contact_probe_pychrono_unavailable
collision_contact_component_demo,collision.contact_probe.v1,pair_contact_schema_v1,1.2800,512,contact.force_torque,rover_body,rigid_obstacle,moving_body,fixed_obstacle,ChBody,ChBody,body_a_body_b,body_a,0,0.36000,0.00000,0.30000,0.36000,0.00000,0.30000,0.36000,0.00000,0.30000,-1.00000,0.00000,0.00000,0.00000,1.00000,0.00000,0.00000,0.00000,1.00000,[-1 0 0; 0 1 0; 0 0 1],,,,,-0.00000,0.00000,0.00000,0.00000,0.00000,0.00000,0.00000,-0.00000,0.00000,0.00000,0.00000,0.00000,0.00000,0.00000,world,world,sum_over_filtered_pair,pair_contact_reporter_world,false,contact_material_nsc_demo,contact_material_nsc_demo,NSC,Bullet_or_fallback,body_pair:rover_body-rigid_obstacle,deterministic_contact_probe_pychrono_unavailable
collision_contact_component_demo,collision.contact_probe.v1,pair_contact_schema_v1,1.2825,513,contact.force_torque,rover_body,rigid_obstacle,moving_body,fixed_obstacle,ChBody,ChBody,body_a_body_b,body_a,0,0.36000,0.00000,0.30000,0.36000,0.00000,0.30000,0.36000,0.00000,0.30000,-1.00000,0.00000,0.00000,0.00000,1.00000,0.00000,0.00000,0.00000,1.00000,[-1 0 0; 0 1 0; 0 0 1],,,,,-0.00000,0.00000,0.00000,0.00000,0.00000,0.00000,0.00000,-0.00000,0.00000,0.00000,0.00000,0.00000,0.00000,0.00000,world,world,sum_over_filtered_pair,pair_contact_reporter_world,false,contact_material_nsc_demo,contact_material_nsc_demo,NSC,Bullet_or_fallback,body_pair:rover_body-rigid_obstacle,deterministic_contact_probe_pychrono_unavailable
collision_contact_component_demo,collision.contact_probe.v1,pair_contact_schema_v1,1.2850,514,contact.force_torque,rover_body,rigid_obstacle,moving_body,fixed_obstacle,ChBody,ChBody,body_a_body_b,body_a,0,0.36000,0.00000,0.30000,0.36000,0.00000,0.30000,0.36000,0.00000,0.30000,-1.00000,0.00000,0.00000,0.00000,1.00000,0.00000,0.00000,0.00000,1.00000,[-1 0 0; 0 1 0; 0 0 1],,,,,-0.00000,0.00000,0.00000,0.00000,0.00000,0.00000,0.00000,-0.00000,0.00000,0.00000,0.00000,0.00000,0.00000,0.00000,world,world,sum_over_filtered_pair,pair_contact_reporter_world,false,contact_material_nsc_demo,contact_material_nsc_demo,NSC,Bullet_or_fallback,body_pair:rover_body-rigid_obstacle,deterministic_contact_probe_pychrono_unavailable
collision_contact_component_demo,collision.contact_probe.v1,pair_contact_schema_v1,1.2875,515,contact.force_torque,rover_body,rigid_obstacle,moving_body,fixed_obstacle,ChBody,ChBody,body_a_body_b,body_a,0,0.36000,0.00000,0.30000,0.36000,0.00000,0.30000,0.36000,0.00000,0.30000,-1.00000,0.00000,0.00000,0.00000,1.00000,0.00000,0.00000,0.00000,1.00000,[-1 0 0; 0 1 0; 0 0 1],,,,,-0.00000,0.00000,0.00000,0.00000,0.00000,0.00000,0.00000,-0.00000,0.00000,0.00000,0.00000,0.00000,0.00000,0.00000,world,world,sum_over_filtered_pair,pair_contact_reporter_world,false,contact_material_nsc_demo,contact_material_nsc_demo,NSC,Bullet_or_fallback,body_pair:rover_body-rigid_obstacle,deterministic_contact_probe_pychrono_unavailable
collision_contact_component_demo,collision.contact_probe.v1,pair_contact_schema_v1,1.2900,516,contact.force_torque,rover_body,rigid_obstacle,moving_body,fixed_obstacle,ChBody,ChBody,body_a_body_b,body_a,0,0.36000,0.00000,0.30000,0.36000,0.00000,0.30000,0.36000,0.00000,0.30000,-1.00000,0.00000,0.00000,0.00000,1.00000,0.00000,0.00000,0.00000,1.00000,[-1 0 0; 0 1 0; 0 0 1],,,,,-0.00000,0.00000,0.00000,0.00000,0.00000,0.00000,0.00000,-0.00000,0.00000,0.00000,0.00000,0.00000,0.00000,0.00000,world,world,sum_over_filtered_pair,pair_contact_reporter_world,false,contact_material_nsc_demo,contact_material_nsc_demo,NSC,Bullet_or_fallback,body_pair:rover_body-rigid_obstacle,deterministic_contact_probe_pychrono_unavailable
collision_contact_component_demo,collision.contact_probe.v1,pair_contact_schema_v1,1.2925,517,contact.force_torque,rover_body,rigid_obstacle,moving_body,fixed_obstacle,ChBody,ChBody,body_a_body_b,body_a,0,0.36000,0.00000,0.30000,0.36000,0.00000,0.30000,0.36000,0.00000,0.30000,-1.00000,0.00000,0.00000,0.00000,1.00000,0.00000,0.00000,0.00000,1.00000,[-1 0 0; 0 1 0; 0 0 1],,,,,-0.00000,0.00000,0.00000,0.00000,0.00000,0.00000,0.00000,-0.00000,0.00000,0.00000,0.00000,0.00000,0.00000,0.00000,world,world,sum_over_filtered_pair,pair_contact_reporter_world,false,contact_material_nsc_demo,contact_material_nsc_demo,NSC,Bullet_or_fallback,body_pair:rover_body-rigid_obstacle,deterministic_contact_probe_pychrono_unavailable
collision_contact_component_demo,collision.contact_probe.v1,pair_contact_schema_v1,1.2950,518,contact.force_torque,rover_body,rigid_obstacle,moving_body,fixed_obstacle,ChBody,ChBody,body_a_body_b,body_a,0,0.36000,0.00000,0.30000,0.36000,0.00000,0.30000,0.36000,0.00000,0.30000,-1.00000,0.00000,0.00000,0.00000,1.00000,0.00000,0.00000,0.00000,1.00000,[-1 0 0; 0 1 0; 0 0 1],,,,,-0.00000,0.00000,0.00000,0.00000,0.00000,0.00000,0.00000,-0.00000,0.00000,0.00000,0.00000,0.00000,0.00000,0.00000,world,world,sum_over_filtered_pair,pair_contact_reporter_world,false,contact_material_nsc_demo,contact_material_nsc_demo,NSC,Bullet_or_fallback,body_pair:rover_body-rigid_obstacle,deterministic_contact_probe_pychrono_unavailable
collision_contact_component_demo,collision.contact_probe.v1,pair_contact_schema_v1,1.2975,519,contact.force_torque,rover_body,rigid_obstacle,moving_body,fixed_obstacle,ChBody,ChBody,body_a_body_b,body_a,0,0.36000,0.00000,0.30000,0.36000,0.00000,0.30000,0.36000,0.00000,0.30000,-1.00000,0.00000,0.00000,0.00000,1.00000,0.00000,0.00000,0.00000,1.00000,[-1 0 0; 0 1 0; 0 0 1],,,,,-0.00000,0.00000,0.00000,0.00000,0.00000,0.00000,0.00000,-0.00000,0.00000,0.00000,0.00000,0.00000,0.00000,0.00000,world,world,sum_over_filtered_pair,pair_contact_reporter_world,false,contact_material_nsc_demo,contact_material_nsc_demo,NSC,Bullet_or_fallback,body_pair:rover_body-rigid_obstacle,deterministic_contact_probe_pychrono_unavailable
collision_contact_component_demo,collision.contact_probe.v1,pair_contact_schema_v1,1.3000,520,contact.force_torque,rover_body,rigid_obstacle,moving_body,fixed_obstacle,ChBody,ChBody,body_a_body_b,body_a,0,0.36000,0.00000,0.30000,0.36000,0.00000,0.30000,0.36000,0.00000,0.30000,-1.00000,0.00000,0.00000,0.00000,1.00000,0.00000,0.00000,0.00000,1.00000,[-1 0 0; 0 1 0; 0 0 1],,,,,-0.00000,0.00000,0.00000,0.00000,0.00000,0.00000,0.00000,-0.00000,0.00000,0.00000,0.00000,0.00000,0.00000,0.00000,world,world,sum_over_filtered_pair,pair_contact_reporter_world,false,contact_material_nsc_demo,contact_material_nsc_demo,NSC,Bullet_or_fallback,body_pair:rover_body-rigid_obstacle,deterministic_contact_probe_pychrono_unavailable
collision_contact_component_demo,collision.contact_probe.v1,pair_contact_schema_v1,1.3025,521,contact.force_torque,rover_body,rigid_obstacle,moving_body,fixed_obstacle,ChBody,ChBody,body_a_body_b,body_a,0,0.36000,0.00000,0.30000,0.36000,0.00000,0.30000,0.36000,0.00000,0.30000,-1.00000,0.00000,0.00000,0.00000,1.00000,0.00000,0.00000,0.00000,1.00000,[-1 0 0; 0 1 0; 0 0 1],,,,,-0.00000,0.00000,0.00000,0.00000,0.00000,0.00000,0.00000,-0.00000,0.00000,0.00000,0.00000,0.00000,0.00000,0.00000,world,world,sum_over_filtered_pair,pair_contact_reporter_world,false,contact_material_nsc_demo,contact_material_nsc_demo,NSC,Bullet_or_fallback,body_pair:rover_body-rigid_obstacle,deterministic_contact_probe_pychrono_unavailable
collision_contact_component_demo,collision.contact_probe.v1,pair_contact_schema_v1,1.3050,522,contact.force_torque,rover_body,rigid_obstacle,moving_body,fixed_obstacle,ChBody,ChBody,body_a_body_b,body_a,0,0.36000,0.00000,0.30000,0.36000,0.00000,0.30000,0.36000,0.00000,0.30000,-1.00000,0.00000,0.00000,0.00000,1.00000,0.00000,0.00000,0.00000,1.00000,[-1 0 0; 0 1 0; 0 0 1],,,,,-0.00000,0.00000,0.00000,0.00000,0.00000,0.00000,0.00000,-0.00000,0.00000,0.00000,0.00000,0.00000,0.00000,0.00000,world,world,sum_over_filtered_pair,pair_contact_reporter_world,false,contact_material_nsc_demo,contact_material_nsc_demo,NSC,Bullet_or_fallback,body_pair:rover_body-rigid_obstacle,deterministic_contact_probe_pychrono_unavailable
collision_contact_component_demo,collision.contact_probe.v1,pair_contact_schema_v1,1.3075,523,contact.force_torque,rover_body,rigid_obstacle,moving_body,fixed_obstacle,ChBody,ChBody,body_a_body_b,body_a,0,0.36000,0.00000,0.30000,0.36000,0.00000,0.30000,0.36000,0.00000,0.30000,-1.00000,0.00000,0.00000,0.00000,1.00000,0.00000,0.00000,0.00000,1.00000,[-1 0 0; 0 1 0; 0 0 1],,,,,-0.00000,0.00000,0.00000,0.00000,0.00000,0.00000,0.00000,-0.00000,0.00000,0.00000,0.00000,0.00000,0.00000,0.00000,world,world,sum_over_filtered_pair,pair_contact_reporter_world,false,contact_material_nsc_demo,contact_material_nsc_demo,NSC,Bullet_or_fallback,body_pair:rover_body-rigid_obstacle,deterministic_contact_probe_pychrono_unavailable
collision_contact_component_demo,collision.contact_probe.v1,pair_contact_schema_v1,1.3100,524,contact.force_torque,rover_body,rigid_obstacle,moving_body,fixed_obstacle,ChBody,ChBody,body_a_body_b,body_a,0,0.36000,0.00000,0.30000,0.36000,0.00000,0.30000,0.36000,0.00000,0.30000,-1.00000,0.00000,0.00000,0.00000,1.00000,0.00000,0.00000,0.00000,1.00000,[-1 0 0; 0 1 0; 0 0 1],,,,,-0.00000,0.00000,0.00000,0.00000,0.00000,0.00000,0.00000,-0.00000,0.00000,0.00000,0.00000,0.00000,0.00000,0.00000,world,world,sum_over_filtered_pair,pair_contact_reporter_world,false,contact_material_nsc_demo,contact_material_nsc_demo,NSC,Bullet_or_fallback,body_pair:rover_body-rigid_obstacle,deterministic_contact_probe_pychrono_unavailable
collision_contact_component_demo,collision.contact_probe.v1,pair_contact_schema_v1,1.3125,525,contact.force_torque,rover_body,rigid_obstacle,moving_body,fixed_obstacle,ChBody,ChBody,body_a_body_b,body_a,0,0.36000,0.00000,0.30000,0.36000,0.00000,0.30000,0.36000,0.00000,0.30000,-1.00000,0.00000,0.00000,0.00000,1.00000,0.00000,0.00000,0.00000,1.00000,[-1 0 0; 0 1 0; 0 0 1],,,,,-0.00000,0.00000,0.00000,0.00000,0.00000,0.00000,0.00000,-0.00000,0.00000,0.00000,0.00000,0.00000,0.00000,0.00000,world,world,sum_over_filtered_pair,pair_contact_reporter_world,false,contact_material_nsc_demo,contact_material_nsc_demo,NSC,Bullet_or_fallback,body_pair:rover_body-rigid_obstacle,deterministic_contact_probe_pychrono_unavailable
collision_contact_component_demo,collision.contact_probe.v1,pair_contact_schema_v1,1.3150,526,contact.force_torque,rover_body,rigid_obstacle,moving_body,fixed_obstacle,ChBody,ChBody,body_a_body_b,body_a,0,0.36000,0.00000,0.30000,0.36000,0.00000,0.30000,0.36000,0.00000,0.30000,-1.00000,0.00000,0.00000,0.00000,1.00000,0.00000,0.00000,0.00000,1.00000,[-1 0 0; 0 1 0; 0 0 1],,,,,-0.00000,0.00000,0.00000,0.00000,0.00000,0.00000,0.00000,-0.00000,0.00000,0.00000,0.00000,0.00000,0.00000,0.00000,world,world,sum_over_filtered_pair,pair_contact_reporter_world,false,contact_material_nsc_demo,contact_material_nsc_demo,NSC,Bullet_or_fallback,body_pair:rover_body-rigid_obstacle,deterministic_contact_probe_pychrono_unavailable
collision_contact_component_demo,collision.contact_probe.v1,pair_contact_schema_v1,1.3175,527,contact.force_torque,rover_body,rigid_obstacle,moving_body,fixed_obstacle,ChBody,ChBody,body_a_body_b,body_a,0,0.36000,0.00000,0.30000,0.36000,0.00000,0.30000,0.36000,0.00000,0.30000,-1.00000,0.00000,0.00000,0.00000,1.00000,0.00000,0.00000,0.00000,1.00000,[-1 0 0; 0 1 0; 0 0 1],,,,,-0.00000,0.00000,0.00000,0.00000,0.00000,0.00000,0.00000,-0.00000,0.00000,0.00000,0.00000,0.00000,0.00000,0.00000,world,world,sum_over_filtered_pair,pair_contact_reporter_world,false,contact_material_nsc_demo,contact_material_nsc_demo,NSC,Bullet_or_fallback,body_pair:rover_body-rigid_obstacle,deterministic_contact_probe_pychrono_unavailable
collision_contact_component_demo,collision.contact_probe.v1,pair_contact_schema_v1,1.3200,528,contact.force_torque,rover_body,rigid_obstacle,moving_body,fixed_obstacle,ChBody,ChBody,body_a_body_b,body_a,0,0.36000,0.00000,0.30000,0.36000,0.00000,0.30000,0.36000,0.00000,0.30000,-1.00000,0.00000,0.00000,0.00000,1.00000,0.00000,0.00000,0.00000,1.00000,[-1 0 0; 0 1 0; 0 0 1],,,,,-0.00000,0.00000,0.00000,0.00000,0.00000,0.00000,0.00000,-0.00000,0.00000,0.00000,0.00000,0.00000,0.00000,0.00000,world,world,sum_over_filtered_pair,pair_contact_reporter_world,false,contact_material_nsc_demo,contact_material_nsc_demo,NSC,Bullet_or_fallback,body_pair:rover_body-rigid_obstacle,deterministic_contact_probe_pychrono_unavailable
collision_contact_component_demo,collision.contact_probe.v1,pair_contact_schema_v1,1.3225,529,contact.force_torque,rover_body,rigid_obstacle,moving_body,fixed_obstacle,ChBody,ChBody,body_a_body_b,body_a,0,0.36000,0.00000,0.30000,0.36000,0.00000,0.30000,0.36000,0.00000,0.30000,-1.00000,0.00000,0.00000,0.00000,1.00000,0.00000,0.00000,0.00000,1.00000,[-1 0 0; 0 1 0; 0 0 1],,,,,-0.00000,0.00000,0.00000,0.00000,0.00000,0.00000,0.00000,-0.00000,0.00000,0.00000,0.00000,0.00000,0.00000,0.00000,world,world,sum_over_filtered_pair,pair_contact_reporter_world,false,contact_material_nsc_demo,contact_material_nsc_demo,NSC,Bullet_or_fallback,body_pair:rover_body-rigid_obstacle,deterministic_contact_probe_pychrono_unavailable
collision_contact_component_demo,collision.contact_probe.v1,pair_contact_schema_v1,1.3250,530,contact.force_torque,rover_body,rigid_obstacle,moving_body,fixed_obstacle,ChBody,ChBody,body_a_body_b,body_a,0,0.36000,0.00000,0.30000,0.36000,0.00000,0.30000,0.36000,0.00000,0.30000,-1.00000,0.00000,0.00000,0.00000,1.00000,0.00000,0.00000,0.00000,1.00000,[-1 0 0; 0 1 0; 0 0 1],,,,,-0.00000,0.00000,0.00000,0.00000,0.00000,0.00000,0.00000,-0.00000,0.00000,0.00000,0.00000,0.00000,0.00000,0.00000,world,world,sum_over_filtered_pair,pair_contact_reporter_world,false,contact_material_nsc_demo,contact_material_nsc_demo,NSC,Bullet_or_fallback,body_pair:rover_body-rigid_obstacle,deterministic_contact_probe_pychrono_unavailable
collision_contact_component_demo,collision.contact_probe.v1,pair_contact_schema_v1,1.3275,531,contact.force_torque,rover_body,rigid_obstacle,moving_body,fixed_obstacle,ChBody,ChBody,body_a_body_b,body_a,0,0.36000,0.00000,0.30000,0.36000,0.00000,0.30000,0.36000,0.00000,0.30000,-1.00000,0.00000,0.00000,0.00000,1.00000,0.00000,0.00000,0.00000,1.00000,[-1 0 0; 0 1 0; 0 0 1],,,,,-0.00000,0.00000,0.00000,0.00000,0.00000,0.00000,0.00000,-0.00000,0.00000,0.00000,0.00000,0.00000,0.00000,0.00000,world,world,sum_over_filtered_pair,pair_contact_reporter_world,false,contact_material_nsc_demo,contact_material_nsc_demo,NSC,Bullet_or_fallback,body_pair:rover_body-rigid_obstacle,deterministic_contact_probe_pychrono_unavailable
collision_contact_component_demo,collision.contact_probe.v1,pair_contact_schema_v1,1.3300,532,contact.force_torque,rover_body,rigid_obstacle,moving_body,fixed_obstacle,ChBody,ChBody,body_a_body_b,body_a,0,0.36000,0.00000,0.30000,0.36000,0.00000,0.30000,0.36000,0.00000,0.30000,-1.00000,0.00000,0.00000,0.00000,1.00000,0.00000,0.00000,0.00000,1.00000,[-1 0 0; 0 1 0; 0 0 1],,,,,-0.00000,0.00000,0.00000,0.00000,0.00000,0.00000,0.00000,-0.00000,0.00000,0.00000,0.00000,0.00000,0.00000,0.00000,world,world,sum_over_filtered_pair,pair_contact_reporter_world,false,contact_material_nsc_demo,contact_material_nsc_demo,NSC,Bullet_or_fallback,body_pair:rover_body-rigid_obstacle,deterministic_contact_probe_pychrono_unavailable
collision_contact_component_demo,collision.contact_probe.v1,pair_contact_schema_v1,1.3325,533,contact.force_torque,rover_body,rigid_obstacle,moving_body,fixed_obstacle,ChBody,ChBody,body_a_body_b,body_a,0,0.36000,0.00000,0.30000,0.36000,0.00000,0.30000,0.36000,0.00000,0.30000,-1.00000,0.00000,0.00000,0.00000,1.00000,0.00000,0.00000,0.00000,1.00000,[-1 0 0; 0 1 0; 0 0 1],,,,,-0.00000,0.00000,0.00000,0.00000,0.00000,0.00000,0.00000,-0.00000,0.00000,0.00000,0.00000,0.00000,0.00000,0.00000,world,world,sum_over_filtered_pair,pair_contact_reporter_world,false,contact_material_nsc_demo,contact_material_nsc_demo,NSC,Bullet_or_fallback,body_pair:rover_body-rigid_obstacle,deterministic_contact_probe_pychrono_unavailable
collision_contact_component_demo,collision.contact_probe.v1,pair_contact_schema_v1,1.3350,534,contact.force_torque,rover_body,rigid_obstacle,moving_body,fixed_obstacle,ChBody,ChBody,body_a_body_b,body_a,0,0.36000,0.00000,0.30000,0.36000,0.00000,0.30000,0.36000,0.00000,0.30000,-1.00000,0.00000,0.00000,0.00000,1.00000,0.00000,0.00000,0.00000,1.00000,[-1 0 0; 0 1 0; 0 0 1],,,,,-0.00000,0.00000,0.00000,0.00000,0.00000,0.00000,0.00000,-0.00000,0.00000,0.00000,0.00000,0.00000,0.00000,0.00000,world,world,sum_over_filtered_pair,pair_contact_reporter_world,false,contact_material_nsc_demo,contact_material_nsc_demo,NSC,Bullet_or_fallback,body_pair:rover_body-rigid_obstacle,deterministic_contact_probe_pychrono_unavailable
collision_contact_component_demo,collision.contact_probe.v1,pair_contact_schema_v1,1.3375,535,contact.force_torque,rover_body,rigid_obstacle,moving_body,fixed_obstacle,ChBody,ChBody,body_a_body_b,body_a,0,0.36000,0.00000,0.30000,0.36000,0.00000,0.30000,0.36000,0.00000,0.30000,-1.00000,0.00000,0.00000,0.00000,1.00000,0.00000,0.00000,0.00000,1.00000,[-1 0 0; 0 1 0; 0 0 1],,,,,-0.00000,0.00000,0.00000,0.00000,0.00000,0.00000,0.00000,-0.00000,0.00000,0.00000,0.00000,0.00000,0.00000,0.00000,world,world,sum_over_filtered_pair,pair_contact_reporter_world,false,contact_material_nsc_demo,contact_material_nsc_demo,NSC,Bullet_or_fallback,body_pair:rover_body-rigid_obstacle,deterministic_contact_probe_pychrono_unavailable
collision_contact_component_demo,collision.contact_probe.v1,pair_contact_schema_v1,1.3400,536,contact.force_torque,rover_body,rigid_obstacle,moving_body,fixed_obstacle,ChBody,ChBody,body_a_body_b,body_a,0,0.36000,0.00000,0.30000,0.36000,0.00000,0.30000,0.36000,0.00000,0.30000,-1.00000,0.00000,0.00000,0.00000,1.00000,0.00000,0.00000,0.00000,1.00000,[-1 0 0; 0 1 0; 0 0 1],,,,,-0.00000,0.00000,0.00000,0.00000,0.00000,0.00000,0.00000,-0.00000,0.00000,0.00000,0.00000,0.00000,0.00000,0.00000,world,world,sum_over_filtered_pair,pair_contact_reporter_world,false,contact_material_nsc_demo,contact_material_nsc_demo,NSC,Bullet_or_fallback,body_pair:rover_body-rigid_obstacle,deterministic_contact_probe_pychrono_unavailable
collision_contact_component_demo,collision.contact_probe.v1,pair_contact_schema_v1,1.3425,537,contact.force_torque,rover_body,rigid_obstacle,moving_body,fixed_obstacle,ChBody,ChBody,body_a_body_b,body_a,0,0.36000,0.00000,0.30000,0.36000,0.00000,0.30000,0.36000,0.00000,0.30000,-1.00000,0.00000,0.00000,0.00000,1.00000,0.00000,0.00000,0.00000,1.00000,[-1 0 0; 0 1 0; 0 0 1],,,,,-0.00000,0.00000,0.00000,0.00000,0.00000,0.00000,0.00000,-0.00000,0.00000,0.00000,0.00000,0.00000,0.00000,0.00000,world,world,sum_over_filtered_pair,pair_contact_reporter_world,false,contact_material_nsc_demo,contact_material_nsc_demo,NSC,Bullet_or_fallback,body_pair:rover_body-rigid_obstacle,deterministic_contact_probe_pychrono_unavailable
collision_contact_component_demo,collision.contact_probe.v1,pair_contact_schema_v1,1.3450,538,contact.force_torque,rover_body,rigid_obstacle,moving_body,fixed_obstacle,ChBody,ChBody,body_a_body_b,body_a,0,0.36000,0.00000,0.30000,0.36000,0.00000,0.30000,0.36000,0.00000,0.30000,-1.00000,0.00000,0.00000,0.00000,1.00000,0.00000,0.00000,0.00000,1.00000,[-1 0 0; 0 1 0; 0 0 1],,,,,-0.00000,0.00000,0.00000,0.00000,0.00000,0.00000,0.00000,-0.00000,0.00000,0.00000,0.00000,0.00000,0.00000,0.00000,world,world,sum_over_filtered_pair,pair_contact_reporter_world,false,contact_material_nsc_demo,contact_material_nsc_demo,NSC,Bullet_or_fallback,body_pair:rover_body-rigid_obstacle,deterministic_contact_probe_pychrono_unavailable
collision_contact_component_demo,collision.contact_probe.v1,pair_contact_schema_v1,1.3475,539,contact.force_torque,rover_body,rigid_obstacle,moving_body,fixed_obstacle,ChBody,ChBody,body_a_body_b,body_a,0,0.36000,0.00000,0.30000,0.36000,0.00000,0.30000,0.36000,0.00000,0.30000,-1.00000,0.00000,0.00000,0.00000,1.00000,0.00000,0.00000,0.00000,1.00000,[-1 0 0; 0 1 0; 0 0 1],,,,,-0.00000,0.00000,0.00000,0.00000,0.00000,0.00000,0.00000,-0.00000,0.00000,0.00000,0.00000,0.00000,0.00000,0.00000,world,world,sum_over_filtered_pair,pair_contact_reporter_world,false,contact_material_nsc_demo,contact_material_nsc_demo,NSC,Bullet_or_fallback,body_pair:rover_body-rigid_obstacle,deterministic_contact_probe_pychrono_unavailable
collision_contact_component_demo,collision.contact_probe.v1,pair_contact_schema_v1,1.3500,540,contact.force_torque,rover_body,rigid_obstacle,moving_body,fixed_obstacle,ChBody,ChBody,body_a_body_b,body_a,0,0.36000,0.00000,0.30000,0.36000,0.00000,0.30000,0.36000,0.00000,0.30000,-1.00000,0.00000,0.00000,0.00000,1.00000,0.00000,0.00000,0.00000,1.00000,[-1 0 0; 0 1 0; 0 0 1],,,,,-0.00000,0.00000,0.00000,0.00000,0.00000,0.00000,0.00000,-0.00000,0.00000,0.00000,0.00000,0.00000,0.00000,0.00000,world,world,sum_over_filtered_pair,pair_contact_reporter_world,false,contact_material_nsc_demo,contact_material_nsc_demo,NSC,Bullet_or_fallback,body_pair:rover_body-rigid_obstacle,deterministic_contact_probe_pychrono_unavailable
collision_contact_component_demo,collision.contact_probe.v1,pair_contact_schema_v1,1.3525,541,contact.force_torque,rover_body,rigid_obstacle,moving_body,fixed_obstacle,ChBody,ChBody,body_a_body_b,body_a,0,0.36000,0.00000,0.30000,0.36000,0.00000,0.30000,0.36000,0.00000,0.30000,-1.00000,0.00000,0.00000,0.00000,1.00000,0.00000,0.00000,0.00000,1.00000,[-1 0 0; 0 1 0; 0 0 1],,,,,-0.00000,0.00000,0.00000,0.00000,0.00000,0.00000,0.00000,-0.00000,0.00000,0.00000,0.00000,0.00000,0.00000,0.00000,world,world,sum_over_filtered_pair,pair_contact_reporter_world,false,contact_material_nsc_demo,contact_material_nsc_demo,NSC,Bullet_or_fallback,body_pair:rover_body-rigid_obstacle,deterministic_contact_probe_pychrono_unavailable
collision_contact_component_demo,collision.contact_probe.v1,pair_contact_schema_v1,1.3550,542,contact.force_torque,rover_body,rigid_obstacle,moving_body,fixed_obstacle,ChBody,ChBody,body_a_body_b,body_a,0,0.36000,0.00000,0.30000,0.36000,0.00000,0.30000,0.36000,0.00000,0.30000,-1.00000,0.00000,0.00000,0.00000,1.00000,0.00000,0.00000,0.00000,1.00000,[-1 0 0; 0 1 0; 0 0 1],,,,,-0.00000,0.00000,0.00000,0.00000,0.00000,0.00000,0.00000,-0.00000,0.00000,0.00000,0.00000,0.00000,0.00000,0.00000,world,world,sum_over_filtered_pair,pair_contact_reporter_world,false,contact_material_nsc_demo,contact_material_nsc_demo,NSC,Bullet_or_fallback,body_pair:rover_body-rigid_obstacle,deterministic_contact_probe_pychrono_unavailable
collision_contact_component_demo,collision.contact_probe.v1,pair_contact_schema_v1,1.3575,543,contact.force_torque,rover_body,rigid_obstacle,moving_body,fixed_obstacle,ChBody,ChBody,body_a_body_b,body_a,0,0.36000,0.00000,0.30000,0.36000,0.00000,0.30000,0.36000,0.00000,0.30000,-1.00000,0.00000,0.00000,0.00000,1.00000,0.00000,0.00000,0.00000,1.00000,[-1 0 0; 0 1 0; 0 0 1],,,,,-0.00000,0.00000,0.00000,0.00000,0.00000,0.00000,0.00000,-0.00000,0.00000,0.00000,0.00000,0.00000,0.00000,0.00000,world,world,sum_over_filtered_pair,pair_contact_reporter_world,false,contact_material_nsc_demo,contact_material_nsc_demo,NSC,Bullet_or_fallback,body_pair:rover_body-rigid_obstacle,deterministic_contact_probe_pychrono_unavailable
collision_contact_component_demo,collision.contact_probe.v1,pair_contact_schema_v1,1.3600,544,contact.force_torque,rover_body,rigid_obstacle,moving_body,fixed_obstacle,ChBody,ChBody,body_a_body_b,body_a,0,0.36000,0.00000,0.30000,0.36000,0.00000,0.30000,0.36000,0.00000,0.30000,-1.00000,0.00000,0.00000,0.00000,1.00000,0.00000,0.00000,0.00000,1.00000,[-1 0 0; 0 1 0; 0 0 1],,,,,-0.00000,0.00000,0.00000,0.00000,0.00000,0.00000,0.00000,-0.00000,0.00000,0.00000,0.00000,0.00000,0.00000,0.00000,world,world,sum_over_filtered_pair,pair_contact_reporter_world,false,contact_material_nsc_demo,contact_material_nsc_demo,NSC,Bullet_or_fallback,body_pair:rover_body-rigid_obstacle,deterministic_contact_probe_pychrono_unavailable
collision_contact_component_demo,collision.contact_probe.v1,pair_contact_schema_v1,1.3625,545,contact.force_torque,rover_body,rigid_obstacle,moving_body,fixed_obstacle,ChBody,ChBody,body_a_body_b,body_a,0,0.36000,0.00000,0.30000,0.36000,0.00000,0.30000,0.36000,0.00000,0.30000,-1.00000,0.00000,0.00000,0.00000,1.00000,0.00000,0.00000,0.00000,1.00000,[-1 0 0; 0 1 0; 0 0 1],,,,,-0.00000,0.00000,0.00000,0.00000,0.00000,0.00000,0.00000,-0.00000,0.00000,0.00000,0.00000,0.00000,0.00000,0.00000,world,world,sum_over_filtered_pair,pair_contact_reporter_world,false,contact_material_nsc_demo,contact_material_nsc_demo,NSC,Bullet_or_fallback,body_pair:rover_body-rigid_obstacle,deterministic_contact_probe_pychrono_unavailable
collision_contact_component_demo,collision.contact_probe.v1,pair_contact_schema_v1,1.3650,546,contact.force_torque,rover_body,rigid_obstacle,moving_body,fixed_obstacle,ChBody,ChBody,body_a_body_b,body_a,0,0.36000,0.00000,0.30000,0.36000,0.00000,0.30000,0.36000,0.00000,0.30000,-1.00000,0.00000,0.00000,0.00000,1.00000,0.00000,0.00000,0.00000,1.00000,[-1 0 0; 0 1 0; 0 0 1],,,,,-0.00000,0.00000,0.00000,0.00000,0.00000,0.00000,0.00000,-0.00000,0.00000,0.00000,0.00000,0.00000,0.00000,0.00000,world,world,sum_over_filtered_pair,pair_contact_reporter_world,false,contact_material_nsc_demo,contact_material_nsc_demo,NSC,Bullet_or_fallback,body_pair:rover_body-rigid_obstacle,deterministic_contact_probe_pychrono_unavailable
collision_contact_component_demo,collision.contact_probe.v1,pair_contact_schema_v1,1.3675,547,contact.force_torque,rover_body,rigid_obstacle,moving_body,fixed_obstacle,ChBody,ChBody,body_a_body_b,body_a,0,0.36000,0.00000,0.30000,0.36000,0.00000,0.30000,0.36000,0.00000,0.30000,-1.00000,0.00000,0.00000,0.00000,1.00000,0.00000,0.00000,0.00000,1.00000,[-1 0 0; 0 1 0; 0 0 1],,,,,-0.00000,0.00000,0.00000,0.00000,0.00000,0.00000,0.00000,-0.00000,0.00000,0.00000,0.00000,0.00000,0.00000,0.00000,world,world,sum_over_filtered_pair,pair_contact_reporter_world,false,contact_material_nsc_demo,contact_material_nsc_demo,NSC,Bullet_or_fallback,body_pair:rover_body-rigid_obstacle,deterministic_contact_probe_pychrono_unavailable
collision_contact_component_demo,collision.contact_probe.v1,pair_contact_schema_v1,1.3700,548,contact.force_torque,rover_body,rigid_obstacle,moving_body,fixed_obstacle,ChBody,ChBody,body_a_body_b,body_a,0,0.36000,0.00000,0.30000,0.36000,0.00000,0.30000,0.36000,0.00000,0.30000,-1.00000,0.00000,0.00000,0.00000,1.00000,0.00000,0.00000,0.00000,1.00000,[-1 0 0; 0 1 0; 0 0 1],,,,,-0.00000,0.00000,0.00000,0.00000,0.00000,0.00000,0.00000,-0.00000,0.00000,0.00000,0.00000,0.00000,0.00000,0.00000,world,world,sum_over_filtered_pair,pair_contact_reporter_world,false,contact_material_nsc_demo,contact_material_nsc_demo,NSC,Bullet_or_fallback,body_pair:rover_body-rigid_obstacle,deterministic_contact_probe_pychrono_unavailable
collision_contact_component_demo,collision.contact_probe.v1,pair_contact_schema_v1,1.3725,549,contact.force_torque,rover_body,rigid_obstacle,moving_body,fixed_obstacle,ChBody,ChBody,body_a_body_b,body_a,0,0.36000,0.00000,0.30000,0.36000,0.00000,0.30000,0.36000,0.00000,0.30000,-1.00000,0.00000,0.00000,0.00000,1.00000,0.00000,0.00000,0.00000,1.00000,[-1 0 0; 0 1 0; 0 0 1],,,,,-0.00000,0.00000,0.00000,0.00000,0.00000,0.00000,0.00000,-0.00000,0.00000,0.00000,0.00000,0.00000,0.00000,0.00000,world,world,sum_over_filtered_pair,pair_contact_reporter_world,false,contact_material_nsc_demo,contact_material_nsc_demo,NSC,Bullet_or_fallback,body_pair:rover_body-rigid_obstacle,deterministic_contact_probe_pychrono_unavailable
collision_contact_component_demo,collision.contact_probe.v1,pair_contact_schema_v1,1.3750,550,contact.force_torque,rover_body,rigid_obstacle,moving_body,fixed_obstacle,ChBody,ChBody,body_a_body_b,body_a,0,0.36000,0.00000,0.30000,0.36000,0.00000,0.30000,0.36000,0.00000,0.30000,-1.00000,0.00000,0.00000,0.00000,1.00000,0.00000,0.00000,0.00000,1.00000,[-1 0 0; 0 1 0; 0 0 1],,,,,-0.00000,0.00000,0.00000,0.00000,0.00000,0.00000,0.00000,-0.00000,0.00000,0.00000,0.00000,0.00000,0.00000,0.00000,world,world,sum_over_filtered_pair,pair_contact_reporter_world,false,contact_material_nsc_demo,contact_material_nsc_demo,NSC,Bullet_or_fallback,body_pair:rover_body-rigid_obstacle,deterministic_contact_probe_pychrono_unavailable
collision_contact_component_demo,collision.contact_probe.v1,pair_contact_schema_v1,1.3775,551,contact.force_torque,rover_body,rigid_obstacle,moving_body,fixed_obstacle,ChBody,ChBody,body_a_body_b,body_a,0,0.36000,0.00000,0.30000,0.36000,0.00000,0.30000,0.36000,0.00000,0.30000,-1.00000,0.00000,0.00000,0.00000,1.00000,0.00000,0.00000,0.00000,1.00000,[-1 0 0; 0 1 0; 0 0 1],,,,,-0.00000,0.00000,0.00000,0.00000,0.00000,0.00000,0.00000,-0.00000,0.00000,0.00000,0.00000,0.00000,0.00000,0.00000,world,world,sum_over_filtered_pair,pair_contact_reporter_world,false,contact_material_nsc_demo,contact_material_nsc_demo,NSC,Bullet_or_fallback,body_pair:rover_body-rigid_obstacle,deterministic_contact_probe_pychrono_unavailable
collision_contact_component_demo,collision.contact_probe.v1,pair_contact_schema_v1,1.3800,552,contact.force_torque,rover_body,rigid_obstacle,moving_body,fixed_obstacle,ChBody,ChBody,body_a_body_b,body_a,0,0.36000,0.00000,0.30000,0.36000,0.00000,0.30000,0.36000,0.00000,0.30000,-1.00000,0.00000,0.00000,0.00000,1.00000,0.00000,0.00000,0.00000,1.00000,[-1 0 0; 0 1 0; 0 0 1],,,,,-0.00000,0.00000,0.00000,0.00000,0.00000,0.00000,0.00000,-0.00000,0.00000,0.00000,0.00000,0.00000,0.00000,0.00000,world,world,sum_over_filtered_pair,pair_contact_reporter_world,false,contact_material_nsc_demo,contact_material_nsc_demo,NSC,Bullet_or_fallback,body_pair:rover_body-rigid_obstacle,deterministic_contact_probe_pychrono_unavailable
collision_contact_component_demo,collision.contact_probe.v1,pair_contact_schema_v1,1.3825,553,contact.force_torque,rover_body,rigid_obstacle,moving_body,fixed_obstacle,ChBody,ChBody,body_a_body_b,body_a,0,0.36000,0.00000,0.30000,0.36000,0.00000,0.30000,0.36000,0.00000,0.30000,-1.00000,0.00000,0.00000,0.00000,1.00000,0.00000,0.00000,0.00000,1.00000,[-1 0 0; 0 1 0; 0 0 1],,,,,-0.00000,0.00000,0.00000,0.00000,0.00000,0.00000,0.00000,-0.00000,0.00000,0.00000,0.00000,0.00000,0.00000,0.00000,world,world,sum_over_filtered_pair,pair_contact_reporter_world,false,contact_material_nsc_demo,contact_material_nsc_demo,NSC,Bullet_or_fallback,body_pair:rover_body-rigid_obstacle,deterministic_contact_probe_pychrono_unavailable
collision_contact_component_demo,collision.contact_probe.v1,pair_contact_schema_v1,1.3850,554,contact.force_torque,rover_body,rigid_obstacle,moving_body,fixed_obstacle,ChBody,ChBody,body_a_body_b,body_a,0,0.36000,0.00000,0.30000,0.36000,0.00000,0.30000,0.36000,0.00000,0.30000,-1.00000,0.00000,0.00000,0.00000,1.00000,0.00000,0.00000,0.00000,1.00000,[-1 0 0; 0 1 0; 0 0 1],,,,,-0.00000,0.00000,0.00000,0.00000,0.00000,0.00000,0.00000,-0.00000,0.00000,0.00000,0.00000,0.00000,0.00000,0.00000,world,world,sum_over_filtered_pair,pair_contact_reporter_world,false,contact_material_nsc_demo,contact_material_nsc_demo,NSC,Bullet_or_fallback,body_pair:rover_body-rigid_obstacle,deterministic_contact_probe_pychrono_unavailable
collision_contact_component_demo,collision.contact_probe.v1,pair_contact_schema_v1,1.3875,555,contact.force_torque,rover_body,rigid_obstacle,moving_body,fixed_obstacle,ChBody,ChBody,body_a_body_b,body_a,0,0.36000,0.00000,0.30000,0.36000,0.00000,0.30000,0.36000,0.00000,0.30000,-1.00000,0.00000,0.00000,0.00000,1.00000,0.00000,0.00000,0.00000,1.00000,[-1 0 0; 0 1 0; 0 0 1],,,,,-0.00000,0.00000,0.00000,0.00000,0.00000,0.00000,0.00000,-0.00000,0.00000,0.00000,0.00000,0.00000,0.00000,0.00000,world,world,sum_over_filtered_pair,pair_contact_reporter_world,false,contact_material_nsc_demo,contact_material_nsc_demo,NSC,Bullet_or_fallback,body_pair:rover_body-rigid_obstacle,deterministic_contact_probe_pychrono_unavailable
collision_contact_component_demo,collision.contact_probe.v1,pair_contact_schema_v1,1.3900,556,contact.force_torque,rover_body,rigid_obstacle,moving_body,fixed_obstacle,ChBody,ChBody,body_a_body_b,body_a,0,0.36000,0.00000,0.30000,0.36000,0.00000,0.30000,0.36000,0.00000,0.30000,-1.00000,0.00000,0.00000,0.00000,1.00000,0.00000,0.00000,0.00000,1.00000,[-1 0 0; 0 1 0; 0 0 1],,,,,-0.00000,0.00000,0.00000,0.00000,0.00000,0.00000,0.00000,-0.00000,0.00000,0.00000,0.00000,0.00000,0.00000,0.00000,world,world,sum_over_filtered_pair,pair_contact_reporter_world,false,contact_material_nsc_demo,contact_material_nsc_demo,NSC,Bullet_or_fallback,body_pair:rover_body-rigid_obstacle,deterministic_contact_probe_pychrono_unavailable
collision_contact_component_demo,collision.contact_probe.v1,pair_contact_schema_v1,1.3925,557,contact.force_torque,rover_body,rigid_obstacle,moving_body,fixed_obstacle,ChBody,ChBody,body_a_body_b,body_a,0,0.36000,0.00000,0.30000,0.36000,0.00000,0.30000,0.36000,0.00000,0.30000,-1.00000,0.00000,0.00000,0.00000,1.00000,0.00000,0.00000,0.00000,1.00000,[-1 0 0; 0 1 0; 0 0 1],,,,,-0.00000,0.00000,0.00000,0.00000,0.00000,0.00000,0.00000,-0.00000,0.00000,0.00000,0.00000,0.00000,0.00000,0.00000,world,world,sum_over_filtered_pair,pair_contact_reporter_world,false,contact_material_nsc_demo,contact_material_nsc_demo,NSC,Bullet_or_fallback,body_pair:rover_body-rigid_obstacle,deterministic_contact_probe_pychrono_unavailable
collision_contact_component_demo,collision.contact_probe.v1,pair_contact_schema_v1,1.3950,558,contact.force_torque,rover_body,rigid_obstacle,moving_body,fixed_obstacle,ChBody,ChBody,body_a_body_b,body_a,0,0.36000,0.00000,0.30000,0.36000,0.00000,0.30000,0.36000,0.00000,0.30000,-1.00000,0.00000,0.00000,0.00000,1.00000,0.00000,0.00000,0.00000,1.00000,[-1 0 0; 0 1 0; 0 0 1],,,,,-0.00000,0.00000,0.00000,0.00000,0.00000,0.00000,0.00000,-0.00000,0.00000,0.00000,0.00000,0.00000,0.00000,0.00000,world,world,sum_over_filtered_pair,pair_contact_reporter_world,false,contact_material_nsc_demo,contact_material_nsc_demo,NSC,Bullet_or_fallback,body_pair:rover_body-rigid_obstacle,deterministic_contact_probe_pychrono_unavailable
collision_contact_component_demo,collision.contact_probe.v1,pair_contact_schema_v1,1.3975,559,contact.force_torque,rover_body,rigid_obstacle,moving_body,fixed_obstacle,ChBody,ChBody,body_a_body_b,body_a,0,0.36000,0.00000,0.30000,0.36000,0.00000,0.30000,0.36000,0.00000,0.30000,-1.00000,0.00000,0.00000,0.00000,1.00000,0.00000,0.00000,0.00000,1.00000,[-1 0 0; 0 1 0; 0 0 1],,,,,-0.00000,0.00000,0.00000,0.00000,0.00000,0.00000,0.00000,-0.00000,0.00000,0.00000,0.00000,0.00000,0.00000,0.00000,world,world,sum_over_filtered_pair,pair_contact_reporter_world,false,contact_material_nsc_demo,contact_material_nsc_demo,NSC,Bullet_or_fallback,body_pair:rover_body-rigid_obstacle,deterministic_contact_probe_pychrono_unavailable
collision_contact_component_demo,collision.contact_probe.v1,pair_contact_schema_v1,1.4000,560,contact.force_torque,rover_body,rigid_obstacle,moving_body,fixed_obstacle,ChBody,ChBody,body_a_body_b,body_a,0,0.36000,0.00000,0.30000,0.36000,0.00000,0.30000,0.36000,0.00000,0.30000,-1.00000,0.00000,0.00000,0.00000,1.00000,0.00000,0.00000,0.00000,1.00000,[-1 0 0; 0 1 0; 0 0 1],,,,,-0.00000,0.00000,0.00000,0.00000,0.00000,0.00000,0.00000,-0.00000,0.00000,0.00000,0.00000,0.00000,0.00000,0.00000,world,world,sum_over_filtered_pair,pair_contact_reporter_world,false,contact_material_nsc_demo,contact_material_nsc_demo,NSC,Bullet_or_fallback,body_pair:rover_body-rigid_obstacle,deterministic_contact_probe_pychrono_unavailable
collision_contact_component_demo,collision.contact_probe.v1,pair_contact_schema_v1,1.4025,561,contact.force_torque,rover_body,rigid_obstacle,moving_body,fixed_obstacle,ChBody,ChBody,body_a_body_b,body_a,0,0.36000,0.00000,0.30000,0.36000,0.00000,0.30000,0.36000,0.00000,0.30000,-1.00000,0.00000,0.00000,0.00000,1.00000,0.00000,0.00000,0.00000,1.00000,[-1 0 0; 0 1 0; 0 0 1],,,,,-0.00000,0.00000,0.00000,0.00000,0.00000,0.00000,0.00000,-0.00000,0.00000,0.00000,0.00000,0.00000,0.00000,0.00000,world,world,sum_over_filtered_pair,pair_contact_reporter_world,false,contact_material_nsc_demo,contact_material_nsc_demo,NSC,Bullet_or_fallback,body_pair:rover_body-rigid_obstacle,deterministic_contact_probe_pychrono_unavailable
collision_contact_component_demo,collision.contact_probe.v1,pair_contact_schema_v1,1.4050,562,contact.force_torque,rover_body,rigid_obstacle,moving_body,fixed_obstacle,ChBody,ChBody,body_a_body_b,body_a,0,0.36000,0.00000,0.30000,0.36000,0.00000,0.30000,0.36000,0.00000,0.30000,-1.00000,0.00000,0.00000,0.00000,1.00000,0.00000,0.00000,0.00000,1.00000,[-1 0 0; 0 1 0; 0 0 1],,,,,-0.00000,0.00000,0.00000,0.00000,0.00000,0.00000,0.00000,-0.00000,0.00000,0.00000,0.00000,0.00000,0.00000,0.00000,world,world,sum_over_filtered_pair,pair_contact_reporter_world,false,contact_material_nsc_demo,contact_material_nsc_demo,NSC,Bullet_or_fallback,body_pair:rover_body-rigid_obstacle,deterministic_contact_probe_pychrono_unavailable
collision_contact_component_demo,collision.contact_probe.v1,pair_contact_schema_v1,1.4075,563,contact.force_torque,rover_body,rigid_obstacle,moving_body,fixed_obstacle,ChBody,ChBody,body_a_body_b,body_a,0,0.36000,0.00000,0.30000,0.36000,0.00000,0.30000,0.36000,0.00000,0.30000,-1.00000,0.00000,0.00000,0.00000,1.00000,0.00000,0.00000,0.00000,1.00000,[-1 0 0; 0 1 0; 0 0 1],,,,,-0.00000,0.00000,0.00000,0.00000,0.00000,0.00000,0.00000,-0.00000,0.00000,0.00000,0.00000,0.00000,0.00000,0.00000,world,world,sum_over_filtered_pair,pair_contact_reporter_world,false,contact_material_nsc_demo,contact_material_nsc_demo,NSC,Bullet_or_fallback,body_pair:rover_body-rigid_obstacle,deterministic_contact_probe_pychrono_unavailable
collision_contact_component_demo,collision.contact_probe.v1,pair_contact_schema_v1,1.4100,564,contact.force_torque,rover_body,rigid_obstacle,moving_body,fixed_obstacle,ChBody,ChBody,body_a_body_b,body_a,0,0.36000,0.00000,0.30000,0.36000,0.00000,0.30000,0.36000,0.00000,0.30000,-1.00000,0.00000,0.00000,0.00000,1.00000,0.00000,0.00000,0.00000,1.00000,[-1 0 0; 0 1 0; 0 0 1],,,,,-0.00000,0.00000,0.00000,0.00000,0.00000,0.00000,0.00000,-0.00000,0.00000,0.00000,0.00000,0.00000,0.00000,0.00000,world,world,sum_over_filtered_pair,pair_contact_reporter_world,false,contact_material_nsc_demo,contact_material_nsc_demo,NSC,Bullet_or_fallback,body_pair:rover_body-rigid_obstacle,deterministic_contact_probe_pychrono_unavailable
collision_contact_component_demo,collision.contact_probe.v1,pair_contact_schema_v1,1.4125,565,contact.force_torque,rover_body,rigid_obstacle,moving_body,fixed_obstacle,ChBody,ChBody,body_a_body_b,body_a,0,0.36000,0.00000,0.30000,0.36000,0.00000,0.30000,0.36000,0.00000,0.30000,-1.00000,0.00000,0.00000,0.00000,1.00000,0.00000,0.00000,0.00000,1.00000,[-1 0 0; 0 1 0; 0 0 1],,,,,-0.00000,0.00000,0.00000,0.00000,0.00000,0.00000,0.00000,-0.00000,0.00000,0.00000,0.00000,0.00000,0.00000,0.00000,world,world,sum_over_filtered_pair,pair_contact_reporter_world,false,contact_material_nsc_demo,contact_material_nsc_demo,NSC,Bullet_or_fallback,body_pair:rover_body-rigid_obstacle,deterministic_contact_probe_pychrono_unavailable
collision_contact_component_demo,collision.contact_probe.v1,pair_contact_schema_v1,1.4150,566,contact.force_torque,rover_body,rigid_obstacle,moving_body,fixed_obstacle,ChBody,ChBody,body_a_body_b,body_a,0,0.36000,0.00000,0.30000,0.36000,0.00000,0.30000,0.36000,0.00000,0.30000,-1.00000,0.00000,0.00000,0.00000,1.00000,0.00000,0.00000,0.00000,1.00000,[-1 0 0; 0 1 0; 0 0 1],,,,,-0.00000,0.00000,0.00000,0.00000,0.00000,0.00000,0.00000,-0.00000,0.00000,0.00000,0.00000,0.00000,0.00000,0.00000,world,world,sum_over_filtered_pair,pair_contact_reporter_world,false,contact_material_nsc_demo,contact_material_nsc_demo,NSC,Bullet_or_fallback,body_pair:rover_body-rigid_obstacle,deterministic_contact_probe_pychrono_unavailable
collision_contact_component_demo,collision.contact_probe.v1,pair_contact_schema_v1,1.4175,567,contact.force_torque,rover_body,rigid_obstacle,moving_body,fixed_obstacle,ChBody,ChBody,body_a_body_b,body_a,0,0.36000,0.00000,0.30000,0.36000,0.00000,0.30000,0.36000,0.00000,0.30000,-1.00000,0.00000,0.00000,0.00000,1.00000,0.00000,0.00000,0.00000,1.00000,[-1 0 0; 0 1 0; 0 0 1],,,,,-0.00000,0.00000,0.00000,0.00000,0.00000,0.00000,0.00000,-0.00000,0.00000,0.00000,0.00000,0.00000,0.00000,0.00000,world,world,sum_over_filtered_pair,pair_contact_reporter_world,false,contact_material_nsc_demo,contact_material_nsc_demo,NSC,Bullet_or_fallback,body_pair:rover_body-rigid_obstacle,deterministic_contact_probe_pychrono_unavailable
collision_contact_component_demo,collision.contact_probe.v1,pair_contact_schema_v1,1.4200,568,contact.force_torque,rover_body,rigid_obstacle,moving_body,fixed_obstacle,ChBody,ChBody,body_a_body_b,body_a,0,0.36000,0.00000,0.30000,0.36000,0.00000,0.30000,0.36000,0.00000,0.30000,-1.00000,0.00000,0.00000,0.00000,1.00000,0.00000,0.00000,0.00000,1.00000,[-1 0 0; 0 1 0; 0 0 1],,,,,-0.00000,0.00000,0.00000,0.00000,0.00000,0.00000,0.00000,-0.00000,0.00000,0.00000,0.00000,0.00000,0.00000,0.00000,world,world,sum_over_filtered_pair,pair_contact_reporter_world,false,contact_material_nsc_demo,contact_material_nsc_demo,NSC,Bullet_or_fallback,body_pair:rover_body-rigid_obstacle,deterministic_contact_probe_pychrono_unavailable
collision_contact_component_demo,collision.contact_probe.v1,pair_contact_schema_v1,1.4225,569,contact.force_torque,rover_body,rigid_obstacle,moving_body,fixed_obstacle,ChBody,ChBody,body_a_body_b,body_a,0,0.36000,0.00000,0.30000,0.36000,0.00000,0.30000,0.36000,0.00000,0.30000,-1.00000,0.00000,0.00000,0.00000,1.00000,0.00000,0.00000,0.00000,1.00000,[-1 0 0; 0 1 0; 0 0 1],,,,,-0.00000,0.00000,0.00000,0.00000,0.00000,0.00000,0.00000,-0.00000,0.00000,0.00000,0.00000,0.00000,0.00000,0.00000,world,world,sum_over_filtered_pair,pair_contact_reporter_world,false,contact_material_nsc_demo,contact_material_nsc_demo,NSC,Bullet_or_fallback,body_pair:rover_body-rigid_obstacle,deterministic_contact_probe_pychrono_unavailable
collision_contact_component_demo,collision.contact_probe.v1,pair_contact_schema_v1,1.4250,570,contact.force_torque,rover_body,rigid_obstacle,moving_body,fixed_obstacle,ChBody,ChBody,body_a_body_b,body_a,0,0.36000,0.00000,0.30000,0.36000,0.00000,0.30000,0.36000,0.00000,0.30000,-1.00000,0.00000,0.00000,0.00000,1.00000,0.00000,0.00000,0.00000,1.00000,[-1 0 0; 0 1 0; 0 0 1],,,,,-0.00000,0.00000,0.00000,0.00000,0.00000,0.00000,0.00000,-0.00000,0.00000,0.00000,0.00000,0.00000,0.00000,0.00000,world,world,sum_over_filtered_pair,pair_contact_reporter_world,false,contact_material_nsc_demo,contact_material_nsc_demo,NSC,Bullet_or_fallback,body_pair:rover_body-rigid_obstacle,deterministic_contact_probe_pychrono_unavailable
collision_contact_component_demo,collision.contact_probe.v1,pair_contact_schema_v1,1.4275,571,contact.force_torque,rover_body,rigid_obstacle,moving_body,fixed_obstacle,ChBody,ChBody,body_a_body_b,body_a,0,0.36000,0.00000,0.30000,0.36000,0.00000,0.30000,0.36000,0.00000,0.30000,-1.00000,0.00000,0.00000,0.00000,1.00000,0.00000,0.00000,0.00000,1.00000,[-1 0 0; 0 1 0; 0 0 1],,,,,-0.00000,0.00000,0.00000,0.00000,0.00000,0.00000,0.00000,-0.00000,0.00000,0.00000,0.00000,0.00000,0.00000,0.00000,world,world,sum_over_filtered_pair,pair_contact_reporter_world,false,contact_material_nsc_demo,contact_material_nsc_demo,NSC,Bullet_or_fallback,body_pair:rover_body-rigid_obstacle,deterministic_contact_probe_pychrono_unavailable
collision_contact_component_demo,collision.contact_probe.v1,pair_contact_schema_v1,1.4300,572,contact.force_torque,rover_body,rigid_obstacle,moving_body,fixed_obstacle,ChBody,ChBody,body_a_body_b,body_a,0,0.36000,0.00000,0.30000,0.36000,0.00000,0.30000,0.36000,0.00000,0.30000,-1.00000,0.00000,0.00000,0.00000,1.00000,0.00000,0.00000,0.00000,1.00000,[-1 0 0; 0 1 0; 0 0 1],,,,,-0.00000,0.00000,0.00000,0.00000,0.00000,0.00000,0.00000,-0.00000,0.00000,0.00000,0.00000,0.00000,0.00000,0.00000,world,world,sum_over_filtered_pair,pair_contact_reporter_world,false,contact_material_nsc_demo,contact_material_nsc_demo,NSC,Bullet_or_fallback,body_pair:rover_body-rigid_obstacle,deterministic_contact_probe_pychrono_unavailable
collision_contact_component_demo,collision.contact_probe.v1,pair_contact_schema_v1,1.4325,573,contact.force_torque,rover_body,rigid_obstacle,moving_body,fixed_obstacle,ChBody,ChBody,body_a_body_b,body_a,0,0.36000,0.00000,0.30000,0.36000,0.00000,0.30000,0.36000,0.00000,0.30000,-1.00000,0.00000,0.00000,0.00000,1.00000,0.00000,0.00000,0.00000,1.00000,[-1 0 0; 0 1 0; 0 0 1],,,,,-0.00000,0.00000,0.00000,0.00000,0.00000,0.00000,0.00000,-0.00000,0.00000,0.00000,0.00000,0.00000,0.00000,0.00000,world,world,sum_over_filtered_pair,pair_contact_reporter_world,false,contact_material_nsc_demo,contact_material_nsc_demo,NSC,Bullet_or_fallback,body_pair:rover_body-rigid_obstacle,deterministic_contact_probe_pychrono_unavailable
collision_contact_component_demo,collision.contact_probe.v1,pair_contact_schema_v1,1.4350,574,contact.force_torque,rover_body,rigid_obstacle,moving_body,fixed_obstacle,ChBody,ChBody,body_a_body_b,body_a,0,0.36000,0.00000,0.30000,0.36000,0.00000,0.30000,0.36000,0.00000,0.30000,-1.00000,0.00000,0.00000,0.00000,1.00000,0.00000,0.00000,0.00000,1.00000,[-1 0 0; 0 1 0; 0 0 1],,,,,-0.00000,0.00000,0.00000,0.00000,0.00000,0.00000,0.00000,-0.00000,0.00000,0.00000,0.00000,0.00000,0.00000,0.00000,world,world,sum_over_filtered_pair,pair_contact_reporter_world,false,contact_material_nsc_demo,contact_material_nsc_demo,NSC,Bullet_or_fallback,body_pair:rover_body-rigid_obstacle,deterministic_contact_probe_pychrono_unavailable
collision_contact_component_demo,collision.contact_probe.v1,pair_contact_schema_v1,1.4375,575,contact.force_torque,rover_body,rigid_obstacle,moving_body,fixed_obstacle,ChBody,ChBody,body_a_body_b,body_a,0,0.36000,0.00000,0.30000,0.36000,0.00000,0.30000,0.36000,0.00000,0.30000,-1.00000,0.00000,0.00000,0.00000,1.00000,0.00000,0.00000,0.00000,1.00000,[-1 0 0; 0 1 0; 0 0 1],,,,,-0.00000,0.00000,0.00000,0.00000,0.00000,0.00000,0.00000,-0.00000,0.00000,0.00000,0.00000,0.00000,0.00000,0.00000,world,world,sum_over_filtered_pair,pair_contact_reporter_world,false,contact_material_nsc_demo,contact_material_nsc_demo,NSC,Bullet_or_fallback,body_pair:rover_body-rigid_obstacle,deterministic_contact_probe_pychrono_unavailable
collision_contact_component_demo,collision.contact_probe.v1,pair_contact_schema_v1,1.4400,576,contact.force_torque,rover_body,rigid_obstacle,moving_body,fixed_obstacle,ChBody,ChBody,body_a_body_b,body_a,0,0.36000,0.00000,0.30000,0.36000,0.00000,0.30000,0.36000,0.00000,0.30000,-1.00000,0.00000,0.00000,0.00000,1.00000,0.00000,0.00000,0.00000,1.00000,[-1 0 0; 0 1 0; 0 0 1],,,,,-0.00000,0.00000,0.00000,0.00000,0.00000,0.00000,0.00000,-0.00000,0.00000,0.00000,0.00000,0.00000,0.00000,0.00000,world,world,sum_over_filtered_pair,pair_contact_reporter_world,false,contact_material_nsc_demo,contact_material_nsc_demo,NSC,Bullet_or_fallback,body_pair:rover_body-rigid_obstacle,deterministic_contact_probe_pychrono_unavailable
collision_contact_component_demo,collision.contact_probe.v1,pair_contact_schema_v1,1.4425,577,contact.force_torque,rover_body,rigid_obstacle,moving_body,fixed_obstacle,ChBody,ChBody,body_a_body_b,body_a,0,0.36000,0.00000,0.30000,0.36000,0.00000,0.30000,0.36000,0.00000,0.30000,-1.00000,0.00000,0.00000,0.00000,1.00000,0.00000,0.00000,0.00000,1.00000,[-1 0 0; 0 1 0; 0 0 1],,,,,-0.00000,0.00000,0.00000,0.00000,0.00000,0.00000,0.00000,-0.00000,0.00000,0.00000,0.00000,0.00000,0.00000,0.00000,world,world,sum_over_filtered_pair,pair_contact_reporter_world,false,contact_material_nsc_demo,contact_material_nsc_demo,NSC,Bullet_or_fallback,body_pair:rover_body-rigid_obstacle,deterministic_contact_probe_pychrono_unavailable
collision_contact_component_demo,collision.contact_probe.v1,pair_contact_schema_v1,1.4450,578,contact.force_torque,rover_body,rigid_obstacle,moving_body,fixed_obstacle,ChBody,ChBody,body_a_body_b,body_a,0,0.36000,0.00000,0.30000,0.36000,0.00000,0.30000,0.36000,0.00000,0.30000,-1.00000,0.00000,0.00000,0.00000,1.00000,0.00000,0.00000,0.00000,1.00000,[-1 0 0; 0 1 0; 0 0 1],,,,,-0.00000,0.00000,0.00000,0.00000,0.00000,0.00000,0.00000,-0.00000,0.00000,0.00000,0.00000,0.00000,0.00000,0.00000,world,world,sum_over_filtered_pair,pair_contact_reporter_world,false,contact_material_nsc_demo,contact_material_nsc_demo,NSC,Bullet_or_fallback,body_pair:rover_body-rigid_obstacle,deterministic_contact_probe_pychrono_unavailable
collision_contact_component_demo,collision.contact_probe.v1,pair_contact_schema_v1,1.4475,579,contact.force_torque,rover_body,rigid_obstacle,moving_body,fixed_obstacle,ChBody,ChBody,body_a_body_b,body_a,0,0.36000,0.00000,0.30000,0.36000,0.00000,0.30000,0.36000,0.00000,0.30000,-1.00000,0.00000,0.00000,0.00000,1.00000,0.00000,0.00000,0.00000,1.00000,[-1 0 0; 0 1 0; 0 0 1],,,,,-0.00000,0.00000,0.00000,0.00000,0.00000,0.00000,0.00000,-0.00000,0.00000,0.00000,0.00000,0.00000,0.00000,0.00000,world,world,sum_over_filtered_pair,pair_contact_reporter_world,false,contact_material_nsc_demo,contact_material_nsc_demo,NSC,Bullet_or_fallback,body_pair:rover_body-rigid_obstacle,deterministic_contact_probe_pychrono_unavailable
collision_contact_component_demo,collision.contact_probe.v1,pair_contact_schema_v1,1.4500,580,contact.force_torque,rover_body,rigid_obstacle,moving_body,fixed_obstacle,ChBody,ChBody,body_a_body_b,body_a,0,0.36000,0.00000,0.30000,0.36000,0.00000,0.30000,0.36000,0.00000,0.30000,-1.00000,0.00000,0.00000,0.00000,1.00000,0.00000,0.00000,0.00000,1.00000,[-1 0 0; 0 1 0; 0 0 1],,,,,-0.00000,0.00000,0.00000,0.00000,0.00000,0.00000,0.00000,-0.00000,0.00000,0.00000,0.00000,0.00000,0.00000,0.00000,world,world,sum_over_filtered_pair,pair_contact_reporter_world,false,contact_material_nsc_demo,contact_material_nsc_demo,NSC,Bullet_or_fallback,body_pair:rover_body-rigid_obstacle,deterministic_contact_probe_pychrono_unavailable
collision_contact_component_demo,collision.contact_probe.v1,pair_contact_schema_v1,1.4525,581,contact.force_torque,rover_body,rigid_obstacle,moving_body,fixed_obstacle,ChBody,ChBody,body_a_body_b,body_a,0,0.36000,0.00000,0.30000,0.36000,0.00000,0.30000,0.36000,0.00000,0.30000,-1.00000,0.00000,0.00000,0.00000,1.00000,0.00000,0.00000,0.00000,1.00000,[-1 0 0; 0 1 0; 0 0 1],,,,,-0.00000,0.00000,0.00000,0.00000,0.00000,0.00000,0.00000,-0.00000,0.00000,0.00000,0.00000,0.00000,0.00000,0.00000,world,world,sum_over_filtered_pair,pair_contact_reporter_world,false,contact_material_nsc_demo,contact_material_nsc_demo,NSC,Bullet_or_fallback,body_pair:rover_body-rigid_obstacle,deterministic_contact_probe_pychrono_unavailable
collision_contact_component_demo,collision.contact_probe.v1,pair_contact_schema_v1,1.4550,582,contact.force_torque,rover_body,rigid_obstacle,moving_body,fixed_obstacle,ChBody,ChBody,body_a_body_b,body_a,0,0.36000,0.00000,0.30000,0.36000,0.00000,0.30000,0.36000,0.00000,0.30000,-1.00000,0.00000,0.00000,0.00000,1.00000,0.00000,0.00000,0.00000,1.00000,[-1 0 0; 0 1 0; 0 0 1],,,,,-0.00000,0.00000,0.00000,0.00000,0.00000,0.00000,0.00000,-0.00000,0.00000,0.00000,0.00000,0.00000,0.00000,0.00000,world,world,sum_over_filtered_pair,pair_contact_reporter_world,false,contact_material_nsc_demo,contact_material_nsc_demo,NSC,Bullet_or_fallback,body_pair:rover_body-rigid_obstacle,deterministic_contact_probe_pychrono_unavailable
collision_contact_component_demo,collision.contact_probe.v1,pair_contact_schema_v1,1.4575,583,contact.force_torque,rover_body,rigid_obstacle,moving_body,fixed_obstacle,ChBody,ChBody,body_a_body_b,body_a,0,0.36000,0.00000,0.30000,0.36000,0.00000,0.30000,0.36000,0.00000,0.30000,-1.00000,0.00000,0.00000,0.00000,1.00000,0.00000,0.00000,0.00000,1.00000,[-1 0 0; 0 1 0; 0 0 1],,,,,-0.00000,0.00000,0.00000,0.00000,0.00000,0.00000,0.00000,-0.00000,0.00000,0.00000,0.00000,0.00000,0.00000,0.00000,world,world,sum_over_filtered_pair,pair_contact_reporter_world,false,contact_material_nsc_demo,contact_material_nsc_demo,NSC,Bullet_or_fallback,body_pair:rover_body-rigid_obstacle,deterministic_contact_probe_pychrono_unavailable
collision_contact_component_demo,collision.contact_probe.v1,pair_contact_schema_v1,1.4600,584,contact.force_torque,rover_body,rigid_obstacle,moving_body,fixed_obstacle,ChBody,ChBody,body_a_body_b,body_a,0,0.36000,0.00000,0.30000,0.36000,0.00000,0.30000,0.36000,0.00000,0.30000,-1.00000,0.00000,0.00000,0.00000,1.00000,0.00000,0.00000,0.00000,1.00000,[-1 0 0; 0 1 0; 0 0 1],,,,,-0.00000,0.00000,0.00000,0.00000,0.00000,0.00000,0.00000,-0.00000,0.00000,0.00000,0.00000,0.00000,0.00000,0.00000,world,world,sum_over_filtered_pair,pair_contact_reporter_world,false,contact_material_nsc_demo,contact_material_nsc_demo,NSC,Bullet_or_fallback,body_pair:rover_body-rigid_obstacle,deterministic_contact_probe_pychrono_unavailable
collision_contact_component_demo,collision.contact_probe.v1,pair_contact_schema_v1,1.4625,585,contact.force_torque,rover_body,rigid_obstacle,moving_body,fixed_obstacle,ChBody,ChBody,body_a_body_b,body_a,0,0.36000,0.00000,0.30000,0.36000,0.00000,0.30000,0.36000,0.00000,0.30000,-1.00000,0.00000,0.00000,0.00000,1.00000,0.00000,0.00000,0.00000,1.00000,[-1 0 0; 0 1 0; 0 0 1],,,,,-0.00000,0.00000,0.00000,0.00000,0.00000,0.00000,0.00000,-0.00000,0.00000,0.00000,0.00000,0.00000,0.00000,0.00000,world,world,sum_over_filtered_pair,pair_contact_reporter_world,false,contact_material_nsc_demo,contact_material_nsc_demo,NSC,Bullet_or_fallback,body_pair:rover_body-rigid_obstacle,deterministic_contact_probe_pychrono_unavailable
collision_contact_component_demo,collision.contact_probe.v1,pair_contact_schema_v1,1.4650,586,contact.force_torque,rover_body,rigid_obstacle,moving_body,fixed_obstacle,ChBody,ChBody,body_a_body_b,body_a,0,0.36000,0.00000,0.30000,0.36000,0.00000,0.30000,0.36000,0.00000,0.30000,-1.00000,0.00000,0.00000,0.00000,1.00000,0.00000,0.00000,0.00000,1.00000,[-1 0 0; 0 1 0; 0 0 1],,,,,-0.00000,0.00000,0.00000,0.00000,0.00000,0.00000,0.00000,-0.00000,0.00000,0.00000,0.00000,0.00000,0.00000,0.00000,world,world,sum_over_filtered_pair,pair_contact_reporter_world,false,contact_material_nsc_demo,contact_material_nsc_demo,NSC,Bullet_or_fallback,body_pair:rover_body-rigid_obstacle,deterministic_contact_probe_pychrono_unavailable
collision_contact_component_demo,collision.contact_probe.v1,pair_contact_schema_v1,1.4675,587,contact.force_torque,rover_body,rigid_obstacle,moving_body,fixed_obstacle,ChBody,ChBody,body_a_body_b,body_a,0,0.36000,0.00000,0.30000,0.36000,0.00000,0.30000,0.36000,0.00000,0.30000,-1.00000,0.00000,0.00000,0.00000,1.00000,0.00000,0.00000,0.00000,1.00000,[-1 0 0; 0 1 0; 0 0 1],,,,,-0.00000,0.00000,0.00000,0.00000,0.00000,0.00000,0.00000,-0.00000,0.00000,0.00000,0.00000,0.00000,0.00000,0.00000,world,world,sum_over_filtered_pair,pair_contact_reporter_world,false,contact_material_nsc_demo,contact_material_nsc_demo,NSC,Bullet_or_fallback,body_pair:rover_body-rigid_obstacle,deterministic_contact_probe_pychrono_unavailable
collision_contact_component_demo,collision.contact_probe.v1,pair_contact_schema_v1,1.4700,588,contact.force_torque,rover_body,rigid_obstacle,moving_body,fixed_obstacle,ChBody,ChBody,body_a_body_b,body_a,0,0.36000,0.00000,0.30000,0.36000,0.00000,0.30000,0.36000,0.00000,0.30000,-1.00000,0.00000,0.00000,0.00000,1.00000,0.00000,0.00000,0.00000,1.00000,[-1 0 0; 0 1 0; 0 0 1],,,,,-0.00000,0.00000,0.00000,0.00000,0.00000,0.00000,0.00000,-0.00000,0.00000,0.00000,0.00000,0.00000,0.00000,0.00000,world,world,sum_over_filtered_pair,pair_contact_reporter_world,false,contact_material_nsc_demo,contact_material_nsc_demo,NSC,Bullet_or_fallback,body_pair:rover_body-rigid_obstacle,deterministic_contact_probe_pychrono_unavailable
collision_contact_component_demo,collision.contact_probe.v1,pair_contact_schema_v1,1.4725,589,contact.force_torque,rover_body,rigid_obstacle,moving_body,fixed_obstacle,ChBody,ChBody,body_a_body_b,body_a,0,0.36000,0.00000,0.30000,0.36000,0.00000,0.30000,0.36000,0.00000,0.30000,-1.00000,0.00000,0.00000,0.00000,1.00000,0.00000,0.00000,0.00000,1.00000,[-1 0 0; 0 1 0; 0 0 1],,,,,-0.00000,0.00000,0.00000,0.00000,0.00000,0.00000,0.00000,-0.00000,0.00000,0.00000,0.00000,0.00000,0.00000,0.00000,world,world,sum_over_filtered_pair,pair_contact_reporter_world,false,contact_material_nsc_demo,contact_material_nsc_demo,NSC,Bullet_or_fallback,body_pair:rover_body-rigid_obstacle,deterministic_contact_probe_pychrono_unavailable
collision_contact_component_demo,collision.contact_probe.v1,pair_contact_schema_v1,1.4750,590,contact.force_torque,rover_body,rigid_obstacle,moving_body,fixed_obstacle,ChBody,ChBody,body_a_body_b,body_a,0,0.36000,0.00000,0.30000,0.36000,0.00000,0.30000,0.36000,0.00000,0.30000,-1.00000,0.00000,0.00000,0.00000,1.00000,0.00000,0.00000,0.00000,1.00000,[-1 0 0; 0 1 0; 0 0 1],,,,,-0.00000,0.00000,0.00000,0.00000,0.00000,0.00000,0.00000,-0.00000,0.00000,0.00000,0.00000,0.00000,0.00000,0.00000,world,world,sum_over_filtered_pair,pair_contact_reporter_world,false,contact_material_nsc_demo,contact_material_nsc_demo,NSC,Bullet_or_fallback,body_pair:rover_body-rigid_obstacle,deterministic_contact_probe_pychrono_unavailable
collision_contact_component_demo,collision.contact_probe.v1,pair_contact_schema_v1,1.4775,591,contact.force_torque,rover_body,rigid_obstacle,moving_body,fixed_obstacle,ChBody,ChBody,body_a_body_b,body_a,0,0.36000,0.00000,0.30000,0.36000,0.00000,0.30000,0.36000,0.00000,0.30000,-1.00000,0.00000,0.00000,0.00000,1.00000,0.00000,0.00000,0.00000,1.00000,[-1 0 0; 0 1 0; 0 0 1],,,,,-0.00000,0.00000,0.00000,0.00000,0.00000,0.00000,0.00000,-0.00000,0.00000,0.00000,0.00000,0.00000,0.00000,0.00000,world,world,sum_over_filtered_pair,pair_contact_reporter_world,false,contact_material_nsc_demo,contact_material_nsc_demo,NSC,Bullet_or_fallback,body_pair:rover_body-rigid_obstacle,deterministic_contact_probe_pychrono_unavailable
collision_contact_component_demo,collision.contact_probe.v1,pair_contact_schema_v1,1.4800,592,contact.force_torque,rover_body,rigid_obstacle,moving_body,fixed_obstacle,ChBody,ChBody,body_a_body_b,body_a,0,0.36000,0.00000,0.30000,0.36000,0.00000,0.30000,0.36000,0.00000,0.30000,-1.00000,0.00000,0.00000,0.00000,1.00000,0.00000,0.00000,0.00000,1.00000,[-1 0 0; 0 1 0; 0 0 1],,,,,-0.00000,0.00000,0.00000,0.00000,0.00000,0.00000,0.00000,-0.00000,0.00000,0.00000,0.00000,0.00000,0.00000,0.00000,world,world,sum_over_filtered_pair,pair_contact_reporter_world,false,contact_material_nsc_demo,contact_material_nsc_demo,NSC,Bullet_or_fallback,body_pair:rover_body-rigid_obstacle,deterministic_contact_probe_pychrono_unavailable
collision_contact_component_demo,collision.contact_probe.v1,pair_contact_schema_v1,1.4825,593,contact.force_torque,rover_body,rigid_obstacle,moving_body,fixed_obstacle,ChBody,ChBody,body_a_body_b,body_a,0,0.36000,0.00000,0.30000,0.36000,0.00000,0.30000,0.36000,0.00000,0.30000,-1.00000,0.00000,0.00000,0.00000,1.00000,0.00000,0.00000,0.00000,1.00000,[-1 0 0; 0 1 0; 0 0 1],,,,,-0.00000,0.00000,0.00000,0.00000,0.00000,0.00000,0.00000,-0.00000,0.00000,0.00000,0.00000,0.00000,0.00000,0.00000,world,world,sum_over_filtered_pair,pair_contact_reporter_world,false,contact_material_nsc_demo,contact_material_nsc_demo,NSC,Bullet_or_fallback,body_pair:rover_body-rigid_obstacle,deterministic_contact_probe_pychrono_unavailable
collision_contact_component_demo,collision.contact_probe.v1,pair_contact_schema_v1,1.4850,594,contact.force_torque,rover_body,rigid_obstacle,moving_body,fixed_obstacle,ChBody,ChBody,body_a_body_b,body_a,0,0.36000,0.00000,0.30000,0.36000,0.00000,0.30000,0.36000,0.00000,0.30000,-1.00000,0.00000,0.00000,0.00000,1.00000,0.00000,0.00000,0.00000,1.00000,[-1 0 0; 0 1 0; 0 0 1],,,,,-0.00000,0.00000,0.00000,0.00000,0.00000,0.00000,0.00000,-0.00000,0.00000,0.00000,0.00000,0.00000,0.00000,0.00000,world,world,sum_over_filtered_pair,pair_contact_reporter_world,false,contact_material_nsc_demo,contact_material_nsc_demo,NSC,Bullet_or_fallback,body_pair:rover_body-rigid_obstacle,deterministic_contact_probe_pychrono_unavailable
collision_contact_component_demo,collision.contact_probe.v1,pair_contact_schema_v1,1.4875,595,contact.force_torque,rover_body,rigid_obstacle,moving_body,fixed_obstacle,ChBody,ChBody,body_a_body_b,body_a,0,0.36000,0.00000,0.30000,0.36000,0.00000,0.30000,0.36000,0.00000,0.30000,-1.00000,0.00000,0.00000,0.00000,1.00000,0.00000,0.00000,0.00000,1.00000,[-1 0 0; 0 1 0; 0 0 1],,,,,-0.00000,0.00000,0.00000,0.00000,0.00000,0.00000,0.00000,-0.00000,0.00000,0.00000,0.00000,0.00000,0.00000,0.00000,world,world,sum_over_filtered_pair,pair_contact_reporter_world,false,contact_material_nsc_demo,contact_material_nsc_demo,NSC,Bullet_or_fallback,body_pair:rover_body-rigid_obstacle,deterministic_contact_probe_pychrono_unavailable
collision_contact_component_demo,collision.contact_probe.v1,pair_contact_schema_v1,1.4900,596,contact.force_torque,rover_body,rigid_obstacle,moving_body,fixed_obstacle,ChBody,ChBody,body_a_body_b,body_a,0,0.36000,0.00000,0.30000,0.36000,0.00000,0.30000,0.36000,0.00000,0.30000,-1.00000,0.00000,0.00000,0.00000,1.00000,0.00000,0.00000,0.00000,1.00000,[-1 0 0; 0 1 0; 0 0 1],,,,,-0.00000,0.00000,0.00000,0.00000,0.00000,0.00000,0.00000,-0.00000,0.00000,0.00000,0.00000,0.00000,0.00000,0.00000,world,world,sum_over_filtered_pair,pair_contact_reporter_world,false,contact_material_nsc_demo,contact_material_nsc_demo,NSC,Bullet_or_fallback,body_pair:rover_body-rigid_obstacle,deterministic_contact_probe_pychrono_unavailable
collision_contact_component_demo,collision.contact_probe.v1,pair_contact_schema_v1,1.4925,597,contact.force_torque,rover_body,rigid_obstacle,moving_body,fixed_obstacle,ChBody,ChBody,body_a_body_b,body_a,0,0.36000,0.00000,0.30000,0.36000,0.00000,0.30000,0.36000,0.00000,0.30000,-1.00000,0.00000,0.00000,0.00000,1.00000,0.00000,0.00000,0.00000,1.00000,[-1 0 0; 0 1 0; 0 0 1],,,,,-0.00000,0.00000,0.00000,0.00000,0.00000,0.00000,0.00000,-0.00000,0.00000,0.00000,0.00000,0.00000,0.00000,0.00000,world,world,sum_over_filtered_pair,pair_contact_reporter_world,false,contact_material_nsc_demo,contact_material_nsc_demo,NSC,Bullet_or_fallback,body_pair:rover_body-rigid_obstacle,deterministic_contact_probe_pychrono_unavailable
collision_contact_component_demo,collision.contact_probe.v1,pair_contact_schema_v1,1.4950,598,contact.force_torque,rover_body,rigid_obstacle,moving_body,fixed_obstacle,ChBody,ChBody,body_a_body_b,body_a,0,0.36000,0.00000,0.30000,0.36000,0.00000,0.30000,0.36000,0.00000,0.30000,-1.00000,0.00000,0.00000,0.00000,1.00000,0.00000,0.00000,0.00000,1.00000,[-1 0 0; 0 1 0; 0 0 1],,,,,-0.00000,0.00000,0.00000,0.00000,0.00000,0.00000,0.00000,-0.00000,0.00000,0.00000,0.00000,0.00000,0.00000,0.00000,world,world,sum_over_filtered_pair,pair_contact_reporter_world,false,contact_material_nsc_demo,contact_material_nsc_demo,NSC,Bullet_or_fallback,body_pair:rover_body-rigid_obstacle,deterministic_contact_probe_pychrono_unavailable
collision_contact_component_demo,collision.contact_probe.v1,pair_contact_schema_v1,1.4975,599,contact.force_torque,rover_body,rigid_obstacle,moving_body,fixed_obstacle,ChBody,ChBody,body_a_body_b,body_a,0,0.36000,0.00000,0.30000,0.36000,0.00000,0.30000,0.36000,0.00000,0.30000,-1.00000,0.00000,0.00000,0.00000,1.00000,0.00000,0.00000,0.00000,1.00000,[-1 0 0; 0 1 0; 0 0 1],,,,,-0.00000,0.00000,0.00000,0.00000,0.00000,0.00000,0.00000,-0.00000,0.00000,0.00000,0.00000,0.00000,0.00000,0.00000,world,world,sum_over_filtered_pair,pair_contact_reporter_world,false,contact_material_nsc_demo,contact_material_nsc_demo,NSC,Bullet_or_fallback,body_pair:rover_body-rigid_obstacle,deterministic_contact_probe_pychrono_unavailable
collision_contact_component_demo,collision.contact_probe.v1,pair_contact_schema_v1,1.5000,600,contact.force_torque,rover_body,rigid_obstacle,moving_body,fixed_obstacle,ChBody,ChBody,body_a_body_b,body_a,0,0.36000,0.00000,0.30000,0.36000,0.00000,0.30000,0.36000,0.00000,0.30000,-1.00000,0.00000,0.00000,0.00000,1.00000,0.00000,0.00000,0.00000,1.00000,[-1 0 0; 0 1 0; 0 0 1],,,,,-0.00000,0.00000,0.00000,0.00000,0.00000,0.00000,0.00000,-0.00000,0.00000,0.00000,0.00000,0.00000,0.00000,0.00000,world,world,sum_over_filtered_pair,pair_contact_reporter_world,false,contact_material_nsc_demo,contact_material_nsc_demo,NSC,Bullet_or_fallback,body_pair:rover_body-rigid_obstacle,deterministic_contact_probe_pychrono_unavailable
collision_contact_component_demo,collision.contact_probe.v1,pair_contact_schema_v1,1.5025,601,contact.force_torque,rover_body,rigid_obstacle,moving_body,fixed_obstacle,ChBody,ChBody,body_a_body_b,body_a,0,0.36000,0.00000,0.30000,0.36000,0.00000,0.30000,0.36000,0.00000,0.30000,-1.00000,0.00000,0.00000,0.00000,1.00000,0.00000,0.00000,0.00000,1.00000,[-1 0 0; 0 1 0; 0 0 1],,,,,-0.00000,0.00000,0.00000,0.00000,0.00000,0.00000,0.00000,-0.00000,0.00000,0.00000,0.00000,0.00000,0.00000,0.00000,world,world,sum_over_filtered_pair,pair_contact_reporter_world,false,contact_material_nsc_demo,contact_material_nsc_demo,NSC,Bullet_or_fallback,body_pair:rover_body-rigid_obstacle,deterministic_contact_probe_pychrono_unavailable
collision_contact_component_demo,collision.contact_probe.v1,pair_contact_schema_v1,1.5050,602,contact.force_torque,rover_body,rigid_obstacle,moving_body,fixed_obstacle,ChBody,ChBody,body_a_body_b,body_a,0,0.36000,0.00000,0.30000,0.36000,0.00000,0.30000,0.36000,0.00000,0.30000,-1.00000,0.00000,0.00000,0.00000,1.00000,0.00000,0.00000,0.00000,1.00000,[-1 0 0; 0 1 0; 0 0 1],,,,,-0.00000,0.00000,0.00000,0.00000,0.00000,0.00000,0.00000,-0.00000,0.00000,0.00000,0.00000,0.00000,0.00000,0.00000,world,world,sum_over_filtered_pair,pair_contact_reporter_world,false,contact_material_nsc_demo,contact_material_nsc_demo,NSC,Bullet_or_fallback,body_pair:rover_body-rigid_obstacle,deterministic_contact_probe_pychrono_unavailable
collision_contact_component_demo,collision.contact_probe.v1,pair_contact_schema_v1,1.5075,603,contact.force_torque,rover_body,rigid_obstacle,moving_body,fixed_obstacle,ChBody,ChBody,body_a_body_b,body_a,0,0.36000,0.00000,0.30000,0.36000,0.00000,0.30000,0.36000,0.00000,0.30000,-1.00000,0.00000,0.00000,0.00000,1.00000,0.00000,0.00000,0.00000,1.00000,[-1 0 0; 0 1 0; 0 0 1],,,,,-0.00000,0.00000,0.00000,0.00000,0.00000,0.00000,0.00000,-0.00000,0.00000,0.00000,0.00000,0.00000,0.00000,0.00000,world,world,sum_over_filtered_pair,pair_contact_reporter_world,false,contact_material_nsc_demo,contact_material_nsc_demo,NSC,Bullet_or_fallback,body_pair:rover_body-rigid_obstacle,deterministic_contact_probe_pychrono_unavailable
collision_contact_component_demo,collision.contact_probe.v1,pair_contact_schema_v1,1.5100,604,contact.force_torque,rover_body,rigid_obstacle,moving_body,fixed_obstacle,ChBody,ChBody,body_a_body_b,body_a,0,0.36000,0.00000,0.30000,0.36000,0.00000,0.30000,0.36000,0.00000,0.30000,-1.00000,0.00000,0.00000,0.00000,1.00000,0.00000,0.00000,0.00000,1.00000,[-1 0 0; 0 1 0; 0 0 1],,,,,-0.00000,0.00000,0.00000,0.00000,0.00000,0.00000,0.00000,-0.00000,0.00000,0.00000,0.00000,0.00000,0.00000,0.00000,world,world,sum_over_filtered_pair,pair_contact_reporter_world,false,contact_material_nsc_demo,contact_material_nsc_demo,NSC,Bullet_or_fallback,body_pair:rover_body-rigid_obstacle,deterministic_contact_probe_pychrono_unavailable
collision_contact_component_demo,collision.contact_probe.v1,pair_contact_schema_v1,1.5125,605,contact.force_torque,rover_body,rigid_obstacle,moving_body,fixed_obstacle,ChBody,ChBody,body_a_body_b,body_a,0,0.36000,0.00000,0.30000,0.36000,0.00000,0.30000,0.36000,0.00000,0.30000,-1.00000,0.00000,0.00000,0.00000,1.00000,0.00000,0.00000,0.00000,1.00000,[-1 0 0; 0 1 0; 0 0 1],,,,,-0.00000,0.00000,0.00000,0.00000,0.00000,0.00000,0.00000,-0.00000,0.00000,0.00000,0.00000,0.00000,0.00000,0.00000,world,world,sum_over_filtered_pair,pair_contact_reporter_world,false,contact_material_nsc_demo,contact_material_nsc_demo,NSC,Bullet_or_fallback,body_pair:rover_body-rigid_obstacle,deterministic_contact_probe_pychrono_unavailable
collision_contact_component_demo,collision.contact_probe.v1,pair_contact_schema_v1,1.5150,606,contact.force_torque,rover_body,rigid_obstacle,moving_body,fixed_obstacle,ChBody,ChBody,body_a_body_b,body_a,0,0.36000,0.00000,0.30000,0.36000,0.00000,0.30000,0.36000,0.00000,0.30000,-1.00000,0.00000,0.00000,0.00000,1.00000,0.00000,0.00000,0.00000,1.00000,[-1 0 0; 0 1 0; 0 0 1],,,,,-0.00000,0.00000,0.00000,0.00000,0.00000,0.00000,0.00000,-0.00000,0.00000,0.00000,0.00000,0.00000,0.00000,0.00000,world,world,sum_over_filtered_pair,pair_contact_reporter_world,false,contact_material_nsc_demo,contact_material_nsc_demo,NSC,Bullet_or_fallback,body_pair:rover_body-rigid_obstacle,deterministic_contact_probe_pychrono_unavailable
collision_contact_component_demo,collision.contact_probe.v1,pair_contact_schema_v1,1.5175,607,contact.force_torque,rover_body,rigid_obstacle,moving_body,fixed_obstacle,ChBody,ChBody,body_a_body_b,body_a,0,0.36000,0.00000,0.30000,0.36000,0.00000,0.30000,0.36000,0.00000,0.30000,-1.00000,0.00000,0.00000,0.00000,1.00000,0.00000,0.00000,0.00000,1.00000,[-1 0 0; 0 1 0; 0 0 1],,,,,-0.00000,0.00000,0.00000,0.00000,0.00000,0.00000,0.00000,-0.00000,0.00000,0.00000,0.00000,0.00000,0.00000,0.00000,world,world,sum_over_filtered_pair,pair_contact_reporter_world,false,contact_material_nsc_demo,contact_material_nsc_demo,NSC,Bullet_or_fallback,body_pair:rover_body-rigid_obstacle,deterministic_contact_probe_pychrono_unavailable
collision_contact_component_demo,collision.contact_probe.v1,pair_contact_schema_v1,1.5200,608,contact.force_torque,rover_body,rigid_obstacle,moving_body,fixed_obstacle,ChBody,ChBody,body_a_body_b,body_a,0,0.36000,0.00000,0.30000,0.36000,0.00000,0.30000,0.36000,0.00000,0.30000,-1.00000,0.00000,0.00000,0.00000,1.00000,0.00000,0.00000,0.00000,1.00000,[-1 0 0; 0 1 0; 0 0 1],,,,,-0.00000,0.00000,0.00000,0.00000,0.00000,0.00000,0.00000,-0.00000,0.00000,0.00000,0.00000,0.00000,0.00000,0.00000,world,world,sum_over_filtered_pair,pair_contact_reporter_world,false,contact_material_nsc_demo,contact_material_nsc_demo,NSC,Bullet_or_fallback,body_pair:rover_body-rigid_obstacle,deterministic_contact_probe_pychrono_unavailable
collision_contact_component_demo,collision.contact_probe.v1,pair_contact_schema_v1,1.5225,609,contact.force_torque,rover_body,rigid_obstacle,moving_body,fixed_obstacle,ChBody,ChBody,body_a_body_b,body_a,0,0.36000,0.00000,0.30000,0.36000,0.00000,0.30000,0.36000,0.00000,0.30000,-1.00000,0.00000,0.00000,0.00000,1.00000,0.00000,0.00000,0.00000,1.00000,[-1 0 0; 0 1 0; 0 0 1],,,,,-0.00000,0.00000,0.00000,0.00000,0.00000,0.00000,0.00000,-0.00000,0.00000,0.00000,0.00000,0.00000,0.00000,0.00000,world,world,sum_over_filtered_pair,pair_contact_reporter_world,false,contact_material_nsc_demo,contact_material_nsc_demo,NSC,Bullet_or_fallback,body_pair:rover_body-rigid_obstacle,deterministic_contact_probe_pychrono_unavailable
collision_contact_component_demo,collision.contact_probe.v1,pair_contact_schema_v1,1.5250,610,contact.force_torque,rover_body,rigid_obstacle,moving_body,fixed_obstacle,ChBody,ChBody,body_a_body_b,body_a,0,0.36000,0.00000,0.30000,0.36000,0.00000,0.30000,0.36000,0.00000,0.30000,-1.00000,0.00000,0.00000,0.00000,1.00000,0.00000,0.00000,0.00000,1.00000,[-1 0 0; 0 1 0; 0 0 1],,,,,-0.00000,0.00000,0.00000,0.00000,0.00000,0.00000,0.00000,-0.00000,0.00000,0.00000,0.00000,0.00000,0.00000,0.00000,world,world,sum_over_filtered_pair,pair_contact_reporter_world,false,contact_material_nsc_demo,contact_material_nsc_demo,NSC,Bullet_or_fallback,body_pair:rover_body-rigid_obstacle,deterministic_contact_probe_pychrono_unavailable
collision_contact_component_demo,collision.contact_probe.v1,pair_contact_schema_v1,1.5275,611,contact.force_torque,rover_body,rigid_obstacle,moving_body,fixed_obstacle,ChBody,ChBody,body_a_body_b,body_a,0,0.36000,0.00000,0.30000,0.36000,0.00000,0.30000,0.36000,0.00000,0.30000,-1.00000,0.00000,0.00000,0.00000,1.00000,0.00000,0.00000,0.00000,1.00000,[-1 0 0; 0 1 0; 0 0 1],,,,,-0.00000,0.00000,0.00000,0.00000,0.00000,0.00000,0.00000,-0.00000,0.00000,0.00000,0.00000,0.00000,0.00000,0.00000,world,world,sum_over_filtered_pair,pair_contact_reporter_world,false,contact_material_nsc_demo,contact_material_nsc_demo,NSC,Bullet_or_fallback,body_pair:rover_body-rigid_obstacle,deterministic_contact_probe_pychrono_unavailable
collision_contact_component_demo,collision.contact_probe.v1,pair_contact_schema_v1,1.5300,612,contact.force_torque,rover_body,rigid_obstacle,moving_body,fixed_obstacle,ChBody,ChBody,body_a_body_b,body_a,0,0.36000,0.00000,0.30000,0.36000,0.00000,0.30000,0.36000,0.00000,0.30000,-1.00000,0.00000,0.00000,0.00000,1.00000,0.00000,0.00000,0.00000,1.00000,[-1 0 0; 0 1 0; 0 0 1],,,,,-0.00000,0.00000,0.00000,0.00000,0.00000,0.00000,0.00000,-0.00000,0.00000,0.00000,0.00000,0.00000,0.00000,0.00000,world,world,sum_over_filtered_pair,pair_contact_reporter_world,false,contact_material_nsc_demo,contact_material_nsc_demo,NSC,Bullet_or_fallback,body_pair:rover_body-rigid_obstacle,deterministic_contact_probe_pychrono_unavailable
collision_contact_component_demo,collision.contact_probe.v1,pair_contact_schema_v1,1.5325,613,contact.force_torque,rover_body,rigid_obstacle,moving_body,fixed_obstacle,ChBody,ChBody,body_a_body_b,body_a,0,0.36000,0.00000,0.30000,0.36000,0.00000,0.30000,0.36000,0.00000,0.30000,-1.00000,0.00000,0.00000,0.00000,1.00000,0.00000,0.00000,0.00000,1.00000,[-1 0 0; 0 1 0; 0 0 1],,,,,-0.00000,0.00000,0.00000,0.00000,0.00000,0.00000,0.00000,-0.00000,0.00000,0.00000,0.00000,0.00000,0.00000,0.00000,world,world,sum_over_filtered_pair,pair_contact_reporter_world,false,contact_material_nsc_demo,contact_material_nsc_demo,NSC,Bullet_or_fallback,body_pair:rover_body-rigid_obstacle,deterministic_contact_probe_pychrono_unavailable
collision_contact_component_demo,collision.contact_probe.v1,pair_contact_schema_v1,1.5350,614,contact.force_torque,rover_body,rigid_obstacle,moving_body,fixed_obstacle,ChBody,ChBody,body_a_body_b,body_a,0,0.36000,0.00000,0.30000,0.36000,0.00000,0.30000,0.36000,0.00000,0.30000,-1.00000,0.00000,0.00000,0.00000,1.00000,0.00000,0.00000,0.00000,1.00000,[-1 0 0; 0 1 0; 0 0 1],,,,,-0.00000,0.00000,0.00000,0.00000,0.00000,0.00000,0.00000,-0.00000,0.00000,0.00000,0.00000,0.00000,0.00000,0.00000,world,world,sum_over_filtered_pair,pair_contact_reporter_world,false,contact_material_nsc_demo,contact_material_nsc_demo,NSC,Bullet_or_fallback,body_pair:rover_body-rigid_obstacle,deterministic_contact_probe_pychrono_unavailable
collision_contact_component_demo,collision.contact_probe.v1,pair_contact_schema_v1,1.5375,615,contact.force_torque,rover_body,rigid_obstacle,moving_body,fixed_obstacle,ChBody,ChBody,body_a_body_b,body_a,0,0.36000,0.00000,0.30000,0.36000,0.00000,0.30000,0.36000,0.00000,0.30000,-1.00000,0.00000,0.00000,0.00000,1.00000,0.00000,0.00000,0.00000,1.00000,[-1 0 0; 0 1 0; 0 0 1],,,,,-0.00000,0.00000,0.00000,0.00000,0.00000,0.00000,0.00000,-0.00000,0.00000,0.00000,0.00000,0.00000,0.00000,0.00000,world,world,sum_over_filtered_pair,pair_contact_reporter_world,false,contact_material_nsc_demo,contact_material_nsc_demo,NSC,Bullet_or_fallback,body_pair:rover_body-rigid_obstacle,deterministic_contact_probe_pychrono_unavailable
collision_contact_component_demo,collision.contact_probe.v1,pair_contact_schema_v1,1.5400,616,contact.force_torque,rover_body,rigid_obstacle,moving_body,fixed_obstacle,ChBody,ChBody,body_a_body_b,body_a,0,0.36000,0.00000,0.30000,0.36000,0.00000,0.30000,0.36000,0.00000,0.30000,-1.00000,0.00000,0.00000,0.00000,1.00000,0.00000,0.00000,0.00000,1.00000,[-1 0 0; 0 1 0; 0 0 1],,,,,-0.00000,0.00000,0.00000,0.00000,0.00000,0.00000,0.00000,-0.00000,0.00000,0.00000,0.00000,0.00000,0.00000,0.00000,world,world,sum_over_filtered_pair,pair_contact_reporter_world,false,contact_material_nsc_demo,contact_material_nsc_demo,NSC,Bullet_or_fallback,body_pair:rover_body-rigid_obstacle,deterministic_contact_probe_pychrono_unavailable
collision_contact_component_demo,collision.contact_probe.v1,pair_contact_schema_v1,1.5425,617,contact.force_torque,rover_body,rigid_obstacle,moving_body,fixed_obstacle,ChBody,ChBody,body_a_body_b,body_a,0,0.36000,0.00000,0.30000,0.36000,0.00000,0.30000,0.36000,0.00000,0.30000,-1.00000,0.00000,0.00000,0.00000,1.00000,0.00000,0.00000,0.00000,1.00000,[-1 0 0; 0 1 0; 0 0 1],,,,,-0.00000,0.00000,0.00000,0.00000,0.00000,0.00000,0.00000,-0.00000,0.00000,0.00000,0.00000,0.00000,0.00000,0.00000,world,world,sum_over_filtered_pair,pair_contact_reporter_world,false,contact_material_nsc_demo,contact_material_nsc_demo,NSC,Bullet_or_fallback,body_pair:rover_body-rigid_obstacle,deterministic_contact_probe_pychrono_unavailable
collision_contact_component_demo,collision.contact_probe.v1,pair_contact_schema_v1,1.5450,618,contact.force_torque,rover_body,rigid_obstacle,moving_body,fixed_obstacle,ChBody,ChBody,body_a_body_b,body_a,0,0.36000,0.00000,0.30000,0.36000,0.00000,0.30000,0.36000,0.00000,0.30000,-1.00000,0.00000,0.00000,0.00000,1.00000,0.00000,0.00000,0.00000,1.00000,[-1 0 0; 0 1 0; 0 0 1],,,,,-0.00000,0.00000,0.00000,0.00000,0.00000,0.00000,0.00000,-0.00000,0.00000,0.00000,0.00000,0.00000,0.00000,0.00000,world,world,sum_over_filtered_pair,pair_contact_reporter_world,false,contact_material_nsc_demo,contact_material_nsc_demo,NSC,Bullet_or_fallback,body_pair:rover_body-rigid_obstacle,deterministic_contact_probe_pychrono_unavailable
collision_contact_component_demo,collision.contact_probe.v1,pair_contact_schema_v1,1.5475,619,contact.force_torque,rover_body,rigid_obstacle,moving_body,fixed_obstacle,ChBody,ChBody,body_a_body_b,body_a,0,0.36000,0.00000,0.30000,0.36000,0.00000,0.30000,0.36000,0.00000,0.30000,-1.00000,0.00000,0.00000,0.00000,1.00000,0.00000,0.00000,0.00000,1.00000,[-1 0 0; 0 1 0; 0 0 1],,,,,-0.00000,0.00000,0.00000,0.00000,0.00000,0.00000,0.00000,-0.00000,0.00000,0.00000,0.00000,0.00000,0.00000,0.00000,world,world,sum_over_filtered_pair,pair_contact_reporter_world,false,contact_material_nsc_demo,contact_material_nsc_demo,NSC,Bullet_or_fallback,body_pair:rover_body-rigid_obstacle,deterministic_contact_probe_pychrono_unavailable
collision_contact_component_demo,collision.contact_probe.v1,pair_contact_schema_v1,1.5500,620,contact.force_torque,rover_body,rigid_obstacle,moving_body,fixed_obstacle,ChBody,ChBody,body_a_body_b,body_a,0,0.36000,0.00000,0.30000,0.36000,0.00000,0.30000,0.36000,0.00000,0.30000,-1.00000,0.00000,0.00000,0.00000,1.00000,0.00000,0.00000,0.00000,1.00000,[-1 0 0; 0 1 0; 0 0 1],,,,,-0.00000,0.00000,0.00000,0.00000,0.00000,0.00000,0.00000,-0.00000,0.00000,0.00000,0.00000,0.00000,0.00000,0.00000,world,world,sum_over_filtered_pair,pair_contact_reporter_world,false,contact_material_nsc_demo,contact_material_nsc_demo,NSC,Bullet_or_fallback,body_pair:rover_body-rigid_obstacle,deterministic_contact_probe_pychrono_unavailable
collision_contact_component_demo,collision.contact_probe.v1,pair_contact_schema_v1,1.5525,621,contact.force_torque,rover_body,rigid_obstacle,moving_body,fixed_obstacle,ChBody,ChBody,body_a_body_b,body_a,0,0.36000,0.00000,0.30000,0.36000,0.00000,0.30000,0.36000,0.00000,0.30000,-1.00000,0.00000,0.00000,0.00000,1.00000,0.00000,0.00000,0.00000,1.00000,[-1 0 0; 0 1 0; 0 0 1],,,,,-0.00000,0.00000,0.00000,0.00000,0.00000,0.00000,0.00000,-0.00000,0.00000,0.00000,0.00000,0.00000,0.00000,0.00000,world,world,sum_over_filtered_pair,pair_contact_reporter_world,false,contact_material_nsc_demo,contact_material_nsc_demo,NSC,Bullet_or_fallback,body_pair:rover_body-rigid_obstacle,deterministic_contact_probe_pychrono_unavailable
collision_contact_component_demo,collision.contact_probe.v1,pair_contact_schema_v1,1.5550,622,contact.force_torque,rover_body,rigid_obstacle,moving_body,fixed_obstacle,ChBody,ChBody,body_a_body_b,body_a,0,0.36000,0.00000,0.30000,0.36000,0.00000,0.30000,0.36000,0.00000,0.30000,-1.00000,0.00000,0.00000,0.00000,1.00000,0.00000,0.00000,0.00000,1.00000,[-1 0 0; 0 1 0; 0 0 1],,,,,-0.00000,0.00000,0.00000,0.00000,0.00000,0.00000,0.00000,-0.00000,0.00000,0.00000,0.00000,0.00000,0.00000,0.00000,world,world,sum_over_filtered_pair,pair_contact_reporter_world,false,contact_material_nsc_demo,contact_material_nsc_demo,NSC,Bullet_or_fallback,body_pair:rover_body-rigid_obstacle,deterministic_contact_probe_pychrono_unavailable
collision_contact_component_demo,collision.contact_probe.v1,pair_contact_schema_v1,1.5575,623,contact.force_torque,rover_body,rigid_obstacle,moving_body,fixed_obstacle,ChBody,ChBody,body_a_body_b,body_a,0,0.36000,0.00000,0.30000,0.36000,0.00000,0.30000,0.36000,0.00000,0.30000,-1.00000,0.00000,0.00000,0.00000,1.00000,0.00000,0.00000,0.00000,1.00000,[-1 0 0; 0 1 0; 0 0 1],,,,,-0.00000,0.00000,0.00000,0.00000,0.00000,0.00000,0.00000,-0.00000,0.00000,0.00000,0.00000,0.00000,0.00000,0.00000,world,world,sum_over_filtered_pair,pair_contact_reporter_world,false,contact_material_nsc_demo,contact_material_nsc_demo,NSC,Bullet_or_fallback,body_pair:rover_body-rigid_obstacle,deterministic_contact_probe_pychrono_unavailable
collision_contact_component_demo,collision.contact_probe.v1,pair_contact_schema_v1,1.5600,624,contact.force_torque,rover_body,rigid_obstacle,moving_body,fixed_obstacle,ChBody,ChBody,body_a_body_b,body_a,0,0.36000,0.00000,0.30000,0.36000,0.00000,0.30000,0.36000,0.00000,0.30000,-1.00000,0.00000,0.00000,0.00000,1.00000,0.00000,0.00000,0.00000,1.00000,[-1 0 0; 0 1 0; 0 0 1],,,,,-0.00000,0.00000,0.00000,0.00000,0.00000,0.00000,0.00000,-0.00000,0.00000,0.00000,0.00000,0.00000,0.00000,0.00000,world,world,sum_over_filtered_pair,pair_contact_reporter_world,false,contact_material_nsc_demo,contact_material_nsc_demo,NSC,Bullet_or_fallback,body_pair:rover_body-rigid_obstacle,deterministic_contact_probe_pychrono_unavailable
collision_contact_component_demo,collision.contact_probe.v1,pair_contact_schema_v1,1.5625,625,contact.force_torque,rover_body,rigid_obstacle,moving_body,fixed_obstacle,ChBody,ChBody,body_a_body_b,body_a,0,0.36000,0.00000,0.30000,0.36000,0.00000,0.30000,0.36000,0.00000,0.30000,-1.00000,0.00000,0.00000,0.00000,1.00000,0.00000,0.00000,0.00000,1.00000,[-1 0 0; 0 1 0; 0 0 1],,,,,-0.00000,0.00000,0.00000,0.00000,0.00000,0.00000,0.00000,-0.00000,0.00000,0.00000,0.00000,0.00000,0.00000,0.00000,world,world,sum_over_filtered_pair,pair_contact_reporter_world,false,contact_material_nsc_demo,contact_material_nsc_demo,NSC,Bullet_or_fallback,body_pair:rover_body-rigid_obstacle,deterministic_contact_probe_pychrono_unavailable
collision_contact_component_demo,collision.contact_probe.v1,pair_contact_schema_v1,1.5650,626,contact.force_torque,rover_body,rigid_obstacle,moving_body,fixed_obstacle,ChBody,ChBody,body_a_body_b,body_a,0,0.36000,0.00000,0.30000,0.36000,0.00000,0.30000,0.36000,0.00000,0.30000,-1.00000,0.00000,0.00000,0.00000,1.00000,0.00000,0.00000,0.00000,1.00000,[-1 0 0; 0 1 0; 0 0 1],,,,,-0.00000,0.00000,0.00000,0.00000,0.00000,0.00000,0.00000,-0.00000,0.00000,0.00000,0.00000,0.00000,0.00000,0.00000,world,world,sum_over_filtered_pair,pair_contact_reporter_world,false,contact_material_nsc_demo,contact_material_nsc_demo,NSC,Bullet_or_fallback,body_pair:rover_body-rigid_obstacle,deterministic_contact_probe_pychrono_unavailable
collision_contact_component_demo,collision.contact_probe.v1,pair_contact_schema_v1,1.5675,627,contact.force_torque,rover_body,rigid_obstacle,moving_body,fixed_obstacle,ChBody,ChBody,body_a_body_b,body_a,0,0.36000,0.00000,0.30000,0.36000,0.00000,0.30000,0.36000,0.00000,0.30000,-1.00000,0.00000,0.00000,0.00000,1.00000,0.00000,0.00000,0.00000,1.00000,[-1 0 0; 0 1 0; 0 0 1],,,,,-0.00000,0.00000,0.00000,0.00000,0.00000,0.00000,0.00000,-0.00000,0.00000,0.00000,0.00000,0.00000,0.00000,0.00000,world,world,sum_over_filtered_pair,pair_contact_reporter_world,false,contact_material_nsc_demo,contact_material_nsc_demo,NSC,Bullet_or_fallback,body_pair:rover_body-rigid_obstacle,deterministic_contact_probe_pychrono_unavailable
collision_contact_component_demo,collision.contact_probe.v1,pair_contact_schema_v1,1.5700,628,contact.force_torque,rover_body,rigid_obstacle,moving_body,fixed_obstacle,ChBody,ChBody,body_a_body_b,body_a,0,0.36000,0.00000,0.30000,0.36000,0.00000,0.30000,0.36000,0.00000,0.30000,-1.00000,0.00000,0.00000,0.00000,1.00000,0.00000,0.00000,0.00000,1.00000,[-1 0 0; 0 1 0; 0 0 1],,,,,-0.00000,0.00000,0.00000,0.00000,0.00000,0.00000,0.00000,-0.00000,0.00000,0.00000,0.00000,0.00000,0.00000,0.00000,world,world,sum_over_filtered_pair,pair_contact_reporter_world,false,contact_material_nsc_demo,contact_material_nsc_demo,NSC,Bullet_or_fallback,body_pair:rover_body-rigid_obstacle,deterministic_contact_probe_pychrono_unavailable
collision_contact_component_demo,collision.contact_probe.v1,pair_contact_schema_v1,1.5725,629,contact.force_torque,rover_body,rigid_obstacle,moving_body,fixed_obstacle,ChBody,ChBody,body_a_body_b,body_a,0,0.36000,0.00000,0.30000,0.36000,0.00000,0.30000,0.36000,0.00000,0.30000,-1.00000,0.00000,0.00000,0.00000,1.00000,0.00000,0.00000,0.00000,1.00000,[-1 0 0; 0 1 0; 0 0 1],,,,,-0.00000,0.00000,0.00000,0.00000,0.00000,0.00000,0.00000,-0.00000,0.00000,0.00000,0.00000,0.00000,0.00000,0.00000,world,world,sum_over_filtered_pair,pair_contact_reporter_world,false,contact_material_nsc_demo,contact_material_nsc_demo,NSC,Bullet_or_fallback,body_pair:rover_body-rigid_obstacle,deterministic_contact_probe_pychrono_unavailable
collision_contact_component_demo,collision.contact_probe.v1,pair_contact_schema_v1,1.5750,630,contact.force_torque,rover_body,rigid_obstacle,moving_body,fixed_obstacle,ChBody,ChBody,body_a_body_b,body_a,0,0.36000,0.00000,0.30000,0.36000,0.00000,0.30000,0.36000,0.00000,0.30000,-1.00000,0.00000,0.00000,0.00000,1.00000,0.00000,0.00000,0.00000,1.00000,[-1 0 0; 0 1 0; 0 0 1],,,,,-0.00000,0.00000,0.00000,0.00000,0.00000,0.00000,0.00000,-0.00000,0.00000,0.00000,0.00000,0.00000,0.00000,0.00000,world,world,sum_over_filtered_pair,pair_contact_reporter_world,false,contact_material_nsc_demo,contact_material_nsc_demo,NSC,Bullet_or_fallback,body_pair:rover_body-rigid_obstacle,deterministic_contact_probe_pychrono_unavailable
collision_contact_component_demo,collision.contact_probe.v1,pair_contact_schema_v1,1.5775,631,contact.force_torque,rover_body,rigid_obstacle,moving_body,fixed_obstacle,ChBody,ChBody,body_a_body_b,body_a,0,0.36000,0.00000,0.30000,0.36000,0.00000,0.30000,0.36000,0.00000,0.30000,-1.00000,0.00000,0.00000,0.00000,1.00000,0.00000,0.00000,0.00000,1.00000,[-1 0 0; 0 1 0; 0 0 1],,,,,-0.00000,0.00000,0.00000,0.00000,0.00000,0.00000,0.00000,-0.00000,0.00000,0.00000,0.00000,0.00000,0.00000,0.00000,world,world,sum_over_filtered_pair,pair_contact_reporter_world,false,contact_material_nsc_demo,contact_material_nsc_demo,NSC,Bullet_or_fallback,body_pair:rover_body-rigid_obstacle,deterministic_contact_probe_pychrono_unavailable
collision_contact_component_demo,collision.contact_probe.v1,pair_contact_schema_v1,1.5800,632,contact.force_torque,rover_body,rigid_obstacle,moving_body,fixed_obstacle,ChBody,ChBody,body_a_body_b,body_a,0,0.36000,0.00000,0.30000,0.36000,0.00000,0.30000,0.36000,0.00000,0.30000,-1.00000,0.00000,0.00000,0.00000,1.00000,0.00000,0.00000,0.00000,1.00000,[-1 0 0; 0 1 0; 0 0 1],,,,,-0.00000,0.00000,0.00000,0.00000,0.00000,0.00000,0.00000,-0.00000,0.00000,0.00000,0.00000,0.00000,0.00000,0.00000,world,world,sum_over_filtered_pair,pair_contact_reporter_world,false,contact_material_nsc_demo,contact_material_nsc_demo,NSC,Bullet_or_fallback,body_pair:rover_body-rigid_obstacle,deterministic_contact_probe_pychrono_unavailable
collision_contact_component_demo,collision.contact_probe.v1,pair_contact_schema_v1,1.5825,633,contact.force_torque,rover_body,rigid_obstacle,moving_body,fixed_obstacle,ChBody,ChBody,body_a_body_b,body_a,0,0.36000,0.00000,0.30000,0.36000,0.00000,0.30000,0.36000,0.00000,0.30000,-1.00000,0.00000,0.00000,0.00000,1.00000,0.00000,0.00000,0.00000,1.00000,[-1 0 0; 0 1 0; 0 0 1],,,,,-0.00000,0.00000,0.00000,0.00000,0.00000,0.00000,0.00000,-0.00000,0.00000,0.00000,0.00000,0.00000,0.00000,0.00000,world,world,sum_over_filtered_pair,pair_contact_reporter_world,false,contact_material_nsc_demo,contact_material_nsc_demo,NSC,Bullet_or_fallback,body_pair:rover_body-rigid_obstacle,deterministic_contact_probe_pychrono_unavailable
collision_contact_component_demo,collision.contact_probe.v1,pair_contact_schema_v1,1.5850,634,contact.force_torque,rover_body,rigid_obstacle,moving_body,fixed_obstacle,ChBody,ChBody,body_a_body_b,body_a,0,0.36000,0.00000,0.30000,0.36000,0.00000,0.30000,0.36000,0.00000,0.30000,-1.00000,0.00000,0.00000,0.00000,1.00000,0.00000,0.00000,0.00000,1.00000,[-1 0 0; 0 1 0; 0 0 1],,,,,-0.00000,0.00000,0.00000,0.00000,0.00000,0.00000,0.00000,-0.00000,0.00000,0.00000,0.00000,0.00000,0.00000,0.00000,world,world,sum_over_filtered_pair,pair_contact_reporter_world,false,contact_material_nsc_demo,contact_material_nsc_demo,NSC,Bullet_or_fallback,body_pair:rover_body-rigid_obstacle,deterministic_contact_probe_pychrono_unavailable
collision_contact_component_demo,collision.contact_probe.v1,pair_contact_schema_v1,1.5875,635,contact.force_torque,rover_body,rigid_obstacle,moving_body,fixed_obstacle,ChBody,ChBody,body_a_body_b,body_a,0,0.36000,0.00000,0.30000,0.36000,0.00000,0.30000,0.36000,0.00000,0.30000,-1.00000,0.00000,0.00000,0.00000,1.00000,0.00000,0.00000,0.00000,1.00000,[-1 0 0; 0 1 0; 0 0 1],,,,,-0.00000,0.00000,0.00000,0.00000,0.00000,0.00000,0.00000,-0.00000,0.00000,0.00000,0.00000,0.00000,0.00000,0.00000,world,world,sum_over_filtered_pair,pair_contact_reporter_world,false,contact_material_nsc_demo,contact_material_nsc_demo,NSC,Bullet_or_fallback,body_pair:rover_body-rigid_obstacle,deterministic_contact_probe_pychrono_unavailable
collision_contact_component_demo,collision.contact_probe.v1,pair_contact_schema_v1,1.5900,636,contact.force_torque,rover_body,rigid_obstacle,moving_body,fixed_obstacle,ChBody,ChBody,body_a_body_b,body_a,0,0.36000,0.00000,0.30000,0.36000,0.00000,0.30000,0.36000,0.00000,0.30000,-1.00000,0.00000,0.00000,0.00000,1.00000,0.00000,0.00000,0.00000,1.00000,[-1 0 0; 0 1 0; 0 0 1],,,,,-0.00000,0.00000,0.00000,0.00000,0.00000,0.00000,0.00000,-0.00000,0.00000,0.00000,0.00000,0.00000,0.00000,0.00000,world,world,sum_over_filtered_pair,pair_contact_reporter_world,false,contact_material_nsc_demo,contact_material_nsc_demo,NSC,Bullet_or_fallback,body_pair:rover_body-rigid_obstacle,deterministic_contact_probe_pychrono_unavailable
collision_contact_component_demo,collision.contact_probe.v1,pair_contact_schema_v1,1.5925,637,contact.force_torque,rover_body,rigid_obstacle,moving_body,fixed_obstacle,ChBody,ChBody,body_a_body_b,body_a,0,0.36000,0.00000,0.30000,0.36000,0.00000,0.30000,0.36000,0.00000,0.30000,-1.00000,0.00000,0.00000,0.00000,1.00000,0.00000,0.00000,0.00000,1.00000,[-1 0 0; 0 1 0; 0 0 1],,,,,-0.00000,0.00000,0.00000,0.00000,0.00000,0.00000,0.00000,-0.00000,0.00000,0.00000,0.00000,0.00000,0.00000,0.00000,world,world,sum_over_filtered_pair,pair_contact_reporter_world,false,contact_material_nsc_demo,contact_material_nsc_demo,NSC,Bullet_or_fallback,body_pair:rover_body-rigid_obstacle,deterministic_contact_probe_pychrono_unavailable
collision_contact_component_demo,collision.contact_probe.v1,pair_contact_schema_v1,1.5950,638,contact.force_torque,rover_body,rigid_obstacle,moving_body,fixed_obstacle,ChBody,ChBody,body_a_body_b,body_a,0,0.36000,0.00000,0.30000,0.36000,0.00000,0.30000,0.36000,0.00000,0.30000,-1.00000,0.00000,0.00000,0.00000,1.00000,0.00000,0.00000,0.00000,1.00000,[-1 0 0; 0 1 0; 0 0 1],,,,,-0.00000,0.00000,0.00000,0.00000,0.00000,0.00000,0.00000,-0.00000,0.00000,0.00000,0.00000,0.00000,0.00000,0.00000,world,world,sum_over_filtered_pair,pair_contact_reporter_world,false,contact_material_nsc_demo,contact_material_nsc_demo,NSC,Bullet_or_fallback,body_pair:rover_body-rigid_obstacle,deterministic_contact_probe_pychrono_unavailable
collision_contact_component_demo,collision.contact_probe.v1,pair_contact_schema_v1,1.5975,639,contact.force_torque,rover_body,rigid_obstacle,moving_body,fixed_obstacle,ChBody,ChBody,body_a_body_b,body_a,0,0.36000,0.00000,0.30000,0.36000,0.00000,0.30000,0.36000,0.00000,0.30000,-1.00000,0.00000,0.00000,0.00000,1.00000,0.00000,0.00000,0.00000,1.00000,[-1 0 0; 0 1 0; 0 0 1],,,,,-0.00000,0.00000,0.00000,0.00000,0.00000,0.00000,0.00000,-0.00000,0.00000,0.00000,0.00000,0.00000,0.00000,0.00000,world,world,sum_over_filtered_pair,pair_contact_reporter_world,false,contact_material_nsc_demo,contact_material_nsc_demo,NSC,Bullet_or_fallback,body_pair:rover_body-rigid_obstacle,deterministic_contact_probe_pychrono_unavailable
collision_contact_component_demo,collision.contact_probe.v1,pair_contact_schema_v1,1.6000,640,contact.force_torque,rover_body,rigid_obstacle,moving_body,fixed_obstacle,ChBody,ChBody,body_a_body_b,body_a,0,0.36000,0.00000,0.30000,0.36000,0.00000,0.30000,0.36000,0.00000,0.30000,-1.00000,0.00000,0.00000,0.00000,1.00000,0.00000,0.00000,0.00000,1.00000,[-1 0 0; 0 1 0; 0 0 1],,,,,-0.00000,0.00000,0.00000,0.00000,0.00000,0.00000,0.00000,-0.00000,0.00000,0.00000,0.00000,0.00000,0.00000,0.00000,world,world,sum_over_filtered_pair,pair_contact_reporter_world,false,contact_material_nsc_demo,contact_material_nsc_demo,NSC,Bullet_or_fallback,body_pair:rover_body-rigid_obstacle,deterministic_contact_probe_pychrono_unavailable
collision_contact_component_demo,collision.contact_probe.v1,pair_contact_schema_v1,1.6025,641,contact.force_torque,rover_body,rigid_obstacle,moving_body,fixed_obstacle,ChBody,ChBody,body_a_body_b,body_a,0,0.36000,0.00000,0.30000,0.36000,0.00000,0.30000,0.36000,0.00000,0.30000,-1.00000,0.00000,0.00000,0.00000,1.00000,0.00000,0.00000,0.00000,1.00000,[-1 0 0; 0 1 0; 0 0 1],,,,,-0.00000,0.00000,0.00000,0.00000,0.00000,0.00000,0.00000,-0.00000,0.00000,0.00000,0.00000,0.00000,0.00000,0.00000,world,world,sum_over_filtered_pair,pair_contact_reporter_world,false,contact_material_nsc_demo,contact_material_nsc_demo,NSC,Bullet_or_fallback,body_pair:rover_body-rigid_obstacle,deterministic_contact_probe_pychrono_unavailable
collision_contact_component_demo,collision.contact_probe.v1,pair_contact_schema_v1,1.6050,642,contact.force_torque,rover_body,rigid_obstacle,moving_body,fixed_obstacle,ChBody,ChBody,body_a_body_b,body_a,0,0.36000,0.00000,0.30000,0.36000,0.00000,0.30000,0.36000,0.00000,0.30000,-1.00000,0.00000,0.00000,0.00000,1.00000,0.00000,0.00000,0.00000,1.00000,[-1 0 0; 0 1 0; 0 0 1],,,,,-0.00000,0.00000,0.00000,0.00000,0.00000,0.00000,0.00000,-0.00000,0.00000,0.00000,0.00000,0.00000,0.00000,0.00000,world,world,sum_over_filtered_pair,pair_contact_reporter_world,false,contact_material_nsc_demo,contact_material_nsc_demo,NSC,Bullet_or_fallback,body_pair:rover_body-rigid_obstacle,deterministic_contact_probe_pychrono_unavailable
collision_contact_component_demo,collision.contact_probe.v1,pair_contact_schema_v1,1.6075,643,contact.force_torque,rover_body,rigid_obstacle,moving_body,fixed_obstacle,ChBody,ChBody,body_a_body_b,body_a,0,0.36000,0.00000,0.30000,0.36000,0.00000,0.30000,0.36000,0.00000,0.30000,-1.00000,0.00000,0.00000,0.00000,1.00000,0.00000,0.00000,0.00000,1.00000,[-1 0 0; 0 1 0; 0 0 1],,,,,-0.00000,0.00000,0.00000,0.00000,0.00000,0.00000,0.00000,-0.00000,0.00000,0.00000,0.00000,0.00000,0.00000,0.00000,world,world,sum_over_filtered_pair,pair_contact_reporter_world,false,contact_material_nsc_demo,contact_material_nsc_demo,NSC,Bullet_or_fallback,body_pair:rover_body-rigid_obstacle,deterministic_contact_probe_pychrono_unavailable
collision_contact_component_demo,collision.contact_probe.v1,pair_contact_schema_v1,1.6100,644,contact.force_torque,rover_body,rigid_obstacle,moving_body,fixed_obstacle,ChBody,ChBody,body_a_body_b,body_a,0,0.36000,0.00000,0.30000,0.36000,0.00000,0.30000,0.36000,0.00000,0.30000,-1.00000,0.00000,0.00000,0.00000,1.00000,0.00000,0.00000,0.00000,1.00000,[-1 0 0; 0 1 0; 0 0 1],,,,,-0.00000,0.00000,0.00000,0.00000,0.00000,0.00000,0.00000,-0.00000,0.00000,0.00000,0.00000,0.00000,0.00000,0.00000,world,world,sum_over_filtered_pair,pair_contact_reporter_world,false,contact_material_nsc_demo,contact_material_nsc_demo,NSC,Bullet_or_fallback,body_pair:rover_body-rigid_obstacle,deterministic_contact_probe_pychrono_unavailable
collision_contact_component_demo,collision.contact_probe.v1,pair_contact_schema_v1,1.6125,645,contact.force_torque,rover_body,rigid_obstacle,moving_body,fixed_obstacle,ChBody,ChBody,body_a_body_b,body_a,0,0.36000,0.00000,0.30000,0.36000,0.00000,0.30000,0.36000,0.00000,0.30000,-1.00000,0.00000,0.00000,0.00000,1.00000,0.00000,0.00000,0.00000,1.00000,[-1 0 0; 0 1 0; 0 0 1],,,,,-0.00000,0.00000,0.00000,0.00000,0.00000,0.00000,0.00000,-0.00000,0.00000,0.00000,0.00000,0.00000,0.00000,0.00000,world,world,sum_over_filtered_pair,pair_contact_reporter_world,false,contact_material_nsc_demo,contact_material_nsc_demo,NSC,Bullet_or_fallback,body_pair:rover_body-rigid_obstacle,deterministic_contact_probe_pychrono_unavailable
collision_contact_component_demo,collision.contact_probe.v1,pair_contact_schema_v1,1.6150,646,contact.force_torque,rover_body,rigid_obstacle,moving_body,fixed_obstacle,ChBody,ChBody,body_a_body_b,body_a,0,0.36000,0.00000,0.30000,0.36000,0.00000,0.30000,0.36000,0.00000,0.30000,-1.00000,0.00000,0.00000,0.00000,1.00000,0.00000,0.00000,0.00000,1.00000,[-1 0 0; 0 1 0; 0 0 1],,,,,-0.00000,0.00000,0.00000,0.00000,0.00000,0.00000,0.00000,-0.00000,0.00000,0.00000,0.00000,0.00000,0.00000,0.00000,world,world,sum_over_filtered_pair,pair_contact_reporter_world,false,contact_material_nsc_demo,contact_material_nsc_demo,NSC,Bullet_or_fallback,body_pair:rover_body-rigid_obstacle,deterministic_contact_probe_pychrono_unavailable
collision_contact_component_demo,collision.contact_probe.v1,pair_contact_schema_v1,1.6175,647,contact.force_torque,rover_body,rigid_obstacle,moving_body,fixed_obstacle,ChBody,ChBody,body_a_body_b,body_a,0,0.36000,0.00000,0.30000,0.36000,0.00000,0.30000,0.36000,0.00000,0.30000,-1.00000,0.00000,0.00000,0.00000,1.00000,0.00000,0.00000,0.00000,1.00000,[-1 0 0; 0 1 0; 0 0 1],,,,,-0.00000,0.00000,0.00000,0.00000,0.00000,0.00000,0.00000,-0.00000,0.00000,0.00000,0.00000,0.00000,0.00000,0.00000,world,world,sum_over_filtered_pair,pair_contact_reporter_world,false,contact_material_nsc_demo,contact_material_nsc_demo,NSC,Bullet_or_fallback,body_pair:rover_body-rigid_obstacle,deterministic_contact_probe_pychrono_unavailable
collision_contact_component_demo,collision.contact_probe.v1,pair_contact_schema_v1,1.6200,648,contact.force_torque,rover_body,rigid_obstacle,moving_body,fixed_obstacle,ChBody,ChBody,body_a_body_b,body_a,0,0.36000,0.00000,0.30000,0.36000,0.00000,0.30000,0.36000,0.00000,0.30000,-1.00000,0.00000,0.00000,0.00000,1.00000,0.00000,0.00000,0.00000,1.00000,[-1 0 0; 0 1 0; 0 0 1],,,,,-0.00000,0.00000,0.00000,0.00000,0.00000,0.00000,0.00000,-0.00000,0.00000,0.00000,0.00000,0.00000,0.00000,0.00000,world,world,sum_over_filtered_pair,pair_contact_reporter_world,false,contact_material_nsc_demo,contact_material_nsc_demo,NSC,Bullet_or_fallback,body_pair:rover_body-rigid_obstacle,deterministic_contact_probe_pychrono_unavailable
collision_contact_component_demo,collision.contact_probe.v1,pair_contact_schema_v1,1.6225,649,contact.force_torque,rover_body,rigid_obstacle,moving_body,fixed_obstacle,ChBody,ChBody,body_a_body_b,body_a,0,0.36000,0.00000,0.30000,0.36000,0.00000,0.30000,0.36000,0.00000,0.30000,-1.00000,0.00000,0.00000,0.00000,1.00000,0.00000,0.00000,0.00000,1.00000,[-1 0 0; 0 1 0; 0 0 1],,,,,-0.00000,0.00000,0.00000,0.00000,0.00000,0.00000,0.00000,-0.00000,0.00000,0.00000,0.00000,0.00000,0.00000,0.00000,world,world,sum_over_filtered_pair,pair_contact_reporter_world,false,contact_material_nsc_demo,contact_material_nsc_demo,NSC,Bullet_or_fallback,body_pair:rover_body-rigid_obstacle,deterministic_contact_probe_pychrono_unavailable
collision_contact_component_demo,collision.contact_probe.v1,pair_contact_schema_v1,1.6250,650,contact.force_torque,rover_body,rigid_obstacle,moving_body,fixed_obstacle,ChBody,ChBody,body_a_body_b,body_a,0,0.36000,0.00000,0.30000,0.36000,0.00000,0.30000,0.36000,0.00000,0.30000,-1.00000,0.00000,0.00000,0.00000,1.00000,0.00000,0.00000,0.00000,1.00000,[-1 0 0; 0 1 0; 0 0 1],,,,,-0.00000,0.00000,0.00000,0.00000,0.00000,0.00000,0.00000,-0.00000,0.00000,0.00000,0.00000,0.00000,0.00000,0.00000,world,world,sum_over_filtered_pair,pair_contact_reporter_world,false,contact_material_nsc_demo,contact_material_nsc_demo,NSC,Bullet_or_fallback,body_pair:rover_body-rigid_obstacle,deterministic_contact_probe_pychrono_unavailable
collision_contact_component_demo,collision.contact_probe.v1,pair_contact_schema_v1,1.6275,651,contact.force_torque,rover_body,rigid_obstacle,moving_body,fixed_obstacle,ChBody,ChBody,body_a_body_b,body_a,0,0.36000,0.00000,0.30000,0.36000,0.00000,0.30000,0.36000,0.00000,0.30000,-1.00000,0.00000,0.00000,0.00000,1.00000,0.00000,0.00000,0.00000,1.00000,[-1 0 0; 0 1 0; 0 0 1],,,,,-0.00000,0.00000,0.00000,0.00000,0.00000,0.00000,0.00000,-0.00000,0.00000,0.00000,0.00000,0.00000,0.00000,0.00000,world,world,sum_over_filtered_pair,pair_contact_reporter_world,false,contact_material_nsc_demo,contact_material_nsc_demo,NSC,Bullet_or_fallback,body_pair:rover_body-rigid_obstacle,deterministic_contact_probe_pychrono_unavailable
collision_contact_component_demo,collision.contact_probe.v1,pair_contact_schema_v1,1.6300,652,contact.force_torque,rover_body,rigid_obstacle,moving_body,fixed_obstacle,ChBody,ChBody,body_a_body_b,body_a,0,0.36000,0.00000,0.30000,0.36000,0.00000,0.30000,0.36000,0.00000,0.30000,-1.00000,0.00000,0.00000,0.00000,1.00000,0.00000,0.00000,0.00000,1.00000,[-1 0 0; 0 1 0; 0 0 1],,,,,-0.00000,0.00000,0.00000,0.00000,0.00000,0.00000,0.00000,-0.00000,0.00000,0.00000,0.00000,0.00000,0.00000,0.00000,world,world,sum_over_filtered_pair,pair_contact_reporter_world,false,contact_material_nsc_demo,contact_material_nsc_demo,NSC,Bullet_or_fallback,body_pair:rover_body-rigid_obstacle,deterministic_contact_probe_pychrono_unavailable
collision_contact_component_demo,collision.contact_probe.v1,pair_contact_schema_v1,1.6325,653,contact.force_torque,rover_body,rigid_obstacle,moving_body,fixed_obstacle,ChBody,ChBody,body_a_body_b,body_a,0,0.36000,0.00000,0.30000,0.36000,0.00000,0.30000,0.36000,0.00000,0.30000,-1.00000,0.00000,0.00000,0.00000,1.00000,0.00000,0.00000,0.00000,1.00000,[-1 0 0; 0 1 0; 0 0 1],,,,,-0.00000,0.00000,0.00000,0.00000,0.00000,0.00000,0.00000,-0.00000,0.00000,0.00000,0.00000,0.00000,0.00000,0.00000,world,world,sum_over_filtered_pair,pair_contact_reporter_world,false,contact_material_nsc_demo,contact_material_nsc_demo,NSC,Bullet_or_fallback,body_pair:rover_body-rigid_obstacle,deterministic_contact_probe_pychrono_unavailable
collision_contact_component_demo,collision.contact_probe.v1,pair_contact_schema_v1,1.6350,654,contact.force_torque,rover_body,rigid_obstacle,moving_body,fixed_obstacle,ChBody,ChBody,body_a_body_b,body_a,0,0.36000,0.00000,0.30000,0.36000,0.00000,0.30000,0.36000,0.00000,0.30000,-1.00000,0.00000,0.00000,0.00000,1.00000,0.00000,0.00000,0.00000,1.00000,[-1 0 0; 0 1 0; 0 0 1],,,,,-0.00000,0.00000,0.00000,0.00000,0.00000,0.00000,0.00000,-0.00000,0.00000,0.00000,0.00000,0.00000,0.00000,0.00000,world,world,sum_over_filtered_pair,pair_contact_reporter_world,false,contact_material_nsc_demo,contact_material_nsc_demo,NSC,Bullet_or_fallback,body_pair:rover_body-rigid_obstacle,deterministic_contact_probe_pychrono_unavailable
collision_contact_component_demo,collision.contact_probe.v1,pair_contact_schema_v1,1.6375,655,contact.force_torque,rover_body,rigid_obstacle,moving_body,fixed_obstacle,ChBody,ChBody,body_a_body_b,body_a,0,0.36000,0.00000,0.30000,0.36000,0.00000,0.30000,0.36000,0.00000,0.30000,-1.00000,0.00000,0.00000,0.00000,1.00000,0.00000,0.00000,0.00000,1.00000,[-1 0 0; 0 1 0; 0 0 1],,,,,-0.00000,0.00000,0.00000,0.00000,0.00000,0.00000,0.00000,-0.00000,0.00000,0.00000,0.00000,0.00000,0.00000,0.00000,world,world,sum_over_filtered_pair,pair_contact_reporter_world,false,contact_material_nsc_demo,contact_material_nsc_demo,NSC,Bullet_or_fallback,body_pair:rover_body-rigid_obstacle,deterministic_contact_probe_pychrono_unavailable
collision_contact_component_demo,collision.contact_probe.v1,pair_contact_schema_v1,1.6400,656,contact.force_torque,rover_body,rigid_obstacle,moving_body,fixed_obstacle,ChBody,ChBody,body_a_body_b,body_a,0,0.36000,0.00000,0.30000,0.36000,0.00000,0.30000,0.36000,0.00000,0.30000,-1.00000,0.00000,0.00000,0.00000,1.00000,0.00000,0.00000,0.00000,1.00000,[-1 0 0; 0 1 0; 0 0 1],,,,,-0.00000,0.00000,0.00000,0.00000,0.00000,0.00000,0.00000,-0.00000,0.00000,0.00000,0.00000,0.00000,0.00000,0.00000,world,world,sum_over_filtered_pair,pair_contact_reporter_world,false,contact_material_nsc_demo,contact_material_nsc_demo,NSC,Bullet_or_fallback,body_pair:rover_body-rigid_obstacle,deterministic_contact_probe_pychrono_unavailable
collision_contact_component_demo,collision.contact_probe.v1,pair_contact_schema_v1,1.6425,657,contact.force_torque,rover_body,rigid_obstacle,moving_body,fixed_obstacle,ChBody,ChBody,body_a_body_b,body_a,0,0.36000,0.00000,0.30000,0.36000,0.00000,0.30000,0.36000,0.00000,0.30000,-1.00000,0.00000,0.00000,0.00000,1.00000,0.00000,0.00000,0.00000,1.00000,[-1 0 0; 0 1 0; 0 0 1],,,,,-0.00000,0.00000,0.00000,0.00000,0.00000,0.00000,0.00000,-0.00000,0.00000,0.00000,0.00000,0.00000,0.00000,0.00000,world,world,sum_over_filtered_pair,pair_contact_reporter_world,false,contact_material_nsc_demo,contact_material_nsc_demo,NSC,Bullet_or_fallback,body_pair:rover_body-rigid_obstacle,deterministic_contact_probe_pychrono_unavailable
collision_contact_component_demo,collision.contact_probe.v1,pair_contact_schema_v1,1.6450,658,contact.force_torque,rover_body,rigid_obstacle,moving_body,fixed_obstacle,ChBody,ChBody,body_a_body_b,body_a,0,0.36000,0.00000,0.30000,0.36000,0.00000,0.30000,0.36000,0.00000,0.30000,-1.00000,0.00000,0.00000,0.00000,1.00000,0.00000,0.00000,0.00000,1.00000,[-1 0 0; 0 1 0; 0 0 1],,,,,-0.00000,0.00000,0.00000,0.00000,0.00000,0.00000,0.00000,-0.00000,0.00000,0.00000,0.00000,0.00000,0.00000,0.00000,world,world,sum_over_filtered_pair,pair_contact_reporter_world,false,contact_material_nsc_demo,contact_material_nsc_demo,NSC,Bullet_or_fallback,body_pair:rover_body-rigid_obstacle,deterministic_contact_probe_pychrono_unavailable
collision_contact_component_demo,collision.contact_probe.v1,pair_contact_schema_v1,1.6475,659,contact.force_torque,rover_body,rigid_obstacle,moving_body,fixed_obstacle,ChBody,ChBody,body_a_body_b,body_a,0,0.36000,0.00000,0.30000,0.36000,0.00000,0.30000,0.36000,0.00000,0.30000,-1.00000,0.00000,0.00000,0.00000,1.00000,0.00000,0.00000,0.00000,1.00000,[-1 0 0; 0 1 0; 0 0 1],,,,,-0.00000,0.00000,0.00000,0.00000,0.00000,0.00000,0.00000,-0.00000,0.00000,0.00000,0.00000,0.00000,0.00000,0.00000,world,world,sum_over_filtered_pair,pair_contact_reporter_world,false,contact_material_nsc_demo,contact_material_nsc_demo,NSC,Bullet_or_fallback,body_pair:rover_body-rigid_obstacle,deterministic_contact_probe_pychrono_unavailable
collision_contact_component_demo,collision.contact_probe.v1,pair_contact_schema_v1,1.6500,660,contact.force_torque,rover_body,rigid_obstacle,moving_body,fixed_obstacle,ChBody,ChBody,body_a_body_b,body_a,0,0.36000,0.00000,0.30000,0.36000,0.00000,0.30000,0.36000,0.00000,0.30000,-1.00000,0.00000,0.00000,0.00000,1.00000,0.00000,0.00000,0.00000,1.00000,[-1 0 0; 0 1 0; 0 0 1],,,,,-0.00000,0.00000,0.00000,0.00000,0.00000,0.00000,0.00000,-0.00000,0.00000,0.00000,0.00000,0.00000,0.00000,0.00000,world,world,sum_over_filtered_pair,pair_contact_reporter_world,false,contact_material_nsc_demo,contact_material_nsc_demo,NSC,Bullet_or_fallback,body_pair:rover_body-rigid_obstacle,deterministic_contact_probe_pychrono_unavailable
collision_contact_component_demo,collision.contact_probe.v1,pair_contact_schema_v1,1.6525,661,contact.force_torque,rover_body,rigid_obstacle,moving_body,fixed_obstacle,ChBody,ChBody,body_a_body_b,body_a,0,0.36000,0.00000,0.30000,0.36000,0.00000,0.30000,0.36000,0.00000,0.30000,-1.00000,0.00000,0.00000,0.00000,1.00000,0.00000,0.00000,0.00000,1.00000,[-1 0 0; 0 1 0; 0 0 1],,,,,-0.00000,0.00000,0.00000,0.00000,0.00000,0.00000,0.00000,-0.00000,0.00000,0.00000,0.00000,0.00000,0.00000,0.00000,world,world,sum_over_filtered_pair,pair_contact_reporter_world,false,contact_material_nsc_demo,contact_material_nsc_demo,NSC,Bullet_or_fallback,body_pair:rover_body-rigid_obstacle,deterministic_contact_probe_pychrono_unavailable
collision_contact_component_demo,collision.contact_probe.v1,pair_contact_schema_v1,1.6550,662,contact.force_torque,rover_body,rigid_obstacle,moving_body,fixed_obstacle,ChBody,ChBody,body_a_body_b,body_a,0,0.36000,0.00000,0.30000,0.36000,0.00000,0.30000,0.36000,0.00000,0.30000,-1.00000,0.00000,0.00000,0.00000,1.00000,0.00000,0.00000,0.00000,1.00000,[-1 0 0; 0 1 0; 0 0 1],,,,,-0.00000,0.00000,0.00000,0.00000,0.00000,0.00000,0.00000,-0.00000,0.00000,0.00000,0.00000,0.00000,0.00000,0.00000,world,world,sum_over_filtered_pair,pair_contact_reporter_world,false,contact_material_nsc_demo,contact_material_nsc_demo,NSC,Bullet_or_fallback,body_pair:rover_body-rigid_obstacle,deterministic_contact_probe_pychrono_unavailable
collision_contact_component_demo,collision.contact_probe.v1,pair_contact_schema_v1,1.6575,663,contact.force_torque,rover_body,rigid_obstacle,moving_body,fixed_obstacle,ChBody,ChBody,body_a_body_b,body_a,0,0.36000,0.00000,0.30000,0.36000,0.00000,0.30000,0.36000,0.00000,0.30000,-1.00000,0.00000,0.00000,0.00000,1.00000,0.00000,0.00000,0.00000,1.00000,[-1 0 0; 0 1 0; 0 0 1],,,,,-0.00000,0.00000,0.00000,0.00000,0.00000,0.00000,0.00000,-0.00000,0.00000,0.00000,0.00000,0.00000,0.00000,0.00000,world,world,sum_over_filtered_pair,pair_contact_reporter_world,false,contact_material_nsc_demo,contact_material_nsc_demo,NSC,Bullet_or_fallback,body_pair:rover_body-rigid_obstacle,deterministic_contact_probe_pychrono_unavailable
collision_contact_component_demo,collision.contact_probe.v1,pair_contact_schema_v1,1.6600,664,contact.force_torque,rover_body,rigid_obstacle,moving_body,fixed_obstacle,ChBody,ChBody,body_a_body_b,body_a,0,0.36000,0.00000,0.30000,0.36000,0.00000,0.30000,0.36000,0.00000,0.30000,-1.00000,0.00000,0.00000,0.00000,1.00000,0.00000,0.00000,0.00000,1.00000,[-1 0 0; 0 1 0; 0 0 1],,,,,-0.00000,0.00000,0.00000,0.00000,0.00000,0.00000,0.00000,-0.00000,0.00000,0.00000,0.00000,0.00000,0.00000,0.00000,world,world,sum_over_filtered_pair,pair_contact_reporter_world,false,contact_material_nsc_demo,contact_material_nsc_demo,NSC,Bullet_or_fallback,body_pair:rover_body-rigid_obstacle,deterministic_contact_probe_pychrono_unavailable
collision_contact_component_demo,collision.contact_probe.v1,pair_contact_schema_v1,1.6625,665,contact.force_torque,rover_body,rigid_obstacle,moving_body,fixed_obstacle,ChBody,ChBody,body_a_body_b,body_a,0,0.36000,0.00000,0.30000,0.36000,0.00000,0.30000,0.36000,0.00000,0.30000,-1.00000,0.00000,0.00000,0.00000,1.00000,0.00000,0.00000,0.00000,1.00000,[-1 0 0; 0 1 0; 0 0 1],,,,,-0.00000,0.00000,0.00000,0.00000,0.00000,0.00000,0.00000,-0.00000,0.00000,0.00000,0.00000,0.00000,0.00000,0.00000,world,world,sum_over_filtered_pair,pair_contact_reporter_world,false,contact_material_nsc_demo,contact_material_nsc_demo,NSC,Bullet_or_fallback,body_pair:rover_body-rigid_obstacle,deterministic_contact_probe_pychrono_unavailable
collision_contact_component_demo,collision.contact_probe.v1,pair_contact_schema_v1,1.6650,666,contact.force_torque,rover_body,rigid_obstacle,moving_body,fixed_obstacle,ChBody,ChBody,body_a_body_b,body_a,0,0.36000,0.00000,0.30000,0.36000,0.00000,0.30000,0.36000,0.00000,0.30000,-1.00000,0.00000,0.00000,0.00000,1.00000,0.00000,0.00000,0.00000,1.00000,[-1 0 0; 0 1 0; 0 0 1],,,,,-0.00000,0.00000,0.00000,0.00000,0.00000,0.00000,0.00000,-0.00000,0.00000,0.00000,0.00000,0.00000,0.00000,0.00000,world,world,sum_over_filtered_pair,pair_contact_reporter_world,false,contact_material_nsc_demo,contact_material_nsc_demo,NSC,Bullet_or_fallback,body_pair:rover_body-rigid_obstacle,deterministic_contact_probe_pychrono_unavailable
collision_contact_component_demo,collision.contact_probe.v1,pair_contact_schema_v1,1.6675,667,contact.force_torque,rover_body,rigid_obstacle,moving_body,fixed_obstacle,ChBody,ChBody,body_a_body_b,body_a,0,0.36000,0.00000,0.30000,0.36000,0.00000,0.30000,0.36000,0.00000,0.30000,-1.00000,0.00000,0.00000,0.00000,1.00000,0.00000,0.00000,0.00000,1.00000,[-1 0 0; 0 1 0; 0 0 1],,,,,-0.00000,0.00000,0.00000,0.00000,0.00000,0.00000,0.00000,-0.00000,0.00000,0.00000,0.00000,0.00000,0.00000,0.00000,world,world,sum_over_filtered_pair,pair_contact_reporter_world,false,contact_material_nsc_demo,contact_material_nsc_demo,NSC,Bullet_or_fallback,body_pair:rover_body-rigid_obstacle,deterministic_contact_probe_pychrono_unavailable
collision_contact_component_demo,collision.contact_probe.v1,pair_contact_schema_v1,1.6700,668,contact.force_torque,rover_body,rigid_obstacle,moving_body,fixed_obstacle,ChBody,ChBody,body_a_body_b,body_a,0,0.36000,0.00000,0.30000,0.36000,0.00000,0.30000,0.36000,0.00000,0.30000,-1.00000,0.00000,0.00000,0.00000,1.00000,0.00000,0.00000,0.00000,1.00000,[-1 0 0; 0 1 0; 0 0 1],,,,,-0.00000,0.00000,0.00000,0.00000,0.00000,0.00000,0.00000,-0.00000,0.00000,0.00000,0.00000,0.00000,0.00000,0.00000,world,world,sum_over_filtered_pair,pair_contact_reporter_world,false,contact_material_nsc_demo,contact_material_nsc_demo,NSC,Bullet_or_fallback,body_pair:rover_body-rigid_obstacle,deterministic_contact_probe_pychrono_unavailable
collision_contact_component_demo,collision.contact_probe.v1,pair_contact_schema_v1,1.6725,669,contact.force_torque,rover_body,rigid_obstacle,moving_body,fixed_obstacle,ChBody,ChBody,body_a_body_b,body_a,0,0.36000,0.00000,0.30000,0.36000,0.00000,0.30000,0.36000,0.00000,0.30000,-1.00000,0.00000,0.00000,0.00000,1.00000,0.00000,0.00000,0.00000,1.00000,[-1 0 0; 0 1 0; 0 0 1],,,,,-0.00000,0.00000,0.00000,0.00000,0.00000,0.00000,0.00000,-0.00000,0.00000,0.00000,0.00000,0.00000,0.00000,0.00000,world,world,sum_over_filtered_pair,pair_contact_reporter_world,false,contact_material_nsc_demo,contact_material_nsc_demo,NSC,Bullet_or_fallback,body_pair:rover_body-rigid_obstacle,deterministic_contact_probe_pychrono_unavailable
collision_contact_component_demo,collision.contact_probe.v1,pair_contact_schema_v1,1.6750,670,contact.force_torque,rover_body,rigid_obstacle,moving_body,fixed_obstacle,ChBody,ChBody,body_a_body_b,body_a,0,0.36000,0.00000,0.30000,0.36000,0.00000,0.30000,0.36000,0.00000,0.30000,-1.00000,0.00000,0.00000,0.00000,1.00000,0.00000,0.00000,0.00000,1.00000,[-1 0 0; 0 1 0; 0 0 1],,,,,-0.00000,0.00000,0.00000,0.00000,0.00000,0.00000,0.00000,-0.00000,0.00000,0.00000,0.00000,0.00000,0.00000,0.00000,world,world,sum_over_filtered_pair,pair_contact_reporter_world,false,contact_material_nsc_demo,contact_material_nsc_demo,NSC,Bullet_or_fallback,body_pair:rover_body-rigid_obstacle,deterministic_contact_probe_pychrono_unavailable
collision_contact_component_demo,collision.contact_probe.v1,pair_contact_schema_v1,1.6775,671,contact.force_torque,rover_body,rigid_obstacle,moving_body,fixed_obstacle,ChBody,ChBody,body_a_body_b,body_a,0,0.36000,0.00000,0.30000,0.36000,0.00000,0.30000,0.36000,0.00000,0.30000,-1.00000,0.00000,0.00000,0.00000,1.00000,0.00000,0.00000,0.00000,1.00000,[-1 0 0; 0 1 0; 0 0 1],,,,,-0.00000,0.00000,0.00000,0.00000,0.00000,0.00000,0.00000,-0.00000,0.00000,0.00000,0.00000,0.00000,0.00000,0.00000,world,world,sum_over_filtered_pair,pair_contact_reporter_world,false,contact_material_nsc_demo,contact_material_nsc_demo,NSC,Bullet_or_fallback,body_pair:rover_body-rigid_obstacle,deterministic_contact_probe_pychrono_unavailable
collision_contact_component_demo,collision.contact_probe.v1,pair_contact_schema_v1,1.6800,672,contact.force_torque,rover_body,rigid_obstacle,moving_body,fixed_obstacle,ChBody,ChBody,body_a_body_b,body_a,0,0.36000,0.00000,0.30000,0.36000,0.00000,0.30000,0.36000,0.00000,0.30000,-1.00000,0.00000,0.00000,0.00000,1.00000,0.00000,0.00000,0.00000,1.00000,[-1 0 0; 0 1 0; 0 0 1],,,,,-0.00000,0.00000,0.00000,0.00000,0.00000,0.00000,0.00000,-0.00000,0.00000,0.00000,0.00000,0.00000,0.00000,0.00000,world,world,sum_over_filtered_pair,pair_contact_reporter_world,false,contact_material_nsc_demo,contact_material_nsc_demo,NSC,Bullet_or_fallback,body_pair:rover_body-rigid_obstacle,deterministic_contact_probe_pychrono_unavailable
collision_contact_component_demo,collision.contact_probe.v1,pair_contact_schema_v1,1.6825,673,contact.force_torque,rover_body,rigid_obstacle,moving_body,fixed_obstacle,ChBody,ChBody,body_a_body_b,body_a,0,0.36000,0.00000,0.30000,0.36000,0.00000,0.30000,0.36000,0.00000,0.30000,-1.00000,0.00000,0.00000,0.00000,1.00000,0.00000,0.00000,0.00000,1.00000,[-1 0 0; 0 1 0; 0 0 1],,,,,-0.00000,0.00000,0.00000,0.00000,0.00000,0.00000,0.00000,-0.00000,0.00000,0.00000,0.00000,0.00000,0.00000,0.00000,world,world,sum_over_filtered_pair,pair_contact_reporter_world,false,contact_material_nsc_demo,contact_material_nsc_demo,NSC,Bullet_or_fallback,body_pair:rover_body-rigid_obstacle,deterministic_contact_probe_pychrono_unavailable
collision_contact_component_demo,collision.contact_probe.v1,pair_contact_schema_v1,1.6850,674,contact.force_torque,rover_body,rigid_obstacle,moving_body,fixed_obstacle,ChBody,ChBody,body_a_body_b,body_a,0,0.36000,0.00000,0.30000,0.36000,0.00000,0.30000,0.36000,0.00000,0.30000,-1.00000,0.00000,0.00000,0.00000,1.00000,0.00000,0.00000,0.00000,1.00000,[-1 0 0; 0 1 0; 0 0 1],,,,,-0.00000,0.00000,0.00000,0.00000,0.00000,0.00000,0.00000,-0.00000,0.00000,0.00000,0.00000,0.00000,0.00000,0.00000,world,world,sum_over_filtered_pair,pair_contact_reporter_world,false,contact_material_nsc_demo,contact_material_nsc_demo,NSC,Bullet_or_fallback,body_pair:rover_body-rigid_obstacle,deterministic_contact_probe_pychrono_unavailable
collision_contact_component_demo,collision.contact_probe.v1,pair_contact_schema_v1,1.6875,675,contact.force_torque,rover_body,rigid_obstacle,moving_body,fixed_obstacle,ChBody,ChBody,body_a_body_b,body_a,0,0.36000,0.00000,0.30000,0.36000,0.00000,0.30000,0.36000,0.00000,0.30000,-1.00000,0.00000,0.00000,0.00000,1.00000,0.00000,0.00000,0.00000,1.00000,[-1 0 0; 0 1 0; 0 0 1],,,,,-0.00000,0.00000,0.00000,0.00000,0.00000,0.00000,0.00000,-0.00000,0.00000,0.00000,0.00000,0.00000,0.00000,0.00000,world,world,sum_over_filtered_pair,pair_contact_reporter_world,false,contact_material_nsc_demo,contact_material_nsc_demo,NSC,Bullet_or_fallback,body_pair:rover_body-rigid_obstacle,deterministic_contact_probe_pychrono_unavailable
collision_contact_component_demo,collision.contact_probe.v1,pair_contact_schema_v1,1.6900,676,contact.force_torque,rover_body,rigid_obstacle,moving_body,fixed_obstacle,ChBody,ChBody,body_a_body_b,body_a,0,0.36000,0.00000,0.30000,0.36000,0.00000,0.30000,0.36000,0.00000,0.30000,-1.00000,0.00000,0.00000,0.00000,1.00000,0.00000,0.00000,0.00000,1.00000,[-1 0 0; 0 1 0; 0 0 1],,,,,-0.00000,0.00000,0.00000,0.00000,0.00000,0.00000,0.00000,-0.00000,0.00000,0.00000,0.00000,0.00000,0.00000,0.00000,world,world,sum_over_filtered_pair,pair_contact_reporter_world,false,contact_material_nsc_demo,contact_material_nsc_demo,NSC,Bullet_or_fallback,body_pair:rover_body-rigid_obstacle,deterministic_contact_probe_pychrono_unavailable
collision_contact_component_demo,collision.contact_probe.v1,pair_contact_schema_v1,1.6925,677,contact.force_torque,rover_body,rigid_obstacle,moving_body,fixed_obstacle,ChBody,ChBody,body_a_body_b,body_a,0,0.36000,0.00000,0.30000,0.36000,0.00000,0.30000,0.36000,0.00000,0.30000,-1.00000,0.00000,0.00000,0.00000,1.00000,0.00000,0.00000,0.00000,1.00000,[-1 0 0; 0 1 0; 0 0 1],,,,,-0.00000,0.00000,0.00000,0.00000,0.00000,0.00000,0.00000,-0.00000,0.00000,0.00000,0.00000,0.00000,0.00000,0.00000,world,world,sum_over_filtered_pair,pair_contact_reporter_world,false,contact_material_nsc_demo,contact_material_nsc_demo,NSC,Bullet_or_fallback,body_pair:rover_body-rigid_obstacle,deterministic_contact_probe_pychrono_unavailable
collision_contact_component_demo,collision.contact_probe.v1,pair_contact_schema_v1,1.6950,678,contact.force_torque,rover_body,rigid_obstacle,moving_body,fixed_obstacle,ChBody,ChBody,body_a_body_b,body_a,0,0.36000,0.00000,0.30000,0.36000,0.00000,0.30000,0.36000,0.00000,0.30000,-1.00000,0.00000,0.00000,0.00000,1.00000,0.00000,0.00000,0.00000,1.00000,[-1 0 0; 0 1 0; 0 0 1],,,,,-0.00000,0.00000,0.00000,0.00000,0.00000,0.00000,0.00000,-0.00000,0.00000,0.00000,0.00000,0.00000,0.00000,0.00000,world,world,sum_over_filtered_pair,pair_contact_reporter_world,false,contact_material_nsc_demo,contact_material_nsc_demo,NSC,Bullet_or_fallback,body_pair:rover_body-rigid_obstacle,deterministic_contact_probe_pychrono_unavailable
collision_contact_component_demo,collision.contact_probe.v1,pair_contact_schema_v1,1.6975,679,contact.force_torque,rover_body,rigid_obstacle,moving_body,fixed_obstacle,ChBody,ChBody,body_a_body_b,body_a,0,0.36000,0.00000,0.30000,0.36000,0.00000,0.30000,0.36000,0.00000,0.30000,-1.00000,0.00000,0.00000,0.00000,1.00000,0.00000,0.00000,0.00000,1.00000,[-1 0 0; 0 1 0; 0 0 1],,,,,-0.00000,0.00000,0.00000,0.00000,0.00000,0.00000,0.00000,-0.00000,0.00000,0.00000,0.00000,0.00000,0.00000,0.00000,world,world,sum_over_filtered_pair,pair_contact_reporter_world,false,contact_material_nsc_demo,contact_material_nsc_demo,NSC,Bullet_or_fallback,body_pair:rover_body-rigid_obstacle,deterministic_contact_probe_pychrono_unavailable
collision_contact_component_demo,collision.contact_probe.v1,pair_contact_schema_v1,1.7000,680,contact.force_torque,rover_body,rigid_obstacle,moving_body,fixed_obstacle,ChBody,ChBody,body_a_body_b,body_a,0,0.36000,0.00000,0.30000,0.36000,0.00000,0.30000,0.36000,0.00000,0.30000,-1.00000,0.00000,0.00000,0.00000,1.00000,0.00000,0.00000,0.00000,1.00000,[-1 0 0; 0 1 0; 0 0 1],,,,,-0.00000,0.00000,0.00000,0.00000,0.00000,0.00000,0.00000,-0.00000,0.00000,0.00000,0.00000,0.00000,0.00000,0.00000,world,world,sum_over_filtered_pair,pair_contact_reporter_world,false,contact_material_nsc_demo,contact_material_nsc_demo,NSC,Bullet_or_fallback,body_pair:rover_body-rigid_obstacle,deterministic_contact_probe_pychrono_unavailable
collision_contact_component_demo,collision.contact_probe.v1,pair_contact_schema_v1,1.7025,681,contact.force_torque,rover_body,rigid_obstacle,moving_body,fixed_obstacle,ChBody,ChBody,body_a_body_b,body_a,0,0.36000,0.00000,0.30000,0.36000,0.00000,0.30000,0.36000,0.00000,0.30000,-1.00000,0.00000,0.00000,0.00000,1.00000,0.00000,0.00000,0.00000,1.00000,[-1 0 0; 0 1 0; 0 0 1],,,,,-0.00000,0.00000,0.00000,0.00000,0.00000,0.00000,0.00000,-0.00000,0.00000,0.00000,0.00000,0.00000,0.00000,0.00000,world,world,sum_over_filtered_pair,pair_contact_reporter_world,false,contact_material_nsc_demo,contact_material_nsc_demo,NSC,Bullet_or_fallback,body_pair:rover_body-rigid_obstacle,deterministic_contact_probe_pychrono_unavailable
collision_contact_component_demo,collision.contact_probe.v1,pair_contact_schema_v1,1.7050,682,contact.force_torque,rover_body,rigid_obstacle,moving_body,fixed_obstacle,ChBody,ChBody,body_a_body_b,body_a,0,0.36000,0.00000,0.30000,0.36000,0.00000,0.30000,0.36000,0.00000,0.30000,-1.00000,0.00000,0.00000,0.00000,1.00000,0.00000,0.00000,0.00000,1.00000,[-1 0 0; 0 1 0; 0 0 1],,,,,-0.00000,0.00000,0.00000,0.00000,0.00000,0.00000,0.00000,-0.00000,0.00000,0.00000,0.00000,0.00000,0.00000,0.00000,world,world,sum_over_filtered_pair,pair_contact_reporter_world,false,contact_material_nsc_demo,contact_material_nsc_demo,NSC,Bullet_or_fallback,body_pair:rover_body-rigid_obstacle,deterministic_contact_probe_pychrono_unavailable
collision_contact_component_demo,collision.contact_probe.v1,pair_contact_schema_v1,1.7075,683,contact.force_torque,rover_body,rigid_obstacle,moving_body,fixed_obstacle,ChBody,ChBody,body_a_body_b,body_a,0,0.36000,0.00000,0.30000,0.36000,0.00000,0.30000,0.36000,0.00000,0.30000,-1.00000,0.00000,0.00000,0.00000,1.00000,0.00000,0.00000,0.00000,1.00000,[-1 0 0; 0 1 0; 0 0 1],,,,,-0.00000,0.00000,0.00000,0.00000,0.00000,0.00000,0.00000,-0.00000,0.00000,0.00000,0.00000,0.00000,0.00000,0.00000,world,world,sum_over_filtered_pair,pair_contact_reporter_world,false,contact_material_nsc_demo,contact_material_nsc_demo,NSC,Bullet_or_fallback,body_pair:rover_body-rigid_obstacle,deterministic_contact_probe_pychrono_unavailable
collision_contact_component_demo,collision.contact_probe.v1,pair_contact_schema_v1,1.7100,684,contact.force_torque,rover_body,rigid_obstacle,moving_body,fixed_obstacle,ChBody,ChBody,body_a_body_b,body_a,0,0.36000,0.00000,0.30000,0.36000,0.00000,0.30000,0.36000,0.00000,0.30000,-1.00000,0.00000,0.00000,0.00000,1.00000,0.00000,0.00000,0.00000,1.00000,[-1 0 0; 0 1 0; 0 0 1],,,,,-0.00000,0.00000,0.00000,0.00000,0.00000,0.00000,0.00000,-0.00000,0.00000,0.00000,0.00000,0.00000,0.00000,0.00000,world,world,sum_over_filtered_pair,pair_contact_reporter_world,false,contact_material_nsc_demo,contact_material_nsc_demo,NSC,Bullet_or_fallback,body_pair:rover_body-rigid_obstacle,deterministic_contact_probe_pychrono_unavailable
collision_contact_component_demo,collision.contact_probe.v1,pair_contact_schema_v1,1.7125,685,contact.force_torque,rover_body,rigid_obstacle,moving_body,fixed_obstacle,ChBody,ChBody,body_a_body_b,body_a,0,0.36000,0.00000,0.30000,0.36000,0.00000,0.30000,0.36000,0.00000,0.30000,-1.00000,0.00000,0.00000,0.00000,1.00000,0.00000,0.00000,0.00000,1.00000,[-1 0 0; 0 1 0; 0 0 1],,,,,-0.00000,0.00000,0.00000,0.00000,0.00000,0.00000,0.00000,-0.00000,0.00000,0.00000,0.00000,0.00000,0.00000,0.00000,world,world,sum_over_filtered_pair,pair_contact_reporter_world,false,contact_material_nsc_demo,contact_material_nsc_demo,NSC,Bullet_or_fallback,body_pair:rover_body-rigid_obstacle,deterministic_contact_probe_pychrono_unavailable
collision_contact_component_demo,collision.contact_probe.v1,pair_contact_schema_v1,1.7150,686,contact.force_torque,rover_body,rigid_obstacle,moving_body,fixed_obstacle,ChBody,ChBody,body_a_body_b,body_a,0,0.36000,0.00000,0.30000,0.36000,0.00000,0.30000,0.36000,0.00000,0.30000,-1.00000,0.00000,0.00000,0.00000,1.00000,0.00000,0.00000,0.00000,1.00000,[-1 0 0; 0 1 0; 0 0 1],,,,,-0.00000,0.00000,0.00000,0.00000,0.00000,0.00000,0.00000,-0.00000,0.00000,0.00000,0.00000,0.00000,0.00000,0.00000,world,world,sum_over_filtered_pair,pair_contact_reporter_world,false,contact_material_nsc_demo,contact_material_nsc_demo,NSC,Bullet_or_fallback,body_pair:rover_body-rigid_obstacle,deterministic_contact_probe_pychrono_unavailable
collision_contact_component_demo,collision.contact_probe.v1,pair_contact_schema_v1,1.7175,687,contact.force_torque,rover_body,rigid_obstacle,moving_body,fixed_obstacle,ChBody,ChBody,body_a_body_b,body_a,0,0.36000,0.00000,0.30000,0.36000,0.00000,0.30000,0.36000,0.00000,0.30000,-1.00000,0.00000,0.00000,0.00000,1.00000,0.00000,0.00000,0.00000,1.00000,[-1 0 0; 0 1 0; 0 0 1],,,,,-0.00000,0.00000,0.00000,0.00000,0.00000,0.00000,0.00000,-0.00000,0.00000,0.00000,0.00000,0.00000,0.00000,0.00000,world,world,sum_over_filtered_pair,pair_contact_reporter_world,false,contact_material_nsc_demo,contact_material_nsc_demo,NSC,Bullet_or_fallback,body_pair:rover_body-rigid_obstacle,deterministic_contact_probe_pychrono_unavailable
collision_contact_component_demo,collision.contact_probe.v1,pair_contact_schema_v1,1.7200,688,contact.force_torque,rover_body,rigid_obstacle,moving_body,fixed_obstacle,ChBody,ChBody,body_a_body_b,body_a,0,0.36000,0.00000,0.30000,0.36000,0.00000,0.30000,0.36000,0.00000,0.30000,-1.00000,0.00000,0.00000,0.00000,1.00000,0.00000,0.00000,0.00000,1.00000,[-1 0 0; 0 1 0; 0 0 1],,,,,-0.00000,0.00000,0.00000,0.00000,0.00000,0.00000,0.00000,-0.00000,0.00000,0.00000,0.00000,0.00000,0.00000,0.00000,world,world,sum_over_filtered_pair,pair_contact_reporter_world,false,contact_material_nsc_demo,contact_material_nsc_demo,NSC,Bullet_or_fallback,body_pair:rover_body-rigid_obstacle,deterministic_contact_probe_pychrono_unavailable
collision_contact_component_demo,collision.contact_probe.v1,pair_contact_schema_v1,1.7225,689,contact.force_torque,rover_body,rigid_obstacle,moving_body,fixed_obstacle,ChBody,ChBody,body_a_body_b,body_a,0,0.36000,0.00000,0.30000,0.36000,0.00000,0.30000,0.36000,0.00000,0.30000,-1.00000,0.00000,0.00000,0.00000,1.00000,0.00000,0.00000,0.00000,1.00000,[-1 0 0; 0 1 0; 0 0 1],,,,,-0.00000,0.00000,0.00000,0.00000,0.00000,0.00000,0.00000,-0.00000,0.00000,0.00000,0.00000,0.00000,0.00000,0.00000,world,world,sum_over_filtered_pair,pair_contact_reporter_world,false,contact_material_nsc_demo,contact_material_nsc_demo,NSC,Bullet_or_fallback,body_pair:rover_body-rigid_obstacle,deterministic_contact_probe_pychrono_unavailable
collision_contact_component_demo,collision.contact_probe.v1,pair_contact_schema_v1,1.7250,690,contact.force_torque,rover_body,rigid_obstacle,moving_body,fixed_obstacle,ChBody,ChBody,body_a_body_b,body_a,0,0.36000,0.00000,0.30000,0.36000,0.00000,0.30000,0.36000,0.00000,0.30000,-1.00000,0.00000,0.00000,0.00000,1.00000,0.00000,0.00000,0.00000,1.00000,[-1 0 0; 0 1 0; 0 0 1],,,,,-0.00000,0.00000,0.00000,0.00000,0.00000,0.00000,0.00000,-0.00000,0.00000,0.00000,0.00000,0.00000,0.00000,0.00000,world,world,sum_over_filtered_pair,pair_contact_reporter_world,false,contact_material_nsc_demo,contact_material_nsc_demo,NSC,Bullet_or_fallback,body_pair:rover_body-rigid_obstacle,deterministic_contact_probe_pychrono_unavailable
collision_contact_component_demo,collision.contact_probe.v1,pair_contact_schema_v1,1.7275,691,contact.force_torque,rover_body,rigid_obstacle,moving_body,fixed_obstacle,ChBody,ChBody,body_a_body_b,body_a,0,0.36000,0.00000,0.30000,0.36000,0.00000,0.30000,0.36000,0.00000,0.30000,-1.00000,0.00000,0.00000,0.00000,1.00000,0.00000,0.00000,0.00000,1.00000,[-1 0 0; 0 1 0; 0 0 1],,,,,-0.00000,0.00000,0.00000,0.00000,0.00000,0.00000,0.00000,-0.00000,0.00000,0.00000,0.00000,0.00000,0.00000,0.00000,world,world,sum_over_filtered_pair,pair_contact_reporter_world,false,contact_material_nsc_demo,contact_material_nsc_demo,NSC,Bullet_or_fallback,body_pair:rover_body-rigid_obstacle,deterministic_contact_probe_pychrono_unavailable
collision_contact_component_demo,collision.contact_probe.v1,pair_contact_schema_v1,1.7300,692,contact.force_torque,rover_body,rigid_obstacle,moving_body,fixed_obstacle,ChBody,ChBody,body_a_body_b,body_a,0,0.36000,0.00000,0.30000,0.36000,0.00000,0.30000,0.36000,0.00000,0.30000,-1.00000,0.00000,0.00000,0.00000,1.00000,0.00000,0.00000,0.00000,1.00000,[-1 0 0; 0 1 0; 0 0 1],,,,,-0.00000,0.00000,0.00000,0.00000,0.00000,0.00000,0.00000,-0.00000,0.00000,0.00000,0.00000,0.00000,0.00000,0.00000,world,world,sum_over_filtered_pair,pair_contact_reporter_world,false,contact_material_nsc_demo,contact_material_nsc_demo,NSC,Bullet_or_fallback,body_pair:rover_body-rigid_obstacle,deterministic_contact_probe_pychrono_unavailable
collision_contact_component_demo,collision.contact_probe.v1,pair_contact_schema_v1,1.7325,693,contact.force_torque,rover_body,rigid_obstacle,moving_body,fixed_obstacle,ChBody,ChBody,body_a_body_b,body_a,0,0.36000,0.00000,0.30000,0.36000,0.00000,0.30000,0.36000,0.00000,0.30000,-1.00000,0.00000,0.00000,0.00000,1.00000,0.00000,0.00000,0.00000,1.00000,[-1 0 0; 0 1 0; 0 0 1],,,,,-0.00000,0.00000,0.00000,0.00000,0.00000,0.00000,0.00000,-0.00000,0.00000,0.00000,0.00000,0.00000,0.00000,0.00000,world,world,sum_over_filtered_pair,pair_contact_reporter_world,false,contact_material_nsc_demo,contact_material_nsc_demo,NSC,Bullet_or_fallback,body_pair:rover_body-rigid_obstacle,deterministic_contact_probe_pychrono_unavailable
collision_contact_component_demo,collision.contact_probe.v1,pair_contact_schema_v1,1.7350,694,contact.force_torque,rover_body,rigid_obstacle,moving_body,fixed_obstacle,ChBody,ChBody,body_a_body_b,body_a,0,0.36000,0.00000,0.30000,0.36000,0.00000,0.30000,0.36000,0.00000,0.30000,-1.00000,0.00000,0.00000,0.00000,1.00000,0.00000,0.00000,0.00000,1.00000,[-1 0 0; 0 1 0; 0 0 1],,,,,-0.00000,0.00000,0.00000,0.00000,0.00000,0.00000,0.00000,-0.00000,0.00000,0.00000,0.00000,0.00000,0.00000,0.00000,world,world,sum_over_filtered_pair,pair_contact_reporter_world,false,contact_material_nsc_demo,contact_material_nsc_demo,NSC,Bullet_or_fallback,body_pair:rover_body-rigid_obstacle,deterministic_contact_probe_pychrono_unavailable
collision_contact_component_demo,collision.contact_probe.v1,pair_contact_schema_v1,1.7375,695,contact.force_torque,rover_body,rigid_obstacle,moving_body,fixed_obstacle,ChBody,ChBody,body_a_body_b,body_a,0,0.36000,0.00000,0.30000,0.36000,0.00000,0.30000,0.36000,0.00000,0.30000,-1.00000,0.00000,0.00000,0.00000,1.00000,0.00000,0.00000,0.00000,1.00000,[-1 0 0; 0 1 0; 0 0 1],,,,,-0.00000,0.00000,0.00000,0.00000,0.00000,0.00000,0.00000,-0.00000,0.00000,0.00000,0.00000,0.00000,0.00000,0.00000,world,world,sum_over_filtered_pair,pair_contact_reporter_world,false,contact_material_nsc_demo,contact_material_nsc_demo,NSC,Bullet_or_fallback,body_pair:rover_body-rigid_obstacle,deterministic_contact_probe_pychrono_unavailable
collision_contact_component_demo,collision.contact_probe.v1,pair_contact_schema_v1,1.7400,696,contact.force_torque,rover_body,rigid_obstacle,moving_body,fixed_obstacle,ChBody,ChBody,body_a_body_b,body_a,0,0.36000,0.00000,0.30000,0.36000,0.00000,0.30000,0.36000,0.00000,0.30000,-1.00000,0.00000,0.00000,0.00000,1.00000,0.00000,0.00000,0.00000,1.00000,[-1 0 0; 0 1 0; 0 0 1],,,,,-0.00000,0.00000,0.00000,0.00000,0.00000,0.00000,0.00000,-0.00000,0.00000,0.00000,0.00000,0.00000,0.00000,0.00000,world,world,sum_over_filtered_pair,pair_contact_reporter_world,false,contact_material_nsc_demo,contact_material_nsc_demo,NSC,Bullet_or_fallback,body_pair:rover_body-rigid_obstacle,deterministic_contact_probe_pychrono_unavailable
collision_contact_component_demo,collision.contact_probe.v1,pair_contact_schema_v1,1.7425,697,contact.force_torque,rover_body,rigid_obstacle,moving_body,fixed_obstacle,ChBody,ChBody,body_a_body_b,body_a,0,0.36000,0.00000,0.30000,0.36000,0.00000,0.30000,0.36000,0.00000,0.30000,-1.00000,0.00000,0.00000,0.00000,1.00000,0.00000,0.00000,0.00000,1.00000,[-1 0 0; 0 1 0; 0 0 1],,,,,-0.00000,0.00000,0.00000,0.00000,0.00000,0.00000,0.00000,-0.00000,0.00000,0.00000,0.00000,0.00000,0.00000,0.00000,world,world,sum_over_filtered_pair,pair_contact_reporter_world,false,contact_material_nsc_demo,contact_material_nsc_demo,NSC,Bullet_or_fallback,body_pair:rover_body-rigid_obstacle,deterministic_contact_probe_pychrono_unavailable
collision_contact_component_demo,collision.contact_probe.v1,pair_contact_schema_v1,1.7450,698,contact.force_torque,rover_body,rigid_obstacle,moving_body,fixed_obstacle,ChBody,ChBody,body_a_body_b,body_a,0,0.36000,0.00000,0.30000,0.36000,0.00000,0.30000,0.36000,0.00000,0.30000,-1.00000,0.00000,0.00000,0.00000,1.00000,0.00000,0.00000,0.00000,1.00000,[-1 0 0; 0 1 0; 0 0 1],,,,,-0.00000,0.00000,0.00000,0.00000,0.00000,0.00000,0.00000,-0.00000,0.00000,0.00000,0.00000,0.00000,0.00000,0.00000,world,world,sum_over_filtered_pair,pair_contact_reporter_world,false,contact_material_nsc_demo,contact_material_nsc_demo,NSC,Bullet_or_fallback,body_pair:rover_body-rigid_obstacle,deterministic_contact_probe_pychrono_unavailable
collision_contact_component_demo,collision.contact_probe.v1,pair_contact_schema_v1,1.7475,699,contact.force_torque,rover_body,rigid_obstacle,moving_body,fixed_obstacle,ChBody,ChBody,body_a_body_b,body_a,0,0.36000,0.00000,0.30000,0.36000,0.00000,0.30000,0.36000,0.00000,0.30000,-1.00000,0.00000,0.00000,0.00000,1.00000,0.00000,0.00000,0.00000,1.00000,[-1 0 0; 0 1 0; 0 0 1],,,,,-0.00000,0.00000,0.00000,0.00000,0.00000,0.00000,0.00000,-0.00000,0.00000,0.00000,0.00000,0.00000,0.00000,0.00000,world,world,sum_over_filtered_pair,pair_contact_reporter_world,false,contact_material_nsc_demo,contact_material_nsc_demo,NSC,Bullet_or_fallback,body_pair:rover_body-rigid_obstacle,deterministic_contact_probe_pychrono_unavailable
collision_contact_component_demo,collision.contact_probe.v1,pair_contact_schema_v1,1.7500,700,contact.force_torque,rover_body,rigid_obstacle,moving_body,fixed_obstacle,ChBody,ChBody,body_a_body_b,body_a,0,0.36000,0.00000,0.30000,0.36000,0.00000,0.30000,0.36000,0.00000,0.30000,-1.00000,0.00000,0.00000,0.00000,1.00000,0.00000,0.00000,0.00000,1.00000,[-1 0 0; 0 1 0; 0 0 1],,,,,-0.00000,0.00000,0.00000,0.00000,0.00000,0.00000,0.00000,-0.00000,0.00000,0.00000,0.00000,0.00000,0.00000,0.00000,world,world,sum_over_filtered_pair,pair_contact_reporter_world,false,contact_material_nsc_demo,contact_material_nsc_demo,NSC,Bullet_or_fallback,body_pair:rover_body-rigid_obstacle,deterministic_contact_probe_pychrono_unavailable
collision_contact_component_demo,collision.contact_probe.v1,pair_contact_schema_v1,1.7525,701,contact.force_torque,rover_body,rigid_obstacle,moving_body,fixed_obstacle,ChBody,ChBody,body_a_body_b,body_a,0,0.36000,0.00000,0.30000,0.36000,0.00000,0.30000,0.36000,0.00000,0.30000,-1.00000,0.00000,0.00000,0.00000,1.00000,0.00000,0.00000,0.00000,1.00000,[-1 0 0; 0 1 0; 0 0 1],,,,,-0.00000,0.00000,0.00000,0.00000,0.00000,0.00000,0.00000,-0.00000,0.00000,0.00000,0.00000,0.00000,0.00000,0.00000,world,world,sum_over_filtered_pair,pair_contact_reporter_world,false,contact_material_nsc_demo,contact_material_nsc_demo,NSC,Bullet_or_fallback,body_pair:rover_body-rigid_obstacle,deterministic_contact_probe_pychrono_unavailable
collision_contact_component_demo,collision.contact_probe.v1,pair_contact_schema_v1,1.7550,702,contact.force_torque,rover_body,rigid_obstacle,moving_body,fixed_obstacle,ChBody,ChBody,body_a_body_b,body_a,0,0.36000,0.00000,0.30000,0.36000,0.00000,0.30000,0.36000,0.00000,0.30000,-1.00000,0.00000,0.00000,0.00000,1.00000,0.00000,0.00000,0.00000,1.00000,[-1 0 0; 0 1 0; 0 0 1],,,,,-0.00000,0.00000,0.00000,0.00000,0.00000,0.00000,0.00000,-0.00000,0.00000,0.00000,0.00000,0.00000,0.00000,0.00000,world,world,sum_over_filtered_pair,pair_contact_reporter_world,false,contact_material_nsc_demo,contact_material_nsc_demo,NSC,Bullet_or_fallback,body_pair:rover_body-rigid_obstacle,deterministic_contact_probe_pychrono_unavailable
collision_contact_component_demo,collision.contact_probe.v1,pair_contact_schema_v1,1.7575,703,contact.force_torque,rover_body,rigid_obstacle,moving_body,fixed_obstacle,ChBody,ChBody,body_a_body_b,body_a,0,0.36000,0.00000,0.30000,0.36000,0.00000,0.30000,0.36000,0.00000,0.30000,-1.00000,0.00000,0.00000,0.00000,1.00000,0.00000,0.00000,0.00000,1.00000,[-1 0 0; 0 1 0; 0 0 1],,,,,-0.00000,0.00000,0.00000,0.00000,0.00000,0.00000,0.00000,-0.00000,0.00000,0.00000,0.00000,0.00000,0.00000,0.00000,world,world,sum_over_filtered_pair,pair_contact_reporter_world,false,contact_material_nsc_demo,contact_material_nsc_demo,NSC,Bullet_or_fallback,body_pair:rover_body-rigid_obstacle,deterministic_contact_probe_pychrono_unavailable
collision_contact_component_demo,collision.contact_probe.v1,pair_contact_schema_v1,1.7600,704,contact.force_torque,rover_body,rigid_obstacle,moving_body,fixed_obstacle,ChBody,ChBody,body_a_body_b,body_a,0,0.36000,0.00000,0.30000,0.36000,0.00000,0.30000,0.36000,0.00000,0.30000,-1.00000,0.00000,0.00000,0.00000,1.00000,0.00000,0.00000,0.00000,1.00000,[-1 0 0; 0 1 0; 0 0 1],,,,,-0.00000,0.00000,0.00000,0.00000,0.00000,0.00000,0.00000,-0.00000,0.00000,0.00000,0.00000,0.00000,0.00000,0.00000,world,world,sum_over_filtered_pair,pair_contact_reporter_world,false,contact_material_nsc_demo,contact_material_nsc_demo,NSC,Bullet_or_fallback,body_pair:rover_body-rigid_obstacle,deterministic_contact_probe_pychrono_unavailable
collision_contact_component_demo,collision.contact_probe.v1,pair_contact_schema_v1,1.7625,705,contact.force_torque,rover_body,rigid_obstacle,moving_body,fixed_obstacle,ChBody,ChBody,body_a_body_b,body_a,0,0.36000,0.00000,0.30000,0.36000,0.00000,0.30000,0.36000,0.00000,0.30000,-1.00000,0.00000,0.00000,0.00000,1.00000,0.00000,0.00000,0.00000,1.00000,[-1 0 0; 0 1 0; 0 0 1],,,,,-0.00000,0.00000,0.00000,0.00000,0.00000,0.00000,0.00000,-0.00000,0.00000,0.00000,0.00000,0.00000,0.00000,0.00000,world,world,sum_over_filtered_pair,pair_contact_reporter_world,false,contact_material_nsc_demo,contact_material_nsc_demo,NSC,Bullet_or_fallback,body_pair:rover_body-rigid_obstacle,deterministic_contact_probe_pychrono_unavailable
collision_contact_component_demo,collision.contact_probe.v1,pair_contact_schema_v1,1.7650,706,contact.force_torque,rover_body,rigid_obstacle,moving_body,fixed_obstacle,ChBody,ChBody,body_a_body_b,body_a,0,0.36000,0.00000,0.30000,0.36000,0.00000,0.30000,0.36000,0.00000,0.30000,-1.00000,0.00000,0.00000,0.00000,1.00000,0.00000,0.00000,0.00000,1.00000,[-1 0 0; 0 1 0; 0 0 1],,,,,-0.00000,0.00000,0.00000,0.00000,0.00000,0.00000,0.00000,-0.00000,0.00000,0.00000,0.00000,0.00000,0.00000,0.00000,world,world,sum_over_filtered_pair,pair_contact_reporter_world,false,contact_material_nsc_demo,contact_material_nsc_demo,NSC,Bullet_or_fallback,body_pair:rover_body-rigid_obstacle,deterministic_contact_probe_pychrono_unavailable
collision_contact_component_demo,collision.contact_probe.v1,pair_contact_schema_v1,1.7675,707,contact.force_torque,rover_body,rigid_obstacle,moving_body,fixed_obstacle,ChBody,ChBody,body_a_body_b,body_a,0,0.36000,0.00000,0.30000,0.36000,0.00000,0.30000,0.36000,0.00000,0.30000,-1.00000,0.00000,0.00000,0.00000,1.00000,0.00000,0.00000,0.00000,1.00000,[-1 0 0; 0 1 0; 0 0 1],,,,,-0.00000,0.00000,0.00000,0.00000,0.00000,0.00000,0.00000,-0.00000,0.00000,0.00000,0.00000,0.00000,0.00000,0.00000,world,world,sum_over_filtered_pair,pair_contact_reporter_world,false,contact_material_nsc_demo,contact_material_nsc_demo,NSC,Bullet_or_fallback,body_pair:rover_body-rigid_obstacle,deterministic_contact_probe_pychrono_unavailable
collision_contact_component_demo,collision.contact_probe.v1,pair_contact_schema_v1,1.7700,708,contact.force_torque,rover_body,rigid_obstacle,moving_body,fixed_obstacle,ChBody,ChBody,body_a_body_b,body_a,0,0.36000,0.00000,0.30000,0.36000,0.00000,0.30000,0.36000,0.00000,0.30000,-1.00000,0.00000,0.00000,0.00000,1.00000,0.00000,0.00000,0.00000,1.00000,[-1 0 0; 0 1 0; 0 0 1],,,,,-0.00000,0.00000,0.00000,0.00000,0.00000,0.00000,0.00000,-0.00000,0.00000,0.00000,0.00000,0.00000,0.00000,0.00000,world,world,sum_over_filtered_pair,pair_contact_reporter_world,false,contact_material_nsc_demo,contact_material_nsc_demo,NSC,Bullet_or_fallback,body_pair:rover_body-rigid_obstacle,deterministic_contact_probe_pychrono_unavailable
collision_contact_component_demo,collision.contact_probe.v1,pair_contact_schema_v1,1.7725,709,contact.force_torque,rover_body,rigid_obstacle,moving_body,fixed_obstacle,ChBody,ChBody,body_a_body_b,body_a,0,0.36000,0.00000,0.30000,0.36000,0.00000,0.30000,0.36000,0.00000,0.30000,-1.00000,0.00000,0.00000,0.00000,1.00000,0.00000,0.00000,0.00000,1.00000,[-1 0 0; 0 1 0; 0 0 1],,,,,-0.00000,0.00000,0.00000,0.00000,0.00000,0.00000,0.00000,-0.00000,0.00000,0.00000,0.00000,0.00000,0.00000,0.00000,world,world,sum_over_filtered_pair,pair_contact_reporter_world,false,contact_material_nsc_demo,contact_material_nsc_demo,NSC,Bullet_or_fallback,body_pair:rover_body-rigid_obstacle,deterministic_contact_probe_pychrono_unavailable
collision_contact_component_demo,collision.contact_probe.v1,pair_contact_schema_v1,1.7750,710,contact.force_torque,rover_body,rigid_obstacle,moving_body,fixed_obstacle,ChBody,ChBody,body_a_body_b,body_a,0,0.36000,0.00000,0.30000,0.36000,0.00000,0.30000,0.36000,0.00000,0.30000,-1.00000,0.00000,0.00000,0.00000,1.00000,0.00000,0.00000,0.00000,1.00000,[-1 0 0; 0 1 0; 0 0 1],,,,,-0.00000,0.00000,0.00000,0.00000,0.00000,0.00000,0.00000,-0.00000,0.00000,0.00000,0.00000,0.00000,0.00000,0.00000,world,world,sum_over_filtered_pair,pair_contact_reporter_world,false,contact_material_nsc_demo,contact_material_nsc_demo,NSC,Bullet_or_fallback,body_pair:rover_body-rigid_obstacle,deterministic_contact_probe_pychrono_unavailable
collision_contact_component_demo,collision.contact_probe.v1,pair_contact_schema_v1,1.7775,711,contact.force_torque,rover_body,rigid_obstacle,moving_body,fixed_obstacle,ChBody,ChBody,body_a_body_b,body_a,0,0.36000,0.00000,0.30000,0.36000,0.00000,0.30000,0.36000,0.00000,0.30000,-1.00000,0.00000,0.00000,0.00000,1.00000,0.00000,0.00000,0.00000,1.00000,[-1 0 0; 0 1 0; 0 0 1],,,,,-0.00000,0.00000,0.00000,0.00000,0.00000,0.00000,0.00000,-0.00000,0.00000,0.00000,0.00000,0.00000,0.00000,0.00000,world,world,sum_over_filtered_pair,pair_contact_reporter_world,false,contact_material_nsc_demo,contact_material_nsc_demo,NSC,Bullet_or_fallback,body_pair:rover_body-rigid_obstacle,deterministic_contact_probe_pychrono_unavailable
collision_contact_component_demo,collision.contact_probe.v1,pair_contact_schema_v1,1.7800,712,contact.force_torque,rover_body,rigid_obstacle,moving_body,fixed_obstacle,ChBody,ChBody,body_a_body_b,body_a,0,0.36000,0.00000,0.30000,0.36000,0.00000,0.30000,0.36000,0.00000,0.30000,-1.00000,0.00000,0.00000,0.00000,1.00000,0.00000,0.00000,0.00000,1.00000,[-1 0 0; 0 1 0; 0 0 1],,,,,-0.00000,0.00000,0.00000,0.00000,0.00000,0.00000,0.00000,-0.00000,0.00000,0.00000,0.00000,0.00000,0.00000,0.00000,world,world,sum_over_filtered_pair,pair_contact_reporter_world,false,contact_material_nsc_demo,contact_material_nsc_demo,NSC,Bullet_or_fallback,body_pair:rover_body-rigid_obstacle,deterministic_contact_probe_pychrono_unavailable
collision_contact_component_demo,collision.contact_probe.v1,pair_contact_schema_v1,1.7825,713,contact.force_torque,rover_body,rigid_obstacle,moving_body,fixed_obstacle,ChBody,ChBody,body_a_body_b,body_a,0,0.36000,0.00000,0.30000,0.36000,0.00000,0.30000,0.36000,0.00000,0.30000,-1.00000,0.00000,0.00000,0.00000,1.00000,0.00000,0.00000,0.00000,1.00000,[-1 0 0; 0 1 0; 0 0 1],,,,,-0.00000,0.00000,0.00000,0.00000,0.00000,0.00000,0.00000,-0.00000,0.00000,0.00000,0.00000,0.00000,0.00000,0.00000,world,world,sum_over_filtered_pair,pair_contact_reporter_world,false,contact_material_nsc_demo,contact_material_nsc_demo,NSC,Bullet_or_fallback,body_pair:rover_body-rigid_obstacle,deterministic_contact_probe_pychrono_unavailable
collision_contact_component_demo,collision.contact_probe.v1,pair_contact_schema_v1,1.7850,714,contact.force_torque,rover_body,rigid_obstacle,moving_body,fixed_obstacle,ChBody,ChBody,body_a_body_b,body_a,0,0.36000,0.00000,0.30000,0.36000,0.00000,0.30000,0.36000,0.00000,0.30000,-1.00000,0.00000,0.00000,0.00000,1.00000,0.00000,0.00000,0.00000,1.00000,[-1 0 0; 0 1 0; 0 0 1],,,,,-0.00000,0.00000,0.00000,0.00000,0.00000,0.00000,0.00000,-0.00000,0.00000,0.00000,0.00000,0.00000,0.00000,0.00000,world,world,sum_over_filtered_pair,pair_contact_reporter_world,false,contact_material_nsc_demo,contact_material_nsc_demo,NSC,Bullet_or_fallback,body_pair:rover_body-rigid_obstacle,deterministic_contact_probe_pychrono_unavailable
collision_contact_component_demo,collision.contact_probe.v1,pair_contact_schema_v1,1.7875,715,contact.force_torque,rover_body,rigid_obstacle,moving_body,fixed_obstacle,ChBody,ChBody,body_a_body_b,body_a,0,0.36000,0.00000,0.30000,0.36000,0.00000,0.30000,0.36000,0.00000,0.30000,-1.00000,0.00000,0.00000,0.00000,1.00000,0.00000,0.00000,0.00000,1.00000,[-1 0 0; 0 1 0; 0 0 1],,,,,-0.00000,0.00000,0.00000,0.00000,0.00000,0.00000,0.00000,-0.00000,0.00000,0.00000,0.00000,0.00000,0.00000,0.00000,world,world,sum_over_filtered_pair,pair_contact_reporter_world,false,contact_material_nsc_demo,contact_material_nsc_demo,NSC,Bullet_or_fallback,body_pair:rover_body-rigid_obstacle,deterministic_contact_probe_pychrono_unavailable
collision_contact_component_demo,collision.contact_probe.v1,pair_contact_schema_v1,1.7900,716,contact.force_torque,rover_body,rigid_obstacle,moving_body,fixed_obstacle,ChBody,ChBody,body_a_body_b,body_a,0,0.36000,0.00000,0.30000,0.36000,0.00000,0.30000,0.36000,0.00000,0.30000,-1.00000,0.00000,0.00000,0.00000,1.00000,0.00000,0.00000,0.00000,1.00000,[-1 0 0; 0 1 0; 0 0 1],,,,,-0.00000,0.00000,0.00000,0.00000,0.00000,0.00000,0.00000,-0.00000,0.00000,0.00000,0.00000,0.00000,0.00000,0.00000,world,world,sum_over_filtered_pair,pair_contact_reporter_world,false,contact_material_nsc_demo,contact_material_nsc_demo,NSC,Bullet_or_fallback,body_pair:rover_body-rigid_obstacle,deterministic_contact_probe_pychrono_unavailable
collision_contact_component_demo,collision.contact_probe.v1,pair_contact_schema_v1,1.7925,717,contact.force_torque,rover_body,rigid_obstacle,moving_body,fixed_obstacle,ChBody,ChBody,body_a_body_b,body_a,0,0.36000,0.00000,0.30000,0.36000,0.00000,0.30000,0.36000,0.00000,0.30000,-1.00000,0.00000,0.00000,0.00000,1.00000,0.00000,0.00000,0.00000,1.00000,[-1 0 0; 0 1 0; 0 0 1],,,,,-0.00000,0.00000,0.00000,0.00000,0.00000,0.00000,0.00000,-0.00000,0.00000,0.00000,0.00000,0.00000,0.00000,0.00000,world,world,sum_over_filtered_pair,pair_contact_reporter_world,false,contact_material_nsc_demo,contact_material_nsc_demo,NSC,Bullet_or_fallback,body_pair:rover_body-rigid_obstacle,deterministic_contact_probe_pychrono_unavailable
collision_contact_component_demo,collision.contact_probe.v1,pair_contact_schema_v1,1.7950,718,contact.force_torque,rover_body,rigid_obstacle,moving_body,fixed_obstacle,ChBody,ChBody,body_a_body_b,body_a,0,0.36000,0.00000,0.30000,0.36000,0.00000,0.30000,0.36000,0.00000,0.30000,-1.00000,0.00000,0.00000,0.00000,1.00000,0.00000,0.00000,0.00000,1.00000,[-1 0 0; 0 1 0; 0 0 1],,,,,-0.00000,0.00000,0.00000,0.00000,0.00000,0.00000,0.00000,-0.00000,0.00000,0.00000,0.00000,0.00000,0.00000,0.00000,world,world,sum_over_filtered_pair,pair_contact_reporter_world,false,contact_material_nsc_demo,contact_material_nsc_demo,NSC,Bullet_or_fallback,body_pair:rover_body-rigid_obstacle,deterministic_contact_probe_pychrono_unavailable
collision_contact_component_demo,collision.contact_probe.v1,pair_contact_schema_v1,1.7975,719,contact.force_torque,rover_body,rigid_obstacle,moving_body,fixed_obstacle,ChBody,ChBody,body_a_body_b,body_a,0,0.36000,0.00000,0.30000,0.36000,0.00000,0.30000,0.36000,0.00000,0.30000,-1.00000,0.00000,0.00000,0.00000,1.00000,0.00000,0.00000,0.00000,1.00000,[-1 0 0; 0 1 0; 0 0 1],,,,,-0.00000,0.00000,0.00000,0.00000,0.00000,0.00000,0.00000,-0.00000,0.00000,0.00000,0.00000,0.00000,0.00000,0.00000,world,world,sum_over_filtered_pair,pair_contact_reporter_world,false,contact_material_nsc_demo,contact_material_nsc_demo,NSC,Bullet_or_fallback,body_pair:rover_body-rigid_obstacle,deterministic_contact_probe_pychrono_unavailable
collision_contact_component_demo,collision.contact_probe.v1,pair_contact_schema_v1,1.8000,720,contact.force_torque,rover_body,rigid_obstacle,moving_body,fixed_obstacle,ChBody,ChBody,body_a_body_b,body_a,0,0.36000,0.00000,0.30000,0.36000,0.00000,0.30000,0.36000,0.00000,0.30000,-1.00000,0.00000,0.00000,0.00000,1.00000,0.00000,0.00000,0.00000,1.00000,[-1 0 0; 0 1 0; 0 0 1],,,,,-0.00000,0.00000,0.00000,0.00000,0.00000,0.00000,0.00000,-0.00000,0.00000,0.00000,0.00000,0.00000,0.00000,0.00000,world,world,sum_over_filtered_pair,pair_contact_reporter_world,false,contact_material_nsc_demo,contact_material_nsc_demo,NSC,Bullet_or_fallback,body_pair:rover_body-rigid_obstacle,deterministic_contact_probe_pychrono_unavailable
