run_id,schema_id,scenario_id,sample_index,terrain_component_id,terrain_type,x_m,y_m,height_m,normal_x,normal_y,normal_z,terrain_mu_query,contact_material_mu,sinkage_m,estimated_friction,scm_sinkage_demo_m,source
environment_terrain_component_demo,terrain.surface_probe.v1,surface_probe_schema_v1,0,terrain.heightmap_mesh,analytic_heightmap_with_scm_sinkage,-3.000,-2.000,-0.07281,0.10696,-0.03601,0.99361,0.5680,0.5680,0.00000,0.5680,0.00000,fallback_pychrono_unavailable
environment_terrain_component_demo,terrain.surface_probe.v1,surface_probe_schema_v1,1,terrain.heightmap_mesh,analytic_heightmap_with_scm_sinkage,-3.000,-1.900,-0.06849,0.10061,-0.04979,0.99368,0.5711,0.5711,0.00000,0.5711,0.00000,fallback_pychrono_unavailable
environment_terrain_component_demo,terrain.surface_probe.v1,surface_probe_schema_v1,2,terrain.heightmap_mesh,analytic_heightmap_with_scm_sinkage,-3.000,-1.800,-0.06282,0.09230,-0.06261,0.99376,0.5751,0.5751,0.00000,0.5751,0.00000,fallback_pychrono_unavailable
environment_terrain_component_demo,terrain.surface_probe.v1,surface_probe_schema_v1,3,terrain.heightmap_mesh,analytic_heightmap_with_scm_sinkage,-3.000,-1.700,-0.05593,0.08217,-0.07420,0.99385,0.5801,0.5801,0.00000,0.5801,0.00000,fallback_pychrono_unavailable
environment_terrain_component_demo,terrain.surface_probe.v1,surface_probe_schema_v1,4,terrain.heightmap_mesh,analytic_heightmap_with_scm_sinkage,-3.000,-1.600,-0.04794,0.07044,-0.08434,0.99394,0.5858,0.5858,0.00000,0.5858,0.00000,fallback_pychrono_unavailable
environment_terrain_component_demo,terrain.surface_probe.v1,surface_probe_schema_v1,5,terrain.heightmap_mesh,analytic_heightmap_with_scm_sinkage,-3.000,-1.500,-0.03901,0.05733,-0.09283,0.99403,0.5921,0.5921,0.00000,0.5921,0.00000,fallback_pychrono_unavailable
environment_terrain_component_demo,terrain.surface_probe.v1,surface_probe_schema_v1,6,terrain.heightmap_mesh,analytic_heightmap_with_scm_sinkage,-3.000,-1.400,-0.02932,0.04309,-0.09951,0.99410,0.5991,0.5991,0.00000,0.5991,0.00000,fallback_pychrono_unavailable
environment_terrain_component_demo,terrain.surface_probe.v1,surface_probe_schema_v1,7,terrain.heightmap_mesh,analytic_heightmap_with_scm_sinkage,-3.000,-1.300,-0.01906,0.02801,-0.10423,0.99416,0.6064,0.6064,0.00000,0.6064,0.00000,fallback_pychrono_unavailable
environment_terrain_component_demo,terrain.surface_probe.v1,surface_probe_schema_v1,8,terrain.heightmap_mesh,analytic_heightmap_with_scm_sinkage,-3.000,-1.200,-0.00842,0.01238,-0.10692,0.99419,0.6140,0.6140,0.00000,0.6140,0.00000,fallback_pychrono_unavailable
environment_terrain_component_demo,terrain.surface_probe.v1,surface_probe_schema_v1,9,terrain.heightmap_mesh,analytic_heightmap_with_scm_sinkage,-3.000,-1.100,0.00238,-0.00350,-0.10751,0.99420,0.6183,0.6183,0.00001,0.6183,0.00001,fallback_pychrono_unavailable
environment_terrain_component_demo,terrain.surface_probe.v1,surface_probe_schema_v1,10,terrain.heightmap_mesh,analytic_heightmap_with_scm_sinkage,-3.000,-1.000,0.01313,-0.01930,-0.10599,0.99418,0.6106,0.6106,0.00001,0.6106,0.00001,fallback_pychrono_unavailable
environment_terrain_component_demo,terrain.surface_probe.v1,surface_probe_schema_v1,11,terrain.heightmap_mesh,analytic_heightmap_with_scm_sinkage,-3.000,-0.900,0.02363,-0.03473,-0.10240,0.99414,0.6031,0.6031,0.00002,0.6031,0.00002,fallback_pychrono_unavailable
environment_terrain_component_demo,terrain.surface_probe.v1,surface_probe_schema_v1,12,terrain.heightmap_mesh,analytic_heightmap_with_scm_sinkage,-3.000,-0.800,0.03367,-0.04948,-0.09680,0.99407,0.5960,0.5960,0.00003,0.5960,0.00003,fallback_pychrono_unavailable
environment_terrain_component_demo,terrain.surface_probe.v1,surface_probe_schema_v1,13,terrain.heightmap_mesh,analytic_heightmap_with_scm_sinkage,-3.000,-0.700,0.04304,-0.06325,-0.08931,0.99399,0.5893,0.5893,0.00004,0.5893,0.00004,fallback_pychrono_unavailable
environment_terrain_component_demo,terrain.surface_probe.v1,surface_probe_schema_v1,14,terrain.heightmap_mesh,analytic_heightmap_with_scm_sinkage,-3.000,-0.600,0.05158,-0.07579,-0.08007,0.99390,0.5832,0.5832,0.00006,0.5832,0.00006,fallback_pychrono_unavailable
environment_terrain_component_demo,terrain.surface_probe.v1,surface_probe_schema_v1,15,terrain.heightmap_mesh,analytic_heightmap_with_scm_sinkage,-3.000,-0.500,0.05910,-0.08684,-0.06926,0.99381,0.5778,0.5778,0.00008,0.5778,0.00008,fallback_pychrono_unavailable
environment_terrain_component_demo,terrain.surface_probe.v1,surface_probe_schema_v1,16,terrain.heightmap_mesh,analytic_heightmap_with_scm_sinkage,-3.000,-0.400,0.06547,-0.09619,-0.05711,0.99372,0.5732,0.5732,0.00011,0.5732,0.00011,fallback_pychrono_unavailable
environment_terrain_component_demo,terrain.surface_probe.v1,surface_probe_schema_v1,17,terrain.heightmap_mesh,analytic_heightmap_with_scm_sinkage,-3.000,-0.300,0.07056,-0.10365,-0.04383,0.99365,0.5696,0.5696,0.00013,0.5696,0.00013,fallback_pychrono_unavailable
environment_terrain_component_demo,terrain.surface_probe.v1,surface_probe_schema_v1,18,terrain.heightmap_mesh,analytic_heightmap_with_scm_sinkage,-3.000,-0.200,0.07427,-0.10909,-0.02971,0.99359,0.5670,0.5670,0.00015,0.5670,0.00015,fallback_pychrono_unavailable
environment_terrain_component_demo,terrain.surface_probe.v1,surface_probe_schema_v1,19,terrain.heightmap_mesh,analytic_heightmap_with_scm_sinkage,-3.000,-0.100,0.07652,-0.11240,-0.01500,0.99355,0.5653,0.5653,0.00017,0.5653,0.00017,fallback_pychrono_unavailable
environment_terrain_component_demo,terrain.surface_probe.v1,surface_probe_schema_v1,20,terrain.heightmap_mesh,analytic_heightmap_with_scm_sinkage,-3.000,0.000,0.07728,-0.11351,0.00000,0.99354,0.5648,0.5648,0.00017,0.5648,0.00017,fallback_pychrono_unavailable
environment_terrain_component_demo,terrain.surface_probe.v1,surface_probe_schema_v1,21,terrain.heightmap_mesh,analytic_heightmap_with_scm_sinkage,-3.000,0.100,0.07652,-0.11240,0.01500,0.99355,0.5653,0.5653,0.00017,0.5653,0.00017,fallback_pychrono_unavailable
environment_terrain_component_demo,terrain.surface_probe.v1,surface_probe_schema_v1,22,terrain.heightmap_mesh,analytic_heightmap_with_scm_sinkage,-3.000,0.200,0.07427,-0.10909,0.02971,0.99359,0.5670,0.5670,0.00015,0.5670,0.00015,fallback_pychrono_unavailable
environment_terrain_component_demo,terrain.surface_probe.v1,surface_probe_schema_v1,23,terrain.heightmap_mesh,analytic_heightmap_with_scm_sinkage,-3.000,0.300,0.07056,-0.10365,0.04383,0.99365,0.5696,0.5696,0.00013,0.5696,0.00013,fallback_pychrono_unavailable
environment_terrain_component_demo,terrain.surface_probe.v1,surface_probe_schema_v1,24,terrain.heightmap_mesh,analytic_heightmap_with_scm_sinkage,-3.000,0.400,0.06547,-0.09619,0.05711,0.99372,0.5732,0.5732,0.00011,0.5732,0.00011,fallback_pychrono_unavailable
environment_terrain_component_demo,terrain.surface_probe.v1,surface_probe_schema_v1,25,terrain.heightmap_mesh,analytic_heightmap_with_scm_sinkage,-3.000,0.500,0.05910,-0.08684,0.06926,0.99381,0.5778,0.5778,0.00008,0.5778,0.00008,fallback_pychrono_unavailable
environment_terrain_component_demo,terrain.surface_probe.v1,surface_probe_schema_v1,26,terrain.heightmap_mesh,analytic_heightmap_with_scm_sinkage,-3.000,0.600,0.05158,-0.07579,0.08007,0.99390,0.5832,0.5832,0.00006,0.5832,0.00006,fallback_pychrono_unavailable
environment_terrain_component_demo,terrain.surface_probe.v1,surface_probe_schema_v1,27,terrain.heightmap_mesh,analytic_heightmap_with_scm_sinkage,-3.000,0.700,0.04304,-0.06325,0.08931,0.99399,0.5893,0.5893,0.00004,0.5893,0.00004,fallback_pychrono_unavailable
environment_terrain_component_demo,terrain.surface_probe.v1,surface_probe_schema_v1,28,terrain.heightmap_mesh,analytic_heightmap_with_scm_sinkage,-3.000,0.800,0.03367,-0.04948,0.09680,0.99407,0.5960,0.5960,0.00003,0.5960,0.00003,fallback_pychrono_unavailable
environment_terrain_component_demo,terrain.surface_probe.v1,surface_probe_schema_v1,29,terrain.heightmap_mesh,analytic_heightmap_with_scm_sinkage,-3.000,0.900,0.02363,-0.03473,0.10240,0.99414,0.6031,0.6031,0.00002,0.6031,0.00002,fallback_pychrono_unavailable
environment_terrain_component_demo,terrain.surface_probe.v1,surface_probe_schema_v1,30,terrain.heightmap_mesh,analytic_heightmap_with_scm_sinkage,-3.000,1.000,0.01313,-0.01930,0.10599,0.99418,0.6106,0.6106,0.00001,0.6106,0.00001,fallback_pychrono_unavailable
environment_terrain_component_demo,terrain.surface_probe.v1,surface_probe_schema_v1,31,terrain.heightmap_mesh,analytic_heightmap_with_scm_sinkage,-3.000,1.100,0.00238,-0.00350,0.10751,0.99420,0.6183,0.6183,0.00001,0.6183,0.00001,fallback_pychrono_unavailable
environment_terrain_component_demo,terrain.surface_probe.v1,surface_probe_schema_v1,32,terrain.heightmap_mesh,analytic_heightmap_with_scm_sinkage,-3.000,1.200,-0.00842,0.01238,0.10692,0.99419,0.6140,0.6140,0.00000,0.6140,0.00000,fallback_pychrono_unavailable
environment_terrain_component_demo,terrain.surface_probe.v1,surface_probe_schema_v1,33,terrain.heightmap_mesh,analytic_heightmap_with_scm_sinkage,-3.000,1.300,-0.01906,0.02801,0.10423,0.99416,0.6064,0.6064,0.00000,0.6064,0.00000,fallback_pychrono_unavailable
environment_terrain_component_demo,terrain.surface_probe.v1,surface_probe_schema_v1,34,terrain.heightmap_mesh,analytic_heightmap_with_scm_sinkage,-3.000,1.400,-0.02932,0.04309,0.09951,0.99410,0.5991,0.5991,0.00000,0.5991,0.00000,fallback_pychrono_unavailable
environment_terrain_component_demo,terrain.surface_probe.v1,surface_probe_schema_v1,35,terrain.heightmap_mesh,analytic_heightmap_with_scm_sinkage,-3.000,1.500,-0.03901,0.05733,0.09283,0.99403,0.5921,0.5921,0.00000,0.5921,0.00000,fallback_pychrono_unavailable
environment_terrain_component_demo,terrain.surface_probe.v1,surface_probe_schema_v1,36,terrain.heightmap_mesh,analytic_heightmap_with_scm_sinkage,-3.000,1.600,-0.04794,0.07044,0.08434,0.99394,0.5858,0.5858,0.00000,0.5858,0.00000,fallback_pychrono_unavailable
environment_terrain_component_demo,terrain.surface_probe.v1,surface_probe_schema_v1,37,terrain.heightmap_mesh,analytic_heightmap_with_scm_sinkage,-3.000,1.700,-0.05593,0.08217,0.07420,0.99385,0.5801,0.5801,0.00000,0.5801,0.00000,fallback_pychrono_unavailable
environment_terrain_component_demo,terrain.surface_probe.v1,surface_probe_schema_v1,38,terrain.heightmap_mesh,analytic_heightmap_with_scm_sinkage,-3.000,1.800,-0.06282,0.09230,0.06261,0.99376,0.5751,0.5751,0.00000,0.5751,0.00000,fallback_pychrono_unavailable
environment_terrain_component_demo,terrain.surface_probe.v1,surface_probe_schema_v1,39,terrain.heightmap_mesh,analytic_heightmap_with_scm_sinkage,-3.000,1.900,-0.06849,0.10061,0.04979,0.99368,0.5711,0.5711,0.00000,0.5711,0.00000,fallback_pychrono_unavailable
environment_terrain_component_demo,terrain.surface_probe.v1,surface_probe_schema_v1,40,terrain.heightmap_mesh,analytic_heightmap_with_scm_sinkage,-3.000,2.000,-0.07281,0.10696,0.03601,0.99361,0.5680,0.5680,0.00000,0.5680,0.00000,fallback_pychrono_unavailable
environment_terrain_component_demo,terrain.surface_probe.v1,surface_probe_schema_v1,41,terrain.heightmap_mesh,analytic_heightmap_with_scm_sinkage,-2.900,-2.000,-0.08234,0.08209,-0.04081,0.99579,0.5612,0.5612,0.00000,0.5612,0.00000,fallback_pychrono_unavailable
environment_terrain_component_demo,terrain.surface_probe.v1,surface_probe_schema_v1,42,terrain.heightmap_mesh,analytic_heightmap_with_scm_sinkage,-2.900,-1.900,-0.07745,0.07719,-0.05641,0.99542,0.5647,0.5647,0.00000,0.5647,0.00000,fallback_pychrono_unavailable
environment_terrain_component_demo,terrain.surface_probe.v1,surface_probe_schema_v1,43,terrain.heightmap_mesh,analytic_heightmap_with_scm_sinkage,-2.900,-1.800,-0.07104,0.07077,-0.07089,0.99497,0.5693,0.5693,0.00000,0.5693,0.00000,fallback_pychrono_unavailable
environment_terrain_component_demo,terrain.surface_probe.v1,surface_probe_schema_v1,44,terrain.heightmap_mesh,analytic_heightmap_with_scm_sinkage,-2.900,-1.700,-0.06325,0.06297,-0.08396,0.99448,0.5748,0.5748,0.00000,0.5748,0.00000,fallback_pychrono_unavailable
environment_terrain_component_demo,terrain.surface_probe.v1,surface_probe_schema_v1,45,terrain.heightmap_mesh,analytic_heightmap_with_scm_sinkage,-2.900,-1.600,-0.05421,0.05395,-0.09538,0.99398,0.5813,0.5813,0.00000,0.5813,0.00000,fallback_pychrono_unavailable
environment_terrain_component_demo,terrain.surface_probe.v1,surface_probe_schema_v1,46,terrain.heightmap_mesh,analytic_heightmap_with_scm_sinkage,-2.900,-1.500,-0.04412,0.04389,-0.10493,0.99351,0.5885,0.5885,0.00000,0.5885,0.00000,fallback_pychrono_unavailable
environment_terrain_component_demo,terrain.surface_probe.v1,surface_probe_schema_v1,47,terrain.heightmap_mesh,analytic_heightmap_with_scm_sinkage,-2.900,-1.400,-0.03316,0.03297,-0.11242,0.99311,0.5963,0.5963,0.00000,0.5963,0.00000,fallback_pychrono_unavailable
environment_terrain_component_demo,terrain.surface_probe.v1,surface_probe_schema_v1,48,terrain.heightmap_mesh,analytic_heightmap_with_scm_sinkage,-2.900,-1.300,-0.02155,0.02142,-0.11772,0.99282,0.6046,0.6046,0.00000,0.6046,0.00000,fallback_pychrono_unavailable
environment_terrain_component_demo,terrain.surface_probe.v1,surface_probe_schema_v1,49,terrain.heightmap_mesh,analytic_heightmap_with_scm_sinkage,-2.900,-1.200,-0.00952,0.00947,-0.12072,0.99264,0.6132,0.6132,0.00000,0.6132,0.00000,fallback_pychrono_unavailable
environment_terrain_component_demo,terrain.surface_probe.v1,surface_probe_schema_v1,50,terrain.heightmap_mesh,analytic_heightmap_with_scm_sinkage,-2.900,-1.100,0.00269,-0.00267,-0.12138,0.99260,0.6181,0.6181,0.00001,0.6181,0.00001,fallback_pychrono_unavailable
environment_terrain_component_demo,terrain.surface_probe.v1,surface_probe_schema_v1,51,terrain.heightmap_mesh,analytic_heightmap_with_scm_sinkage,-2.900,-1.000,0.01485,-0.01476,-0.11969,0.99270,0.6094,0.6094,0.00002,0.6094,0.00002,fallback_pychrono_unavailable
environment_terrain_component_demo,terrain.surface_probe.v1,surface_probe_schema_v1,52,terrain.heightmap_mesh,analytic_heightmap_with_scm_sinkage,-2.900,-0.900,0.02673,-0.02657,-0.11566,0.99293,0.6009,0.6009,0.00003,0.6009,0.00003,fallback_pychrono_unavailable
environment_terrain_component_demo,terrain.surface_probe.v1,surface_probe_schema_v1,53,terrain.heightmap_mesh,analytic_heightmap_with_scm_sinkage,-2.900,-0.800,0.03807,-0.03786,-0.10938,0.99328,0.5928,0.5928,0.00004,0.5928,0.00004,fallback_pychrono_unavailable
environment_terrain_component_demo,terrain.surface_probe.v1,surface_probe_schema_v1,54,terrain.heightmap_mesh,analytic_heightmap_with_scm_sinkage,-2.900,-0.700,0.04868,-0.04843,-0.10097,0.99371,0.5852,0.5852,0.00007,0.5852,0.00007,fallback_pychrono_unavailable
environment_terrain_component_demo,terrain.surface_probe.v1,surface_probe_schema_v1,55,terrain.heightmap_mesh,analytic_heightmap_with_scm_sinkage,-2.900,-0.600,0.05833,-0.05806,-0.09058,0.99420,0.5783,0.5783,0.00009,0.5783,0.00009,fallback_pychrono_unavailable
environment_terrain_component_demo,terrain.surface_probe.v1,surface_probe_schema_v1,56,terrain.heightmap_mesh,analytic_heightmap_with_scm_sinkage,-2.900,-0.500,0.06684,-0.06657,-0.07840,0.99470,0.5723,0.5723,0.00013,0.5723,0.00013,fallback_pychrono_unavailable
environment_terrain_component_demo,terrain.surface_probe.v1,surface_probe_schema_v1,57,terrain.heightmap_mesh,analytic_heightmap_with_scm_sinkage,-2.900,-0.400,0.07404,-0.07377,-0.06468,0.99518,0.5671,0.5671,0.00017,0.5671,0.00017,fallback_pychrono_unavailable
environment_terrain_component_demo,terrain.surface_probe.v1,surface_probe_schema_v1,58,terrain.heightmap_mesh,analytic_heightmap_with_scm_sinkage,-2.900,-0.300,0.07980,-0.07954,-0.04967,0.99559,0.5630,0.5630,0.00020,0.5630,0.00020,fallback_pychrono_unavailable
environment_terrain_component_demo,terrain.surface_probe.v1,surface_probe_schema_v1,59,terrain.heightmap_mesh,analytic_heightmap_with_scm_sinkage,-2.900,-0.200,0.08399,-0.08375,-0.03367,0.99592,0.5600,0.5600,0.00024,0.5600,0.00024,fallback_pychrono_unavailable
environment_terrain_component_demo,terrain.surface_probe.v1,surface_probe_schema_v1,60,terrain.heightmap_mesh,analytic_heightmap_with_scm_sinkage,-2.900,-0.100,0.08654,-0.08630,-0.01701,0.99612,0.5582,0.5582,0.00026,0.5582,0.00026,fallback_pychrono_unavailable
environment_terrain_component_demo,terrain.surface_probe.v1,surface_probe_schema_v1,61,terrain.heightmap_mesh,analytic_heightmap_with_scm_sinkage,-2.900,0.000,0.08739,-0.08716,0.00000,0.99619,0.5576,0.5576,0.00026,0.5576,0.00026,fallback_pychrono_unavailable
environment_terrain_component_demo,terrain.surface_probe.v1,surface_probe_schema_v1,62,terrain.heightmap_mesh,analytic_heightmap_with_scm_sinkage,-2.900,0.100,0.08654,-0.08630,0.01701,0.99612,0.5582,0.5582,0.00026,0.5582,0.00026,fallback_pychrono_unavailable
environment_terrain_component_demo,terrain.surface_probe.v1,surface_probe_schema_v1,63,terrain.heightmap_mesh,analytic_heightmap_with_scm_sinkage,-2.900,0.200,0.08399,-0.08375,0.03367,0.99592,0.5600,0.5600,0.00024,0.5600,0.00024,fallback_pychrono_unavailable
environment_terrain_component_demo,terrain.surface_probe.v1,surface_probe_schema_v1,64,terrain.heightmap_mesh,analytic_heightmap_with_scm_sinkage,-2.900,0.300,0.07980,-0.07954,0.04967,0.99559,0.5630,0.5630,0.00020,0.5630,0.00020,fallback_pychrono_unavailable
environment_terrain_component_demo,terrain.surface_probe.v1,surface_probe_schema_v1,65,terrain.heightmap_mesh,analytic_heightmap_with_scm_sinkage,-2.900,0.400,0.07404,-0.07377,0.06468,0.99518,0.5671,0.5671,0.00017,0.5671,0.00017,fallback_pychrono_unavailable
environment_terrain_component_demo,terrain.surface_probe.v1,surface_probe_schema_v1,66,terrain.heightmap_mesh,analytic_heightmap_with_scm_sinkage,-2.900,0.500,0.06684,-0.06657,0.07840,0.99470,0.5723,0.5723,0.00013,0.5723,0.00013,fallback_pychrono_unavailable
environment_terrain_component_demo,terrain.surface_probe.v1,surface_probe_schema_v1,67,terrain.heightmap_mesh,analytic_heightmap_with_scm_sinkage,-2.900,0.600,0.05833,-0.05806,0.09058,0.99420,0.5783,0.5783,0.00009,0.5783,0.00009,fallback_pychrono_unavailable
environment_terrain_component_demo,terrain.surface_probe.v1,surface_probe_schema_v1,68,terrain.heightmap_mesh,analytic_heightmap_with_scm_sinkage,-2.900,0.700,0.04868,-0.04843,0.10097,0.99371,0.5852,0.5852,0.00007,0.5852,0.00007,fallback_pychrono_unavailable
environment_terrain_component_demo,terrain.surface_probe.v1,surface_probe_schema_v1,69,terrain.heightmap_mesh,analytic_heightmap_with_scm_sinkage,-2.900,0.800,0.03807,-0.03786,0.10938,0.99328,0.5928,0.5928,0.00004,0.5928,0.00004,fallback_pychrono_unavailable
environment_terrain_component_demo,terrain.surface_probe.v1,surface_probe_schema_v1,70,terrain.heightmap_mesh,analytic_heightmap_with_scm_sinkage,-2.900,0.900,0.02673,-0.02657,0.11566,0.99293,0.6009,0.6009,0.00003,0.6009,0.00003,fallback_pychrono_unavailable
environment_terrain_component_demo,terrain.surface_probe.v1,surface_probe_schema_v1,71,terrain.heightmap_mesh,analytic_heightmap_with_scm_sinkage,-2.900,1.000,0.01485,-0.01476,0.11969,0.99270,0.6094,0.6094,0.00002,0.6094,0.00002,fallback_pychrono_unavailable
environment_terrain_component_demo,terrain.surface_probe.v1,surface_probe_schema_v1,72,terrain.heightmap_mesh,analytic_heightmap_with_scm_sinkage,-2.900,1.100,0.00269,-0.00267,0.12138,0.99260,0.6181,0.6181,0.00001,0.6181,0.00001,fallback_pychrono_unavailable
environment_terrain_component_demo,terrain.surface_probe.v1,surface_probe_schema_v1,73,terrain.heightmap_mesh,analytic_heightmap_with_scm_sinkage,-2.900,1.200,-0.00952,0.00947,0.12072,0.99264,0.6132,0.6132,0.00000,0.6132,0.00000,fallback_pychrono_unavailable
environment_terrain_component_demo,terrain.surface_probe.v1,surface_probe_schema_v1,74,terrain.heightmap_mesh,analytic_heightmap_with_scm_sinkage,-2.900,1.300,-0.02155,0.02142,0.11772,0.99282,0.6046,0.6046,0.00000,0.6046,0.00000,fallback_pychrono_unavailable
environment_terrain_component_demo,terrain.surface_probe.v1,surface_probe_schema_v1,75,terrain.heightmap_mesh,analytic_heightmap_with_scm_sinkage,-2.900,1.400,-0.03316,0.03297,0.11242,0.99311,0.5963,0.5963,0.00000,0.5963,0.00000,fallback_pychrono_unavailable
environment_terrain_component_demo,terrain.surface_probe.v1,surface_probe_schema_v1,76,terrain.heightmap_mesh,analytic_heightmap_with_scm_sinkage,-2.900,1.500,-0.04412,0.04389,0.10493,0.99351,0.5885,0.5885,0.00000,0.5885,0.00000,fallback_pychrono_unavailable
environment_terrain_component_demo,terrain.surface_probe.v1,surface_probe_schema_v1,77,terrain.heightmap_mesh,analytic_heightmap_with_scm_sinkage,-2.900,1.600,-0.05421,0.05395,0.09538,0.99398,0.5813,0.5813,0.00000,0.5813,0.00000,fallback_pychrono_unavailable
environment_terrain_component_demo,terrain.surface_probe.v1,surface_probe_schema_v1,78,terrain.heightmap_mesh,analytic_heightmap_with_scm_sinkage,-2.900,1.700,-0.06325,0.06297,0.08396,0.99448,0.5748,0.5748,0.00000,0.5748,0.00000,fallback_pychrono_unavailable
environment_terrain_component_demo,terrain.surface_probe.v1,surface_probe_schema_v1,79,terrain.heightmap_mesh,analytic_heightmap_with_scm_sinkage,-2.900,1.800,-0.07104,0.07077,0.07089,0.99497,0.5693,0.5693,0.00000,0.5693,0.00000,fallback_pychrono_unavailable
environment_terrain_component_demo,terrain.surface_probe.v1,surface_probe_schema_v1,80,terrain.heightmap_mesh,analytic_heightmap_with_scm_sinkage,-2.900,1.900,-0.07745,0.07719,0.05641,0.99542,0.5647,0.5647,0.00000,0.5647,0.00000,fallback_pychrono_unavailable
environment_terrain_component_demo,terrain.surface_probe.v1,surface_probe_schema_v1,81,terrain.heightmap_mesh,analytic_heightmap_with_scm_sinkage,-2.900,2.000,-0.08234,0.08209,0.04081,0.99579,0.5612,0.5612,0.00000,0.5612,0.00000,fallback_pychrono_unavailable
environment_terrain_component_demo,terrain.surface_probe.v1,surface_probe_schema_v1,82,terrain.heightmap_mesh,analytic_heightmap_with_scm_sinkage,-2.800,-2.000,-0.08921,0.05444,-0.04429,0.99753,0.5563,0.5563,0.00000,0.5563,0.00000,fallback_pychrono_unavailable
environment_terrain_component_demo,terrain.surface_probe.v1,surface_probe_schema_v1,83,terrain.heightmap_mesh,analytic_heightmap_with_scm_sinkage,-2.800,-1.900,-0.08391,0.05117,-0.06120,0.99681,0.5601,0.5601,0.00000,0.5601,0.00000,fallback_pychrono_unavailable
environment_terrain_component_demo,terrain.surface_probe.v1,surface_probe_schema_v1,84,terrain.heightmap_mesh,analytic_heightmap_with_scm_sinkage,-2.800,-1.800,-0.07697,0.04690,-0.07688,0.99594,0.5650,0.5650,0.00000,0.5650,0.00000,fallback_pychrono_unavailable
environment_terrain_component_demo,terrain.surface_probe.v1,surface_probe_schema_v1,85,terrain.heightmap_mesh,analytic_heightmap_with_scm_sinkage,-2.800,-1.700,-0.06852,0.04171,-0.09101,0.99498,0.5711,0.5711,0.00000,0.5711,0.00000,fallback_pychrono_unavailable
environment_terrain_component_demo,terrain.surface_probe.v1,surface_probe_schema_v1,86,terrain.heightmap_mesh,analytic_heightmap_with_scm_sinkage,-2.800,-1.600,-0.05874,0.03572,-0.10334,0.99400,0.5780,0.5780,0.00000,0.5780,0.00000,fallback_pychrono_unavailable
environment_terrain_component_demo,terrain.surface_probe.v1,surface_probe_schema_v1,87,terrain.heightmap_mesh,analytic_heightmap_with_scm_sinkage,-2.800,-1.500,-0.04780,0.02904,-0.11363,0.99310,0.5859,0.5859,0.00000,0.5859,0.00000,fallback_pychrono_unavailable
environment_terrain_component_demo,terrain.surface_probe.v1,surface_probe_schema_v1,88,terrain.heightmap_mesh,analytic_heightmap_with_scm_sinkage,-2.800,-1.400,-0.03593,0.02181,-0.12170,0.99233,0.5943,0.5943,0.00000,0.5943,0.00000,fallback_pychrono_unavailable
environment_terrain_component_demo,terrain.surface_probe.v1,surface_probe_schema_v1,89,terrain.heightmap_mesh,analytic_heightmap_with_scm_sinkage,-2.800,-1.300,-0.02335,0.01417,-0.12740,0.99175,0.6033,0.6033,0.00000,0.6033,0.00000,fallback_pychrono_unavailable
environment_terrain_component_demo,terrain.surface_probe.v1,surface_probe_schema_v1,90,terrain.heightmap_mesh,analytic_heightmap_with_scm_sinkage,-2.800,-1.200,-0.01032,0.00626,-0.13063,0.99141,0.6126,0.6126,0.00001,0.6126,0.00001,fallback_pychrono_unavailable
environment_terrain_component_demo,terrain.surface_probe.v1,surface_probe_schema_v1,91,terrain.heightmap_mesh,analytic_heightmap_with_scm_sinkage,-2.800,-1.100,0.00292,-0.00177,-0.13134,0.99134,0.6179,0.6179,0.00001,0.6179,0.00001,fallback_pychrono_unavailable
environment_terrain_component_demo,terrain.surface_probe.v1,surface_probe_schema_v1,92,terrain.heightmap_mesh,analytic_heightmap_with_scm_sinkage,-2.800,-1.000,0.01609,-0.00976,-0.12952,0.99153,0.6085,0.6085,0.00002,0.6085,0.00002,fallback_pychrono_unavailable
environment_terrain_component_demo,terrain.surface_probe.v1,surface_probe_schema_v1,93,terrain.heightmap_mesh,analytic_heightmap_with_scm_sinkage,-2.800,-0.900,0.02896,-0.01757,-0.12519,0.99198,0.5993,0.5993,0.00004,0.5993,0.00004,fallback_pychrono_unavailable
environment_terrain_component_demo,terrain.surface_probe.v1,surface_probe_schema_v1,94,terrain.heightmap_mesh,analytic_heightmap_with_scm_sinkage,-2.800,-0.800,0.04125,-0.02505,-0.11843,0.99265,0.5905,0.5905,0.00006,0.5905,0.00006,fallback_pychrono_unavailable
environment_terrain_component_demo,terrain.surface_probe.v1,surface_probe_schema_v1,95,terrain.heightmap_mesh,analytic_heightmap_with_scm_sinkage,-2.800,-0.700,0.05274,-0.03205,-0.10937,0.99348,0.5823,0.5823,0.00010,0.5823,0.00010,fallback_pychrono_unavailable
environment_terrain_component_demo,terrain.surface_probe.v1,surface_probe_schema_v1,96,terrain.heightmap_mesh,analytic_heightmap_with_scm_sinkage,-2.800,-0.600,0.06320,-0.03844,-0.09816,0.99443,0.5749,0.5749,0.00014,0.5749,0.00014,fallback_pychrono_unavailable
environment_terrain_component_demo,terrain.surface_probe.v1,surface_probe_schema_v1,97,terrain.heightmap_mesh,analytic_heightmap_with_scm_sinkage,-2.800,-0.500,0.07242,-0.04410,-0.08500,0.99540,0.5683,0.5683,0.00019,0.5683,0.00019,fallback_pychrono_unavailable
environment_terrain_component_demo,terrain.surface_probe.v1,surface_probe_schema_v1,98,terrain.heightmap_mesh,analytic_heightmap_with_scm_sinkage,-2.800,-0.400,0.08022,-0.04889,-0.07015,0.99634,0.5627,0.5627,0.00025,0.5627,0.00025,fallback_pychrono_unavailable
environment_terrain_component_demo,terrain.surface_probe.v1,surface_probe_schema_v1,99,terrain.heightmap_mesh,analytic_heightmap_with_scm_sinkage,-2.800,-0.300,0.08645,-0.05274,-0.05390,0.99715,0.5582,0.5582,0.00031,0.5582,0.00031,fallback_pychrono_unavailable
environment_terrain_component_demo,terrain.surface_probe.v1,surface_probe_schema_v1,100,terrain.heightmap_mesh,analytic_heightmap_with_scm_sinkage,-2.800,-0.200,0.09099,-0.05554,-0.03655,0.99779,0.5550,0.5550,0.00035,0.5550,0.00035,fallback_pychrono_unavailable
environment_terrain_component_demo,terrain.surface_probe.v1,surface_probe_schema_v1,101,terrain.heightmap_mesh,analytic_heightmap_with_scm_sinkage,-2.800,-0.100,0.09376,-0.05725,-0.01846,0.99819,0.5530,0.5530,0.00039,0.5530,0.00039,fallback_pychrono_unavailable
environment_terrain_component_demo,terrain.surface_probe.v1,surface_probe_schema_v1,102,terrain.heightmap_mesh,analytic_heightmap_with_scm_sinkage,-2.800,0.000,0.09468,-0.05782,0.00000,0.99833,0.5524,0.5524,0.00040,0.5524,0.00040,fallback_pychrono_unavailable
environment_terrain_component_demo,terrain.surface_probe.v1,surface_probe_schema_v1,103,terrain.heightmap_mesh,analytic_heightmap_with_scm_sinkage,-2.800,0.100,0.09376,-0.05725,0.01846,0.99819,0.5530,0.5530,0.00039,0.5530,0.00039,fallback_pychrono_unavailable
environment_terrain_component_demo,terrain.surface_probe.v1,surface_probe_schema_v1,104,terrain.heightmap_mesh,analytic_heightmap_with_scm_sinkage,-2.800,0.200,0.09099,-0.05554,0.03655,0.99779,0.5550,0.5550,0.00035,0.5550,0.00035,fallback_pychrono_unavailable
environment_terrain_component_demo,terrain.surface_probe.v1,surface_probe_schema_v1,105,terrain.heightmap_mesh,analytic_heightmap_with_scm_sinkage,-2.800,0.300,0.08645,-0.05274,0.05390,0.99715,0.5582,0.5582,0.00031,0.5582,0.00031,fallback_pychrono_unavailable
environment_terrain_component_demo,terrain.surface_probe.v1,surface_probe_schema_v1,106,terrain.heightmap_mesh,analytic_heightmap_with_scm_sinkage,-2.800,0.400,0.08022,-0.04889,0.07015,0.99634,0.5627,0.5627,0.00025,0.5627,0.00025,fallback_pychrono_unavailable
environment_terrain_component_demo,terrain.surface_probe.v1,surface_probe_schema_v1,107,terrain.heightmap_mesh,analytic_heightmap_with_scm_sinkage,-2.800,0.500,0.07242,-0.04410,0.08500,0.99540,0.5683,0.5683,0.00019,0.5683,0.00019,fallback_pychrono_unavailable
environment_terrain_component_demo,terrain.surface_probe.v1,surface_probe_schema_v1,108,terrain.heightmap_mesh,analytic_heightmap_with_scm_sinkage,-2.800,0.600,0.06320,-0.03844,0.09816,0.99443,0.5749,0.5749,0.00014,0.5749,0.00014,fallback_pychrono_unavailable
environment_terrain_component_demo,terrain.surface_probe.v1,surface_probe_schema_v1,109,terrain.heightmap_mesh,analytic_heightmap_with_scm_sinkage,-2.800,0.700,0.05274,-0.03205,0.10937,0.99348,0.5823,0.5823,0.00010,0.5823,0.00010,fallback_pychrono_unavailable
environment_terrain_component_demo,terrain.surface_probe.v1,surface_probe_schema_v1,110,terrain.heightmap_mesh,analytic_heightmap_with_scm_sinkage,-2.800,0.800,0.04125,-0.02505,0.11843,0.99265,0.5905,0.5905,0.00006,0.5905,0.00006,fallback_pychrono_unavailable
environment_terrain_component_demo,terrain.surface_probe.v1,surface_probe_schema_v1,111,terrain.heightmap_mesh,analytic_heightmap_with_scm_sinkage,-2.800,0.900,0.02896,-0.01757,0.12519,0.99198,0.5993,0.5993,0.00004,0.5993,0.00004,fallback_pychrono_unavailable
environment_terrain_component_demo,terrain.surface_probe.v1,surface_probe_schema_v1,112,terrain.heightmap_mesh,analytic_heightmap_with_scm_sinkage,-2.800,1.000,0.01609,-0.00976,0.12952,0.99153,0.6085,0.6085,0.00002,0.6085,0.00002,fallback_pychrono_unavailable
environment_terrain_component_demo,terrain.surface_probe.v1,surface_probe_schema_v1,113,terrain.heightmap_mesh,analytic_heightmap_with_scm_sinkage,-2.800,1.100,0.00292,-0.00177,0.13134,0.99134,0.6179,0.6179,0.00001,0.6179,0.00001,fallback_pychrono_unavailable
environment_terrain_component_demo,terrain.surface_probe.v1,surface_probe_schema_v1,114,terrain.heightmap_mesh,analytic_heightmap_with_scm_sinkage,-2.800,1.200,-0.01032,0.00626,0.13063,0.99141,0.6126,0.6126,0.00001,0.6126,0.00001,fallback_pychrono_unavailable
environment_terrain_component_demo,terrain.surface_probe.v1,surface_probe_schema_v1,115,terrain.heightmap_mesh,analytic_heightmap_with_scm_sinkage,-2.800,1.300,-0.02335,0.01417,0.12740,0.99175,0.6033,0.6033,0.00000,0.6033,0.00000,fallback_pychrono_unavailable
environment_terrain_component_demo,terrain.surface_probe.v1,surface_probe_schema_v1,116,terrain.heightmap_mesh,analytic_heightmap_with_scm_sinkage,-2.800,1.400,-0.03593,0.02181,0.12170,0.99233,0.5943,0.5943,0.00000,0.5943,0.00000,fallback_pychrono_unavailable
environment_terrain_component_demo,terrain.surface_probe.v1,surface_probe_schema_v1,117,terrain.heightmap_mesh,analytic_heightmap_with_scm_sinkage,-2.800,1.500,-0.04780,0.02904,0.11363,0.99310,0.5859,0.5859,0.00000,0.5859,0.00000,fallback_pychrono_unavailable
environment_terrain_component_demo,terrain.surface_probe.v1,surface_probe_schema_v1,118,terrain.heightmap_mesh,analytic_heightmap_with_scm_sinkage,-2.800,1.600,-0.05874,0.03572,0.10334,0.99400,0.5780,0.5780,0.00000,0.5780,0.00000,fallback_pychrono_unavailable
environment_terrain_component_demo,terrain.surface_probe.v1,surface_probe_schema_v1,119,terrain.heightmap_mesh,analytic_heightmap_with_scm_sinkage,-2.800,1.700,-0.06852,0.04171,0.09101,0.99498,0.5711,0.5711,0.00000,0.5711,0.00000,fallback_pychrono_unavailable
environment_terrain_component_demo,terrain.surface_probe.v1,surface_probe_schema_v1,120,terrain.heightmap_mesh,analytic_heightmap_with_scm_sinkage,-2.800,1.800,-0.07697,0.04690,0.07688,0.99594,0.5650,0.5650,0.00000,0.5650,0.00000,fallback_pychrono_unavailable
environment_terrain_component_demo,terrain.surface_probe.v1,surface_probe_schema_v1,121,terrain.heightmap_mesh,analytic_heightmap_with_scm_sinkage,-2.800,1.900,-0.08391,0.05117,0.06120,0.99681,0.5601,0.5601,0.00000,0.5601,0.00000,fallback_pychrono_unavailable
environment_terrain_component_demo,terrain.surface_probe.v1,surface_probe_schema_v1,122,terrain.heightmap_mesh,analytic_heightmap_with_scm_sinkage,-2.800,2.000,-0.08921,0.05444,0.04429,0.99753,0.5563,0.5563,0.00000,0.5563,0.00000,fallback_pychrono_unavailable
environment_terrain_component_demo,terrain.surface_probe.v1,surface_probe_schema_v1,123,terrain.heightmap_mesh,analytic_heightmap_with_scm_sinkage,-2.700,-2.000,-0.09320,0.02491,-0.04632,0.99862,0.5534,0.5534,0.00000,0.5534,0.00000,fallback_pychrono_unavailable
environment_terrain_component_demo,terrain.surface_probe.v1,surface_probe_schema_v1,124,terrain.heightmap_mesh,analytic_heightmap_with_scm_sinkage,-2.700,-1.900,-0.08766,0.02341,-0.06399,0.99768,0.5574,0.5574,0.00000,0.5574,0.00000,fallback_pychrono_unavailable
environment_terrain_component_demo,terrain.surface_probe.v1,surface_probe_schema_v1,125,terrain.heightmap_mesh,analytic_heightmap_with_scm_sinkage,-2.700,-1.800,-0.08041,0.02145,-0.08036,0.99654,0.5626,0.5626,0.00000,0.5626,0.00000,fallback_pychrono_unavailable
environment_terrain_component_demo,terrain.surface_probe.v1,surface_probe_schema_v1,126,terrain.heightmap_mesh,analytic_heightmap_with_scm_sinkage,-2.700,-1.700,-0.07159,0.01907,-0.09511,0.99528,0.5689,0.5689,0.00000,0.5689,0.00000,fallback_pychrono_unavailable
environment_terrain_component_demo,terrain.surface_probe.v1,surface_probe_schema_v1,127,terrain.heightmap_mesh,analytic_heightmap_with_scm_sinkage,-2.700,-1.600,-0.06136,0.01633,-0.10796,0.99402,0.5762,0.5762,0.00000,0.5762,0.00000,fallback_pychrono_unavailable
environment_terrain_component_demo,terrain.surface_probe.v1,surface_probe_schema_v1,128,terrain.heightmap_mesh,analytic_heightmap_with_scm_sinkage,-2.700,-1.500,-0.04994,0.01327,-0.11868,0.99284,0.5843,0.5843,0.00000,0.5843,0.00000,fallback_pychrono_unavailable
environment_terrain_component_demo,terrain.surface_probe.v1,surface_probe_schema_v1,129,terrain.heightmap_mesh,analytic_heightmap_with_scm_sinkage,-2.700,-1.400,-0.03753,0.00996,-0.12708,0.99184,0.5932,0.5932,0.00000,0.5932,0.00000,fallback_pychrono_unavailable
environment_terrain_component_demo,terrain.surface_probe.v1,surface_probe_schema_v1,130,terrain.heightmap_mesh,analytic_heightmap_with_scm_sinkage,-2.700,-1.300,-0.02440,0.00647,-0.13300,0.99109,0.6026,0.6026,0.00000,0.6026,0.00000,fallback_pychrono_unavailable
environment_terrain_component_demo,terrain.surface_probe.v1,surface_probe_schema_v1,131,terrain.heightmap_mesh,analytic_heightmap_with_scm_sinkage,-2.700,-1.200,-0.01078,0.00286,-0.13637,0.99065,0.6123,0.6123,0.00001,0.6123,0.00001,fallback_pychrono_unavailable
environment_terrain_component_demo,terrain.surface_probe.v1,surface_probe_schema_v1,132,terrain.heightmap_mesh,analytic_heightmap_with_scm_sinkage,-2.700,-1.100,0.00305,-0.00081,-0.13710,0.99056,0.6178,0.6178,0.00002,0.6178,0.00002,fallback_pychrono_unavailable
environment_terrain_component_demo,terrain.surface_probe.v1,surface_probe_schema_v1,133,terrain.heightmap_mesh,analytic_heightmap_with_scm_sinkage,-2.700,-1.000,0.01681,-0.00446,-0.13521,0.99081,0.6080,0.6080,0.00003,0.6080,0.00003,fallback_pychrono_unavailable
environment_terrain_component_demo,terrain.surface_probe.v1,surface_probe_schema_v1,134,terrain.heightmap_mesh,analytic_heightmap_with_scm_sinkage,-2.700,-0.900,0.03025,-0.00803,-0.13071,0.99139,0.5984,0.5984,0.00006,0.5984,0.00006,fallback_pychrono_unavailable
environment_terrain_component_demo,terrain.surface_probe.v1,surface_probe_schema_v1,135,terrain.heightmap_mesh,analytic_heightmap_with_scm_sinkage,-2.700,-0.800,0.04309,-0.01144,-0.12368,0.99226,0.5892,0.5892,0.00009,0.5892,0.00009,fallback_pychrono_unavailable
environment_terrain_component_demo,terrain.surface_probe.v1,surface_probe_schema_v1,136,terrain.heightmap_mesh,analytic_heightmap_with_scm_sinkage,-2.700,-0.700,0.05510,-0.01465,-0.11424,0.99335,0.5806,0.5806,0.00014,0.5806,0.00014,fallback_pychrono_unavailable
environment_terrain_component_demo,terrain.surface_probe.v1,surface_probe_schema_v1,137,terrain.heightmap_mesh,analytic_heightmap_with_scm_sinkage,-2.700,-0.600,0.06602,-0.01757,-0.10256,0.99457,0.5728,0.5728,0.00021,0.5728,0.00021,fallback_pychrono_unavailable
environment_terrain_component_demo,terrain.surface_probe.v1,surface_probe_schema_v1,138,terrain.heightmap_mesh,analytic_heightmap_with_scm_sinkage,-2.700,-0.500,0.07565,-0.02016,-0.08884,0.99584,0.5660,0.5660,0.00029,0.5660,0.00029,fallback_pychrono_unavailable
environment_terrain_component_demo,terrain.surface_probe.v1,surface_probe_schema_v1,139,terrain.heightmap_mesh,analytic_heightmap_with_scm_sinkage,-2.700,-0.400,0.08380,-0.02236,-0.07334,0.99706,0.5601,0.5601,0.00037,0.5601,0.00037,fallback_pychrono_unavailable
environment_terrain_component_demo,terrain.surface_probe.v1,surface_probe_schema_v1,140,terrain.heightmap_mesh,analytic_heightmap_with_scm_sinkage,-2.700,-0.300,0.09032,-0.02413,-0.05636,0.99812,0.5555,0.5555,0.00045,0.5555,0.00045,fallback_pychrono_unavailable
environment_terrain_component_demo,terrain.surface_probe.v1,surface_probe_schema_v1,141,terrain.heightmap_mesh,analytic_heightmap_with_scm_sinkage,-2.700,-0.200,0.09506,-0.02542,-0.03823,0.99895,0.5521,0.5521,0.00052,0.5521,0.00052,fallback_pychrono_unavailable
environment_terrain_component_demo,terrain.surface_probe.v1,surface_probe_schema_v1,142,terrain.heightmap_mesh,analytic_heightmap_with_scm_sinkage,-2.700,-0.100,0.09794,-0.02620,-0.01931,0.99947,0.5500,0.5500,0.00057,0.5500,0.00057,fallback_pychrono_unavailable
environment_terrain_component_demo,terrain.surface_probe.v1,surface_probe_schema_v1,143,terrain.heightmap_mesh,analytic_heightmap_with_scm_sinkage,-2.700,0.000,0.09891,-0.02646,0.00000,0.99965,0.5493,0.5493,0.00059,0.5493,0.00059,fallback_pychrono_unavailable
environment_terrain_component_demo,terrain.surface_probe.v1,surface_probe_schema_v1,144,terrain.heightmap_mesh,analytic_heightmap_with_scm_sinkage,-2.700,0.100,0.09794,-0.02620,0.01931,0.99947,0.5500,0.5500,0.00057,0.5500,0.00057,fallback_pychrono_unavailable
environment_terrain_component_demo,terrain.surface_probe.v1,surface_probe_schema_v1,145,terrain.heightmap_mesh,analytic_heightmap_with_scm_sinkage,-2.700,0.200,0.09506,-0.02542,0.03823,0.99895,0.5521,0.5521,0.00052,0.5521,0.00052,fallback_pychrono_unavailable
environment_terrain_component_demo,terrain.surface_probe.v1,surface_probe_schema_v1,146,terrain.heightmap_mesh,analytic_heightmap_with_scm_sinkage,-2.700,0.300,0.09032,-0.02413,0.05636,0.99812,0.5555,0.5555,0.00045,0.5555,0.00045,fallback_pychrono_unavailable
environment_terrain_component_demo,terrain.surface_probe.v1,surface_probe_schema_v1,147,terrain.heightmap_mesh,analytic_heightmap_with_scm_sinkage,-2.700,0.400,0.08380,-0.02236,0.07334,0.99706,0.5601,0.5601,0.00037,0.5601,0.00037,fallback_pychrono_unavailable
environment_terrain_component_demo,terrain.surface_probe.v1,surface_probe_schema_v1,148,terrain.heightmap_mesh,analytic_heightmap_with_scm_sinkage,-2.700,0.500,0.07565,-0.02016,0.08884,0.99584,0.5660,0.5660,0.00029,0.5660,0.00029,fallback_pychrono_unavailable
environment_terrain_component_demo,terrain.surface_probe.v1,surface_probe_schema_v1,149,terrain.heightmap_mesh,analytic_heightmap_with_scm_sinkage,-2.700,0.600,0.06602,-0.01757,0.10256,0.99457,0.5728,0.5728,0.00021,0.5728,0.00021,fallback_pychrono_unavailable
environment_terrain_component_demo,terrain.surface_probe.v1,surface_probe_schema_v1,150,terrain.heightmap_mesh,analytic_heightmap_with_scm_sinkage,-2.700,0.700,0.05510,-0.01465,0.11424,0.99335,0.5806,0.5806,0.00014,0.5806,0.00014,fallback_pychrono_unavailable
environment_terrain_component_demo,terrain.surface_probe.v1,surface_probe_schema_v1,151,terrain.heightmap_mesh,analytic_heightmap_with_scm_sinkage,-2.700,0.800,0.04309,-0.01144,0.12368,0.99226,0.5892,0.5892,0.00009,0.5892,0.00009,fallback_pychrono_unavailable
environment_terrain_component_demo,terrain.surface_probe.v1,surface_probe_schema_v1,152,terrain.heightmap_mesh,analytic_heightmap_with_scm_sinkage,-2.700,0.900,0.03025,-0.00803,0.13071,0.99139,0.5984,0.5984,0.00006,0.5984,0.00006,fallback_pychrono_unavailable
environment_terrain_component_demo,terrain.surface_probe.v1,surface_probe_schema_v1,153,terrain.heightmap_mesh,analytic_heightmap_with_scm_sinkage,-2.700,1.000,0.01681,-0.00446,0.13521,0.99081,0.6080,0.6080,0.00003,0.6080,0.00003,fallback_pychrono_unavailable
environment_terrain_component_demo,terrain.surface_probe.v1,surface_probe_schema_v1,154,terrain.heightmap_mesh,analytic_heightmap_with_scm_sinkage,-2.700,1.100,0.00305,-0.00081,0.13710,0.99056,0.6178,0.6178,0.00002,0.6178,0.00002,fallback_pychrono_unavailable
environment_terrain_component_demo,terrain.surface_probe.v1,surface_probe_schema_v1,155,terrain.heightmap_mesh,analytic_heightmap_with_scm_sinkage,-2.700,1.200,-0.01078,0.00286,0.13637,0.99065,0.6123,0.6123,0.00001,0.6123,0.00001,fallback_pychrono_unavailable
environment_terrain_component_demo,terrain.surface_probe.v1,surface_probe_schema_v1,156,terrain.heightmap_mesh,analytic_heightmap_with_scm_sinkage,-2.700,1.300,-0.02440,0.00647,0.13300,0.99109,0.6026,0.6026,0.00000,0.6026,0.00000,fallback_pychrono_unavailable
environment_terrain_component_demo,terrain.surface_probe.v1,surface_probe_schema_v1,157,terrain.heightmap_mesh,analytic_heightmap_with_scm_sinkage,-2.700,1.400,-0.03753,0.00996,0.12708,0.99184,0.5932,0.5932,0.00000,0.5932,0.00000,fallback_pychrono_unavailable
environment_terrain_component_demo,terrain.surface_probe.v1,surface_probe_schema_v1,158,terrain.heightmap_mesh,analytic_heightmap_with_scm_sinkage,-2.700,1.500,-0.04994,0.01327,0.11868,0.99284,0.5843,0.5843,0.00000,0.5843,0.00000,fallback_pychrono_unavailable
environment_terrain_component_demo,terrain.surface_probe.v1,surface_probe_schema_v1,159,terrain.heightmap_mesh,analytic_heightmap_with_scm_sinkage,-2.700,1.600,-0.06136,0.01633,0.10796,0.99402,0.5762,0.5762,0.00000,0.5762,0.00000,fallback_pychrono_unavailable
environment_terrain_component_demo,terrain.surface_probe.v1,surface_probe_schema_v1,160,terrain.heightmap_mesh,analytic_heightmap_with_scm_sinkage,-2.700,1.700,-0.07159,0.01907,0.09511,0.99528,0.5689,0.5689,0.00000,0.5689,0.00000,fallback_pychrono_unavailable
environment_terrain_component_demo,terrain.surface_probe.v1,surface_probe_schema_v1,161,terrain.heightmap_mesh,analytic_heightmap_with_scm_sinkage,-2.700,1.800,-0.08041,0.02145,0.08036,0.99654,0.5626,0.5626,0.00000,0.5626,0.00000,fallback_pychrono_unavailable
environment_terrain_component_demo,terrain.surface_probe.v1,surface_probe_schema_v1,162,terrain.heightmap_mesh,analytic_heightmap_with_scm_sinkage,-2.700,1.900,-0.08766,0.02341,0.06399,0.99768,0.5574,0.5574,0.00000,0.5574,0.00000,fallback_pychrono_unavailable
environment_terrain_component_demo,terrain.surface_probe.v1,surface_probe_schema_v1,163,terrain.heightmap_mesh,analytic_heightmap_with_scm_sinkage,-2.700,2.000,-0.09320,0.02491,0.04632,0.99862,0.5534,0.5534,0.00000,0.5534,0.00000,fallback_pychrono_unavailable
environment_terrain_component_demo,terrain.surface_probe.v1,surface_probe_schema_v1,164,terrain.heightmap_mesh,analytic_heightmap_with_scm_sinkage,-2.600,-2.000,-0.09417,-0.00549,-0.04682,0.99889,0.5527,0.5527,0.00000,0.5527,0.00000,fallback_pychrono_unavailable
environment_terrain_component_demo,terrain.surface_probe.v1,surface_probe_schema_v1,165,terrain.heightmap_mesh,analytic_heightmap_with_scm_sinkage,-2.600,-1.900,-0.08858,-0.00516,-0.06468,0.99789,0.5567,0.5567,0.00000,0.5567,0.00000,fallback_pychrono_unavailable
environment_terrain_component_demo,terrain.surface_probe.v1,surface_probe_schema_v1,166,terrain.heightmap_mesh,analytic_heightmap_with_scm_sinkage,-2.600,-1.800,-0.08125,-0.00472,-0.08121,0.99669,0.5620,0.5620,0.00000,0.5620,0.00000,fallback_pychrono_unavailable
environment_terrain_component_demo,terrain.surface_probe.v1,surface_probe_schema_v1,167,terrain.heightmap_mesh,analytic_heightmap_with_scm_sinkage,-2.600,-1.700,-0.07234,-0.00420,-0.09611,0.99536,0.5683,0.5683,0.00000,0.5683,0.00000,fallback_pychrono_unavailable
environment_terrain_component_demo,terrain.surface_probe.v1,surface_probe_schema_v1,168,terrain.heightmap_mesh,analytic_heightmap_with_scm_sinkage,-2.600,-1.600,-0.06200,-0.00359,-0.10909,0.99403,0.5757,0.5757,0.00000,0.5757,0.00000,fallback_pychrono_unavailable
environment_terrain_component_demo,terrain.surface_probe.v1,surface_probe_schema_v1,169,terrain.heightmap_mesh,analytic_heightmap_with_scm_sinkage,-2.600,-1.500,-0.05046,-0.00292,-0.11991,0.99278,0.5840,0.5840,0.00000,0.5840,0.00000,fallback_pychrono_unavailable
environment_terrain_component_demo,terrain.surface_probe.v1,surface_probe_schema_v1,170,terrain.heightmap_mesh,analytic_heightmap_with_scm_sinkage,-2.600,-1.400,-0.03793,-0.00219,-0.12839,0.99172,0.5929,0.5929,0.00000,0.5929,0.00000,fallback_pychrono_unavailable
environment_terrain_component_demo,terrain.surface_probe.v1,surface_probe_schema_v1,171,terrain.heightmap_mesh,analytic_heightmap_with_scm_sinkage,-2.600,-1.300,-0.02465,-0.00142,-0.13437,0.99093,0.6024,0.6024,0.00001,0.6024,0.00001,fallback_pychrono_unavailable
environment_terrain_component_demo,terrain.surface_probe.v1,surface_probe_schema_v1,172,terrain.heightmap_mesh,analytic_heightmap_with_scm_sinkage,-2.600,-1.200,-0.01089,-0.00063,-0.13777,0.99046,0.6122,0.6122,0.00001,0.6122,0.00001,fallback_pychrono_unavailable
environment_terrain_component_demo,terrain.surface_probe.v1,surface_probe_schema_v1,173,terrain.heightmap_mesh,analytic_heightmap_with_scm_sinkage,-2.600,-1.100,0.00308,0.00018,-0.13851,0.99036,0.6178,0.6178,0.00003,0.6178,0.00003,fallback_pychrono_unavailable
environment_terrain_component_demo,terrain.surface_probe.v1,surface_probe_schema_v1,174,terrain.heightmap_mesh,analytic_heightmap_with_scm_sinkage,-2.600,-1.000,0.01699,0.00098,-0.13660,0.99063,0.6079,0.6079,0.00005,0.6079,0.00005,fallback_pychrono_unavailable
environment_terrain_component_demo,terrain.surface_probe.v1,surface_probe_schema_v1,175,terrain.heightmap_mesh,analytic_heightmap_with_scm_sinkage,-2.600,-0.900,0.03057,0.00177,-0.13206,0.99124,0.5982,0.5982,0.00008,0.5982,0.00008,fallback_pychrono_unavailable
environment_terrain_component_demo,terrain.surface_probe.v1,surface_probe_schema_v1,176,terrain.heightmap_mesh,analytic_heightmap_with_scm_sinkage,-2.600,-0.800,0.04355,0.00252,-0.12496,0.99216,0.5889,0.5889,0.00014,0.5889,0.00014,fallback_pychrono_unavailable
environment_terrain_component_demo,terrain.surface_probe.v1,surface_probe_schema_v1,177,terrain.heightmap_mesh,analytic_heightmap_with_scm_sinkage,-2.600,-0.700,0.05567,0.00323,-0.11543,0.99331,0.5802,0.5802,0.00021,0.5802,0.00021,fallback_pychrono_unavailable
environment_terrain_component_demo,terrain.surface_probe.v1,surface_probe_schema_v1,178,terrain.heightmap_mesh,analytic_heightmap_with_scm_sinkage,-2.600,-0.600,0.06671,0.00387,-0.10363,0.99461,0.5723,0.5723,0.00031,0.5723,0.00031,fallback_pychrono_unavailable
environment_terrain_component_demo,terrain.surface_probe.v1,surface_probe_schema_v1,179,terrain.heightmap_mesh,analytic_heightmap_with_scm_sinkage,-2.600,-0.500,0.07644,0.00444,-0.08978,0.99595,0.5654,0.5654,0.00042,0.5654,0.00042,fallback_pychrono_unavailable
environment_terrain_component_demo,terrain.surface_probe.v1,surface_probe_schema_v1,180,terrain.heightmap_mesh,analytic_heightmap_with_scm_sinkage,-2.600,-0.400,0.08468,0.00493,-0.07412,0.99724,0.5595,0.5595,0.00054,0.5595,0.00054,fallback_pychrono_unavailable
environment_terrain_component_demo,terrain.surface_probe.v1,surface_probe_schema_v1,181,terrain.heightmap_mesh,analytic_heightmap_with_scm_sinkage,-2.600,-0.300,0.09126,0.00531,-0.05696,0.99836,0.5548,0.5548,0.00066,0.5548,0.00066,fallback_pychrono_unavailable
environment_terrain_component_demo,terrain.surface_probe.v1,surface_probe_schema_v1,182,terrain.heightmap_mesh,analytic_heightmap_with_scm_sinkage,-2.600,-0.200,0.09606,0.00560,-0.03864,0.99924,0.5514,0.5514,0.00077,0.5514,0.00077,fallback_pychrono_unavailable
environment_terrain_component_demo,terrain.surface_probe.v1,surface_probe_schema_v1,183,terrain.heightmap_mesh,analytic_heightmap_with_scm_sinkage,-2.600,-0.100,0.09897,0.00577,-0.01952,0.99979,0.5493,0.5493,0.00084,0.5493,0.00084,fallback_pychrono_unavailable
environment_terrain_component_demo,terrain.surface_probe.v1,surface_probe_schema_v1,184,terrain.heightmap_mesh,analytic_heightmap_with_scm_sinkage,-2.600,0.000,0.09995,0.00583,0.00000,0.99998,0.5486,0.5486,0.00086,0.5486,0.00086,fallback_pychrono_unavailable
environment_terrain_component_demo,terrain.surface_probe.v1,surface_probe_schema_v1,185,terrain.heightmap_mesh,analytic_heightmap_with_scm_sinkage,-2.600,0.100,0.09897,0.00577,0.01952,0.99979,0.5493,0.5493,0.00084,0.5493,0.00084,fallback_pychrono_unavailable
environment_terrain_component_demo,terrain.surface_probe.v1,surface_probe_schema_v1,186,terrain.heightmap_mesh,analytic_heightmap_with_scm_sinkage,-2.600,0.200,0.09606,0.00560,0.03864,0.99924,0.5514,0.5514,0.00077,0.5514,0.00077,fallback_pychrono_unavailable
environment_terrain_component_demo,terrain.surface_probe.v1,surface_probe_schema_v1,187,terrain.heightmap_mesh,analytic_heightmap_with_scm_sinkage,-2.600,0.300,0.09126,0.00531,0.05696,0.99836,0.5548,0.5548,0.00066,0.5548,0.00066,fallback_pychrono_unavailable
environment_terrain_component_demo,terrain.surface_probe.v1,surface_probe_schema_v1,188,terrain.heightmap_mesh,analytic_heightmap_with_scm_sinkage,-2.600,0.400,0.08468,0.00493,0.07412,0.99724,0.5595,0.5595,0.00054,0.5595,0.00054,fallback_pychrono_unavailable
environment_terrain_component_demo,terrain.surface_probe.v1,surface_probe_schema_v1,189,terrain.heightmap_mesh,analytic_heightmap_with_scm_sinkage,-2.600,0.500,0.07644,0.00444,0.08978,0.99595,0.5654,0.5654,0.00042,0.5654,0.00042,fallback_pychrono_unavailable
environment_terrain_component_demo,terrain.surface_probe.v1,surface_probe_schema_v1,190,terrain.heightmap_mesh,analytic_heightmap_with_scm_sinkage,-2.600,0.600,0.06671,0.00387,0.10363,0.99461,0.5723,0.5723,0.00031,0.5723,0.00031,fallback_pychrono_unavailable
environment_terrain_component_demo,terrain.surface_probe.v1,surface_probe_schema_v1,191,terrain.heightmap_mesh,analytic_heightmap_with_scm_sinkage,-2.600,0.700,0.05567,0.00323,0.11543,0.99331,0.5802,0.5802,0.00021,0.5802,0.00021,fallback_pychrono_unavailable
environment_terrain_component_demo,terrain.surface_probe.v1,surface_probe_schema_v1,192,terrain.heightmap_mesh,analytic_heightmap_with_scm_sinkage,-2.600,0.800,0.04355,0.00252,0.12496,0.99216,0.5889,0.5889,0.00014,0.5889,0.00014,fallback_pychrono_unavailable
environment_terrain_component_demo,terrain.surface_probe.v1,surface_probe_schema_v1,193,terrain.heightmap_mesh,analytic_heightmap_with_scm_sinkage,-2.600,0.900,0.03057,0.00177,0.13206,0.99124,0.5982,0.5982,0.00008,0.5982,0.00008,fallback_pychrono_unavailable
environment_terrain_component_demo,terrain.surface_probe.v1,surface_probe_schema_v1,194,terrain.heightmap_mesh,analytic_heightmap_with_scm_sinkage,-2.600,1.000,0.01699,0.00098,0.13660,0.99063,0.6079,0.6079,0.00005,0.6079,0.00005,fallback_pychrono_unavailable
environment_terrain_component_demo,terrain.surface_probe.v1,surface_probe_schema_v1,195,terrain.heightmap_mesh,analytic_heightmap_with_scm_sinkage,-2.600,1.100,0.00308,0.00018,0.13851,0.99036,0.6178,0.6178,0.00003,0.6178,0.00003,fallback_pychrono_unavailable
environment_terrain_component_demo,terrain.surface_probe.v1,surface_probe_schema_v1,196,terrain.heightmap_mesh,analytic_heightmap_with_scm_sinkage,-2.600,1.200,-0.01089,-0.00063,0.13777,0.99046,0.6122,0.6122,0.00001,0.6122,0.00001,fallback_pychrono_unavailable
environment_terrain_component_demo,terrain.surface_probe.v1,surface_probe_schema_v1,197,terrain.heightmap_mesh,analytic_heightmap_with_scm_sinkage,-2.600,1.300,-0.02465,-0.00142,0.13437,0.99093,0.6024,0.6024,0.00001,0.6024,0.00001,fallback_pychrono_unavailable
environment_terrain_component_demo,terrain.surface_probe.v1,surface_probe_schema_v1,198,terrain.heightmap_mesh,analytic_heightmap_with_scm_sinkage,-2.600,1.400,-0.03793,-0.00219,0.12839,0.99172,0.5929,0.5929,0.00000,0.5929,0.00000,fallback_pychrono_unavailable
environment_terrain_component_demo,terrain.surface_probe.v1,surface_probe_schema_v1,199,terrain.heightmap_mesh,analytic_heightmap_with_scm_sinkage,-2.600,1.500,-0.05046,-0.00292,0.11991,0.99278,0.5840,0.5840,0.00000,0.5840,0.00000,fallback_pychrono_unavailable
environment_terrain_component_demo,terrain.surface_probe.v1,surface_probe_schema_v1,200,terrain.heightmap_mesh,analytic_heightmap_with_scm_sinkage,-2.600,1.600,-0.06200,-0.00359,0.10909,0.99403,0.5757,0.5757,0.00000,0.5757,0.00000,fallback_pychrono_unavailable
environment_terrain_component_demo,terrain.surface_probe.v1,surface_probe_schema_v1,201,terrain.heightmap_mesh,analytic_heightmap_with_scm_sinkage,-2.600,1.700,-0.07234,-0.00420,0.09611,0.99536,0.5683,0.5683,0.00000,0.5683,0.00000,fallback_pychrono_unavailable
environment_terrain_component_demo,terrain.surface_probe.v1,surface_probe_schema_v1,202,terrain.heightmap_mesh,analytic_heightmap_with_scm_sinkage,-2.600,1.800,-0.08125,-0.00472,0.08121,0.99669,0.5620,0.5620,0.00000,0.5620,0.00000,fallback_pychrono_unavailable
environment_terrain_component_demo,terrain.surface_probe.v1,surface_probe_schema_v1,203,terrain.heightmap_mesh,analytic_heightmap_with_scm_sinkage,-2.600,1.900,-0.08858,-0.00516,0.06468,0.99789,0.5567,0.5567,0.00000,0.5567,0.00000,fallback_pychrono_unavailable
environment_terrain_component_demo,terrain.surface_probe.v1,surface_probe_schema_v1,204,terrain.heightmap_mesh,analytic_heightmap_with_scm_sinkage,-2.600,2.000,-0.09417,-0.00549,0.04682,0.99889,0.5527,0.5527,0.00000,0.5527,0.00000,fallback_pychrono_unavailable
environment_terrain_component_demo,terrain.surface_probe.v1,surface_probe_schema_v1,205,terrain.heightmap_mesh,analytic_heightmap_with_scm_sinkage,-2.500,-2.000,-0.09211,-0.03569,-0.04577,0.99831,0.5542,0.5542,0.00000,0.5542,0.00000,fallback_pychrono_unavailable
environment_terrain_component_demo,terrain.surface_probe.v1,surface_probe_schema_v1,206,terrain.heightmap_mesh,analytic_heightmap_with_scm_sinkage,-2.500,-1.900,-0.08663,-0.03354,-0.06323,0.99744,0.5581,0.5581,0.00000,0.5581,0.00000,fallback_pychrono_unavailable
environment_terrain_component_demo,terrain.surface_probe.v1,surface_probe_schema_v1,207,terrain.heightmap_mesh,analytic_heightmap_with_scm_sinkage,-2.500,-1.800,-0.07947,-0.03073,-0.07940,0.99637,0.5632,0.5632,0.00000,0.5632,0.00000,fallback_pychrono_unavailable
environment_terrain_component_demo,terrain.surface_probe.v1,surface_probe_schema_v1,208,terrain.heightmap_mesh,analytic_heightmap_with_scm_sinkage,-2.500,-1.700,-0.07075,-0.02733,-0.09399,0.99520,0.5695,0.5695,0.00000,0.5695,0.00000,fallback_pychrono_unavailable
environment_terrain_component_demo,terrain.surface_probe.v1,surface_probe_schema_v1,209,terrain.heightmap_mesh,analytic_heightmap_with_scm_sinkage,-2.500,-1.600,-0.06064,-0.02340,-0.10669,0.99402,0.5767,0.5767,0.00000,0.5767,0.00000,fallback_pychrono_unavailable
environment_terrain_component_demo,terrain.surface_probe.v1,surface_probe_schema_v1,210,terrain.heightmap_mesh,analytic_heightmap_with_scm_sinkage,-2.500,-1.500,-0.04935,-0.01902,-0.11730,0.99291,0.5847,0.5847,0.00000,0.5847,0.00000,fallback_pychrono_unavailable
environment_terrain_component_demo,terrain.surface_probe.v1,surface_probe_schema_v1,211,terrain.heightmap_mesh,analytic_heightmap_with_scm_sinkage,-2.500,-1.400,-0.03709,-0.01428,-0.12560,0.99198,0.5935,0.5935,0.00000,0.5935,0.00000,fallback_pychrono_unavailable
environment_terrain_component_demo,terrain.surface_probe.v1,surface_probe_schema_v1,212,terrain.heightmap_mesh,analytic_heightmap_with_scm_sinkage,-2.500,-1.300,-0.02411,-0.00928,-0.13147,0.99128,0.6028,0.6028,0.00001,0.6028,0.00001,fallback_pychrono_unavailable
environment_terrain_component_demo,terrain.surface_probe.v1,surface_probe_schema_v1,213,terrain.heightmap_mesh,analytic_heightmap_with_scm_sinkage,-2.500,-1.200,-0.01065,-0.00410,-0.13480,0.99086,0.6124,0.6124,0.00002,0.6124,0.00002,fallback_pychrono_unavailable
environment_terrain_component_demo,terrain.surface_probe.v1,surface_probe_schema_v1,214,terrain.heightmap_mesh,analytic_heightmap_with_scm_sinkage,-2.500,-1.100,0.00301,0.00116,-0.13553,0.99077,0.6179,0.6179,0.00004,0.6179,0.00004,fallback_pychrono_unavailable
environment_terrain_component_demo,terrain.surface_probe.v1,surface_probe_schema_v1,215,terrain.heightmap_mesh,analytic_heightmap_with_scm_sinkage,-2.500,-1.000,0.01661,0.00639,-0.13365,0.99101,0.6081,0.6081,0.00007,0.6081,0.00007,fallback_pychrono_unavailable
environment_terrain_component_demo,terrain.surface_probe.v1,surface_probe_schema_v1,216,terrain.heightmap_mesh,analytic_heightmap_with_scm_sinkage,-2.500,-0.900,0.02989,0.01151,-0.12920,0.99155,0.5986,0.5986,0.00012,0.5986,0.00012,fallback_pychrono_unavailable
environment_terrain_component_demo,terrain.surface_probe.v1,surface_probe_schema_v1,217,terrain.heightmap_mesh,analytic_heightmap_with_scm_sinkage,-2.500,-0.800,0.04259,0.01640,-0.12224,0.99236,0.5896,0.5896,0.00020,0.5896,0.00020,fallback_pychrono_unavailable
environment_terrain_component_demo,terrain.surface_probe.v1,surface_probe_schema_v1,218,terrain.heightmap_mesh,analytic_heightmap_with_scm_sinkage,-2.500,-0.700,0.05445,0.02100,-0.11291,0.99338,0.5811,0.5811,0.00031,0.5811,0.00031,fallback_pychrono_unavailable
environment_terrain_component_demo,terrain.surface_probe.v1,surface_probe_schema_v1,219,terrain.heightmap_mesh,analytic_heightmap_with_scm_sinkage,-2.500,-0.600,0.06525,0.02519,-0.10135,0.99453,0.5734,0.5734,0.00044,0.5734,0.00044,fallback_pychrono_unavailable
environment_terrain_component_demo,terrain.surface_probe.v1,surface_probe_schema_v1,220,terrain.heightmap_mesh,analytic_heightmap_with_scm_sinkage,-2.500,-0.500,0.07477,0.02890,-0.08779,0.99572,0.5666,0.5666,0.00061,0.5666,0.00061,fallback_pychrono_unavailable
environment_terrain_component_demo,terrain.surface_probe.v1,surface_probe_schema_v1,221,terrain.heightmap_mesh,analytic_heightmap_with_scm_sinkage,-2.500,-0.400,0.08282,0.03205,-0.07247,0.99686,0.5608,0.5608,0.00079,0.5608,0.00079,fallback_pychrono_unavailable
environment_terrain_component_demo,terrain.surface_probe.v1,surface_probe_schema_v1,222,terrain.heightmap_mesh,analytic_heightmap_with_scm_sinkage,-2.500,-0.300,0.08926,0.03457,-0.05568,0.99785,0.5562,0.5562,0.00096,0.5562,0.00096,fallback_pychrono_unavailable
environment_terrain_component_demo,terrain.surface_probe.v1,surface_probe_schema_v1,223,terrain.heightmap_mesh,analytic_heightmap_with_scm_sinkage,-2.500,-0.200,0.09395,0.03642,-0.03777,0.99862,0.5529,0.5529,0.00111,0.5529,0.00111,fallback_pychrono_unavailable
environment_terrain_component_demo,terrain.surface_probe.v1,surface_probe_schema_v1,224,terrain.heightmap_mesh,analytic_heightmap_with_scm_sinkage,-2.500,-0.100,0.09680,0.03754,-0.01908,0.99911,0.5509,0.5509,0.00121,0.5509,0.00121,fallback_pychrono_unavailable
environment_terrain_component_demo,terrain.surface_probe.v1,surface_probe_schema_v1,225,terrain.heightmap_mesh,analytic_heightmap_with_scm_sinkage,-2.500,0.000,0.09775,0.03792,0.00000,0.99928,0.5502,0.5502,0.00124,0.5502,0.00124,fallback_pychrono_unavailable
environment_terrain_component_demo,terrain.surface_probe.v1,surface_probe_schema_v1,226,terrain.heightmap_mesh,analytic_heightmap_with_scm_sinkage,-2.500,0.100,0.09680,0.03754,0.01908,0.99911,0.5509,0.5509,0.00121,0.5509,0.00121,fallback_pychrono_unavailable
environment_terrain_component_demo,terrain.surface_probe.v1,surface_probe_schema_v1,227,terrain.heightmap_mesh,analytic_heightmap_with_scm_sinkage,-2.500,0.200,0.09395,0.03642,0.03777,0.99862,0.5529,0.5529,0.00111,0.5529,0.00111,fallback_pychrono_unavailable
environment_terrain_component_demo,terrain.surface_probe.v1,surface_probe_schema_v1,228,terrain.heightmap_mesh,analytic_heightmap_with_scm_sinkage,-2.500,0.300,0.08926,0.03457,0.05568,0.99785,0.5562,0.5562,0.00096,0.5562,0.00096,fallback_pychrono_unavailable
environment_terrain_component_demo,terrain.surface_probe.v1,surface_probe_schema_v1,229,terrain.heightmap_mesh,analytic_heightmap_with_scm_sinkage,-2.500,0.400,0.08282,0.03205,0.07247,0.99686,0.5608,0.5608,0.00079,0.5608,0.00079,fallback_pychrono_unavailable
environment_terrain_component_demo,terrain.surface_probe.v1,surface_probe_schema_v1,230,terrain.heightmap_mesh,analytic_heightmap_with_scm_sinkage,-2.500,0.500,0.07477,0.02890,0.08779,0.99572,0.5666,0.5666,0.00061,0.5666,0.00061,fallback_pychrono_unavailable
environment_terrain_component_demo,terrain.surface_probe.v1,surface_probe_schema_v1,231,terrain.heightmap_mesh,analytic_heightmap_with_scm_sinkage,-2.500,0.600,0.06525,0.02519,0.10135,0.99453,0.5734,0.5734,0.00044,0.5734,0.00044,fallback_pychrono_unavailable
environment_terrain_component_demo,terrain.surface_probe.v1,surface_probe_schema_v1,232,terrain.heightmap_mesh,analytic_heightmap_with_scm_sinkage,-2.500,0.700,0.05445,0.02100,0.11291,0.99338,0.5811,0.5811,0.00031,0.5811,0.00031,fallback_pychrono_unavailable
environment_terrain_component_demo,terrain.surface_probe.v1,surface_probe_schema_v1,233,terrain.heightmap_mesh,analytic_heightmap_with_scm_sinkage,-2.500,0.800,0.04259,0.01640,0.12224,0.99236,0.5896,0.5896,0.00020,0.5896,0.00020,fallback_pychrono_unavailable
environment_terrain_component_demo,terrain.surface_probe.v1,surface_probe_schema_v1,234,terrain.heightmap_mesh,analytic_heightmap_with_scm_sinkage,-2.500,0.900,0.02989,0.01151,0.12920,0.99155,0.5986,0.5986,0.00012,0.5986,0.00012,fallback_pychrono_unavailable
environment_terrain_component_demo,terrain.surface_probe.v1,surface_probe_schema_v1,235,terrain.heightmap_mesh,analytic_heightmap_with_scm_sinkage,-2.500,1.000,0.01661,0.00639,0.13365,0.99101,0.6081,0.6081,0.00007,0.6081,0.00007,fallback_pychrono_unavailable
environment_terrain_component_demo,terrain.surface_probe.v1,surface_probe_schema_v1,236,terrain.heightmap_mesh,analytic_heightmap_with_scm_sinkage,-2.500,1.100,0.00301,0.00116,0.13553,0.99077,0.6179,0.6179,0.00004,0.6179,0.00004,fallback_pychrono_unavailable
environment_terrain_component_demo,terrain.surface_probe.v1,surface_probe_schema_v1,237,terrain.heightmap_mesh,analytic_heightmap_with_scm_sinkage,-2.500,1.200,-0.01065,-0.00410,0.13480,0.99086,0.6124,0.6124,0.00002,0.6124,0.00002,fallback_pychrono_unavailable
environment_terrain_component_demo,terrain.surface_probe.v1,surface_probe_schema_v1,238,terrain.heightmap_mesh,analytic_heightmap_with_scm_sinkage,-2.500,1.300,-0.02411,-0.00928,0.13147,0.99128,0.6028,0.6028,0.00001,0.6028,0.00001,fallback_pychrono_unavailable
environment_terrain_component_demo,terrain.surface_probe.v1,surface_probe_schema_v1,239,terrain.heightmap_mesh,analytic_heightmap_with_scm_sinkage,-2.500,1.400,-0.03709,-0.01428,0.12560,0.99198,0.5935,0.5935,0.00000,0.5935,0.00000,fallback_pychrono_unavailable
environment_terrain_component_demo,terrain.surface_probe.v1,surface_probe_schema_v1,240,terrain.heightmap_mesh,analytic_heightmap_with_scm_sinkage,-2.500,1.500,-0.04935,-0.01902,0.11730,0.99291,0.5847,0.5847,0.00000,0.5847,0.00000,fallback_pychrono_unavailable
environment_terrain_component_demo,terrain.surface_probe.v1,surface_probe_schema_v1,241,terrain.heightmap_mesh,analytic_heightmap_with_scm_sinkage,-2.500,1.600,-0.06064,-0.02340,0.10669,0.99402,0.5767,0.5767,0.00000,0.5767,0.00000,fallback_pychrono_unavailable
environment_terrain_component_demo,terrain.surface_probe.v1,surface_probe_schema_v1,242,terrain.heightmap_mesh,analytic_heightmap_with_scm_sinkage,-2.500,1.700,-0.07075,-0.02733,0.09399,0.99520,0.5695,0.5695,0.00000,0.5695,0.00000,fallback_pychrono_unavailable
environment_terrain_component_demo,terrain.surface_probe.v1,surface_probe_schema_v1,243,terrain.heightmap_mesh,analytic_heightmap_with_scm_sinkage,-2.500,1.800,-0.07947,-0.03073,0.07940,0.99637,0.5632,0.5632,0.00000,0.5632,0.00000,fallback_pychrono_unavailable
environment_terrain_component_demo,terrain.surface_probe.v1,surface_probe_schema_v1,244,terrain.heightmap_mesh,analytic_heightmap_with_scm_sinkage,-2.500,1.900,-0.08663,-0.03354,0.06323,0.99744,0.5581,0.5581,0.00000,0.5581,0.00000,fallback_pychrono_unavailable
environment_terrain_component_demo,terrain.surface_probe.v1,surface_probe_schema_v1,245,terrain.heightmap_mesh,analytic_heightmap_with_scm_sinkage,-2.500,2.000,-0.09211,-0.03569,0.04577,0.99831,0.5542,0.5542,0.00000,0.5542,0.00000,fallback_pychrono_unavailable
environment_terrain_component_demo,terrain.surface_probe.v1,surface_probe_schema_v1,246,terrain.heightmap_mesh,analytic_heightmap_with_scm_sinkage,-2.400,-2.000,-0.08706,-0.06466,-0.04320,0.99697,0.5578,0.5578,0.00000,0.5578,0.00000,fallback_pychrono_unavailable
environment_terrain_component_demo,terrain.surface_probe.v1,surface_probe_schema_v1,247,terrain.heightmap_mesh,analytic_heightmap_with_scm_sinkage,-2.400,-1.900,-0.08189,-0.06078,-0.05970,0.99636,0.5615,0.5615,0.00000,0.5615,0.00000,fallback_pychrono_unavailable
environment_terrain_component_demo,terrain.surface_probe.v1,surface_probe_schema_v1,248,terrain.heightmap_mesh,analytic_heightmap_with_scm_sinkage,-2.400,-1.800,-0.07512,-0.05571,-0.07500,0.99563,0.5663,0.5663,0.00000,0.5663,0.00000,fallback_pychrono_unavailable
environment_terrain_component_demo,terrain.surface_probe.v1,surface_probe_schema_v1,249,terrain.heightmap_mesh,analytic_heightmap_with_scm_sinkage,-2.400,-1.700,-0.06687,-0.04956,-0.08881,0.99482,0.5722,0.5722,0.00000,0.5722,0.00000,fallback_pychrono_unavailable
environment_terrain_component_demo,terrain.surface_probe.v1,surface_probe_schema_v1,250,terrain.heightmap_mesh,analytic_heightmap_with_scm_sinkage,-2.400,-1.600,-0.05732,-0.04244,-0.10085,0.99400,0.5791,0.5791,0.00000,0.5791,0.00000,fallback_pychrono_unavailable
environment_terrain_component_demo,terrain.surface_probe.v1,surface_probe_schema_v1,251,terrain.heightmap_mesh,analytic_heightmap_with_scm_sinkage,-2.400,-1.500,-0.04665,-0.03451,-0.11091,0.99323,0.5867,0.5867,0.00000,0.5867,0.00000,fallback_pychrono_unavailable
environment_terrain_component_demo,terrain.surface_probe.v1,surface_probe_schema_v1,252,terrain.heightmap_mesh,analytic_heightmap_with_scm_sinkage,-2.400,-1.400,-0.03506,-0.02592,-0.11880,0.99258,0.5950,0.5950,0.00001,0.5950,0.00001,fallback_pychrono_unavailable
environment_terrain_component_demo,terrain.surface_probe.v1,surface_probe_schema_v1,253,terrain.heightmap_mesh,analytic_heightmap_with_scm_sinkage,-2.400,-1.300,-0.02279,-0.01684,-0.12437,0.99209,0.6037,0.6037,0.00001,0.6037,0.00001,fallback_pychrono_unavailable
environment_terrain_component_demo,terrain.surface_probe.v1,surface_probe_schema_v1,254,terrain.heightmap_mesh,analytic_heightmap_with_scm_sinkage,-2.400,-1.200,-0.01007,-0.00744,-0.12754,0.99181,0.6128,0.6128,0.00003,0.6128,0.00003,fallback_pychrono_unavailable
environment_terrain_component_demo,terrain.surface_probe.v1,surface_probe_schema_v1,255,terrain.heightmap_mesh,analytic_heightmap_with_scm_sinkage,-2.400,-1.100,0.00285,0.00210,-0.12823,0.99174,0.6180,0.6180,0.00006,0.6180,0.00006,fallback_pychrono_unavailable
environment_terrain_component_demo,terrain.surface_probe.v1,surface_probe_schema_v1,256,terrain.heightmap_mesh,analytic_heightmap_with_scm_sinkage,-2.400,-1.000,0.01570,0.01160,-0.12645,0.99191,0.6088,0.6088,0.00010,0.6088,0.00010,fallback_pychrono_unavailable
environment_terrain_component_demo,terrain.surface_probe.v1,surface_probe_schema_v1,257,terrain.heightmap_mesh,analytic_heightmap_with_scm_sinkage,-2.400,-0.900,0.02826,0.02089,-0.12221,0.99228,0.5998,0.5998,0.00017,0.5998,0.00017,fallback_pychrono_unavailable
environment_terrain_component_demo,terrain.surface_probe.v1,surface_probe_schema_v1,258,terrain.heightmap_mesh,analytic_heightmap_with_scm_sinkage,-2.400,-0.800,0.04026,0.02977,-0.11560,0.99285,0.5912,0.5912,0.00028,0.5912,0.00028,fallback_pychrono_unavailable
environment_terrain_component_demo,terrain.surface_probe.v1,surface_probe_schema_v1,259,terrain.heightmap_mesh,analytic_heightmap_with_scm_sinkage,-2.400,-0.700,0.05147,0.03809,-0.10674,0.99356,0.5832,0.5832,0.00044,0.5832,0.00044,fallback_pychrono_unavailable
environment_terrain_component_demo,terrain.surface_probe.v1,surface_probe_schema_v1,260,terrain.heightmap_mesh,analytic_heightmap_with_scm_sinkage,-2.400,-0.600,0.06167,0.04568,-0.09578,0.99435,0.5759,0.5759,0.00063,0.5759,0.00063,fallback_pychrono_unavailable
environment_terrain_component_demo,terrain.surface_probe.v1,surface_probe_schema_v1,261,terrain.heightmap_mesh,analytic_heightmap_with_scm_sinkage,-2.400,-0.500,0.07067,0.05239,-0.08293,0.99518,0.5695,0.5695,0.00086,0.5695,0.00086,fallback_pychrono_unavailable
environment_terrain_component_demo,terrain.surface_probe.v1,surface_probe_schema_v1,262,terrain.heightmap_mesh,analytic_heightmap_with_scm_sinkage,-2.400,-0.400,0.07829,0.05808,-0.06844,0.99596,0.5641,0.5641,0.00112,0.5641,0.00112,fallback_pychrono_unavailable
environment_terrain_component_demo,terrain.surface_probe.v1,surface_probe_schema_v1,263,terrain.heightmap_mesh,analytic_heightmap_with_scm_sinkage,-2.400,-0.300,0.08437,0.06264,-0.05257,0.99665,0.5597,0.5597,0.00137,0.5597,0.00137,fallback_pychrono_unavailable
environment_terrain_component_demo,terrain.surface_probe.v1,surface_probe_schema_v1,264,terrain.heightmap_mesh,analytic_heightmap_with_scm_sinkage,-2.400,-0.200,0.08880,0.06596,-0.03565,0.99718,0.5566,0.5566,0.00157,0.5566,0.00157,fallback_pychrono_unavailable
environment_terrain_component_demo,terrain.surface_probe.v1,surface_probe_schema_v1,265,terrain.heightmap_mesh,analytic_heightmap_with_scm_sinkage,-2.400,-0.100,0.09150,0.06799,-0.01801,0.99752,0.5546,0.5546,0.00172,0.5546,0.00172,fallback_pychrono_unavailable
environment_terrain_component_demo,terrain.surface_probe.v1,surface_probe_schema_v1,266,terrain.heightmap_mesh,analytic_heightmap_with_scm_sinkage,-2.400,0.000,0.09240,0.06867,0.00000,0.99764,0.5540,0.5540,0.00177,0.5540,0.00177,fallback_pychrono_unavailable
environment_terrain_component_demo,terrain.surface_probe.v1,surface_probe_schema_v1,267,terrain.heightmap_mesh,analytic_heightmap_with_scm_sinkage,-2.400,0.100,0.09150,0.06799,0.01801,0.99752,0.5546,0.5546,0.00172,0.5546,0.00172,fallback_pychrono_unavailable
environment_terrain_component_demo,terrain.surface_probe.v1,surface_probe_schema_v1,268,terrain.heightmap_mesh,analytic_heightmap_with_scm_sinkage,-2.400,0.200,0.08880,0.06596,0.03565,0.99718,0.5566,0.5566,0.00157,0.5566,0.00157,fallback_pychrono_unavailable
environment_terrain_component_demo,terrain.surface_probe.v1,surface_probe_schema_v1,269,terrain.heightmap_mesh,analytic_heightmap_with_scm_sinkage,-2.400,0.300,0.08437,0.06264,0.05257,0.99665,0.5597,0.5597,0.00137,0.5597,0.00137,fallback_pychrono_unavailable
environment_terrain_component_demo,terrain.surface_probe.v1,surface_probe_schema_v1,270,terrain.heightmap_mesh,analytic_heightmap_with_scm_sinkage,-2.400,0.400,0.07829,0.05808,0.06844,0.99596,0.5641,0.5641,0.00112,0.5641,0.00112,fallback_pychrono_unavailable
environment_terrain_component_demo,terrain.surface_probe.v1,surface_probe_schema_v1,271,terrain.heightmap_mesh,analytic_heightmap_with_scm_sinkage,-2.400,0.500,0.07067,0.05239,0.08293,0.99518,0.5695,0.5695,0.00086,0.5695,0.00086,fallback_pychrono_unavailable
environment_terrain_component_demo,terrain.surface_probe.v1,surface_probe_schema_v1,272,terrain.heightmap_mesh,analytic_heightmap_with_scm_sinkage,-2.400,0.600,0.06167,0.04568,0.09578,0.99435,0.5759,0.5759,0.00063,0.5759,0.00063,fallback_pychrono_unavailable
environment_terrain_component_demo,terrain.surface_probe.v1,surface_probe_schema_v1,273,terrain.heightmap_mesh,analytic_heightmap_with_scm_sinkage,-2.400,0.700,0.05147,0.03809,0.10674,0.99356,0.5832,0.5832,0.00044,0.5832,0.00044,fallback_pychrono_unavailable
environment_terrain_component_demo,terrain.surface_probe.v1,surface_probe_schema_v1,274,terrain.heightmap_mesh,analytic_heightmap_with_scm_sinkage,-2.400,0.800,0.04026,0.02977,0.11560,0.99285,0.5912,0.5912,0.00028,0.5912,0.00028,fallback_pychrono_unavailable
environment_terrain_component_demo,terrain.surface_probe.v1,surface_probe_schema_v1,275,terrain.heightmap_mesh,analytic_heightmap_with_scm_sinkage,-2.400,0.900,0.02826,0.02089,0.12221,0.99228,0.5998,0.5998,0.00017,0.5998,0.00017,fallback_pychrono_unavailable
environment_terrain_component_demo,terrain.surface_probe.v1,surface_probe_schema_v1,276,terrain.heightmap_mesh,analytic_heightmap_with_scm_sinkage,-2.400,1.000,0.01570,0.01160,0.12645,0.99191,0.6088,0.6088,0.00010,0.6088,0.00010,fallback_pychrono_unavailable
environment_terrain_component_demo,terrain.surface_probe.v1,surface_probe_schema_v1,277,terrain.heightmap_mesh,analytic_heightmap_with_scm_sinkage,-2.400,1.100,0.00285,0.00210,0.12823,0.99174,0.6180,0.6180,0.00006,0.6180,0.00006,fallback_pychrono_unavailable
environment_terrain_component_demo,terrain.surface_probe.v1,surface_probe_schema_v1,278,terrain.heightmap_mesh,analytic_heightmap_with_scm_sinkage,-2.400,1.200,-0.01007,-0.00744,0.12754,0.99181,0.6128,0.6128,0.00003,0.6128,0.00003,fallback_pychrono_unavailable
environment_terrain_component_demo,terrain.surface_probe.v1,surface_probe_schema_v1,279,terrain.heightmap_mesh,analytic_heightmap_with_scm_sinkage,-2.400,1.300,-0.02279,-0.01684,0.12437,0.99209,0.6037,0.6037,0.00001,0.6037,0.00001,fallback_pychrono_unavailable
environment_terrain_component_demo,terrain.surface_probe.v1,surface_probe_schema_v1,280,terrain.heightmap_mesh,analytic_heightmap_with_scm_sinkage,-2.400,1.400,-0.03506,-0.02592,0.11880,0.99258,0.5950,0.5950,0.00001,0.5950,0.00001,fallback_pychrono_unavailable
environment_terrain_component_demo,terrain.surface_probe.v1,surface_probe_schema_v1,281,terrain.heightmap_mesh,analytic_heightmap_with_scm_sinkage,-2.400,1.500,-0.04665,-0.03451,0.11091,0.99323,0.5867,0.5867,0.00000,0.5867,0.00000,fallback_pychrono_unavailable
environment_terrain_component_demo,terrain.surface_probe.v1,surface_probe_schema_v1,282,terrain.heightmap_mesh,analytic_heightmap_with_scm_sinkage,-2.400,1.600,-0.05732,-0.04244,0.10085,0.99400,0.5791,0.5791,0.00000,0.5791,0.00000,fallback_pychrono_unavailable
environment_terrain_component_demo,terrain.surface_probe.v1,surface_probe_schema_v1,283,terrain.heightmap_mesh,analytic_heightmap_with_scm_sinkage,-2.400,1.700,-0.06687,-0.04956,0.08881,0.99482,0.5722,0.5722,0.00000,0.5722,0.00000,fallback_pychrono_unavailable
environment_terrain_component_demo,terrain.surface_probe.v1,surface_probe_schema_v1,284,terrain.heightmap_mesh,analytic_heightmap_with_scm_sinkage,-2.400,1.800,-0.07512,-0.05571,0.07500,0.99563,0.5663,0.5663,0.00000,0.5663,0.00000,fallback_pychrono_unavailable
environment_terrain_component_demo,terrain.surface_probe.v1,surface_probe_schema_v1,285,terrain.heightmap_mesh,analytic_heightmap_with_scm_sinkage,-2.400,1.900,-0.08189,-0.06078,0.05970,0.99636,0.5615,0.5615,0.00000,0.5615,0.00000,fallback_pychrono_unavailable
environment_terrain_component_demo,terrain.surface_probe.v1,surface_probe_schema_v1,286,terrain.heightmap_mesh,analytic_heightmap_with_scm_sinkage,-2.400,2.000,-0.08706,-0.06466,0.04320,0.99697,0.5578,0.5578,0.00000,0.5578,0.00000,fallback_pychrono_unavailable
environment_terrain_component_demo,terrain.surface_probe.v1,surface_probe_schema_v1,287,terrain.heightmap_mesh,analytic_heightmap_with_scm_sinkage,-2.300,-2.000,-0.07920,-0.09141,-0.03923,0.99504,0.5634,0.5634,0.00000,0.5634,0.00000,fallback_pychrono_unavailable
environment_terrain_component_demo,terrain.surface_probe.v1,surface_probe_schema_v1,288,terrain.heightmap_mesh,analytic_heightmap_with_scm_sinkage,-2.300,-1.900,-0.07450,-0.08596,-0.05423,0.99482,0.5668,0.5668,0.00000,0.5668,0.00000,fallback_pychrono_unavailable
environment_terrain_component_demo,terrain.surface_probe.v1,surface_probe_schema_v1,289,terrain.heightmap_mesh,analytic_heightmap_with_scm_sinkage,-2.300,-1.800,-0.06834,-0.07883,-0.06816,0.99456,0.5712,0.5712,0.00000,0.5712,0.00000,fallback_pychrono_unavailable
environment_terrain_component_demo,terrain.surface_probe.v1,surface_probe_schema_v1,290,terrain.heightmap_mesh,analytic_heightmap_with_scm_sinkage,-2.300,-1.700,-0.06084,-0.07016,-0.08075,0.99426,0.5765,0.5765,0.00000,0.5765,0.00000,fallback_pychrono_unavailable
environment_terrain_component_demo,terrain.surface_probe.v1,surface_probe_schema_v1,291,terrain.heightmap_mesh,analytic_heightmap_with_scm_sinkage,-2.300,-1.600,-0.05215,-0.06012,-0.09175,0.99397,0.5828,0.5828,0.00000,0.5828,0.00000,fallback_pychrono_unavailable
environment_terrain_component_demo,terrain.surface_probe.v1,surface_probe_schema_v1,292,terrain.heightmap_mesh,analytic_heightmap_with_scm_sinkage,-2.300,-1.500,-0.04244,-0.04891,-0.10095,0.99369,0.5897,0.5897,0.00000,0.5897,0.00000,fallback_pychrono_unavailable
environment_terrain_component_demo,terrain.surface_probe.v1,surface_probe_schema_v1,293,terrain.heightmap_mesh,analytic_heightmap_with_scm_sinkage,-2.300,-1.400,-0.03190,-0.03675,-0.10817,0.99345,0.5972,0.5972,0.00001,0.5972,0.00001,fallback_pychrono_unavailable
environment_terrain_component_demo,terrain.surface_probe.v1,surface_probe_schema_v1,294,terrain.heightmap_mesh,analytic_heightmap_with_scm_sinkage,-2.300,-1.300,-0.02073,-0.02388,-0.11328,0.99328,0.6052,0.6052,0.00002,0.6052,0.00002,fallback_pychrono_unavailable
environment_terrain_component_demo,terrain.surface_probe.v1,surface_probe_schema_v1,295,terrain.heightmap_mesh,analytic_heightmap_with_scm_sinkage,-2.300,-1.200,-0.00916,-0.01055,-0.11619,0.99317,0.6135,0.6135,0.00004,0.6135,0.00004,fallback_pychrono_unavailable
environment_terrain_component_demo,terrain.surface_probe.v1,surface_probe_schema_v1,296,terrain.heightmap_mesh,analytic_heightmap_with_scm_sinkage,-2.300,-1.100,0.00259,0.00298,-0.11682,0.99315,0.6182,0.6182,0.00008,0.6182,0.00008,fallback_pychrono_unavailable
environment_terrain_component_demo,terrain.surface_probe.v1,surface_probe_schema_v1,297,terrain.heightmap_mesh,analytic_heightmap_with_scm_sinkage,-2.300,-1.000,0.01429,0.01646,-0.11519,0.99321,0.6098,0.6098,0.00014,0.6098,0.00014,fallback_pychrono_unavailable
environment_terrain_component_demo,terrain.surface_probe.v1,surface_probe_schema_v1,298,terrain.heightmap_mesh,analytic_heightmap_with_scm_sinkage,-2.300,-0.900,0.02571,0.02962,-0.11130,0.99335,0.6016,0.6016,0.00025,0.6016,0.00025,fallback_pychrono_unavailable
environment_terrain_component_demo,terrain.surface_probe.v1,surface_probe_schema_v1,299,terrain.heightmap_mesh,analytic_heightmap_with_scm_sinkage,-2.300,-0.800,0.03662,0.04220,-0.10525,0.99355,0.5938,0.5938,0.00040,0.5938,0.00040,fallback_pychrono_unavailable
environment_terrain_component_demo,terrain.surface_probe.v1,surface_probe_schema_v1,300,terrain.heightmap_mesh,analytic_heightmap_with_scm_sinkage,-2.300,-0.700,0.04682,0.05397,-0.09713,0.99381,0.5866,0.5866,0.00061,0.5866,0.00061,fallback_pychrono_unavailable
environment_terrain_component_demo,terrain.surface_probe.v1,surface_probe_schema_v1,301,terrain.heightmap_mesh,analytic_heightmap_with_scm_sinkage,-2.300,-0.600,0.05611,0.06469,-0.08712,0.99410,0.5799,0.5799,0.00089,0.5799,0.00089,fallback_pychrono_unavailable
environment_terrain_component_demo,terrain.surface_probe.v1,surface_probe_schema_v1,302,terrain.heightmap_mesh,analytic_heightmap_with_scm_sinkage,-2.300,-0.500,0.06429,0.07415,-0.07539,0.99439,0.5741,0.5741,0.00121,0.5741,0.00121,fallback_pychrono_unavailable
environment_terrain_component_demo,terrain.surface_probe.v1,surface_probe_schema_v1,303,terrain.heightmap_mesh,analytic_heightmap_with_scm_sinkage,-2.300,-0.400,0.07122,0.08216,-0.06218,0.99468,0.5691,0.5691,0.00157,0.5691,0.00157,fallback_pychrono_unavailable
environment_terrain_component_demo,terrain.surface_probe.v1,surface_probe_schema_v1,304,terrain.heightmap_mesh,analytic_heightmap_with_scm_sinkage,-2.300,-0.300,0.07676,0.08857,-0.04774,0.99493,0.5652,0.5652,0.00192,0.5652,0.00192,fallback_pychrono_unavailable
environment_terrain_component_demo,terrain.surface_probe.v1,surface_probe_schema_v1,305,terrain.heightmap_mesh,analytic_heightmap_with_scm_sinkage,-2.300,-0.200,0.08079,0.09324,-0.03236,0.99512,0.5623,0.5623,0.00221,0.5623,0.00221,fallback_pychrono_unavailable
environment_terrain_component_demo,terrain.surface_probe.v1,surface_probe_schema_v1,306,terrain.heightmap_mesh,analytic_heightmap_with_scm_sinkage,-2.300,-0.100,0.08324,0.09608,-0.01634,0.99524,0.5605,0.5605,0.00241,0.5605,0.00241,fallback_pychrono_unavailable
environment_terrain_component_demo,terrain.surface_probe.v1,surface_probe_schema_v1,307,terrain.heightmap_mesh,analytic_heightmap_with_scm_sinkage,-2.300,0.000,0.08406,0.09704,0.00000,0.99528,0.5600,0.5600,0.00248,0.5600,0.00248,fallback_pychrono_unavailable
environment_terrain_component_demo,terrain.surface_probe.v1,surface_probe_schema_v1,308,terrain.heightmap_mesh,analytic_heightmap_with_scm_sinkage,-2.300,0.100,0.08324,0.09608,0.01634,0.99524,0.5605,0.5605,0.00241,0.5605,0.00241,fallback_pychrono_unavailable
environment_terrain_component_demo,terrain.surface_probe.v1,surface_probe_schema_v1,309,terrain.heightmap_mesh,analytic_heightmap_with_scm_sinkage,-2.300,0.200,0.08079,0.09324,0.03236,0.99512,0.5623,0.5623,0.00221,0.5623,0.00221,fallback_pychrono_unavailable
environment_terrain_component_demo,terrain.surface_probe.v1,surface_probe_schema_v1,310,terrain.heightmap_mesh,analytic_heightmap_with_scm_sinkage,-2.300,0.300,0.07676,0.08857,0.04774,0.99493,0.5652,0.5652,0.00192,0.5652,0.00192,fallback_pychrono_unavailable
environment_terrain_component_demo,terrain.surface_probe.v1,surface_probe_schema_v1,311,terrain.heightmap_mesh,analytic_heightmap_with_scm_sinkage,-2.300,0.400,0.07122,0.08216,0.06218,0.99468,0.5691,0.5691,0.00157,0.5691,0.00157,fallback_pychrono_unavailable
environment_terrain_component_demo,terrain.surface_probe.v1,surface_probe_schema_v1,312,terrain.heightmap_mesh,analytic_heightmap_with_scm_sinkage,-2.300,0.500,0.06429,0.07415,0.07539,0.99439,0.5741,0.5741,0.00121,0.5741,0.00121,fallback_pychrono_unavailable
environment_terrain_component_demo,terrain.surface_probe.v1,surface_probe_schema_v1,313,terrain.heightmap_mesh,analytic_heightmap_with_scm_sinkage,-2.300,0.600,0.05611,0.06469,0.08712,0.99410,0.5799,0.5799,0.00089,0.5799,0.00089,fallback_pychrono_unavailable
environment_terrain_component_demo,terrain.surface_probe.v1,surface_probe_schema_v1,314,terrain.heightmap_mesh,analytic_heightmap_with_scm_sinkage,-2.300,0.700,0.04682,0.05397,0.09713,0.99381,0.5866,0.5866,0.00061,0.5866,0.00061,fallback_pychrono_unavailable
environment_terrain_component_demo,terrain.surface_probe.v1,surface_probe_schema_v1,315,terrain.heightmap_mesh,analytic_heightmap_with_scm_sinkage,-2.300,0.800,0.03662,0.04220,0.10525,0.99355,0.5938,0.5938,0.00040,0.5938,0.00040,fallback_pychrono_unavailable
environment_terrain_component_demo,terrain.surface_probe.v1,surface_probe_schema_v1,316,terrain.heightmap_mesh,analytic_heightmap_with_scm_sinkage,-2.300,0.900,0.02571,0.02962,0.11130,0.99335,0.6016,0.6016,0.00025,0.6016,0.00025,fallback_pychrono_unavailable
environment_terrain_component_demo,terrain.surface_probe.v1,surface_probe_schema_v1,317,terrain.heightmap_mesh,analytic_heightmap_with_scm_sinkage,-2.300,1.000,0.01429,0.01646,0.11519,0.99321,0.6098,0.6098,0.00014,0.6098,0.00014,fallback_pychrono_unavailable
environment_terrain_component_demo,terrain.surface_probe.v1,surface_probe_schema_v1,318,terrain.heightmap_mesh,analytic_heightmap_with_scm_sinkage,-2.300,1.100,0.00259,0.00298,0.11682,0.99315,0.6182,0.6182,0.00008,0.6182,0.00008,fallback_pychrono_unavailable
environment_terrain_component_demo,terrain.surface_probe.v1,surface_probe_schema_v1,319,terrain.heightmap_mesh,analytic_heightmap_with_scm_sinkage,-2.300,1.200,-0.00916,-0.01055,0.11619,0.99317,0.6135,0.6135,0.00004,0.6135,0.00004,fallback_pychrono_unavailable
environment_terrain_component_demo,terrain.surface_probe.v1,surface_probe_schema_v1,320,terrain.heightmap_mesh,analytic_heightmap_with_scm_sinkage,-2.300,1.300,-0.02073,-0.02388,0.11328,0.99328,0.6052,0.6052,0.00002,0.6052,0.00002,fallback_pychrono_unavailable
environment_terrain_component_demo,terrain.surface_probe.v1,surface_probe_schema_v1,321,terrain.heightmap_mesh,analytic_heightmap_with_scm_sinkage,-2.300,1.400,-0.03190,-0.03675,0.10817,0.99345,0.5972,0.5972,0.00001,0.5972,0.00001,fallback_pychrono_unavailable
environment_terrain_component_demo,terrain.surface_probe.v1,surface_probe_schema_v1,322,terrain.heightmap_mesh,analytic_heightmap_with_scm_sinkage,-2.300,1.500,-0.04244,-0.04891,0.10095,0.99369,0.5897,0.5897,0.00000,0.5897,0.00000,fallback_pychrono_unavailable
environment_terrain_component_demo,terrain.surface_probe.v1,surface_probe_schema_v1,323,terrain.heightmap_mesh,analytic_heightmap_with_scm_sinkage,-2.300,1.600,-0.05215,-0.06012,0.09175,0.99397,0.5828,0.5828,0.00000,0.5828,0.00000,fallback_pychrono_unavailable
environment_terrain_component_demo,terrain.surface_probe.v1,surface_probe_schema_v1,324,terrain.heightmap_mesh,analytic_heightmap_with_scm_sinkage,-2.300,1.700,-0.06084,-0.07016,0.08075,0.99426,0.5765,0.5765,0.00000,0.5765,0.00000,fallback_pychrono_unavailable
environment_terrain_component_demo,terrain.surface_probe.v1,surface_probe_schema_v1,325,terrain.heightmap_mesh,analytic_heightmap_with_scm_sinkage,-2.300,1.800,-0.06834,-0.07883,0.06816,0.99456,0.5712,0.5712,0.00000,0.5712,0.00000,fallback_pychrono_unavailable
environment_terrain_component_demo,terrain.surface_probe.v1,surface_probe_schema_v1,326,terrain.heightmap_mesh,analytic_heightmap_with_scm_sinkage,-2.300,1.900,-0.07450,-0.08596,0.05423,0.99482,0.5668,0.5668,0.00000,0.5668,0.00000,fallback_pychrono_unavailable
environment_terrain_component_demo,terrain.surface_probe.v1,surface_probe_schema_v1,327,terrain.heightmap_mesh,analytic_heightmap_with_scm_sinkage,-2.300,2.000,-0.07920,-0.09141,0.03923,0.99504,0.5634,0.5634,0.00000,0.5634,0.00000,fallback_pychrono_unavailable
environment_terrain_component_demo,terrain.surface_probe.v1,surface_probe_schema_v1,328,terrain.heightmap_mesh,analytic_heightmap_with_scm_sinkage,-2.200,-2.000,-0.06879,-0.11506,-0.03399,0.99278,0.5709,0.5709,0.00000,0.5709,0.00000,fallback_pychrono_unavailable
environment_terrain_component_demo,terrain.surface_probe.v1,surface_probe_schema_v1,329,terrain.heightmap_mesh,analytic_heightmap_with_scm_sinkage,-2.200,-1.900,-0.06470,-0.10826,-0.04701,0.99301,0.5738,0.5738,0.00000,0.5738,0.00000,fallback_pychrono_unavailable
environment_terrain_component_demo,terrain.surface_probe.v1,surface_probe_schema_v1,330,terrain.heightmap_mesh,analytic_heightmap_with_scm_sinkage,-2.200,-1.800,-0.05935,-0.09933,-0.05912,0.99330,0.5776,0.5776,0.00000,0.5776,0.00000,fallback_pychrono_unavailable
environment_terrain_component_demo,terrain.surface_probe.v1,surface_probe_schema_v1,331,terrain.heightmap_mesh,analytic_heightmap_with_scm_sinkage,-2.200,-1.700,-0.05284,-0.08846,-0.07008,0.99361,0.5823,0.5823,0.00000,0.5823,0.00000,fallback_pychrono_unavailable
environment_terrain_component_demo,terrain.surface_probe.v1,surface_probe_schema_v1,332,terrain.heightmap_mesh,analytic_heightmap_with_scm_sinkage,-2.200,-1.600,-0.04529,-0.07585,-0.07968,0.99393,0.5876,0.5876,0.00000,0.5876,0.00000,fallback_pychrono_unavailable
environment_terrain_component_demo,terrain.surface_probe.v1,surface_probe_schema_v1,333,terrain.heightmap_mesh,analytic_heightmap_with_scm_sinkage,-2.200,-1.500,-0.03686,-0.06174,-0.08772,0.99423,0.5937,0.5937,0.00001,0.5937,0.00001,fallback_pychrono_unavailable
environment_terrain_component_demo,terrain.surface_probe.v1,surface_probe_schema_v1,334,terrain.heightmap_mesh,analytic_heightmap_with_scm_sinkage,-2.200,-1.400,-0.02770,-0.04642,-0.09404,0.99449,0.6002,0.6002,0.00001,0.6002,0.00001,fallback_pychrono_unavailable
environment_terrain_component_demo,terrain.surface_probe.v1,surface_probe_schema_v1,335,terrain.heightmap_mesh,analytic_heightmap_with_scm_sinkage,-2.200,-1.300,-0.01801,-0.03018,-0.09852,0.99468,0.6071,0.6071,0.00003,0.6071,0.00003,fallback_pychrono_unavailable
environment_terrain_component_demo,terrain.surface_probe.v1,surface_probe_schema_v1,336,terrain.heightmap_mesh,analytic_heightmap_with_scm_sinkage,-2.200,-1.200,-0.00796,-0.01334,-0.10107,0.99479,0.6143,0.6143,0.00006,0.6143,0.00006,fallback_pychrono_unavailable
environment_terrain_component_demo,terrain.surface_probe.v1,surface_probe_schema_v1,337,terrain.heightmap_mesh,analytic_heightmap_with_scm_sinkage,-2.200,-1.100,0.00225,0.00377,-0.10163,0.99482,0.6184,0.6184,0.00011,0.6184,0.00011,fallback_pychrono_unavailable
environment_terrain_component_demo,terrain.surface_probe.v1,surface_probe_schema_v1,338,terrain.heightmap_mesh,analytic_heightmap_with_scm_sinkage,-2.200,-1.000,0.01241,0.02080,-0.10019,0.99475,0.6111,0.6111,0.00020,0.6111,0.00020,fallback_pychrono_unavailable
environment_terrain_component_demo,terrain.surface_probe.v1,surface_probe_schema_v1,339,terrain.heightmap_mesh,analytic_heightmap_with_scm_sinkage,-2.200,-0.900,0.02233,0.03742,-0.09679,0.99460,0.6041,0.6041,0.00034,0.6041,0.00034,fallback_pychrono_unavailable
environment_terrain_component_demo,terrain.surface_probe.v1,surface_probe_schema_v1,340,terrain.heightmap_mesh,analytic_heightmap_with_scm_sinkage,-2.200,-0.800,0.03181,0.05329,-0.09148,0.99438,0.5973,0.5973,0.00055,0.5973,0.00055,fallback_pychrono_unavailable
environment_terrain_component_demo,terrain.surface_probe.v1,surface_probe_schema_v1,341,terrain.heightmap_mesh,analytic_heightmap_with_scm_sinkage,-2.200,-0.700,0.04067,0.06811,-0.08438,0.99410,0.5910,0.5910,0.00085,0.5910,0.00085,fallback_pychrono_unavailable
environment_terrain_component_demo,terrain.surface_probe.v1,surface_probe_schema_v1,342,terrain.heightmap_mesh,analytic_heightmap_with_scm_sinkage,-2.200,-0.600,0.04873,0.08159,-0.07564,0.99379,0.5852,0.5852,0.00123,0.5852,0.00123,fallback_pychrono_unavailable
environment_terrain_component_demo,terrain.surface_probe.v1,surface_probe_schema_v1,343,terrain.heightmap_mesh,analytic_heightmap_with_scm_sinkage,-2.200,-0.500,0.05584,0.09347,-0.06541,0.99347,0.5801,0.5801,0.00168,0.5801,0.00168,fallback_pychrono_unavailable
environment_terrain_component_demo,terrain.surface_probe.v1,surface_probe_schema_v1,344,terrain.heightmap_mesh,analytic_heightmap_with_scm_sinkage,-2.200,-0.400,0.06185,0.10351,-0.05392,0.99317,0.5758,0.5758,0.00218,0.5758,0.00218,fallback_pychrono_unavailable
environment_terrain_component_demo,terrain.surface_probe.v1,surface_probe_schema_v1,345,terrain.heightmap_mesh,analytic_heightmap_with_scm_sinkage,-2.200,-0.300,0.06666,0.11152,-0.04138,0.99290,0.5724,0.5724,0.00266,0.5724,0.00266,fallback_pychrono_unavailable
environment_terrain_component_demo,terrain.surface_probe.v1,surface_probe_schema_v1,346,terrain.heightmap_mesh,analytic_heightmap_with_scm_sinkage,-2.200,-0.200,0.07016,0.11736,-0.02804,0.99269,0.5699,0.5699,0.00307,0.5699,0.00307,fallback_pychrono_unavailable
environment_terrain_component_demo,terrain.surface_probe.v1,surface_probe_schema_v1,347,terrain.heightmap_mesh,analytic_heightmap_with_scm_sinkage,-2.200,-0.100,0.07229,0.12090,-0.01416,0.99256,0.5684,0.5684,0.00334,0.5684,0.00334,fallback_pychrono_unavailable
environment_terrain_component_demo,terrain.surface_probe.v1,surface_probe_schema_v1,348,terrain.heightmap_mesh,analytic_heightmap_with_scm_sinkage,-2.200,0.000,0.07301,0.12209,0.00000,0.99252,0.5679,0.5679,0.00344,0.5679,0.00344,fallback_pychrono_unavailable
environment_terrain_component_demo,terrain.surface_probe.v1,surface_probe_schema_v1,349,terrain.heightmap_mesh,analytic_heightmap_with_scm_sinkage,-2.200,0.100,0.07229,0.12090,0.01416,0.99256,0.5684,0.5684,0.00334,0.5684,0.00334,fallback_pychrono_unavailable
environment_terrain_component_demo,terrain.surface_probe.v1,surface_probe_schema_v1,350,terrain.heightmap_mesh,analytic_heightmap_with_scm_sinkage,-2.200,0.200,0.07016,0.11736,0.02804,0.99269,0.5699,0.5699,0.00307,0.5699,0.00307,fallback_pychrono_unavailable
environment_terrain_component_demo,terrain.surface_probe.v1,surface_probe_schema_v1,351,terrain.heightmap_mesh,analytic_heightmap_with_scm_sinkage,-2.200,0.300,0.06666,0.11152,0.04138,0.99290,0.5724,0.5724,0.00266,0.5724,0.00266,fallback_pychrono_unavailable
environment_terrain_component_demo,terrain.surface_probe.v1,surface_probe_schema_v1,352,terrain.heightmap_mesh,analytic_heightmap_with_scm_sinkage,-2.200,0.400,0.06185,0.10351,0.05392,0.99317,0.5758,0.5758,0.00218,0.5758,0.00218,fallback_pychrono_unavailable
environment_terrain_component_demo,terrain.surface_probe.v1,surface_probe_schema_v1,353,terrain.heightmap_mesh,analytic_heightmap_with_scm_sinkage,-2.200,0.500,0.05584,0.09347,0.06541,0.99347,0.5801,0.5801,0.00168,0.5801,0.00168,fallback_pychrono_unavailable
environment_terrain_component_demo,terrain.surface_probe.v1,surface_probe_schema_v1,354,terrain.heightmap_mesh,analytic_heightmap_with_scm_sinkage,-2.200,0.600,0.04873,0.08159,0.07564,0.99379,0.5852,0.5852,0.00123,0.5852,0.00123,fallback_pychrono_unavailable
environment_terrain_component_demo,terrain.surface_probe.v1,surface_probe_schema_v1,355,terrain.heightmap_mesh,analytic_heightmap_with_scm_sinkage,-2.200,0.700,0.04067,0.06811,0.08438,0.99410,0.5910,0.5910,0.00085,0.5910,0.00085,fallback_pychrono_unavailable
environment_terrain_component_demo,terrain.surface_probe.v1,surface_probe_schema_v1,356,terrain.heightmap_mesh,analytic_heightmap_with_scm_sinkage,-2.200,0.800,0.03181,0.05329,0.09148,0.99438,0.5973,0.5973,0.00055,0.5973,0.00055,fallback_pychrono_unavailable
environment_terrain_component_demo,terrain.surface_probe.v1,surface_probe_schema_v1,357,terrain.heightmap_mesh,analytic_heightmap_with_scm_sinkage,-2.200,0.900,0.02233,0.03742,0.09679,0.99460,0.6041,0.6041,0.00034,0.6041,0.00034,fallback_pychrono_unavailable
environment_terrain_component_demo,terrain.surface_probe.v1,surface_probe_schema_v1,358,terrain.heightmap_mesh,analytic_heightmap_with_scm_sinkage,-2.200,1.000,0.01241,0.02080,0.10019,0.99475,0.6111,0.6111,0.00020,0.6111,0.00020,fallback_pychrono_unavailable
environment_terrain_component_demo,terrain.surface_probe.v1,surface_probe_schema_v1,359,terrain.heightmap_mesh,analytic_heightmap_with_scm_sinkage,-2.200,1.100,0.00225,0.00377,0.10163,0.99482,0.6184,0.6184,0.00011,0.6184,0.00011,fallback_pychrono_unavailable
environment_terrain_component_demo,terrain.surface_probe.v1,surface_probe_schema_v1,360,terrain.heightmap_mesh,analytic_heightmap_with_scm_sinkage,-2.200,1.200,-0.00796,-0.01334,0.10107,0.99479,0.6143,0.6143,0.00006,0.6143,0.00006,fallback_pychrono_unavailable
environment_terrain_component_demo,terrain.surface_probe.v1,surface_probe_schema_v1,361,terrain.heightmap_mesh,analytic_heightmap_with_scm_sinkage,-2.200,1.300,-0.01801,-0.03018,0.09852,0.99468,0.6071,0.6071,0.00003,0.6071,0.00003,fallback_pychrono_unavailable
environment_terrain_component_demo,terrain.surface_probe.v1,surface_probe_schema_v1,362,terrain.heightmap_mesh,analytic_heightmap_with_scm_sinkage,-2.200,1.400,-0.02770,-0.04642,0.09404,0.99449,0.6002,0.6002,0.00001,0.6002,0.00001,fallback_pychrono_unavailable
environment_terrain_component_demo,terrain.surface_probe.v1,surface_probe_schema_v1,363,terrain.heightmap_mesh,analytic_heightmap_with_scm_sinkage,-2.200,1.500,-0.03686,-0.06174,0.08772,0.99423,0.5937,0.5937,0.00001,0.5937,0.00001,fallback_pychrono_unavailable
environment_terrain_component_demo,terrain.surface_probe.v1,surface_probe_schema_v1,364,terrain.heightmap_mesh,analytic_heightmap_with_scm_sinkage,-2.200,1.600,-0.04529,-0.07585,0.07968,0.99393,0.5876,0.5876,0.00000,0.5876,0.00000,fallback_pychrono_unavailable
environment_terrain_component_demo,terrain.surface_probe.v1,surface_probe_schema_v1,365,terrain.heightmap_mesh,analytic_heightmap_with_scm_sinkage,-2.200,1.700,-0.05284,-0.08846,0.07008,0.99361,0.5823,0.5823,0.00000,0.5823,0.00000,fallback_pychrono_unavailable
environment_terrain_component_demo,terrain.surface_probe.v1,surface_probe_schema_v1,366,terrain.heightmap_mesh,analytic_heightmap_with_scm_sinkage,-2.200,1.800,-0.05935,-0.09933,0.05912,0.99330,0.5776,0.5776,0.00000,0.5776,0.00000,fallback_pychrono_unavailable
environment_terrain_component_demo,terrain.surface_probe.v1,surface_probe_schema_v1,367,terrain.heightmap_mesh,analytic_heightmap_with_scm_sinkage,-2.200,1.900,-0.06470,-0.10826,0.04701,0.99301,0.5738,0.5738,0.00000,0.5738,0.00000,fallback_pychrono_unavailable
environment_terrain_component_demo,terrain.surface_probe.v1,surface_probe_schema_v1,368,terrain.heightmap_mesh,analytic_heightmap_with_scm_sinkage,-2.200,2.000,-0.06879,-0.11506,0.03399,0.99278,0.5709,0.5709,0.00000,0.5709,0.00000,fallback_pychrono_unavailable
environment_terrain_component_demo,terrain.surface_probe.v1,surface_probe_schema_v1,369,terrain.heightmap_mesh,analytic_heightmap_with_scm_sinkage,-2.100,-2.000,-0.05615,-0.13490,-0.02768,0.99047,0.5799,0.5799,0.00000,0.5799,0.00000,fallback_pychrono_unavailable
environment_terrain_component_demo,terrain.surface_probe.v1,surface_probe_schema_v1,370,terrain.heightmap_mesh,analytic_heightmap_with_scm_sinkage,-2.100,-1.900,-0.05281,-0.12698,-0.03830,0.99117,0.5823,0.5823,0.00000,0.5823,0.00000,fallback_pychrono_unavailable
environment_terrain_component_demo,terrain.surface_probe.v1,surface_probe_schema_v1,371,terrain.heightmap_mesh,analytic_heightmap_with_scm_sinkage,-2.100,-1.800,-0.04845,-0.11657,-0.04819,0.99201,0.5854,0.5854,0.00000,0.5854,0.00000,fallback_pychrono_unavailable
environment_terrain_component_demo,terrain.surface_probe.v1,surface_probe_schema_v1,372,terrain.heightmap_mesh,analytic_heightmap_with_scm_sinkage,-2.100,-1.700,-0.04313,-0.10388,-0.05717,0.99295,0.5892,0.5892,0.00000,0.5892,0.00000,fallback_pychrono_unavailable
environment_terrain_component_demo,terrain.surface_probe.v1,surface_probe_schema_v1,373,terrain.heightmap_mesh,analytic_heightmap_with_scm_sinkage,-2.100,-1.600,-0.03697,-0.08912,-0.06503,0.99389,0.5936,0.5936,0.00000,0.5936,0.00000,fallback_pychrono_unavailable
environment_terrain_component_demo,terrain.surface_probe.v1,surface_probe_schema_v1,374,terrain.heightmap_mesh,analytic_heightmap_with_scm_sinkage,-2.100,-1.500,-0.03008,-0.07259,-0.07164,0.99479,0.5985,0.5985,0.00001,0.5985,0.00001,fallback_pychrono_unavailable
environment_terrain_component_demo,terrain.surface_probe.v1,surface_probe_schema_v1,375,terrain.heightmap_mesh,analytic_heightmap_with_scm_sinkage,-2.100,-1.400,-0.02261,-0.05460,-0.07685,0.99555,0.6038,0.6038,0.00002,0.6038,0.00002,fallback_pychrono_unavailable
environment_terrain_component_demo,terrain.surface_probe.v1,surface_probe_schema_v1,376,terrain.heightmap_mesh,analytic_heightmap_with_scm_sinkage,-2.100,-1.300,-0.01470,-0.03551,-0.08054,0.99612,0.6095,0.6095,0.00004,0.6095,0.00004,fallback_pychrono_unavailable
environment_terrain_component_demo,terrain.surface_probe.v1,surface_probe_schema_v1,377,terrain.heightmap_mesh,analytic_heightmap_with_scm_sinkage,-2.100,-1.200,-0.00649,-0.01570,-0.08264,0.99646,0.6154,0.6154,0.00008,0.6154,0.00008,fallback_pychrono_unavailable
environment_terrain_component_demo,terrain.surface_probe.v1,surface_probe_schema_v1,378,terrain.heightmap_mesh,analytic_heightmap_with_scm_sinkage,-2.100,-1.100,0.00183,0.00444,-0.08310,0.99653,0.6187,0.6187,0.00015,0.6187,0.00015,fallback_pychrono_unavailable
environment_terrain_component_demo,terrain.surface_probe.v1,surface_probe_schema_v1,379,terrain.heightmap_mesh,analytic_heightmap_with_scm_sinkage,-2.100,-1.000,0.01013,0.02448,-0.08191,0.99634,0.6128,0.6128,0.00027,0.6128,0.00027,fallback_pychrono_unavailable
environment_terrain_component_demo,terrain.surface_probe.v1,surface_probe_schema_v1,380,terrain.heightmap_mesh,analytic_heightmap_with_scm_sinkage,-2.100,-0.900,0.01822,0.04402,-0.07911,0.99589,0.6070,0.6070,0.00046,0.6070,0.00046,fallback_pychrono_unavailable
environment_terrain_component_demo,terrain.surface_probe.v1,surface_probe_schema_v1,381,terrain.heightmap_mesh,analytic_heightmap_with_scm_sinkage,-2.100,-0.800,0.02596,0.06268,-0.07474,0.99523,0.6015,0.6015,0.00076,0.6015,0.00076,fallback_pychrono_unavailable
environment_terrain_component_demo,terrain.surface_probe.v1,surface_probe_schema_v1,382,terrain.heightmap_mesh,analytic_heightmap_with_scm_sinkage,-2.100,-0.700,0.03319,0.08007,-0.06890,0.99441,0.5963,0.5963,0.00116,0.5963,0.00116,fallback_pychrono_unavailable
environment_terrain_component_demo,terrain.surface_probe.v1,surface_probe_schema_v1,383,terrain.heightmap_mesh,analytic_heightmap_with_scm_sinkage,-2.100,-0.600,0.03978,0.09585,-0.06172,0.99348,0.5916,0.5916,0.00168,0.5916,0.00168,fallback_pychrono_unavailable
environment_terrain_component_demo,terrain.surface_probe.v1,surface_probe_schema_v1,384,terrain.heightmap_mesh,analytic_heightmap_with_scm_sinkage,-2.100,-0.500,0.04558,0.10973,-0.05334,0.99253,0.5874,0.5874,0.00230,0.5874,0.00230,fallback_pychrono_unavailable
environment_terrain_component_demo,terrain.surface_probe.v1,surface_probe_schema_v1,385,terrain.heightmap_mesh,analytic_heightmap_with_scm_sinkage,-2.100,-0.400,0.05049,0.12144,-0.04394,0.99163,0.5839,0.5839,0.00298,0.5839,0.00298,fallback_pychrono_unavailable
environment_terrain_component_demo,terrain.surface_probe.v1,surface_probe_schema_v1,386,terrain.heightmap_mesh,analytic_heightmap_with_scm_sinkage,-2.100,-0.300,0.05441,0.13078,-0.03371,0.99084,0.5811,0.5811,0.00364,0.5811,0.00364,fallback_pychrono_unavailable
environment_terrain_component_demo,terrain.surface_probe.v1,surface_probe_schema_v1,387,terrain.heightmap_mesh,analytic_heightmap_with_scm_sinkage,-2.100,-0.200,0.05727,0.13756,-0.02283,0.99023,0.5791,0.5791,0.00420,0.5791,0.00420,fallback_pychrono_unavailable
environment_terrain_component_demo,terrain.surface_probe.v1,surface_probe_schema_v1,388,terrain.heightmap_mesh,analytic_heightmap_with_scm_sinkage,-2.100,-0.100,0.05901,0.14168,-0.01152,0.98985,0.5779,0.5779,0.00457,0.5779,0.00457,fallback_pychrono_unavailable
environment_terrain_component_demo,terrain.surface_probe.v1,surface_probe_schema_v1,389,terrain.heightmap_mesh,analytic_heightmap_with_scm_sinkage,-2.100,0.000,0.05959,0.14306,0.00000,0.98971,0.5774,0.5774,0.00470,0.5774,0.00470,fallback_pychrono_unavailable
environment_terrain_component_demo,terrain.surface_probe.v1,surface_probe_schema_v1,390,terrain.heightmap_mesh,analytic_heightmap_with_scm_sinkage,-2.100,0.100,0.05901,0.14168,0.01152,0.98985,0.5779,0.5779,0.00457,0.5779,0.00457,fallback_pychrono_unavailable
environment_terrain_component_demo,terrain.surface_probe.v1,surface_probe_schema_v1,391,terrain.heightmap_mesh,analytic_heightmap_with_scm_sinkage,-2.100,0.200,0.05727,0.13756,0.02283,0.99023,0.5791,0.5791,0.00420,0.5791,0.00420,fallback_pychrono_unavailable
environment_terrain_component_demo,terrain.surface_probe.v1,surface_probe_schema_v1,392,terrain.heightmap_mesh,analytic_heightmap_with_scm_sinkage,-2.100,0.300,0.05441,0.13078,0.03371,0.99084,0.5811,0.5811,0.00364,0.5811,0.00364,fallback_pychrono_unavailable
environment_terrain_component_demo,terrain.surface_probe.v1,surface_probe_schema_v1,393,terrain.heightmap_mesh,analytic_heightmap_with_scm_sinkage,-2.100,0.400,0.05049,0.12144,0.04394,0.99163,0.5839,0.5839,0.00298,0.5839,0.00298,fallback_pychrono_unavailable
environment_terrain_component_demo,terrain.surface_probe.v1,surface_probe_schema_v1,394,terrain.heightmap_mesh,analytic_heightmap_with_scm_sinkage,-2.100,0.500,0.04558,0.10973,0.05334,0.99253,0.5874,0.5874,0.00230,0.5874,0.00230,fallback_pychrono_unavailable
environment_terrain_component_demo,terrain.surface_probe.v1,surface_probe_schema_v1,395,terrain.heightmap_mesh,analytic_heightmap_with_scm_sinkage,-2.100,0.600,0.03978,0.09585,0.06172,0.99348,0.5916,0.5916,0.00168,0.5916,0.00168,fallback_pychrono_unavailable
environment_terrain_component_demo,terrain.surface_probe.v1,surface_probe_schema_v1,396,terrain.heightmap_mesh,analytic_heightmap_with_scm_sinkage,-2.100,0.700,0.03319,0.08007,0.06890,0.99441,0.5963,0.5963,0.00116,0.5963,0.00116,fallback_pychrono_unavailable
environment_terrain_component_demo,terrain.surface_probe.v1,surface_probe_schema_v1,397,terrain.heightmap_mesh,analytic_heightmap_with_scm_sinkage,-2.100,0.800,0.02596,0.06268,0.07474,0.99523,0.6015,0.6015,0.00076,0.6015,0.00076,fallback_pychrono_unavailable
environment_terrain_component_demo,terrain.surface_probe.v1,surface_probe_schema_v1,398,terrain.heightmap_mesh,analytic_heightmap_with_scm_sinkage,-2.100,0.900,0.01822,0.04402,0.07911,0.99589,0.6070,0.6070,0.00046,0.6070,0.00046,fallback_pychrono_unavailable
environment_terrain_component_demo,terrain.surface_probe.v1,surface_probe_schema_v1,399,terrain.heightmap_mesh,analytic_heightmap_with_scm_sinkage,-2.100,1.000,0.01013,0.02448,0.08191,0.99634,0.6128,0.6128,0.00027,0.6128,0.00027,fallback_pychrono_unavailable
environment_terrain_component_demo,terrain.surface_probe.v1,surface_probe_schema_v1,400,terrain.heightmap_mesh,analytic_heightmap_with_scm_sinkage,-2.100,1.100,0.00183,0.00444,0.08310,0.99653,0.6187,0.6187,0.00015,0.6187,0.00015,fallback_pychrono_unavailable
environment_terrain_component_demo,terrain.surface_probe.v1,surface_probe_schema_v1,401,terrain.heightmap_mesh,analytic_heightmap_with_scm_sinkage,-2.100,1.200,-0.00649,-0.01570,0.08264,0.99646,0.6154,0.6154,0.00008,0.6154,0.00008,fallback_pychrono_unavailable
environment_terrain_component_demo,terrain.surface_probe.v1,surface_probe_schema_v1,402,terrain.heightmap_mesh,analytic_heightmap_with_scm_sinkage,-2.100,1.300,-0.01470,-0.03551,0.08054,0.99612,0.6095,0.6095,0.00004,0.6095,0.00004,fallback_pychrono_unavailable
environment_terrain_component_demo,terrain.surface_probe.v1,surface_probe_schema_v1,403,terrain.heightmap_mesh,analytic_heightmap_with_scm_sinkage,-2.100,1.400,-0.02261,-0.05460,0.07685,0.99555,0.6038,0.6038,0.00002,0.6038,0.00002,fallback_pychrono_unavailable
environment_terrain_component_demo,terrain.surface_probe.v1,surface_probe_schema_v1,404,terrain.heightmap_mesh,analytic_heightmap_with_scm_sinkage,-2.100,1.500,-0.03008,-0.07259,0.07164,0.99479,0.5985,0.5985,0.00001,0.5985,0.00001,fallback_pychrono_unavailable
environment_terrain_component_demo,terrain.surface_probe.v1,surface_probe_schema_v1,405,terrain.heightmap_mesh,analytic_heightmap_with_scm_sinkage,-2.100,1.600,-0.03697,-0.08912,0.06503,0.99389,0.5936,0.5936,0.00000,0.5936,0.00000,fallback_pychrono_unavailable
environment_terrain_component_demo,terrain.surface_probe.v1,surface_probe_schema_v1,406,terrain.heightmap_mesh,analytic_heightmap_with_scm_sinkage,-2.100,1.700,-0.04313,-0.10388,0.05717,0.99295,0.5892,0.5892,0.00000,0.5892,0.00000,fallback_pychrono_unavailable
environment_terrain_component_demo,terrain.surface_probe.v1,surface_probe_schema_v1,407,terrain.heightmap_mesh,analytic_heightmap_with_scm_sinkage,-2.100,1.800,-0.04845,-0.11657,0.04819,0.99201,0.5854,0.5854,0.00000,0.5854,0.00000,fallback_pychrono_unavailable
environment_terrain_component_demo,terrain.surface_probe.v1,surface_probe_schema_v1,408,terrain.heightmap_mesh,analytic_heightmap_with_scm_sinkage,-2.100,1.900,-0.05281,-0.12698,0.03830,0.99117,0.5823,0.5823,0.00000,0.5823,0.00000,fallback_pychrono_unavailable
environment_terrain_component_demo,terrain.surface_probe.v1,surface_probe_schema_v1,409,terrain.heightmap_mesh,analytic_heightmap_with_scm_sinkage,-2.100,2.000,-0.05615,-0.13490,0.02768,0.99047,0.5799,0.5799,0.00000,0.5799,0.00000,fallback_pychrono_unavailable
environment_terrain_component_demo,terrain.surface_probe.v1,surface_probe_schema_v1,410,terrain.heightmap_mesh,analytic_heightmap_with_scm_sinkage,-2.000,-2.000,-0.04170,-0.15033,-0.02051,0.98842,0.5902,0.5902,0.00000,0.5902,0.00000,fallback_pychrono_unavailable
environment_terrain_component_demo,terrain.surface_probe.v1,surface_probe_schema_v1,411,terrain.heightmap_mesh,analytic_heightmap_with_scm_sinkage,-2.000,-1.900,-0.03922,-0.14156,-0.02840,0.98952,0.5920,0.5920,0.00000,0.5920,0.00000,fallback_pychrono_unavailable
environment_terrain_component_demo,terrain.surface_probe.v1,surface_probe_schema_v1,412,terrain.heightmap_mesh,analytic_heightmap_with_scm_sinkage,-2.000,-1.800,-0.03597,-0.13003,-0.03575,0.99087,0.5943,0.5943,0.00000,0.5943,0.00000,fallback_pychrono_unavailable
environment_terrain_component_demo,terrain.surface_probe.v1,surface_probe_schema_v1,413,terrain.heightmap_mesh,analytic_heightmap_with_scm_sinkage,-2.000,-1.700,-0.03203,-0.11593,-0.04243,0.99235,0.5971,0.5971,0.00000,0.5971,0.00000,fallback_pychrono_unavailable
environment_terrain_component_demo,terrain.surface_probe.v1,surface_probe_schema_v1,414,terrain.heightmap_mesh,analytic_heightmap_with_scm_sinkage,-2.000,-1.600,-0.02745,-0.09952,-0.04829,0.99386,0.6004,0.6004,0.00000,0.6004,0.00000,fallback_pychrono_unavailable
environment_terrain_component_demo,terrain.surface_probe.v1,surface_probe_schema_v1,415,terrain.heightmap_mesh,analytic_heightmap_with_scm_sinkage,-2.000,-1.500,-0.02234,-0.08111,-0.05323,0.99528,0.6040,0.6040,0.00001,0.6040,0.00001,fallback_pychrono_unavailable
environment_terrain_component_demo,terrain.surface_probe.v1,surface_probe_schema_v1,416,terrain.heightmap_mesh,analytic_heightmap_with_scm_sinkage,-2.000,-1.400,-0.01679,-0.06104,-0.05712,0.99650,0.6080,0.6080,0.00002,0.6080,0.00002,fallback_pychrono_unavailable
environment_terrain_component_demo,terrain.surface_probe.v1,surface_probe_schema_v1,417,terrain.heightmap_mesh,analytic_heightmap_with_scm_sinkage,-2.000,-1.300,-0.01091,-0.03971,-0.05988,0.99742,0.6122,0.6122,0.00005,0.6122,0.00005,fallback_pychrono_unavailable
environment_terrain_component_demo,terrain.surface_probe.v1,surface_probe_schema_v1,418,terrain.heightmap_mesh,analytic_heightmap_with_scm_sinkage,-2.000,-1.200,-0.00482,-0.01756,-0.06146,0.99796,0.6166,0.6166,0.00010,0.6166,0.00010,fallback_pychrono_unavailable
environment_terrain_component_demo,terrain.surface_probe.v1,surface_probe_schema_v1,419,terrain.heightmap_mesh,analytic_heightmap_with_scm_sinkage,-2.000,-1.100,0.00136,0.00496,-0.06180,0.99808,0.6190,0.6190,0.00020,0.6190,0.00020,fallback_pychrono_unavailable
environment_terrain_component_demo,terrain.surface_probe.v1,surface_probe_schema_v1,420,terrain.heightmap_mesh,analytic_heightmap_with_scm_sinkage,-2.000,-1.000,0.00752,0.02737,-0.06092,0.99777,0.6146,0.6146,0.00036,0.6146,0.00036,fallback_pychrono_unavailable
environment_terrain_component_demo,terrain.surface_probe.v1,surface_probe_schema_v1,421,terrain.heightmap_mesh,analytic_heightmap_with_scm_sinkage,-2.000,-0.900,0.01353,0.04922,-0.05881,0.99706,0.6103,0.6103,0.00063,0.6103,0.00063,fallback_pychrono_unavailable
environment_terrain_component_demo,terrain.surface_probe.v1,surface_probe_schema_v1,422,terrain.heightmap_mesh,analytic_heightmap_with_scm_sinkage,-2.000,-0.800,0.01928,0.07004,-0.05554,0.99600,0.6062,0.6062,0.00102,0.6062,0.00102,fallback_pychrono_unavailable
environment_terrain_component_demo,terrain.surface_probe.v1,surface_probe_schema_v1,423,terrain.heightmap_mesh,analytic_heightmap_with_scm_sinkage,-2.000,-0.700,0.02465,0.08943,-0.05118,0.99468,0.6024,0.6024,0.00157,0.6024,0.00157,fallback_pychrono_unavailable
environment_terrain_component_demo,terrain.surface_probe.v1,surface_probe_schema_v1,424,terrain.heightmap_mesh,analytic_heightmap_with_scm_sinkage,-2.000,-0.600,0.02954,0.10701,-0.04582,0.99320,0.5989,0.5989,0.00227,0.5989,0.00227,fallback_pychrono_unavailable
environment_terrain_component_demo,terrain.surface_probe.v1,surface_probe_schema_v1,425,terrain.heightmap_mesh,analytic_heightmap_with_scm_sinkage,-2.000,-0.500,0.03385,0.12243,-0.03958,0.99169,0.5958,0.5958,0.00311,0.5958,0.00311,fallback_pychrono_unavailable
environment_terrain_component_demo,terrain.surface_probe.v1,surface_probe_schema_v1,426,terrain.heightmap_mesh,analytic_heightmap_with_scm_sinkage,-2.000,-0.400,0.03749,0.13543,-0.03259,0.99025,0.5932,0.5932,0.00402,0.5932,0.00402,fallback_pychrono_unavailable
environment_terrain_component_demo,terrain.surface_probe.v1,surface_probe_schema_v1,427,terrain.heightmap_mesh,analytic_heightmap_with_scm_sinkage,-2.000,-0.300,0.04041,0.14577,-0.02498,0.98900,0.5911,0.5911,0.00491,0.5911,0.00491,fallback_pychrono_unavailable
environment_terrain_component_demo,terrain.surface_probe.v1,surface_probe_schema_v1,428,terrain.heightmap_mesh,analytic_heightmap_with_scm_sinkage,-2.000,-0.200,0.04253,0.15327,-0.01692,0.98804,0.5896,0.5896,0.00566,0.5896,0.00566,fallback_pychrono_unavailable
environment_terrain_component_demo,terrain.surface_probe.v1,surface_probe_schema_v1,429,terrain.heightmap_mesh,analytic_heightmap_with_scm_sinkage,-2.000,-0.100,0.04382,0.15783,-0.00854,0.98743,0.5887,0.5887,0.00617,0.5887,0.00617,fallback_pychrono_unavailable
environment_terrain_component_demo,terrain.surface_probe.v1,surface_probe_schema_v1,430,terrain.heightmap_mesh,analytic_heightmap_with_scm_sinkage,-2.000,0.000,0.04425,0.15935,0.00000,0.98722,0.5884,0.5884,0.00635,0.5884,0.00635,fallback_pychrono_unavailable
environment_terrain_component_demo,terrain.surface_probe.v1,surface_probe_schema_v1,431,terrain.heightmap_mesh,analytic_heightmap_with_scm_sinkage,-2.000,0.100,0.04382,0.15783,0.00854,0.98743,0.5887,0.5887,0.00617,0.5887,0.00617,fallback_pychrono_unavailable
environment_terrain_component_demo,terrain.surface_probe.v1,surface_probe_schema_v1,432,terrain.heightmap_mesh,analytic_heightmap_with_scm_sinkage,-2.000,0.200,0.04253,0.15327,0.01692,0.98804,0.5896,0.5896,0.00566,0.5896,0.00566,fallback_pychrono_unavailable
environment_terrain_component_demo,terrain.surface_probe.v1,surface_probe_schema_v1,433,terrain.heightmap_mesh,analytic_heightmap_with_scm_sinkage,-2.000,0.300,0.04041,0.14577,0.02498,0.98900,0.5911,0.5911,0.00491,0.5911,0.00491,fallback_pychrono_unavailable
environment_terrain_component_demo,terrain.surface_probe.v1,surface_probe_schema_v1,434,terrain.heightmap_mesh,analytic_heightmap_with_scm_sinkage,-2.000,0.400,0.03749,0.13543,0.03259,0.99025,0.5932,0.5932,0.00402,0.5932,0.00402,fallback_pychrono_unavailable
environment_terrain_component_demo,terrain.surface_probe.v1,surface_probe_schema_v1,435,terrain.heightmap_mesh,analytic_heightmap_with_scm_sinkage,-2.000,0.500,0.03385,0.12243,0.03958,0.99169,0.5958,0.5958,0.00311,0.5958,0.00311,fallback_pychrono_unavailable
environment_terrain_component_demo,terrain.surface_probe.v1,surface_probe_schema_v1,436,terrain.heightmap_mesh,analytic_heightmap_with_scm_sinkage,-2.000,0.600,0.02954,0.10701,0.04582,0.99320,0.5989,0.5989,0.00227,0.5989,0.00227,fallback_pychrono_unavailable
environment_terrain_component_demo,terrain.surface_probe.v1,surface_probe_schema_v1,437,terrain.heightmap_mesh,analytic_heightmap_with_scm_sinkage,-2.000,0.700,0.02465,0.08943,0.05118,0.99468,0.6024,0.6024,0.00157,0.6024,0.00157,fallback_pychrono_unavailable
environment_terrain_component_demo,terrain.surface_probe.v1,surface_probe_schema_v1,438,terrain.heightmap_mesh,analytic_heightmap_with_scm_sinkage,-2.000,0.800,0.01928,0.07004,0.05554,0.99600,0.6062,0.6062,0.00102,0.6062,0.00102,fallback_pychrono_unavailable
environment_terrain_component_demo,terrain.surface_probe.v1,surface_probe_schema_v1,439,terrain.heightmap_mesh,analytic_heightmap_with_scm_sinkage,-2.000,0.900,0.01353,0.04922,0.05881,0.99706,0.6103,0.6103,0.00063,0.6103,0.00063,fallback_pychrono_unavailable
environment_terrain_component_demo,terrain.surface_probe.v1,surface_probe_schema_v1,440,terrain.heightmap_mesh,analytic_heightmap_with_scm_sinkage,-2.000,1.000,0.00752,0.02737,0.06092,0.99777,0.6146,0.6146,0.00036,0.6146,0.00036,fallback_pychrono_unavailable
environment_terrain_component_demo,terrain.surface_probe.v1,surface_probe_schema_v1,441,terrain.heightmap_mesh,analytic_heightmap_with_scm_sinkage,-2.000,1.100,0.00136,0.00496,0.06180,0.99808,0.6190,0.6190,0.00020,0.6190,0.00020,fallback_pychrono_unavailable
environment_terrain_component_demo,terrain.surface_probe.v1,surface_probe_schema_v1,442,terrain.heightmap_mesh,analytic_heightmap_with_scm_sinkage,-2.000,1.200,-0.00482,-0.01756,0.06146,0.99796,0.6166,0.6166,0.00010,0.6166,0.00010,fallback_pychrono_unavailable
environment_terrain_component_demo,terrain.surface_probe.v1,surface_probe_schema_v1,443,terrain.heightmap_mesh,analytic_heightmap_with_scm_sinkage,-2.000,1.300,-0.01091,-0.03971,0.05988,0.99742,0.6122,0.6122,0.00005,0.6122,0.00005,fallback_pychrono_unavailable
environment_terrain_component_demo,terrain.surface_probe.v1,surface_probe_schema_v1,444,terrain.heightmap_mesh,analytic_heightmap_with_scm_sinkage,-2.000,1.400,-0.01679,-0.06104,0.05712,0.99650,0.6080,0.6080,0.00002,0.6080,0.00002,fallback_pychrono_unavailable
environment_terrain_component_demo,terrain.surface_probe.v1,surface_probe_schema_v1,445,terrain.heightmap_mesh,analytic_heightmap_with_scm_sinkage,-2.000,1.500,-0.02234,-0.08111,0.05323,0.99528,0.6040,0.6040,0.00001,0.6040,0.00001,fallback_pychrono_unavailable
environment_terrain_component_demo,terrain.surface_probe.v1,surface_probe_schema_v1,446,terrain.heightmap_mesh,analytic_heightmap_with_scm_sinkage,-2.000,1.600,-0.02745,-0.09952,0.04829,0.99386,0.6004,0.6004,0.00000,0.6004,0.00000,fallback_pychrono_unavailable
environment_terrain_component_demo,terrain.surface_probe.v1,surface_probe_schema_v1,447,terrain.heightmap_mesh,analytic_heightmap_with_scm_sinkage,-2.000,1.700,-0.03203,-0.11593,0.04243,0.99235,0.5971,0.5971,0.00000,0.5971,0.00000,fallback_pychrono_unavailable
environment_terrain_component_demo,terrain.surface_probe.v1,surface_probe_schema_v1,448,terrain.heightmap_mesh,analytic_heightmap_with_scm_sinkage,-2.000,1.800,-0.03597,-0.13003,0.03575,0.99087,0.5943,0.5943,0.00000,0.5943,0.00000,fallback_pychrono_unavailable
environment_terrain_component_demo,terrain.surface_probe.v1,surface_probe_schema_v1,449,terrain.heightmap_mesh,analytic_heightmap_with_scm_sinkage,-2.000,1.900,-0.03922,-0.14156,0.02840,0.98952,0.5920,0.5920,0.00000,0.5920,0.00000,fallback_pychrono_unavailable
environment_terrain_component_demo,terrain.surface_probe.v1,surface_probe_schema_v1,450,terrain.heightmap_mesh,analytic_heightmap_with_scm_sinkage,-2.000,2.000,-0.04170,-0.15033,0.02051,0.98842,0.5902,0.5902,0.00000,0.5902,0.00000,fallback_pychrono_unavailable
environment_terrain_component_demo,terrain.surface_probe.v1,surface_probe_schema_v1,451,terrain.heightmap_mesh,analytic_heightmap_with_scm_sinkage,-1.900,-2.000,-0.02589,-0.16093,-0.01272,0.98688,0.6015,0.6015,0.00000,0.6015,0.00000,fallback_pychrono_unavailable
environment_terrain_component_demo,terrain.surface_probe.v1,surface_probe_schema_v1,452,terrain.heightmap_mesh,analytic_heightmap_with_scm_sinkage,-1.900,-1.900,-0.02436,-0.15159,-0.01761,0.98829,0.6026,0.6026,0.00000,0.6026,0.00000,fallback_pychrono_unavailable
environment_terrain_component_demo,terrain.surface_probe.v1,surface_probe_schema_v1,453,terrain.heightmap_mesh,analytic_heightmap_with_scm_sinkage,-1.900,-1.800,-0.02234,-0.13929,-0.02218,0.99000,0.6040,0.6040,0.00000,0.6040,0.00000,fallback_pychrono_unavailable
environment_terrain_component_demo,terrain.surface_probe.v1,surface_probe_schema_v1,454,terrain.heightmap_mesh,analytic_heightmap_with_scm_sinkage,-1.900,-1.700,-0.01989,-0.12424,-0.02634,0.99190,0.6058,0.6058,0.00000,0.6058,0.00000,fallback_pychrono_unavailable
environment_terrain_component_demo,terrain.surface_probe.v1,surface_probe_schema_v1,455,terrain.heightmap_mesh,analytic_heightmap_with_scm_sinkage,-1.900,-1.600,-0.01705,-0.10670,-0.02999,0.99384,0.6078,0.6078,0.00001,0.6078,0.00001,fallback_pychrono_unavailable
environment_terrain_component_demo,terrain.surface_probe.v1,surface_probe_schema_v1,456,terrain.heightmap_mesh,analytic_heightmap_with_scm_sinkage,-1.900,-1.500,-0.01387,-0.08699,-0.03307,0.99566,0.6101,0.6101,0.00001,0.6101,0.00001,fallback_pychrono_unavailable
environment_terrain_component_demo,terrain.surface_probe.v1,surface_probe_schema_v1,457,terrain.heightmap_mesh,analytic_heightmap_with_scm_sinkage,-1.900,-1.400,-0.01043,-0.06549,-0.03550,0.99722,0.6126,0.6126,0.00003,0.6126,0.00003,fallback_pychrono_unavailable
environment_terrain_component_demo,terrain.surface_probe.v1,surface_probe_schema_v1,458,terrain.heightmap_mesh,analytic_heightmap_with_scm_sinkage,-1.900,-1.300,-0.00678,-0.04262,-0.03723,0.99840,0.6152,0.6152,0.00007,0.6152,0.00007,fallback_pychrono_unavailable
environment_terrain_component_demo,terrain.surface_probe.v1,surface_probe_schema_v1,459,terrain.heightmap_mesh,analytic_heightmap_with_scm_sinkage,-1.900,-1.200,-0.00300,-0.01885,-0.03821,0.99909,0.6179,0.6179,0.00014,0.6179,0.00014,fallback_pychrono_unavailable
environment_terrain_component_demo,terrain.surface_probe.v1,surface_probe_schema_v1,460,terrain.heightmap_mesh,analytic_heightmap_with_scm_sinkage,-1.900,-1.100,0.00085,0.00533,-0.03843,0.99925,0.6194,0.6194,0.00027,0.6194,0.00027,fallback_pychrono_unavailable
environment_terrain_component_demo,terrain.surface_probe.v1,surface_probe_schema_v1,461,terrain.heightmap_mesh,analytic_heightmap_with_scm_sinkage,-1.900,-1.000,0.00467,0.02938,-0.03787,0.99885,0.6167,0.6167,0.00049,0.6167,0.00049,fallback_pychrono_unavailable
environment_terrain_component_demo,terrain.surface_probe.v1,surface_probe_schema_v1,462,terrain.heightmap_mesh,analytic_heightmap_with_scm_sinkage,-1.900,-0.900,0.00840,0.05282,-0.03656,0.99793,0.6140,0.6140,0.00084,0.6140,0.00084,fallback_pychrono_unavailable
environment_terrain_component_demo,terrain.surface_probe.v1,surface_probe_schema_v1,463,terrain.heightmap_mesh,analytic_heightmap_with_scm_sinkage,-1.900,-0.800,0.01197,0.07514,-0.03451,0.99658,0.6114,0.6114,0.00136,0.6114,0.00136,fallback_pychrono_unavailable
environment_terrain_component_demo,terrain.surface_probe.v1,surface_probe_schema_v1,464,terrain.heightmap_mesh,analytic_heightmap_with_scm_sinkage,-1.900,-0.700,0.01531,0.09591,-0.03179,0.99488,0.6091,0.6091,0.00209,0.6091,0.00209,fallback_pychrono_unavailable
environment_terrain_component_demo,terrain.surface_probe.v1,surface_probe_schema_v1,465,terrain.heightmap_mesh,analytic_heightmap_with_scm_sinkage,-1.900,-0.600,0.01834,0.11471,-0.02845,0.99299,0.6069,0.6069,0.00302,0.6069,0.00302,fallback_pychrono_unavailable
environment_terrain_component_demo,terrain.surface_probe.v1,surface_probe_schema_v1,466,terrain.heightmap_mesh,analytic_heightmap_with_scm_sinkage,-1.900,-0.500,0.02102,0.13119,-0.02456,0.99105,0.6050,0.6050,0.00414,0.6050,0.00414,fallback_pychrono_unavailable
environment_terrain_component_demo,terrain.surface_probe.v1,surface_probe_schema_v1,467,terrain.heightmap_mesh,analytic_heightmap_with_scm_sinkage,-1.900,-0.400,0.02328,0.14505,-0.02022,0.98922,0.6034,0.6034,0.00536,0.6034,0.00536,fallback_pychrono_unavailable
environment_terrain_component_demo,terrain.surface_probe.v1,surface_probe_schema_v1,468,terrain.heightmap_mesh,analytic_heightmap_with_scm_sinkage,-1.900,-0.300,0.02509,0.15607,-0.01549,0.98762,0.6021,0.6021,0.00654,0.6021,0.00654,fallback_pychrono_unavailable
environment_terrain_component_demo,terrain.surface_probe.v1,surface_probe_schema_v1,469,terrain.heightmap_mesh,analytic_heightmap_with_scm_sinkage,-1.900,-0.200,0.02641,0.16407,-0.01049,0.98639,0.6011,0.6011,0.00755,0.6011,0.00755,fallback_pychrono_unavailable
environment_terrain_component_demo,terrain.surface_probe.v1,surface_probe_schema_v1,470,terrain.heightmap_mesh,analytic_heightmap_with_scm_sinkage,-1.900,-0.100,0.02721,0.16891,-0.00529,0.98562,0.6006,0.6006,0.00822,0.6006,0.00822,fallback_pychrono_unavailable
environment_terrain_component_demo,terrain.surface_probe.v1,surface_probe_schema_v1,471,terrain.heightmap_mesh,analytic_heightmap_with_scm_sinkage,-1.900,0.000,0.02748,0.17053,0.00000,0.98535,0.6004,0.6004,0.00846,0.6004,0.00846,fallback_pychrono_unavailable
environment_terrain_component_demo,terrain.surface_probe.v1,surface_probe_schema_v1,472,terrain.heightmap_mesh,analytic_heightmap_with_scm_sinkage,-1.900,0.100,0.02721,0.16891,0.00529,0.98562,0.6006,0.6006,0.00822,0.6006,0.00822,fallback_pychrono_unavailable
environment_terrain_component_demo,terrain.surface_probe.v1,surface_probe_schema_v1,473,terrain.heightmap_mesh,analytic_heightmap_with_scm_sinkage,-1.900,0.200,0.02641,0.16407,0.01049,0.98639,0.6011,0.6011,0.00755,0.6011,0.00755,fallback_pychrono_unavailable
environment_terrain_component_demo,terrain.surface_probe.v1,surface_probe_schema_v1,474,terrain.heightmap_mesh,analytic_heightmap_with_scm_sinkage,-1.900,0.300,0.02509,0.15607,0.01549,0.98762,0.6021,0.6021,0.00654,0.6021,0.00654,fallback_pychrono_unavailable
environment_terrain_component_demo,terrain.surface_probe.v1,surface_probe_schema_v1,475,terrain.heightmap_mesh,analytic_heightmap_with_scm_sinkage,-1.900,0.400,0.02328,0.14505,0.02022,0.98922,0.6034,0.6034,0.00536,0.6034,0.00536,fallback_pychrono_unavailable
environment_terrain_component_demo,terrain.surface_probe.v1,surface_probe_schema_v1,476,terrain.heightmap_mesh,analytic_heightmap_with_scm_sinkage,-1.900,0.500,0.02102,0.13119,0.02456,0.99105,0.6050,0.6050,0.00414,0.6050,0.00414,fallback_pychrono_unavailable
environment_terrain_component_demo,terrain.surface_probe.v1,surface_probe_schema_v1,477,terrain.heightmap_mesh,analytic_heightmap_with_scm_sinkage,-1.900,0.600,0.01834,0.11471,0.02845,0.99299,0.6069,0.6069,0.00302,0.6069,0.00302,fallback_pychrono_unavailable
environment_terrain_component_demo,terrain.surface_probe.v1,surface_probe_schema_v1,478,terrain.heightmap_mesh,analytic_heightmap_with_scm_sinkage,-1.900,0.700,0.01531,0.09591,0.03179,0.99488,0.6091,0.6091,0.00209,0.6091,0.00209,fallback_pychrono_unavailable
environment_terrain_component_demo,terrain.surface_probe.v1,surface_probe_schema_v1,479,terrain.heightmap_mesh,analytic_heightmap_with_scm_sinkage,-1.900,0.800,0.01197,0.07514,0.03451,0.99658,0.6114,0.6114,0.00136,0.6114,0.00136,fallback_pychrono_unavailable
environment_terrain_component_demo,terrain.surface_probe.v1,surface_probe_schema_v1,480,terrain.heightmap_mesh,analytic_heightmap_with_scm_sinkage,-1.900,0.900,0.00840,0.05282,0.03656,0.99793,0.6140,0.6140,0.00084,0.6140,0.00084,fallback_pychrono_unavailable
environment_terrain_component_demo,terrain.surface_probe.v1,surface_probe_schema_v1,481,terrain.heightmap_mesh,analytic_heightmap_with_scm_sinkage,-1.900,1.000,0.00467,0.02938,0.03787,0.99885,0.6167,0.6167,0.00049,0.6167,0.00049,fallback_pychrono_unavailable
environment_terrain_component_demo,terrain.surface_probe.v1,surface_probe_schema_v1,482,terrain.heightmap_mesh,analytic_heightmap_with_scm_sinkage,-1.900,1.100,0.00085,0.00533,0.03843,0.99925,0.6194,0.6194,0.00027,0.6194,0.00027,fallback_pychrono_unavailable
environment_terrain_component_demo,terrain.surface_probe.v1,surface_probe_schema_v1,483,terrain.heightmap_mesh,analytic_heightmap_with_scm_sinkage,-1.900,1.200,-0.00300,-0.01885,0.03821,0.99909,0.6179,0.6179,0.00014,0.6179,0.00014,fallback_pychrono_unavailable
environment_terrain_component_demo,terrain.surface_probe.v1,surface_probe_schema_v1,484,terrain.heightmap_mesh,analytic_heightmap_with_scm_sinkage,-1.900,1.300,-0.00678,-0.04262,0.03723,0.99840,0.6152,0.6152,0.00007,0.6152,0.00007,fallback_pychrono_unavailable
environment_terrain_component_demo,terrain.surface_probe.v1,surface_probe_schema_v1,485,terrain.heightmap_mesh,analytic_heightmap_with_scm_sinkage,-1.900,1.400,-0.01043,-0.06549,0.03550,0.99722,0.6126,0.6126,0.00003,0.6126,0.00003,fallback_pychrono_unavailable
environment_terrain_component_demo,terrain.surface_probe.v1,surface_probe_schema_v1,486,terrain.heightmap_mesh,analytic_heightmap_with_scm_sinkage,-1.900,1.500,-0.01387,-0.08699,0.03307,0.99566,0.6101,0.6101,0.00001,0.6101,0.00001,fallback_pychrono_unavailable
environment_terrain_component_demo,terrain.surface_probe.v1,surface_probe_schema_v1,487,terrain.heightmap_mesh,analytic_heightmap_with_scm_sinkage,-1.900,1.600,-0.01705,-0.10670,0.02999,0.99384,0.6078,0.6078,0.00001,0.6078,0.00001,fallback_pychrono_unavailable
environment_terrain_component_demo,terrain.surface_probe.v1,surface_probe_schema_v1,488,terrain.heightmap_mesh,analytic_heightmap_with_scm_sinkage,-1.900,1.700,-0.01989,-0.12424,0.02634,0.99190,0.6058,0.6058,0.00000,0.6058,0.00000,fallback_pychrono_unavailable
environment_terrain_component_demo,terrain.surface_probe.v1,surface_probe_schema_v1,489,terrain.heightmap_mesh,analytic_heightmap_with_scm_sinkage,-1.900,1.800,-0.02234,-0.13929,0.02218,0.99000,0.6040,0.6040,0.00000,0.6040,0.00000,fallback_pychrono_unavailable
environment_terrain_component_demo,terrain.surface_probe.v1,surface_probe_schema_v1,490,terrain.heightmap_mesh,analytic_heightmap_with_scm_sinkage,-1.900,1.900,-0.02436,-0.15159,0.01761,0.98829,0.6026,0.6026,0.00000,0.6026,0.00000,fallback_pychrono_unavailable
environment_terrain_component_demo,terrain.surface_probe.v1,surface_probe_schema_v1,491,terrain.heightmap_mesh,analytic_heightmap_with_scm_sinkage,-1.900,2.000,-0.02589,-0.16093,0.01272,0.98688,0.6015,0.6015,0.00000,0.6015,0.00000,fallback_pychrono_unavailable
environment_terrain_component_demo,terrain.surface_probe.v1,surface_probe_schema_v1,492,terrain.heightmap_mesh,analytic_heightmap_with_scm_sinkage,-1.800,-2.000,-0.00926,-0.16642,-0.00454,0.98604,0.6134,0.6134,0.00000,0.6134,0.00000,fallback_pychrono_unavailable
environment_terrain_component_demo,terrain.surface_probe.v1,surface_probe_schema_v1,493,terrain.heightmap_mesh,analytic_heightmap_with_scm_sinkage,-1.800,-1.900,-0.00871,-0.15679,-0.00629,0.98761,0.6138,0.6138,0.00000,0.6138,0.00000,fallback_pychrono_unavailable
environment_terrain_component_demo,terrain.surface_probe.v1,surface_probe_schema_v1,494,terrain.heightmap_mesh,analytic_heightmap_with_scm_sinkage,-1.800,-1.800,-0.00799,-0.14410,-0.00793,0.98953,0.6143,0.6143,0.00000,0.6143,0.00000,fallback_pychrono_unavailable
environment_terrain_component_demo,terrain.surface_probe.v1,surface_probe_schema_v1,495,terrain.heightmap_mesh,analytic_heightmap_with_scm_sinkage,-1.800,-1.700,-0.00711,-0.12856,-0.00941,0.99166,0.6149,0.6149,0.00000,0.6149,0.00000,fallback_pychrono_unavailable
environment_terrain_component_demo,terrain.surface_probe.v1,surface_probe_schema_v1,496,terrain.heightmap_mesh,analytic_heightmap_with_scm_sinkage,-1.800,-1.600,-0.00609,-0.11044,-0.01072,0.99383,0.6156,0.6156,0.00001,0.6156,0.00001,fallback_pychrono_unavailable
environment_terrain_component_demo,terrain.surface_probe.v1,surface_probe_schema_v1,497,terrain.heightmap_mesh,analytic_heightmap_with_scm_sinkage,-1.800,-1.500,-0.00496,-0.09006,-0.01182,0.99587,0.6165,0.6165,0.00002,0.6165,0.00002,fallback_pychrono_unavailable
environment_terrain_component_demo,terrain.surface_probe.v1,surface_probe_schema_v1,498,terrain.heightmap_mesh,analytic_heightmap_with_scm_sinkage,-1.800,-1.400,-0.00373,-0.06781,-0.01270,0.99762,0.6173,0.6173,0.00004,0.6173,0.00004,fallback_pychrono_unavailable
environment_terrain_component_demo,terrain.surface_probe.v1,surface_probe_schema_v1,499,terrain.heightmap_mesh,analytic_heightmap_with_scm_sinkage,-1.800,-1.300,-0.00242,-0.04413,-0.01332,0.99894,0.6183,0.6183,0.00009,0.6183,0.00009,fallback_pychrono_unavailable
environment_terrain_component_demo,terrain.surface_probe.v1,surface_probe_schema_v1,500,terrain.heightmap_mesh,analytic_heightmap_with_scm_sinkage,-1.800,-1.200,-0.00107,-0.01952,-0.01367,0.99972,0.6192,0.6192,0.00018,0.6192,0.00018,fallback_pychrono_unavailable
environment_terrain_component_demo,terrain.surface_probe.v1,surface_probe_schema_v1,501,terrain.heightmap_mesh,analytic_heightmap_with_scm_sinkage,-1.800,-1.100,0.00030,0.00552,-0.01375,0.99989,0.6198,0.6198,0.00035,0.6198,0.00035,fallback_pychrono_unavailable
environment_terrain_component_demo,terrain.surface_probe.v1,surface_probe_schema_v1,502,terrain.heightmap_mesh,analytic_heightmap_with_scm_sinkage,-1.800,-1.000,0.00167,0.03043,-0.01355,0.99945,0.6188,0.6188,0.00064,0.6188,0.00064,fallback_pychrono_unavailable
environment_terrain_component_demo,terrain.surface_probe.v1,surface_probe_schema_v1,503,terrain.heightmap_mesh,analytic_heightmap_with_scm_sinkage,-1.800,-0.900,0.00300,0.05469,-0.01308,0.99842,0.6179,0.6179,0.00110,0.6179,0.00110,fallback_pychrono_unavailable
environment_terrain_component_demo,terrain.surface_probe.v1,surface_probe_schema_v1,504,terrain.heightmap_mesh,analytic_heightmap_with_scm_sinkage,-1.800,-0.800,0.00428,0.07780,-0.01234,0.99689,0.6169,0.6169,0.00179,0.6169,0.00179,fallback_pychrono_unavailable
environment_terrain_component_demo,terrain.surface_probe.v1,surface_probe_schema_v1,505,terrain.heightmap_mesh,analytic_heightmap_with_scm_sinkage,-1.800,-0.700,0.00547,0.09928,-0.01137,0.99499,0.6161,0.6161,0.00274,0.6161,0.00274,fallback_pychrono_unavailable
environment_terrain_component_demo,terrain.surface_probe.v1,surface_probe_schema_v1,506,terrain.heightmap_mesh,analytic_heightmap_with_scm_sinkage,-1.800,-0.600,0.00656,0.11871,-0.01017,0.99288,0.6153,0.6153,0.00397,0.6153,0.00397,fallback_pychrono_unavailable
environment_terrain_component_demo,terrain.surface_probe.v1,surface_probe_schema_v1,507,terrain.heightmap_mesh,analytic_heightmap_with_scm_sinkage,-1.800,-0.500,0.00751,0.13573,-0.00878,0.99071,0.6146,0.6146,0.00544,0.6146,0.00544,fallback_pychrono_unavailable
environment_terrain_component_demo,terrain.surface_probe.v1,surface_probe_schema_v1,508,terrain.heightmap_mesh,analytic_heightmap_with_scm_sinkage,-1.800,-0.400,0.00832,0.15005,-0.00722,0.98865,0.6141,0.6141,0.00704,0.6141,0.00704,fallback_pychrono_unavailable
environment_terrain_component_demo,terrain.surface_probe.v1,surface_probe_schema_v1,509,terrain.heightmap_mesh,analytic_heightmap_with_scm_sinkage,-1.800,-0.300,0.00897,0.16141,-0.00554,0.98687,0.6136,0.6136,0.00860,0.6136,0.00860,fallback_pychrono_unavailable
environment_terrain_component_demo,terrain.surface_probe.v1,surface_probe_schema_v1,510,terrain.heightmap_mesh,analytic_heightmap_with_scm_sinkage,-1.800,-0.200,0.00944,0.16966,-0.00375,0.98550,0.6133,0.6133,0.00992,0.6133,0.00992,fallback_pychrono_unavailable
environment_terrain_component_demo,terrain.surface_probe.v1,surface_probe_schema_v1,511,terrain.heightmap_mesh,analytic_heightmap_with_scm_sinkage,-1.800,-0.100,0.00973,0.17465,-0.00189,0.98463,0.6131,0.6131,0.01080,0.6131,0.01080,fallback_pychrono_unavailable
environment_terrain_component_demo,terrain.surface_probe.v1,surface_probe_schema_v1,512,terrain.heightmap_mesh,analytic_heightmap_with_scm_sinkage,-1.800,0.000,0.00982,0.17632,0.00000,0.98433,0.6130,0.6130,0.01112,0.6130,0.01112,fallback_pychrono_unavailable
environment_terrain_component_demo,terrain.surface_probe.v1,surface_probe_schema_v1,513,terrain.heightmap_mesh,analytic_heightmap_with_scm_sinkage,-1.800,0.100,0.00973,0.17465,0.00189,0.98463,0.6131,0.6131,0.01080,0.6131,0.01080,fallback_pychrono_unavailable
environment_terrain_component_demo,terrain.surface_probe.v1,surface_probe_schema_v1,514,terrain.heightmap_mesh,analytic_heightmap_with_scm_sinkage,-1.800,0.200,0.00944,0.16966,0.00375,0.98550,0.6133,0.6133,0.00992,0.6133,0.00992,fallback_pychrono_unavailable
environment_terrain_component_demo,terrain.surface_probe.v1,surface_probe_schema_v1,515,terrain.heightmap_mesh,analytic_heightmap_with_scm_sinkage,-1.800,0.300,0.00897,0.16141,0.00554,0.98687,0.6136,0.6136,0.00860,0.6136,0.00860,fallback_pychrono_unavailable
environment_terrain_component_demo,terrain.surface_probe.v1,surface_probe_schema_v1,516,terrain.heightmap_mesh,analytic_heightmap_with_scm_sinkage,-1.800,0.400,0.00832,0.15005,0.00722,0.98865,0.6141,0.6141,0.00704,0.6141,0.00704,fallback_pychrono_unavailable
environment_terrain_component_demo,terrain.surface_probe.v1,surface_probe_schema_v1,517,terrain.heightmap_mesh,analytic_heightmap_with_scm_sinkage,-1.800,0.500,0.00751,0.13573,0.00878,0.99071,0.6146,0.6146,0.00544,0.6146,0.00544,fallback_pychrono_unavailable
environment_terrain_component_demo,terrain.surface_probe.v1,surface_probe_schema_v1,518,terrain.heightmap_mesh,analytic_heightmap_with_scm_sinkage,-1.800,0.600,0.00656,0.11871,0.01017,0.99288,0.6153,0.6153,0.00397,0.6153,0.00397,fallback_pychrono_unavailable
environment_terrain_component_demo,terrain.surface_probe.v1,surface_probe_schema_v1,519,terrain.heightmap_mesh,analytic_heightmap_with_scm_sinkage,-1.800,0.700,0.00547,0.09928,0.01137,0.99499,0.6161,0.6161,0.00274,0.6161,0.00274,fallback_pychrono_unavailable
environment_terrain_component_demo,terrain.surface_probe.v1,surface_probe_schema_v1,520,terrain.heightmap_mesh,analytic_heightmap_with_scm_sinkage,-1.800,0.800,0.00428,0.07780,0.01234,0.99689,0.6169,0.6169,0.00179,0.6169,0.00179,fallback_pychrono_unavailable
environment_terrain_component_demo,terrain.surface_probe.v1,surface_probe_schema_v1,521,terrain.heightmap_mesh,analytic_heightmap_with_scm_sinkage,-1.800,0.900,0.00300,0.05469,0.01308,0.99842,0.6179,0.6179,0.00110,0.6179,0.00110,fallback_pychrono_unavailable
environment_terrain_component_demo,terrain.surface_probe.v1,surface_probe_schema_v1,522,terrain.heightmap_mesh,analytic_heightmap_with_scm_sinkage,-1.800,1.000,0.00167,0.03043,0.01355,0.99945,0.6188,0.6188,0.00064,0.6188,0.00064,fallback_pychrono_unavailable
environment_terrain_component_demo,terrain.surface_probe.v1,surface_probe_schema_v1,523,terrain.heightmap_mesh,analytic_heightmap_with_scm_sinkage,-1.800,1.100,0.00030,0.00552,0.01375,0.99989,0.6198,0.6198,0.00035,0.6198,0.00035,fallback_pychrono_unavailable
environment_terrain_component_demo,terrain.surface_probe.v1,surface_probe_schema_v1,524,terrain.heightmap_mesh,analytic_heightmap_with_scm_sinkage,-1.800,1.200,-0.00107,-0.01952,0.01367,0.99972,0.6192,0.6192,0.00018,0.6192,0.00018,fallback_pychrono_unavailable
environment_terrain_component_demo,terrain.surface_probe.v1,surface_probe_schema_v1,525,terrain.heightmap_mesh,analytic_heightmap_with_scm_sinkage,-1.800,1.300,-0.00242,-0.04413,0.01332,0.99894,0.6183,0.6183,0.00009,0.6183,0.00009,fallback_pychrono_unavailable
environment_terrain_component_demo,terrain.surface_probe.v1,surface_probe_schema_v1,526,terrain.heightmap_mesh,analytic_heightmap_with_scm_sinkage,-1.800,1.400,-0.00373,-0.06781,0.01270,0.99762,0.6173,0.6173,0.00004,0.6173,0.00004,fallback_pychrono_unavailable
environment_terrain_component_demo,terrain.surface_probe.v1,surface_probe_schema_v1,527,terrain.heightmap_mesh,analytic_heightmap_with_scm_sinkage,-1.800,1.500,-0.00496,-0.09006,0.01182,0.99587,0.6165,0.6165,0.00002,0.6165,0.00002,fallback_pychrono_unavailable
environment_terrain_component_demo,terrain.surface_probe.v1,surface_probe_schema_v1,528,terrain.heightmap_mesh,analytic_heightmap_with_scm_sinkage,-1.800,1.600,-0.00609,-0.11044,0.01072,0.99383,0.6156,0.6156,0.00001,0.6156,0.00001,fallback_pychrono_unavailable
environment_terrain_component_demo,terrain.surface_probe.v1,surface_probe_schema_v1,529,terrain.heightmap_mesh,analytic_heightmap_with_scm_sinkage,-1.800,1.700,-0.00711,-0.12856,0.00941,0.99166,0.6149,0.6149,0.00000,0.6149,0.00000,fallback_pychrono_unavailable
environment_terrain_component_demo,terrain.surface_probe.v1,surface_probe_schema_v1,530,terrain.heightmap_mesh,analytic_heightmap_with_scm_sinkage,-1.800,1.800,-0.00799,-0.14410,0.00793,0.98953,0.6143,0.6143,0.00000,0.6143,0.00000,fallback_pychrono_unavailable
environment_terrain_component_demo,terrain.surface_probe.v1,surface_probe_schema_v1,531,terrain.heightmap_mesh,analytic_heightmap_with_scm_sinkage,-1.800,1.900,-0.00871,-0.15679,0.00629,0.98761,0.6138,0.6138,0.00000,0.6138,0.00000,fallback_pychrono_unavailable
environment_terrain_component_demo,terrain.surface_probe.v1,surface_probe_schema_v1,532,terrain.heightmap_mesh,analytic_heightmap_with_scm_sinkage,-1.800,2.000,-0.00926,-0.16642,0.00454,0.98604,0.6134,0.6134,0.00000,0.6134,0.00000,fallback_pychrono_unavailable
environment_terrain_component_demo,terrain.surface_probe.v1,surface_probe_schema_v1,533,terrain.heightmap_mesh,analytic_heightmap_with_scm_sinkage,-1.700,-2.000,0.00768,-0.16667,0.00377,0.98601,0.6145,0.6145,0.00000,0.6145,0.00000,fallback_pychrono_unavailable
environment_terrain_component_demo,terrain.surface_probe.v1,surface_probe_schema_v1,534,terrain.heightmap_mesh,analytic_heightmap_with_scm_sinkage,-1.700,-1.900,0.00722,-0.15702,0.00522,0.98758,0.6148,0.6148,0.00000,0.6148,0.00000,fallback_pychrono_unavailable
environment_terrain_component_demo,terrain.surface_probe.v1,surface_probe_schema_v1,535,terrain.heightmap_mesh,analytic_heightmap_with_scm_sinkage,-1.700,-1.800,0.00663,-0.14431,0.00657,0.98951,0.6153,0.6153,0.00000,0.6153,0.00000,fallback_pychrono_unavailable
environment_terrain_component_demo,terrain.surface_probe.v1,surface_probe_schema_v1,536,terrain.heightmap_mesh,analytic_heightmap_with_scm_sinkage,-1.700,-1.700,0.00590,-0.12875,0.00781,0.99165,0.6158,0.6158,0.00000,0.6158,0.00000,fallback_pychrono_unavailable
environment_terrain_component_demo,terrain.surface_probe.v1,surface_probe_schema_v1,537,terrain.heightmap_mesh,analytic_heightmap_with_scm_sinkage,-1.700,-1.600,0.00506,-0.11061,0.00889,0.99382,0.6164,0.6164,0.00001,0.6164,0.00001,fallback_pychrono_unavailable
environment_terrain_component_demo,terrain.surface_probe.v1,surface_probe_schema_v1,538,terrain.heightmap_mesh,analytic_heightmap_with_scm_sinkage,-1.700,-1.500,0.00411,-0.09020,0.00981,0.99588,0.6171,0.6171,0.00002,0.6171,0.00002,fallback_pychrono_unavailable
environment_terrain_component_demo,terrain.surface_probe.v1,surface_probe_schema_v1,539,terrain.heightmap_mesh,analytic_heightmap_with_scm_sinkage,-1.700,-1.400,0.00309,-0.06791,0.01053,0.99764,0.6178,0.6178,0.00005,0.6178,0.00005,fallback_pychrono_unavailable
environment_terrain_component_demo,terrain.surface_probe.v1,surface_probe_schema_v1,540,terrain.heightmap_mesh,analytic_heightmap_with_scm_sinkage,-1.700,-1.300,0.00201,-0.04420,0.01105,0.99896,0.6186,0.6186,0.00012,0.6186,0.00012,fallback_pychrono_unavailable
environment_terrain_component_demo,terrain.surface_probe.v1,surface_probe_schema_v1,541,terrain.heightmap_mesh,analytic_heightmap_with_scm_sinkage,-1.700,-1.200,0.00089,-0.01955,0.01134,0.99974,0.6194,0.6194,0.00024,0.6194,0.00024,fallback_pychrono_unavailable
environment_terrain_component_demo,terrain.surface_probe.v1,surface_probe_schema_v1,542,terrain.heightmap_mesh,analytic_heightmap_with_scm_sinkage,-1.700,-1.100,-0.00025,0.00552,0.01140,0.99992,0.6198,0.6198,0.00045,0.6198,0.00045,fallback_pychrono_unavailable
environment_terrain_component_demo,terrain.surface_probe.v1,surface_probe_schema_v1,543,terrain.heightmap_mesh,analytic_heightmap_with_scm_sinkage,-1.700,-1.000,-0.00139,0.03048,0.01124,0.99947,0.6190,0.6190,0.00083,0.6190,0.00083,fallback_pychrono_unavailable
environment_terrain_component_demo,terrain.surface_probe.v1,surface_probe_schema_v1,544,terrain.heightmap_mesh,analytic_heightmap_with_scm_sinkage,-1.700,-0.900,-0.00249,0.05478,0.01085,0.99844,0.6182,0.6182,0.00143,0.6182,0.00143,fallback_pychrono_unavailable
environment_terrain_component_demo,terrain.surface_probe.v1,surface_probe_schema_v1,545,terrain.heightmap_mesh,analytic_heightmap_with_scm_sinkage,-1.700,-0.800,-0.00355,0.07792,0.01024,0.99691,0.6175,0.6175,0.00232,0.6175,0.00232,fallback_pychrono_unavailable
environment_terrain_component_demo,terrain.surface_probe.v1,surface_probe_schema_v1,546,terrain.heightmap_mesh,analytic_heightmap_with_scm_sinkage,-1.700,-0.700,-0.00454,0.09943,0.00943,0.99500,0.6168,0.6168,0.00356,0.6168,0.00356,fallback_pychrono_unavailable
environment_terrain_component_demo,terrain.surface_probe.v1,surface_probe_schema_v1,547,terrain.heightmap_mesh,analytic_heightmap_with_scm_sinkage,-1.700,-0.600,-0.00544,0.11889,0.00844,0.99287,0.6161,0.6161,0.00515,0.6161,0.00515,fallback_pychrono_unavailable
environment_terrain_component_demo,terrain.surface_probe.v1,surface_probe_schema_v1,548,terrain.heightmap_mesh,analytic_heightmap_with_scm_sinkage,-1.700,-0.500,-0.00623,0.13594,0.00728,0.99069,0.6155,0.6155,0.00706,0.6155,0.00706,fallback_pychrono_unavailable
environment_terrain_component_demo,terrain.surface_probe.v1,surface_probe_schema_v1,549,terrain.heightmap_mesh,analytic_heightmap_with_scm_sinkage,-1.700,-0.400,-0.00691,0.15027,0.00599,0.98863,0.6151,0.6151,0.00913,0.6151,0.00913,fallback_pychrono_unavailable
environment_terrain_component_demo,terrain.surface_probe.v1,surface_probe_schema_v1,550,terrain.heightmap_mesh,analytic_heightmap_with_scm_sinkage,-1.700,-0.300,-0.00744,0.16165,0.00459,0.98684,0.6147,0.6147,0.01115,0.6147,0.01115,fallback_pychrono_unavailable
environment_terrain_component_demo,terrain.surface_probe.v1,surface_probe_schema_v1,551,terrain.heightmap_mesh,analytic_heightmap_with_scm_sinkage,-1.700,-0.200,-0.00783,0.16991,0.00311,0.98546,0.6144,0.6144,0.01286,0.6144,0.01286,fallback_pychrono_unavailable
environment_terrain_component_demo,terrain.surface_probe.v1,surface_probe_schema_v1,552,terrain.heightmap_mesh,analytic_heightmap_with_scm_sinkage,-1.700,-0.100,-0.00807,0.17491,0.00157,0.98458,0.6142,0.6142,0.01401,0.6142,0.01401,fallback_pychrono_unavailable
environment_terrain_component_demo,terrain.surface_probe.v1,surface_probe_schema_v1,553,terrain.heightmap_mesh,analytic_heightmap_with_scm_sinkage,-1.700,0.000,-0.00815,0.17658,-0.00000,0.98429,0.6142,0.6142,0.01442,0.6142,0.01442,fallback_pychrono_unavailable
environment_terrain_component_demo,terrain.surface_probe.v1,surface_probe_schema_v1,554,terrain.heightmap_mesh,analytic_heightmap_with_scm_sinkage,-1.700,0.100,-0.00807,0.17491,-0.00157,0.98458,0.6142,0.6142,0.01401,0.6142,0.01401,fallback_pychrono_unavailable
environment_terrain_component_demo,terrain.surface_probe.v1,surface_probe_schema_v1,555,terrain.heightmap_mesh,analytic_heightmap_with_scm_sinkage,-1.700,0.200,-0.00783,0.16991,-0.00311,0.98546,0.6144,0.6144,0.01286,0.6144,0.01286,fallback_pychrono_unavailable
environment_terrain_component_demo,terrain.surface_probe.v1,surface_probe_schema_v1,556,terrain.heightmap_mesh,analytic_heightmap_with_scm_sinkage,-1.700,0.300,-0.00744,0.16165,-0.00459,0.98684,0.6147,0.6147,0.01115,0.6147,0.01115,fallback_pychrono_unavailable
environment_terrain_component_demo,terrain.surface_probe.v1,surface_probe_schema_v1,557,terrain.heightmap_mesh,analytic_heightmap_with_scm_sinkage,-1.700,0.400,-0.00691,0.15027,-0.00599,0.98863,0.6151,0.6151,0.00913,0.6151,0.00913,fallback_pychrono_unavailable
environment_terrain_component_demo,terrain.surface_probe.v1,surface_probe_schema_v1,558,terrain.heightmap_mesh,analytic_heightmap_with_scm_sinkage,-1.700,0.500,-0.00623,0.13594,-0.00728,0.99069,0.6155,0.6155,0.00706,0.6155,0.00706,fallback_pychrono_unavailable
environment_terrain_component_demo,terrain.surface_probe.v1,surface_probe_schema_v1,559,terrain.heightmap_mesh,analytic_heightmap_with_scm_sinkage,-1.700,0.600,-0.00544,0.11889,-0.00844,0.99287,0.6161,0.6161,0.00515,0.6161,0.00515,fallback_pychrono_unavailable
environment_terrain_component_demo,terrain.surface_probe.v1,surface_probe_schema_v1,560,terrain.heightmap_mesh,analytic_heightmap_with_scm_sinkage,-1.700,0.700,-0.00454,0.09943,-0.00943,0.99500,0.6168,0.6168,0.00356,0.6168,0.00356,fallback_pychrono_unavailable
environment_terrain_component_demo,terrain.surface_probe.v1,surface_probe_schema_v1,561,terrain.heightmap_mesh,analytic_heightmap_with_scm_sinkage,-1.700,0.800,-0.00355,0.07792,-0.01024,0.99691,0.6175,0.6175,0.00232,0.6175,0.00232,fallback_pychrono_unavailable
environment_terrain_component_demo,terrain.surface_probe.v1,surface_probe_schema_v1,562,terrain.heightmap_mesh,analytic_heightmap_with_scm_sinkage,-1.700,0.900,-0.00249,0.05478,-0.01085,0.99844,0.6182,0.6182,0.00143,0.6182,0.00143,fallback_pychrono_unavailable
environment_terrain_component_demo,terrain.surface_probe.v1,surface_probe_schema_v1,563,terrain.heightmap_mesh,analytic_heightmap_with_scm_sinkage,-1.700,1.000,-0.00139,0.03048,-0.01124,0.99947,0.6190,0.6190,0.00083,0.6190,0.00083,fallback_pychrono_unavailable
environment_terrain_component_demo,terrain.surface_probe.v1,surface_probe_schema_v1,564,terrain.heightmap_mesh,analytic_heightmap_with_scm_sinkage,-1.700,1.100,-0.00025,0.00552,-0.01140,0.99992,0.6198,0.6198,0.00045,0.6198,0.00045,fallback_pychrono_unavailable
environment_terrain_component_demo,terrain.surface_probe.v1,surface_probe_schema_v1,565,terrain.heightmap_mesh,analytic_heightmap_with_scm_sinkage,-1.700,1.200,0.00089,-0.01955,-0.01134,0.99974,0.6194,0.6194,0.00024,0.6194,0.00024,fallback_pychrono_unavailable
environment_terrain_component_demo,terrain.surface_probe.v1,surface_probe_schema_v1,566,terrain.heightmap_mesh,analytic_heightmap_with_scm_sinkage,-1.700,1.300,0.00201,-0.04420,-0.01105,0.99896,0.6186,0.6186,0.00012,0.6186,0.00012,fallback_pychrono_unavailable
environment_terrain_component_demo,terrain.surface_probe.v1,surface_probe_schema_v1,567,terrain.heightmap_mesh,analytic_heightmap_with_scm_sinkage,-1.700,1.400,0.00309,-0.06791,-0.01053,0.99764,0.6178,0.6178,0.00005,0.6178,0.00005,fallback_pychrono_unavailable
environment_terrain_component_demo,terrain.surface_probe.v1,surface_probe_schema_v1,568,terrain.heightmap_mesh,analytic_heightmap_with_scm_sinkage,-1.700,1.500,0.00411,-0.09020,-0.00981,0.99588,0.6171,0.6171,0.00002,0.6171,0.00002,fallback_pychrono_unavailable
environment_terrain_component_demo,terrain.surface_probe.v1,surface_probe_schema_v1,569,terrain.heightmap_mesh,analytic_heightmap_with_scm_sinkage,-1.700,1.600,0.00506,-0.11061,-0.00889,0.99382,0.6164,0.6164,0.00001,0.6164,0.00001,fallback_pychrono_unavailable
environment_terrain_component_demo,terrain.surface_probe.v1,surface_probe_schema_v1,570,terrain.heightmap_mesh,analytic_heightmap_with_scm_sinkage,-1.700,1.700,0.00590,-0.12875,-0.00781,0.99165,0.6158,0.6158,0.00000,0.6158,0.00000,fallback_pychrono_unavailable
environment_terrain_component_demo,terrain.surface_probe.v1,surface_probe_schema_v1,571,terrain.heightmap_mesh,analytic_heightmap_with_scm_sinkage,-1.700,1.800,0.00663,-0.14431,-0.00657,0.98951,0.6153,0.6153,0.00000,0.6153,0.00000,fallback_pychrono_unavailable
environment_terrain_component_demo,terrain.surface_probe.v1,surface_probe_schema_v1,572,terrain.heightmap_mesh,analytic_heightmap_with_scm_sinkage,-1.700,1.900,0.00722,-0.15702,-0.00522,0.98758,0.6148,0.6148,0.00000,0.6148,0.00000,fallback_pychrono_unavailable
environment_terrain_component_demo,terrain.surface_probe.v1,surface_probe_schema_v1,573,terrain.heightmap_mesh,analytic_heightmap_with_scm_sinkage,-1.700,2.000,0.00768,-0.16667,-0.00377,0.98601,0.6145,0.6145,0.00000,0.6145,0.00000,fallback_pychrono_unavailable
environment_terrain_component_demo,terrain.surface_probe.v1,surface_probe_schema_v1,574,terrain.heightmap_mesh,analytic_heightmap_with_scm_sinkage,-1.600,-2.000,0.02437,-0.16166,0.01197,0.98677,0.6026,0.6026,0.00000,0.6026,0.00000,fallback_pychrono_unavailable
environment_terrain_component_demo,terrain.surface_probe.v1,surface_probe_schema_v1,575,terrain.heightmap_mesh,analytic_heightmap_with_scm_sinkage,-1.600,-1.900,0.02292,-0.15228,0.01657,0.98820,0.6036,0.6036,0.00000,0.6036,0.00000,fallback_pychrono_unavailable
environment_terrain_component_demo,terrain.surface_probe.v1,surface_probe_schema_v1,576,terrain.heightmap_mesh,analytic_heightmap_with_scm_sinkage,-1.600,-1.800,0.02102,-0.13993,0.02087,0.98994,0.6050,0.6050,0.00000,0.6050,0.00000,fallback_pychrono_unavailable
environment_terrain_component_demo,terrain.surface_probe.v1,surface_probe_schema_v1,577,terrain.heightmap_mesh,analytic_heightmap_with_scm_sinkage,-1.600,-1.700,0.01872,-0.12482,0.02478,0.99187,0.6066,0.6066,0.00000,0.6066,0.00000,fallback_pychrono_unavailable
environment_terrain_component_demo,terrain.surface_probe.v1,surface_probe_schema_v1,578,terrain.heightmap_mesh,analytic_heightmap_with_scm_sinkage,-1.600,-1.600,0.01604,-0.10720,0.02822,0.99384,0.6085,0.6085,0.00001,0.6085,0.00001,fallback_pychrono_unavailable
environment_terrain_component_demo,terrain.surface_probe.v1,surface_probe_schema_v1,579,terrain.heightmap_mesh,analytic_heightmap_with_scm_sinkage,-1.600,-1.500,0.01306,-0.08740,0.03112,0.99569,0.6107,0.6107,0.00003,0.6107,0.00003,fallback_pychrono_unavailable
environment_terrain_component_demo,terrain.surface_probe.v1,surface_probe_schema_v1,580,terrain.heightmap_mesh,analytic_heightmap_with_scm_sinkage,-1.600,-1.400,0.00981,-0.06580,0.03341,0.99727,0.6130,0.6130,0.00007,0.6130,0.00007,fallback_pychrono_unavailable
environment_terrain_component_demo,terrain.surface_probe.v1,surface_probe_schema_v1,581,terrain.heightmap_mesh,analytic_heightmap_with_scm_sinkage,-1.600,-1.300,0.00638,-0.04282,0.03503,0.99847,0.6154,0.6154,0.00015,0.6154,0.00015,fallback_pychrono_unavailable
environment_terrain_component_demo,terrain.surface_probe.v1,surface_probe_schema_v1,582,terrain.heightmap_mesh,analytic_heightmap_with_scm_sinkage,-1.600,-1.200,0.00282,-0.01893,0.03596,0.99917,0.6180,0.6180,0.00030,0.6180,0.00030,fallback_pychrono_unavailable
environment_terrain_component_demo,terrain.surface_probe.v1,surface_probe_schema_v1,583,terrain.heightmap_mesh,analytic_heightmap_with_scm_sinkage,-1.600,-1.100,-0.00080,0.00535,0.03617,0.99933,0.6194,0.6194,0.00058,0.6194,0.00058,fallback_pychrono_unavailable
environment_terrain_component_demo,terrain.surface_probe.v1,surface_probe_schema_v1,584,terrain.heightmap_mesh,analytic_heightmap_with_scm_sinkage,-1.600,-1.000,-0.00440,0.02952,0.03564,0.99893,0.6169,0.6169,0.00106,0.6169,0.00106,fallback_pychrono_unavailable
environment_terrain_component_demo,terrain.surface_probe.v1,surface_probe_schema_v1,585,terrain.heightmap_mesh,analytic_heightmap_with_scm_sinkage,-1.600,-0.900,-0.00791,0.05307,0.03440,0.99800,0.6144,0.6144,0.00182,0.6144,0.00182,fallback_pychrono_unavailable
environment_terrain_component_demo,terrain.surface_probe.v1,surface_probe_schema_v1,586,terrain.heightmap_mesh,analytic_heightmap_with_scm_sinkage,-1.600,-0.800,-0.01127,0.07550,0.03248,0.99662,0.6120,0.6120,0.00296,0.6120,0.00296,fallback_pychrono_unavailable
environment_terrain_component_demo,terrain.surface_probe.v1,surface_probe_schema_v1,587,terrain.heightmap_mesh,analytic_heightmap_with_scm_sinkage,-1.600,-0.700,-0.01441,0.09636,0.02992,0.99490,0.6097,0.6097,0.00455,0.6097,0.00455,fallback_pychrono_unavailable
environment_terrain_component_demo,terrain.surface_probe.v1,surface_probe_schema_v1,588,terrain.heightmap_mesh,analytic_heightmap_with_scm_sinkage,-1.600,-0.600,-0.01726,0.11524,0.02677,0.99298,0.6077,0.6077,0.00660,0.6077,0.00660,fallback_pychrono_unavailable
environment_terrain_component_demo,terrain.surface_probe.v1,surface_probe_schema_v1,589,terrain.heightmap_mesh,analytic_heightmap_with_scm_sinkage,-1.600,-0.500,-0.01978,0.13179,0.02312,0.99101,0.6059,0.6059,0.00903,0.6059,0.00903,fallback_pychrono_unavailable
environment_terrain_component_demo,terrain.surface_probe.v1,surface_probe_schema_v1,590,terrain.heightmap_mesh,analytic_heightmap_with_scm_sinkage,-1.600,-0.400,-0.02191,0.14572,0.01902,0.98914,0.6043,0.6043,0.01168,0.6043,0.01168,fallback_pychrono_unavailable
environment_terrain_component_demo,terrain.surface_probe.v1,surface_probe_schema_v1,591,terrain.heightmap_mesh,analytic_heightmap_with_scm_sinkage,-1.600,-0.300,-0.02361,0.15678,0.01458,0.98753,0.6031,0.6031,0.01427,0.6031,0.01427,fallback_pychrono_unavailable
environment_terrain_component_demo,terrain.surface_probe.v1,surface_probe_schema_v1,592,terrain.heightmap_mesh,analytic_heightmap_with_scm_sinkage,-1.600,-0.200,-0.02485,0.16481,0.00987,0.98628,0.6022,0.6022,0.01646,0.6022,0.01646,fallback_pychrono_unavailable
environment_terrain_component_demo,terrain.surface_probe.v1,surface_probe_schema_v1,593,terrain.heightmap_mesh,analytic_heightmap_with_scm_sinkage,-1.600,-0.100,-0.02561,0.16968,0.00498,0.98549,0.6017,0.6017,0.01793,0.6017,0.01793,fallback_pychrono_unavailable
environment_terrain_component_demo,terrain.surface_probe.v1,surface_probe_schema_v1,594,terrain.heightmap_mesh,analytic_heightmap_with_scm_sinkage,-1.600,0.000,-0.02586,0.17131,-0.00000,0.98522,0.6015,0.6015,0.01845,0.6015,0.01845,fallback_pychrono_unavailable
environment_terrain_component_demo,terrain.surface_probe.v1,surface_probe_schema_v1,595,terrain.heightmap_mesh,analytic_heightmap_with_scm_sinkage,-1.600,0.100,-0.02561,0.16968,-0.00498,0.98549,0.6017,0.6017,0.01793,0.6017,0.01793,fallback_pychrono_unavailable
environment_terrain_component_demo,terrain.surface_probe.v1,surface_probe_schema_v1,596,terrain.heightmap_mesh,analytic_heightmap_with_scm_sinkage,-1.600,0.200,-0.02485,0.16481,-0.00987,0.98628,0.6022,0.6022,0.01646,0.6022,0.01646,fallback_pychrono_unavailable
environment_terrain_component_demo,terrain.surface_probe.v1,surface_probe_schema_v1,597,terrain.heightmap_mesh,analytic_heightmap_with_scm_sinkage,-1.600,0.300,-0.02361,0.15678,-0.01458,0.98753,0.6031,0.6031,0.01427,0.6031,0.01427,fallback_pychrono_unavailable
environment_terrain_component_demo,terrain.surface_probe.v1,surface_probe_schema_v1,598,terrain.heightmap_mesh,analytic_heightmap_with_scm_sinkage,-1.600,0.400,-0.02191,0.14572,-0.01902,0.98914,0.6043,0.6043,0.01168,0.6043,0.01168,fallback_pychrono_unavailable
environment_terrain_component_demo,terrain.surface_probe.v1,surface_probe_schema_v1,599,terrain.heightmap_mesh,analytic_heightmap_with_scm_sinkage,-1.600,0.500,-0.01978,0.13179,-0.02312,0.99101,0.6059,0.6059,0.00903,0.6059,0.00903,fallback_pychrono_unavailable
environment_terrain_component_demo,terrain.surface_probe.v1,surface_probe_schema_v1,600,terrain.heightmap_mesh,analytic_heightmap_with_scm_sinkage,-1.600,0.600,-0.01726,0.11524,-0.02677,0.99298,0.6077,0.6077,0.00660,0.6077,0.00660,fallback_pychrono_unavailable
environment_terrain_component_demo,terrain.surface_probe.v1,surface_probe_schema_v1,601,terrain.heightmap_mesh,analytic_heightmap_with_scm_sinkage,-1.600,0.700,-0.01441,0.09636,-0.02992,0.99490,0.6097,0.6097,0.00455,0.6097,0.00455,fallback_pychrono_unavailable
environment_terrain_component_demo,terrain.surface_probe.v1,surface_probe_schema_v1,602,terrain.heightmap_mesh,analytic_heightmap_with_scm_sinkage,-1.600,0.800,-0.01127,0.07550,-0.03248,0.99662,0.6120,0.6120,0.00296,0.6120,0.00296,fallback_pychrono_unavailable
environment_terrain_component_demo,terrain.surface_probe.v1,surface_probe_schema_v1,603,terrain.heightmap_mesh,analytic_heightmap_with_scm_sinkage,-1.600,0.900,-0.00791,0.05307,-0.03440,0.99800,0.6144,0.6144,0.00182,0.6144,0.00182,fallback_pychrono_unavailable
environment_terrain_component_demo,terrain.surface_probe.v1,surface_probe_schema_v1,604,terrain.heightmap_mesh,analytic_heightmap_with_scm_sinkage,-1.600,1.000,-0.00440,0.02952,-0.03564,0.99893,0.6169,0.6169,0.00106,0.6169,0.00106,fallback_pychrono_unavailable
environment_terrain_component_demo,terrain.surface_probe.v1,surface_probe_schema_v1,605,terrain.heightmap_mesh,analytic_heightmap_with_scm_sinkage,-1.600,1.100,-0.00080,0.00535,-0.03617,0.99933,0.6194,0.6194,0.00058,0.6194,0.00058,fallback_pychrono_unavailable
environment_terrain_component_demo,terrain.surface_probe.v1,surface_probe_schema_v1,606,terrain.heightmap_mesh,analytic_heightmap_with_scm_sinkage,-1.600,1.200,0.00282,-0.01893,-0.03596,0.99917,0.6180,0.6180,0.00030,0.6180,0.00030,fallback_pychrono_unavailable
environment_terrain_component_demo,terrain.surface_probe.v1,surface_probe_schema_v1,607,terrain.heightmap_mesh,analytic_heightmap_with_scm_sinkage,-1.600,1.300,0.00638,-0.04282,-0.03503,0.99847,0.6154,0.6154,0.00015,0.6154,0.00015,fallback_pychrono_unavailable
environment_terrain_component_demo,terrain.surface_probe.v1,surface_probe_schema_v1,608,terrain.heightmap_mesh,analytic_heightmap_with_scm_sinkage,-1.600,1.400,0.00981,-0.06580,-0.03341,0.99727,0.6130,0.6130,0.00007,0.6130,0.00007,fallback_pychrono_unavailable
environment_terrain_component_demo,terrain.surface_probe.v1,surface_probe_schema_v1,609,terrain.heightmap_mesh,analytic_heightmap_with_scm_sinkage,-1.600,1.500,0.01306,-0.08740,-0.03112,0.99569,0.6107,0.6107,0.00003,0.6107,0.00003,fallback_pychrono_unavailable
environment_terrain_component_demo,terrain.surface_probe.v1,surface_probe_schema_v1,610,terrain.heightmap_mesh,analytic_heightmap_with_scm_sinkage,-1.600,1.600,0.01604,-0.10720,-0.02822,0.99384,0.6085,0.6085,0.00001,0.6085,0.00001,fallback_pychrono_unavailable
environment_terrain_component_demo,terrain.surface_probe.v1,surface_probe_schema_v1,611,terrain.heightmap_mesh,analytic_heightmap_with_scm_sinkage,-1.600,1.700,0.01872,-0.12482,-0.02478,0.99187,0.6066,0.6066,0.00000,0.6066,0.00000,fallback_pychrono_unavailable
environment_terrain_component_demo,terrain.surface_probe.v1,surface_probe_schema_v1,612,terrain.heightmap_mesh,analytic_heightmap_with_scm_sinkage,-1.600,1.800,0.02102,-0.13993,-0.02087,0.98994,0.6050,0.6050,0.00000,0.6050,0.00000,fallback_pychrono_unavailable
environment_terrain_component_demo,terrain.surface_probe.v1,surface_probe_schema_v1,613,terrain.heightmap_mesh,analytic_heightmap_with_scm_sinkage,-1.600,1.900,0.02292,-0.15228,-0.01657,0.98820,0.6036,0.6036,0.00000,0.6036,0.00000,fallback_pychrono_unavailable
environment_terrain_component_demo,terrain.surface_probe.v1,surface_probe_schema_v1,614,terrain.heightmap_mesh,analytic_heightmap_with_scm_sinkage,-1.600,2.000,0.02437,-0.16166,-0.01197,0.98677,0.6026,0.6026,0.00000,0.6026,0.00000,fallback_pychrono_unavailable
environment_terrain_component_demo,terrain.surface_probe.v1,surface_probe_schema_v1,615,terrain.heightmap_mesh,analytic_heightmap_with_scm_sinkage,-1.500,-2.000,0.04027,-0.15153,0.01981,0.98825,0.5912,0.5912,0.00000,0.5912,0.00000,fallback_pychrono_unavailable
environment_terrain_component_demo,terrain.surface_probe.v1,surface_probe_schema_v1,616,terrain.heightmap_mesh,analytic_heightmap_with_scm_sinkage,-1.500,-1.900,0.03788,-0.14269,0.02742,0.98939,0.5929,0.5929,0.00000,0.5929,0.00000,fallback_pychrono_unavailable
environment_terrain_component_demo,terrain.surface_probe.v1,surface_probe_schema_v1,617,terrain.heightmap_mesh,analytic_heightmap_with_scm_sinkage,-1.500,-1.800,0.03474,-0.13107,0.03452,0.99077,0.5952,0.5952,0.00000,0.5952,0.00000,fallback_pychrono_unavailable
environment_terrain_component_demo,terrain.surface_probe.v1,surface_probe_schema_v1,618,terrain.heightmap_mesh,analytic_heightmap_with_scm_sinkage,-1.500,-1.700,0.03093,-0.11687,0.04097,0.99230,0.5979,0.5979,0.00001,0.5979,0.00001,fallback_pychrono_unavailable
environment_terrain_component_demo,terrain.surface_probe.v1,surface_probe_schema_v1,619,terrain.heightmap_mesh,analytic_heightmap_with_scm_sinkage,-1.500,-1.600,0.02651,-0.10033,0.04664,0.99386,0.6011,0.6011,0.00002,0.6011,0.00002,fallback_pychrono_unavailable
environment_terrain_component_demo,terrain.surface_probe.v1,surface_probe_schema_v1,620,terrain.heightmap_mesh,analytic_heightmap_with_scm_sinkage,-1.500,-1.500,0.02158,-0.08177,0.05141,0.99532,0.6046,0.6046,0.00004,0.6046,0.00004,fallback_pychrono_unavailable
environment_terrain_component_demo,terrain.surface_probe.v1,surface_probe_schema_v1,621,terrain.heightmap_mesh,analytic_heightmap_with_scm_sinkage,-1.500,-1.400,0.01622,-0.06154,0.05517,0.99658,0.6084,0.6084,0.00009,0.6084,0.00009,fallback_pychrono_unavailable
environment_terrain_component_demo,terrain.surface_probe.v1,surface_probe_schema_v1,622,terrain.heightmap_mesh,analytic_heightmap_with_scm_sinkage,-1.500,-1.300,0.01054,-0.04004,0.05784,0.99752,0.6125,0.6125,0.00019,0.6125,0.00019,fallback_pychrono_unavailable
environment_terrain_component_demo,terrain.surface_probe.v1,surface_probe_schema_v1,623,terrain.heightmap_mesh,analytic_heightmap_with_scm_sinkage,-1.500,-1.200,0.00466,-0.01770,0.05936,0.99808,0.6167,0.6167,0.00038,0.6167,0.00038,fallback_pychrono_unavailable
environment_terrain_component_demo,terrain.surface_probe.v1,surface_probe_schema_v1,624,terrain.heightmap_mesh,analytic_heightmap_with_scm_sinkage,-1.500,-1.100,-0.00132,0.00500,0.05970,0.99820,0.6191,0.6191,0.00073,0.6191,0.00073,fallback_pychrono_unavailable
environment_terrain_component_demo,terrain.surface_probe.v1,surface_probe_schema_v1,625,terrain.heightmap_mesh,analytic_heightmap_with_scm_sinkage,-1.500,-1.000,-0.00726,0.02760,0.05884,0.99789,0.6148,0.6148,0.00134,0.6148,0.00134,fallback_pychrono_unavailable
environment_terrain_component_demo,terrain.surface_probe.v1,surface_probe_schema_v1,626,terrain.heightmap_mesh,analytic_heightmap_with_scm_sinkage,-1.500,-0.900,-0.01307,0.04962,0.05680,0.99715,0.6107,0.6107,0.00230,0.6107,0.00230,fallback_pychrono_unavailable
environment_terrain_component_demo,terrain.surface_probe.v1,surface_probe_schema_v1,627,terrain.heightmap_mesh,analytic_heightmap_with_scm_sinkage,-1.500,-0.800,-0.01862,0.07062,0.05364,0.99606,0.6067,0.6067,0.00374,0.6067,0.00374,fallback_pychrono_unavailable
environment_terrain_component_demo,terrain.surface_probe.v1,surface_probe_schema_v1,628,terrain.heightmap_mesh,analytic_heightmap_with_scm_sinkage,-1.500,-0.700,-0.02381,0.09017,0.04943,0.99470,0.6030,0.6030,0.00575,0.6030,0.00575,fallback_pychrono_unavailable
environment_terrain_component_demo,terrain.surface_probe.v1,surface_probe_schema_v1,629,terrain.heightmap_mesh,analytic_heightmap_with_scm_sinkage,-1.500,-0.600,-0.02853,0.10788,0.04425,0.99318,0.5996,0.5996,0.00833,0.5996,0.00833,fallback_pychrono_unavailable
environment_terrain_component_demo,terrain.surface_probe.v1,surface_probe_schema_v1,630,terrain.heightmap_mesh,analytic_heightmap_with_scm_sinkage,-1.500,-0.500,-0.03269,0.12342,0.03822,0.99162,0.5967,0.5967,0.01141,0.5967,0.01141,fallback_pychrono_unavailable
environment_terrain_component_demo,terrain.surface_probe.v1,surface_probe_schema_v1,631,terrain.heightmap_mesh,analytic_heightmap_with_scm_sinkage,-1.500,-0.400,-0.03621,0.13652,0.03147,0.99014,0.5941,0.5941,0.01475,0.5941,0.01475,fallback_pychrono_unavailable
environment_terrain_component_demo,terrain.surface_probe.v1,surface_probe_schema_v1,632,terrain.heightmap_mesh,analytic_heightmap_with_scm_sinkage,-1.500,-0.300,-0.03902,0.14693,0.02413,0.98885,0.5921,0.5921,0.01802,0.5921,0.01802,fallback_pychrono_unavailable
environment_terrain_component_demo,terrain.surface_probe.v1,surface_probe_schema_v1,633,terrain.heightmap_mesh,analytic_heightmap_with_scm_sinkage,-1.500,-0.200,-0.04107,0.15450,0.01633,0.98786,0.5907,0.5907,0.02078,0.5907,0.02078,fallback_pychrono_unavailable
environment_terrain_component_demo,terrain.surface_probe.v1,surface_probe_schema_v1,634,terrain.heightmap_mesh,analytic_heightmap_with_scm_sinkage,-1.500,-0.100,-0.04232,0.15908,0.00824,0.98723,0.5898,0.5898,0.02264,0.5898,0.02264,fallback_pychrono_unavailable
environment_terrain_component_demo,terrain.surface_probe.v1,surface_probe_schema_v1,635,terrain.heightmap_mesh,analytic_heightmap_with_scm_sinkage,-1.500,0.000,-0.04274,0.16062,-0.00000,0.98702,0.5895,0.5895,0.02330,0.5895,0.02330,fallback_pychrono_unavailable
environment_terrain_component_demo,terrain.surface_probe.v1,surface_probe_schema_v1,636,terrain.heightmap_mesh,analytic_heightmap_with_scm_sinkage,-1.500,0.100,-0.04232,0.15908,-0.00824,0.98723,0.5898,0.5898,0.02264,0.5898,0.02264,fallback_pychrono_unavailable
environment_terrain_component_demo,terrain.surface_probe.v1,surface_probe_schema_v1,637,terrain.heightmap_mesh,analytic_heightmap_with_scm_sinkage,-1.500,0.200,-0.04107,0.15450,-0.01633,0.98786,0.5907,0.5907,0.02078,0.5907,0.02078,fallback_pychrono_unavailable
environment_terrain_component_demo,terrain.surface_probe.v1,surface_probe_schema_v1,638,terrain.heightmap_mesh,analytic_heightmap_with_scm_sinkage,-1.500,0.300,-0.03902,0.14693,-0.02413,0.98885,0.5921,0.5921,0.01802,0.5921,0.01802,fallback_pychrono_unavailable
environment_terrain_component_demo,terrain.surface_probe.v1,surface_probe_schema_v1,639,terrain.heightmap_mesh,analytic_heightmap_with_scm_sinkage,-1.500,0.400,-0.03621,0.13652,-0.03147,0.99014,0.5941,0.5941,0.01475,0.5941,0.01475,fallback_pychrono_unavailable
environment_terrain_component_demo,terrain.surface_probe.v1,surface_probe_schema_v1,640,terrain.heightmap_mesh,analytic_heightmap_with_scm_sinkage,-1.500,0.500,-0.03269,0.12342,-0.03822,0.99162,0.5967,0.5967,0.01141,0.5967,0.01141,fallback_pychrono_unavailable
environment_terrain_component_demo,terrain.surface_probe.v1,surface_probe_schema_v1,641,terrain.heightmap_mesh,analytic_heightmap_with_scm_sinkage,-1.500,0.600,-0.02853,0.10788,-0.04425,0.99318,0.5996,0.5996,0.00833,0.5996,0.00833,fallback_pychrono_unavailable
environment_terrain_component_demo,terrain.surface_probe.v1,surface_probe_schema_v1,642,terrain.heightmap_mesh,analytic_heightmap_with_scm_sinkage,-1.500,0.700,-0.02381,0.09017,-0.04943,0.99470,0.6030,0.6030,0.00575,0.6030,0.00575,fallback_pychrono_unavailable
environment_terrain_component_demo,terrain.surface_probe.v1,surface_probe_schema_v1,643,terrain.heightmap_mesh,analytic_heightmap_with_scm_sinkage,-1.500,0.800,-0.01862,0.07062,-0.05364,0.99606,0.6067,0.6067,0.00374,0.6067,0.00374,fallback_pychrono_unavailable
environment_terrain_component_demo,terrain.surface_probe.v1,surface_probe_schema_v1,644,terrain.heightmap_mesh,analytic_heightmap_with_scm_sinkage,-1.500,0.900,-0.01307,0.04962,-0.05680,0.99715,0.6107,0.6107,0.00230,0.6107,0.00230,fallback_pychrono_unavailable
environment_terrain_component_demo,terrain.surface_probe.v1,surface_probe_schema_v1,645,terrain.heightmap_mesh,analytic_heightmap_with_scm_sinkage,-1.500,1.000,-0.00726,0.02760,-0.05884,0.99789,0.6148,0.6148,0.00134,0.6148,0.00134,fallback_pychrono_unavailable
environment_terrain_component_demo,terrain.surface_probe.v1,surface_probe_schema_v1,646,terrain.heightmap_mesh,analytic_heightmap_with_scm_sinkage,-1.500,1.100,-0.00132,0.00500,-0.05970,0.99820,0.6191,0.6191,0.00073,0.6191,0.00073,fallback_pychrono_unavailable
environment_terrain_component_demo,terrain.surface_probe.v1,surface_probe_schema_v1,647,terrain.heightmap_mesh,analytic_heightmap_with_scm_sinkage,-1.500,1.200,0.00466,-0.01770,-0.05936,0.99808,0.6167,0.6167,0.00038,0.6167,0.00038,fallback_pychrono_unavailable
environment_terrain_component_demo,terrain.surface_probe.v1,surface_probe_schema_v1,648,terrain.heightmap_mesh,analytic_heightmap_with_scm_sinkage,-1.500,1.300,0.01054,-0.04004,-0.05784,0.99752,0.6125,0.6125,0.00019,0.6125,0.00019,fallback_pychrono_unavailable
environment_terrain_component_demo,terrain.surface_probe.v1,surface_probe_schema_v1,649,terrain.heightmap_mesh,analytic_heightmap_with_scm_sinkage,-1.500,1.400,0.01622,-0.06154,-0.05517,0.99658,0.6084,0.6084,0.00009,0.6084,0.00009,fallback_pychrono_unavailable
environment_terrain_component_demo,terrain.surface_probe.v1,surface_probe_schema_v1,650,terrain.heightmap_mesh,analytic_heightmap_with_scm_sinkage,-1.500,1.500,0.02158,-0.08177,-0.05141,0.99532,0.6046,0.6046,0.00004,0.6046,0.00004,fallback_pychrono_unavailable
environment_terrain_component_demo,terrain.surface_probe.v1,surface_probe_schema_v1,651,terrain.heightmap_mesh,analytic_heightmap_with_scm_sinkage,-1.500,1.600,0.02651,-0.10033,-0.04664,0.99386,0.6011,0.6011,0.00002,0.6011,0.00002,fallback_pychrono_unavailable
environment_terrain_component_demo,terrain.surface_probe.v1,surface_probe_schema_v1,652,terrain.heightmap_mesh,analytic_heightmap_with_scm_sinkage,-1.500,1.700,0.03093,-0.11687,-0.04097,0.99230,0.5979,0.5979,0.00001,0.5979,0.00001,fallback_pychrono_unavailable
environment_terrain_component_demo,terrain.surface_probe.v1,surface_probe_schema_v1,653,terrain.heightmap_mesh,analytic_heightmap_with_scm_sinkage,-1.500,1.800,0.03474,-0.13107,-0.03452,0.99077,0.5952,0.5952,0.00000,0.5952,0.00000,fallback_pychrono_unavailable
environment_terrain_component_demo,terrain.surface_probe.v1,surface_probe_schema_v1,654,terrain.heightmap_mesh,analytic_heightmap_with_scm_sinkage,-1.500,1.900,0.03788,-0.14269,-0.02742,0.98939,0.5929,0.5929,0.00000,0.5929,0.00000,fallback_pychrono_unavailable
environment_terrain_component_demo,terrain.surface_probe.v1,surface_probe_schema_v1,655,terrain.heightmap_mesh,analytic_heightmap_with_scm_sinkage,-1.500,2.000,0.04027,-0.15153,-0.01981,0.98825,0.5912,0.5912,0.00000,0.5912,0.00000,fallback_pychrono_unavailable
environment_terrain_component_demo,terrain.surface_probe.v1,surface_probe_schema_v1,656,terrain.heightmap_mesh,analytic_heightmap_with_scm_sinkage,-1.400,-2.000,0.05487,-0.13653,0.02704,0.99027,0.5808,0.5808,0.00000,0.5808,0.00000,fallback_pychrono_unavailable
environment_terrain_component_demo,terrain.surface_probe.v1,surface_probe_schema_v1,657,terrain.heightmap_mesh,analytic_heightmap_with_scm_sinkage,-1.400,-1.900,0.05161,-0.12852,0.03742,0.99100,0.5831,0.5831,0.00000,0.5831,0.00000,fallback_pychrono_unavailable
environment_terrain_component_demo,terrain.surface_probe.v1,surface_probe_schema_v1,658,terrain.heightmap_mesh,analytic_heightmap_with_scm_sinkage,-1.400,-1.800,0.04734,-0.11800,0.04709,0.99190,0.5862,0.5862,0.00000,0.5862,0.00000,fallback_pychrono_unavailable
environment_terrain_component_demo,terrain.surface_probe.v1,surface_probe_schema_v1,659,terrain.heightmap_mesh,analytic_heightmap_with_scm_sinkage,-1.400,-1.700,0.04215,-0.10515,0.05586,0.99289,0.5899,0.5899,0.00001,0.5899,0.00001,fallback_pychrono_unavailable
environment_terrain_component_demo,terrain.surface_probe.v1,surface_probe_schema_v1,660,terrain.heightmap_mesh,analytic_heightmap_with_scm_sinkage,-1.400,-1.600,0.03613,-0.09022,0.06355,0.99389,0.5942,0.5942,0.00002,0.5942,0.00002,fallback_pychrono_unavailable
environment_terrain_component_demo,terrain.surface_probe.v1,surface_probe_schema_v1,661,terrain.heightmap_mesh,analytic_heightmap_with_scm_sinkage,-1.400,-1.500,0.02940,-0.07349,0.07001,0.99484,0.5990,0.5990,0.00005,0.5990,0.00005,fallback_pychrono_unavailable
environment_terrain_component_demo,terrain.surface_probe.v1,surface_probe_schema_v1,662,terrain.heightmap_mesh,analytic_heightmap_with_scm_sinkage,-1.400,-1.400,0.02210,-0.05528,0.07510,0.99564,0.6042,0.6042,0.00011,0.6042,0.00011,fallback_pychrono_unavailable
environment_terrain_component_demo,terrain.surface_probe.v1,surface_probe_schema_v1,663,terrain.heightmap_mesh,analytic_heightmap_with_scm_sinkage,-1.400,-1.300,0.01436,-0.03595,0.07871,0.99625,0.6097,0.6097,0.00023,0.6097,0.00023,fallback_pychrono_unavailable
environment_terrain_component_demo,terrain.surface_probe.v1,surface_probe_schema_v1,664,terrain.heightmap_mesh,analytic_heightmap_with_scm_sinkage,-1.400,-1.200,0.00635,-0.01589,0.08077,0.99661,0.6155,0.6155,0.00047,0.6155,0.00047,fallback_pychrono_unavailable
environment_terrain_component_demo,terrain.surface_probe.v1,surface_probe_schema_v1,665,terrain.heightmap_mesh,analytic_heightmap_with_scm_sinkage,-1.400,-1.100,-0.00179,0.00449,0.08122,0.99669,0.6187,0.6187,0.00092,0.6187,0.00092,fallback_pychrono_unavailable
environment_terrain_component_demo,terrain.surface_probe.v1,surface_probe_schema_v1,666,terrain.heightmap_mesh,analytic_heightmap_with_scm_sinkage,-1.400,-1.000,-0.00990,0.02478,0.08006,0.99648,0.6129,0.6129,0.00167,0.6129,0.00167,fallback_pychrono_unavailable
environment_terrain_component_demo,terrain.surface_probe.v1,surface_probe_schema_v1,667,terrain.heightmap_mesh,analytic_heightmap_with_scm_sinkage,-1.400,-0.900,-0.01781,0.04457,0.07731,0.99601,0.6073,0.6073,0.00287,0.6073,0.00287,fallback_pychrono_unavailable
environment_terrain_component_demo,terrain.surface_probe.v1,surface_probe_schema_v1,668,terrain.heightmap_mesh,analytic_heightmap_with_scm_sinkage,-1.400,-0.800,-0.02537,0.06345,0.07304,0.99531,0.6019,0.6019,0.00466,0.6019,0.00466,fallback_pychrono_unavailable
environment_terrain_component_demo,terrain.surface_probe.v1,surface_probe_schema_v1,669,terrain.heightmap_mesh,analytic_heightmap_with_scm_sinkage,-1.400,-0.700,-0.03244,0.08106,0.06733,0.99443,0.5968,0.5968,0.00716,0.5968,0.00716,fallback_pychrono_unavailable
environment_terrain_component_demo,terrain.surface_probe.v1,surface_probe_schema_v1,670,terrain.heightmap_mesh,analytic_heightmap_with_scm_sinkage,-1.400,-0.600,-0.03887,0.09703,0.06031,0.99345,0.5922,0.5922,0.01038,0.5922,0.01038,fallback_pychrono_unavailable
environment_terrain_component_demo,terrain.surface_probe.v1,surface_probe_schema_v1,671,terrain.heightmap_mesh,analytic_heightmap_with_scm_sinkage,-1.400,-0.500,-0.04454,0.11107,0.05212,0.99244,0.5882,0.5882,0.01421,0.5882,0.01421,fallback_pychrono_unavailable
environment_terrain_component_demo,terrain.surface_probe.v1,surface_probe_schema_v1,672,terrain.heightmap_mesh,analytic_heightmap_with_scm_sinkage,-1.400,-0.400,-0.04934,0.12292,0.04294,0.99149,0.5848,0.5848,0.01838,0.5848,0.01838,fallback_pychrono_unavailable
environment_terrain_component_demo,terrain.surface_probe.v1,surface_probe_schema_v1,673,terrain.heightmap_mesh,analytic_heightmap_with_scm_sinkage,-1.400,-0.300,-0.05317,0.13236,0.03293,0.99065,0.5820,0.5820,0.02245,0.5820,0.02245,fallback_pychrono_unavailable
environment_terrain_component_demo,terrain.surface_probe.v1,surface_probe_schema_v1,674,terrain.heightmap_mesh,analytic_heightmap_with_scm_sinkage,-1.400,-0.200,-0.05597,0.13923,0.02231,0.99001,0.5800,0.5800,0.02590,0.5800,0.02590,fallback_pychrono_unavailable
environment_terrain_component_demo,terrain.surface_probe.v1,surface_probe_schema_v1,675,terrain.heightmap_mesh,analytic_heightmap_with_scm_sinkage,-1.400,-0.100,-0.05766,0.14339,0.01126,0.98960,0.5788,0.5788,0.02822,0.5788,0.02822,fallback_pychrono_unavailable
environment_terrain_component_demo,terrain.surface_probe.v1,surface_probe_schema_v1,676,terrain.heightmap_mesh,analytic_heightmap_with_scm_sinkage,-1.400,0.000,-0.05823,0.14479,-0.00000,0.98946,0.5784,0.5784,0.02904,0.5784,0.02904,fallback_pychrono_unavailable
environment_terrain_component_demo,terrain.surface_probe.v1,surface_probe_schema_v1,677,terrain.heightmap_mesh,analytic_heightmap_with_scm_sinkage,-1.400,0.100,-0.05766,0.14339,-0.01126,0.98960,0.5788,0.5788,0.02822,0.5788,0.02822,fallback_pychrono_unavailable
environment_terrain_component_demo,terrain.surface_probe.v1,surface_probe_schema_v1,678,terrain.heightmap_mesh,analytic_heightmap_with_scm_sinkage,-1.400,0.200,-0.05597,0.13923,-0.02231,0.99001,0.5800,0.5800,0.02590,0.5800,0.02590,fallback_pychrono_unavailable
environment_terrain_component_demo,terrain.surface_probe.v1,surface_probe_schema_v1,679,terrain.heightmap_mesh,analytic_heightmap_with_scm_sinkage,-1.400,0.300,-0.05317,0.13236,-0.03293,0.99065,0.5820,0.5820,0.02245,0.5820,0.02245,fallback_pychrono_unavailable
environment_terrain_component_demo,terrain.surface_probe.v1,surface_probe_schema_v1,680,terrain.heightmap_mesh,analytic_heightmap_with_scm_sinkage,-1.400,0.400,-0.04934,0.12292,-0.04294,0.99149,0.5848,0.5848,0.01838,0.5848,0.01838,fallback_pychrono_unavailable
environment_terrain_component_demo,terrain.surface_probe.v1,surface_probe_schema_v1,681,terrain.heightmap_mesh,analytic_heightmap_with_scm_sinkage,-1.400,0.500,-0.04454,0.11107,-0.05212,0.99244,0.5882,0.5882,0.01421,0.5882,0.01421,fallback_pychrono_unavailable
environment_terrain_component_demo,terrain.surface_probe.v1,surface_probe_schema_v1,682,terrain.heightmap_mesh,analytic_heightmap_with_scm_sinkage,-1.400,0.600,-0.03887,0.09703,-0.06031,0.99345,0.5922,0.5922,0.01038,0.5922,0.01038,fallback_pychrono_unavailable
environment_terrain_component_demo,terrain.surface_probe.v1,surface_probe_schema_v1,683,terrain.heightmap_mesh,analytic_heightmap_with_scm_sinkage,-1.400,0.700,-0.03244,0.08106,-0.06733,0.99443,0.5968,0.5968,0.00716,0.5968,0.00716,fallback_pychrono_unavailable
environment_terrain_component_demo,terrain.surface_probe.v1,surface_probe_schema_v1,684,terrain.heightmap_mesh,analytic_heightmap_with_scm_sinkage,-1.400,0.800,-0.02537,0.06345,-0.07304,0.99531,0.6019,0.6019,0.00466,0.6019,0.00466,fallback_pychrono_unavailable
environment_terrain_component_demo,terrain.surface_probe.v1,surface_probe_schema_v1,685,terrain.heightmap_mesh,analytic_heightmap_with_scm_sinkage,-1.400,0.900,-0.01781,0.04457,-0.07731,0.99601,0.6073,0.6073,0.00287,0.6073,0.00287,fallback_pychrono_unavailable
environment_terrain_component_demo,terrain.surface_probe.v1,surface_probe_schema_v1,686,terrain.heightmap_mesh,analytic_heightmap_with_scm_sinkage,-1.400,1.000,-0.00990,0.02478,-0.08006,0.99648,0.6129,0.6129,0.00167,0.6129,0.00167,fallback_pychrono_unavailable
environment_terrain_component_demo,terrain.surface_probe.v1,surface_probe_schema_v1,687,terrain.heightmap_mesh,analytic_heightmap_with_scm_sinkage,-1.400,1.100,-0.00179,0.00449,-0.08122,0.99669,0.6187,0.6187,0.00092,0.6187,0.00092,fallback_pychrono_unavailable
environment_terrain_component_demo,terrain.surface_probe.v1,surface_probe_schema_v1,688,terrain.heightmap_mesh,analytic_heightmap_with_scm_sinkage,-1.400,1.200,0.00635,-0.01589,-0.08077,0.99661,0.6155,0.6155,0.00047,0.6155,0.00047,fallback_pychrono_unavailable
environment_terrain_component_demo,terrain.surface_probe.v1,surface_probe_schema_v1,689,terrain.heightmap_mesh,analytic_heightmap_with_scm_sinkage,-1.400,1.300,0.01436,-0.03595,-0.07871,0.99625,0.6097,0.6097,0.00023,0.6097,0.00023,fallback_pychrono_unavailable
environment_terrain_component_demo,terrain.surface_probe.v1,surface_probe_schema_v1,690,terrain.heightmap_mesh,analytic_heightmap_with_scm_sinkage,-1.400,1.400,0.02210,-0.05528,-0.07510,0.99564,0.6042,0.6042,0.00011,0.6042,0.00011,fallback_pychrono_unavailable
environment_terrain_component_demo,terrain.surface_probe.v1,surface_probe_schema_v1,691,terrain.heightmap_mesh,analytic_heightmap_with_scm_sinkage,-1.400,1.500,0.02940,-0.07349,-0.07001,0.99484,0.5990,0.5990,0.00005,0.5990,0.00005,fallback_pychrono_unavailable
environment_terrain_component_demo,terrain.surface_probe.v1,surface_probe_schema_v1,692,terrain.heightmap_mesh,analytic_heightmap_with_scm_sinkage,-1.400,1.600,0.03613,-0.09022,-0.06355,0.99389,0.5942,0.5942,0.00002,0.5942,0.00002,fallback_pychrono_unavailable
environment_terrain_component_demo,terrain.surface_probe.v1,surface_probe_schema_v1,693,terrain.heightmap_mesh,analytic_heightmap_with_scm_sinkage,-1.400,1.700,0.04215,-0.10515,-0.05586,0.99289,0.5899,0.5899,0.00001,0.5899,0.00001,fallback_pychrono_unavailable
environment_terrain_component_demo,terrain.surface_probe.v1,surface_probe_schema_v1,694,terrain.heightmap_mesh,analytic_heightmap_with_scm_sinkage,-1.400,1.800,0.04734,-0.11800,-0.04709,0.99190,0.5862,0.5862,0.00000,0.5862,0.00000,fallback_pychrono_unavailable
environment_terrain_component_demo,terrain.surface_probe.v1,surface_probe_schema_v1,695,terrain.heightmap_mesh,analytic_heightmap_with_scm_sinkage,-1.400,1.900,0.05161,-0.12852,-0.03742,0.99100,0.5831,0.5831,0.00000,0.5831,0.00000,fallback_pychrono_unavailable
environment_terrain_component_demo,terrain.surface_probe.v1,surface_probe_schema_v1,696,terrain.heightmap_mesh,analytic_heightmap_with_scm_sinkage,-1.400,2.000,0.05487,-0.13653,-0.02704,0.99027,0.5808,0.5808,0.00000,0.5808,0.00000,fallback_pychrono_unavailable
environment_terrain_component_demo,terrain.surface_probe.v1,surface_probe_schema_v1,697,terrain.heightmap_mesh,analytic_heightmap_with_scm_sinkage,-1.300,-2.000,0.06770,-0.11709,0.03344,0.99256,0.5716,0.5716,0.00000,0.5716,0.00000,fallback_pychrono_unavailable
environment_terrain_component_demo,terrain.surface_probe.v1,surface_probe_schema_v1,698,terrain.heightmap_mesh,analytic_heightmap_with_scm_sinkage,-1.300,-1.900,0.06367,-0.11017,0.04626,0.99284,0.5745,0.5745,0.00000,0.5745,0.00000,fallback_pychrono_unavailable
environment_terrain_component_demo,terrain.surface_probe.v1,surface_probe_schema_v1,699,terrain.heightmap_mesh,analytic_heightmap_with_scm_sinkage,-1.300,-1.800,0.05841,-0.10109,0.05817,0.99318,0.5783,0.5783,0.00000,0.5783,0.00000,fallback_pychrono_unavailable
environment_terrain_component_demo,terrain.surface_probe.v1,surface_probe_schema_v1,700,terrain.heightmap_mesh,analytic_heightmap_with_scm_sinkage,-1.300,-1.700,0.05200,-0.09003,0.06896,0.99355,0.5829,0.5829,0.00001,0.5829,0.00001,fallback_pychrono_unavailable
environment_terrain_component_demo,terrain.surface_probe.v1,surface_probe_schema_v1,701,terrain.heightmap_mesh,analytic_heightmap_with_scm_sinkage,-1.300,-1.600,0.04457,-0.07720,0.07841,0.99393,0.5882,0.5882,0.00002,0.5882,0.00002,fallback_pychrono_unavailable
environment_terrain_component_demo,terrain.surface_probe.v1,surface_probe_schema_v1,702,terrain.heightmap_mesh,analytic_heightmap_with_scm_sinkage,-1.300,-1.500,0.03627,-0.06285,0.08633,0.99428,0.5941,0.5941,0.00006,0.5941,0.00006,fallback_pychrono_unavailable
environment_terrain_component_demo,terrain.surface_probe.v1,surface_probe_schema_v1,703,terrain.heightmap_mesh,analytic_heightmap_with_scm_sinkage,-1.300,-1.400,0.02726,-0.04725,0.09256,0.99459,0.6005,0.6005,0.00013,0.6005,0.00013,fallback_pychrono_unavailable
environment_terrain_component_demo,terrain.surface_probe.v1,surface_probe_schema_v1,704,terrain.heightmap_mesh,analytic_heightmap_with_scm_sinkage,-1.300,-1.300,0.01772,-0.03072,0.09697,0.99481,0.6073,0.6073,0.00029,0.6073,0.00029,fallback_pychrono_unavailable
environment_terrain_component_demo,terrain.surface_probe.v1,surface_probe_schema_v1,705,terrain.heightmap_mesh,analytic_heightmap_with_scm_sinkage,-1.300,-1.200,0.00783,-0.01358,0.09948,0.99495,0.6144,0.6144,0.00058,0.6144,0.00058,fallback_pychrono_unavailable
environment_terrain_component_demo,terrain.surface_probe.v1,surface_probe_schema_v1,706,terrain.heightmap_mesh,analytic_heightmap_with_scm_sinkage,-1.300,-1.100,-0.00221,0.00384,0.10003,0.99498,0.6184,0.6184,0.00113,0.6184,0.00113,fallback_pychrono_unavailable
environment_terrain_component_demo,terrain.surface_probe.v1,surface_probe_schema_v1,707,terrain.heightmap_mesh,analytic_heightmap_with_scm_sinkage,-1.300,-1.000,-0.01221,0.02117,0.09862,0.99490,0.6113,0.6113,0.00205,0.6113,0.00205,fallback_pychrono_unavailable
environment_terrain_component_demo,terrain.surface_probe.v1,surface_probe_schema_v1,708,terrain.heightmap_mesh,analytic_heightmap_with_scm_sinkage,-1.300,-0.900,-0.02197,0.03809,0.09526,0.99472,0.6043,0.6043,0.00353,0.6043,0.00353,fallback_pychrono_unavailable
environment_terrain_component_demo,terrain.surface_probe.v1,surface_probe_schema_v1,709,terrain.heightmap_mesh,analytic_heightmap_with_scm_sinkage,-1.300,-0.800,-0.03130,0.05425,0.09004,0.99446,0.5976,0.5976,0.00574,0.5976,0.00574,fallback_pychrono_unavailable
environment_terrain_component_demo,terrain.surface_probe.v1,surface_probe_schema_v1,710,terrain.heightmap_mesh,analytic_heightmap_with_scm_sinkage,-1.300,-0.700,-0.04002,0.06933,0.08305,0.99413,0.5914,0.5914,0.00880,0.5914,0.00880,fallback_pychrono_unavailable
environment_terrain_component_demo,terrain.surface_probe.v1,surface_probe_schema_v1,711,terrain.heightmap_mesh,analytic_heightmap_with_scm_sinkage,-1.300,-0.600,-0.04795,0.08305,0.07443,0.99376,0.5857,0.5857,0.01276,0.5857,0.01276,fallback_pychrono_unavailable
environment_terrain_component_demo,terrain.surface_probe.v1,surface_probe_schema_v1,712,terrain.heightmap_mesh,analytic_heightmap_with_scm_sinkage,-1.300,-0.500,-0.05495,0.09513,0.06437,0.99338,0.5807,0.5807,0.01748,0.5807,0.01748,fallback_pychrono_unavailable
environment_terrain_component_demo,terrain.surface_probe.v1,surface_probe_schema_v1,713,terrain.heightmap_mesh,analytic_heightmap_with_scm_sinkage,-1.300,-0.400,-0.06087,0.10534,0.05306,0.99302,0.5765,0.5765,0.02260,0.5765,0.02260,fallback_pychrono_unavailable
environment_terrain_component_demo,terrain.surface_probe.v1,surface_probe_schema_v1,714,terrain.heightmap_mesh,analytic_heightmap_with_scm_sinkage,-1.300,-0.300,-0.06560,0.11349,0.04072,0.99270,0.5731,0.5731,0.02761,0.5731,0.02761,fallback_pychrono_unavailable
environment_terrain_component_demo,terrain.surface_probe.v1,surface_probe_schema_v1,715,terrain.heightmap_mesh,analytic_heightmap_with_scm_sinkage,-1.300,-0.200,-0.06905,0.11942,0.02759,0.99246,0.5707,0.5707,0.03185,0.5707,0.03185,fallback_pychrono_unavailable
environment_terrain_component_demo,terrain.surface_probe.v1,surface_probe_schema_v1,716,terrain.heightmap_mesh,analytic_heightmap_with_scm_sinkage,-1.300,-0.100,-0.07114,0.12302,0.01393,0.99231,0.5692,0.5692,0.03470,0.5692,0.03470,fallback_pychrono_unavailable
environment_terrain_component_demo,terrain.surface_probe.v1,surface_probe_schema_v1,717,terrain.heightmap_mesh,analytic_heightmap_with_scm_sinkage,-1.300,0.000,-0.07185,0.12423,-0.00000,0.99225,0.5687,0.5687,0.03570,0.5687,0.03570,fallback_pychrono_unavailable
environment_terrain_component_demo,terrain.surface_probe.v1,surface_probe_schema_v1,718,terrain.heightmap_mesh,analytic_heightmap_with_scm_sinkage,-1.300,0.100,-0.07114,0.12302,-0.01393,0.99231,0.5692,0.5692,0.03470,0.5692,0.03470,fallback_pychrono_unavailable
environment_terrain_component_demo,terrain.surface_probe.v1,surface_probe_schema_v1,719,terrain.heightmap_mesh,analytic_heightmap_with_scm_sinkage,-1.300,0.200,-0.06905,0.11942,-0.02759,0.99246,0.5707,0.5707,0.03185,0.5707,0.03185,fallback_pychrono_unavailable
environment_terrain_component_demo,terrain.surface_probe.v1,surface_probe_schema_v1,720,terrain.heightmap_mesh,analytic_heightmap_with_scm_sinkage,-1.300,0.300,-0.06560,0.11349,-0.04072,0.99270,0.5731,0.5731,0.02761,0.5731,0.02761,fallback_pychrono_unavailable
environment_terrain_component_demo,terrain.surface_probe.v1,surface_probe_schema_v1,721,terrain.heightmap_mesh,analytic_heightmap_with_scm_sinkage,-1.300,0.400,-0.06087,0.10534,-0.05306,0.99302,0.5765,0.5765,0.02260,0.5765,0.02260,fallback_pychrono_unavailable
environment_terrain_component_demo,terrain.surface_probe.v1,surface_probe_schema_v1,722,terrain.heightmap_mesh,analytic_heightmap_with_scm_sinkage,-1.300,0.500,-0.05495,0.09513,-0.06437,0.99338,0.5807,0.5807,0.01748,0.5807,0.01748,fallback_pychrono_unavailable
environment_terrain_component_demo,terrain.surface_probe.v1,surface_probe_schema_v1,723,terrain.heightmap_mesh,analytic_heightmap_with_scm_sinkage,-1.300,0.600,-0.04795,0.08305,-0.07443,0.99376,0.5857,0.5857,0.01276,0.5857,0.01276,fallback_pychrono_unavailable
environment_terrain_component_demo,terrain.surface_probe.v1,surface_probe_schema_v1,724,terrain.heightmap_mesh,analytic_heightmap_with_scm_sinkage,-1.300,0.700,-0.04002,0.06933,-0.08305,0.99413,0.5914,0.5914,0.00880,0.5914,0.00880,fallback_pychrono_unavailable
environment_terrain_component_demo,terrain.surface_probe.v1,surface_probe_schema_v1,725,terrain.heightmap_mesh,analytic_heightmap_with_scm_sinkage,-1.300,0.800,-0.03130,0.05425,-0.09004,0.99446,0.5976,0.5976,0.00574,0.5976,0.00574,fallback_pychrono_unavailable
environment_terrain_component_demo,terrain.surface_probe.v1,surface_probe_schema_v1,726,terrain.heightmap_mesh,analytic_heightmap_with_scm_sinkage,-1.300,0.900,-0.02197,0.03809,-0.09526,0.99472,0.6043,0.6043,0.00353,0.6043,0.00353,fallback_pychrono_unavailable
environment_terrain_component_demo,terrain.surface_probe.v1,surface_probe_schema_v1,727,terrain.heightmap_mesh,analytic_heightmap_with_scm_sinkage,-1.300,1.000,-0.01221,0.02117,-0.09862,0.99490,0.6113,0.6113,0.00205,0.6113,0.00205,fallback_pychrono_unavailable
environment_terrain_component_demo,terrain.surface_probe.v1,surface_probe_schema_v1,728,terrain.heightmap_mesh,analytic_heightmap_with_scm_sinkage,-1.300,1.100,-0.00221,0.00384,-0.10003,0.99498,0.6184,0.6184,0.00113,0.6184,0.00113,fallback_pychrono_unavailable
environment_terrain_component_demo,terrain.surface_probe.v1,surface_probe_schema_v1,729,terrain.heightmap_mesh,analytic_heightmap_with_scm_sinkage,-1.300,1.200,0.00783,-0.01358,-0.09948,0.99495,0.6144,0.6144,0.00058,0.6144,0.00058,fallback_pychrono_unavailable
environment_terrain_component_demo,terrain.surface_probe.v1,surface_probe_schema_v1,730,terrain.heightmap_mesh,analytic_heightmap_with_scm_sinkage,-1.300,1.300,0.01772,-0.03072,-0.09697,0.99481,0.6073,0.6073,0.00029,0.6073,0.00029,fallback_pychrono_unavailable
environment_terrain_component_demo,terrain.surface_probe.v1,surface_probe_schema_v1,731,terrain.heightmap_mesh,analytic_heightmap_with_scm_sinkage,-1.300,1.400,0.02726,-0.04725,-0.09256,0.99459,0.6005,0.6005,0.00013,0.6005,0.00013,fallback_pychrono_unavailable
environment_terrain_component_demo,terrain.surface_probe.v1,surface_probe_schema_v1,732,terrain.heightmap_mesh,analytic_heightmap_with_scm_sinkage,-1.300,1.500,0.03627,-0.06285,-0.08633,0.99428,0.5941,0.5941,0.00006,0.5941,0.00006,fallback_pychrono_unavailable
environment_terrain_component_demo,terrain.surface_probe.v1,surface_probe_schema_v1,733,terrain.heightmap_mesh,analytic_heightmap_with_scm_sinkage,-1.300,1.600,0.04457,-0.07720,-0.07841,0.99393,0.5882,0.5882,0.00002,0.5882,0.00002,fallback_pychrono_unavailable
environment_terrain_component_demo,terrain.surface_probe.v1,surface_probe_schema_v1,734,terrain.heightmap_mesh,analytic_heightmap_with_scm_sinkage,-1.300,1.700,0.05200,-0.09003,-0.06896,0.99355,0.5829,0.5829,0.00001,0.5829,0.00001,fallback_pychrono_unavailable
environment_terrain_component_demo,terrain.surface_probe.v1,surface_probe_schema_v1,735,terrain.heightmap_mesh,analytic_heightmap_with_scm_sinkage,-1.300,1.800,0.05841,-0.10109,-0.05817,0.99318,0.5783,0.5783,0.00000,0.5783,0.00000,fallback_pychrono_unavailable
environment_terrain_component_demo,terrain.surface_probe.v1,surface_probe_schema_v1,736,terrain.heightmap_mesh,analytic_heightmap_with_scm_sinkage,-1.300,1.900,0.06367,-0.11017,-0.04626,0.99284,0.5745,0.5745,0.00000,0.5745,0.00000,fallback_pychrono_unavailable
environment_terrain_component_demo,terrain.surface_probe.v1,surface_probe_schema_v1,737,terrain.heightmap_mesh,analytic_heightmap_with_scm_sinkage,-1.300,2.000,0.06770,-0.11709,-0.03344,0.99256,0.5716,0.5716,0.00000,0.5716,0.00000,fallback_pychrono_unavailable
environment_terrain_component_demo,terrain.surface_probe.v1,surface_probe_schema_v1,738,terrain.heightmap_mesh,analytic_heightmap_with_scm_sinkage,-1.200,-2.000,0.07833,-0.09376,0.03879,0.99484,0.5640,0.5640,0.00000,0.5640,0.00000,fallback_pychrono_unavailable
environment_terrain_component_demo,terrain.surface_probe.v1,surface_probe_schema_v1,739,terrain.heightmap_mesh,analytic_heightmap_with_scm_sinkage,-1.200,-1.900,0.07368,-0.08818,0.05362,0.99466,0.5674,0.5674,0.00000,0.5674,0.00000,fallback_pychrono_unavailable
environment_terrain_component_demo,terrain.surface_probe.v1,surface_probe_schema_v1,740,terrain.heightmap_mesh,analytic_heightmap_with_scm_sinkage,-1.200,-1.800,0.06759,-0.08086,0.06740,0.99444,0.5717,0.5717,0.00000,0.5717,0.00000,fallback_pychrono_unavailable
environment_terrain_component_demo,terrain.surface_probe.v1,surface_probe_schema_v1,741,terrain.heightmap_mesh,analytic_heightmap_with_scm_sinkage,-1.200,-1.700,0.06017,-0.07197,0.07985,0.99420,0.5770,0.5770,0.00001,0.5770,0.00001,fallback_pychrono_unavailable
environment_terrain_component_demo,terrain.surface_probe.v1,surface_probe_schema_v1,742,terrain.heightmap_mesh,analytic_heightmap_with_scm_sinkage,-1.200,-1.600,0.05158,-0.06168,0.09074,0.99396,0.5832,0.5832,0.00003,0.5832,0.00003,fallback_pychrono_unavailable
environment_terrain_component_demo,terrain.surface_probe.v1,surface_probe_schema_v1,743,terrain.heightmap_mesh,analytic_heightmap_with_scm_sinkage,-1.200,-1.500,0.04197,-0.05018,0.09984,0.99374,0.5900,0.5900,0.00007,0.5900,0.00007,fallback_pychrono_unavailable
environment_terrain_component_demo,terrain.surface_probe.v1,surface_probe_schema_v1,744,terrain.heightmap_mesh,analytic_heightmap_with_scm_sinkage,-1.200,-1.400,0.03155,-0.03771,0.10699,0.99354,0.5975,0.5975,0.00016,0.5975,0.00016,fallback_pychrono_unavailable
environment_terrain_component_demo,terrain.surface_probe.v1,surface_probe_schema_v1,745,terrain.heightmap_mesh,analytic_heightmap_with_scm_sinkage,-1.200,-1.300,0.02050,-0.02451,0.11205,0.99340,0.6054,0.6054,0.00035,0.6054,0.00035,fallback_pychrono_unavailable
environment_terrain_component_demo,terrain.surface_probe.v1,surface_probe_schema_v1,746,terrain.heightmap_mesh,analytic_heightmap_with_scm_sinkage,-1.200,-1.200,0.00906,-0.01083,0.11493,0.99331,0.6135,0.6135,0.00071,0.6135,0.00071,fallback_pychrono_unavailable
environment_terrain_component_demo,terrain.surface_probe.v1,surface_probe_schema_v1,747,terrain.heightmap_mesh,analytic_heightmap_with_scm_sinkage,-1.200,-1.100,-0.00256,0.00306,0.11556,0.99330,0.6182,0.6182,0.00137,0.6182,0.00137,fallback_pychrono_unavailable
environment_terrain_component_demo,terrain.surface_probe.v1,surface_probe_schema_v1,748,terrain.heightmap_mesh,analytic_heightmap_with_scm_sinkage,-1.200,-1.000,-0.01413,0.01689,0.11394,0.99334,0.6099,0.6099,0.00249,0.6099,0.00249,fallback_pychrono_unavailable
environment_terrain_component_demo,terrain.surface_probe.v1,surface_probe_schema_v1,749,terrain.heightmap_mesh,analytic_heightmap_with_scm_sinkage,-1.200,-0.900,-0.02543,0.03039,0.11009,0.99346,0.6018,0.6018,0.00428,0.6018,0.00428,fallback_pychrono_unavailable
environment_terrain_component_demo,terrain.surface_probe.v1,surface_probe_schema_v1,750,terrain.heightmap_mesh,analytic_heightmap_with_scm_sinkage,-1.200,-0.800,-0.03622,0.04330,0.10410,0.99362,0.5941,0.5941,0.00696,0.5941,0.00696,fallback_pychrono_unavailable
environment_terrain_component_demo,terrain.surface_probe.v1,surface_probe_schema_v1,751,terrain.heightmap_mesh,analytic_heightmap_with_scm_sinkage,-1.200,-0.700,-0.04631,0.05537,0.09607,0.99383,0.5869,0.5869,0.01068,0.5869,0.01068,fallback_pychrono_unavailable
environment_terrain_component_demo,terrain.surface_probe.v1,surface_probe_schema_v1,752,terrain.heightmap_mesh,analytic_heightmap_with_scm_sinkage,-1.200,-0.600,-0.05549,0.06637,0.08616,0.99407,0.5804,0.5804,0.01549,0.5804,0.01549,fallback_pychrono_unavailable
environment_terrain_component_demo,terrain.surface_probe.v1,surface_probe_schema_v1,753,terrain.heightmap_mesh,analytic_heightmap_with_scm_sinkage,-1.200,-0.500,-0.06359,0.07607,0.07456,0.99431,0.5746,0.5746,0.02120,0.5746,0.02120,fallback_pychrono_unavailable
environment_terrain_component_demo,terrain.surface_probe.v1,surface_probe_schema_v1,754,terrain.heightmap_mesh,analytic_heightmap_with_scm_sinkage,-1.200,-0.400,-0.07044,0.08428,0.06149,0.99454,0.5697,0.5697,0.02742,0.5697,0.02742,fallback_pychrono_unavailable
environment_terrain_component_demo,terrain.surface_probe.v1,surface_probe_schema_v1,755,terrain.heightmap_mesh,analytic_heightmap_with_scm_sinkage,-1.200,-0.300,-0.07591,0.09085,0.04721,0.99474,0.5658,0.5658,0.03349,0.5658,0.03349,fallback_pychrono_unavailable
environment_terrain_component_demo,terrain.surface_probe.v1,surface_probe_schema_v1,756,terrain.heightmap_mesh,analytic_heightmap_with_scm_sinkage,-1.200,-0.200,-0.07990,0.09564,0.03200,0.99490,0.5629,0.5629,0.03864,0.5629,0.03864,fallback_pychrono_unavailable
environment_terrain_component_demo,terrain.surface_probe.v1,surface_probe_schema_v1,757,terrain.heightmap_mesh,analytic_heightmap_with_scm_sinkage,-1.200,-0.100,-0.08232,0.09855,0.01616,0.99500,0.5612,0.5612,0.04210,0.5612,0.04210,fallback_pychrono_unavailable
environment_terrain_component_demo,terrain.surface_probe.v1,surface_probe_schema_v1,758,terrain.heightmap_mesh,analytic_heightmap_with_scm_sinkage,-1.200,0.000,-0.08314,0.09953,-0.00000,0.99503,0.5606,0.5606,0.04332,0.5606,0.04332,fallback_pychrono_unavailable
environment_terrain_component_demo,terrain.surface_probe.v1,surface_probe_schema_v1,759,terrain.heightmap_mesh,analytic_heightmap_with_scm_sinkage,-1.200,0.100,-0.08232,0.09855,-0.01616,0.99500,0.5612,0.5612,0.04210,0.5612,0.04210,fallback_pychrono_unavailable
environment_terrain_component_demo,terrain.surface_probe.v1,surface_probe_schema_v1,760,terrain.heightmap_mesh,analytic_heightmap_with_scm_sinkage,-1.200,0.200,-0.07990,0.09564,-0.03200,0.99490,0.5629,0.5629,0.03864,0.5629,0.03864,fallback_pychrono_unavailable
environment_terrain_component_demo,terrain.surface_probe.v1,surface_probe_schema_v1,761,terrain.heightmap_mesh,analytic_heightmap_with_scm_sinkage,-1.200,0.300,-0.07591,0.09085,-0.04721,0.99474,0.5658,0.5658,0.03349,0.5658,0.03349,fallback_pychrono_unavailable
environment_terrain_component_demo,terrain.surface_probe.v1,surface_probe_schema_v1,762,terrain.heightmap_mesh,analytic_heightmap_with_scm_sinkage,-1.200,0.400,-0.07044,0.08428,-0.06149,0.99454,0.5697,0.5697,0.02742,0.5697,0.02742,fallback_pychrono_unavailable
environment_terrain_component_demo,terrain.surface_probe.v1,surface_probe_schema_v1,763,terrain.heightmap_mesh,analytic_heightmap_with_scm_sinkage,-1.200,0.500,-0.06359,0.07607,-0.07456,0.99431,0.5746,0.5746,0.02120,0.5746,0.02120,fallback_pychrono_unavailable
environment_terrain_component_demo,terrain.surface_probe.v1,surface_probe_schema_v1,764,terrain.heightmap_mesh,analytic_heightmap_with_scm_sinkage,-1.200,0.600,-0.05549,0.06637,-0.08616,0.99407,0.5804,0.5804,0.01549,0.5804,0.01549,fallback_pychrono_unavailable
environment_terrain_component_demo,terrain.surface_probe.v1,surface_probe_schema_v1,765,terrain.heightmap_mesh,analytic_heightmap_with_scm_sinkage,-1.200,0.700,-0.04631,0.05537,-0.09607,0.99383,0.5869,0.5869,0.01068,0.5869,0.01068,fallback_pychrono_unavailable
environment_terrain_component_demo,terrain.surface_probe.v1,surface_probe_schema_v1,766,terrain.heightmap_mesh,analytic_heightmap_with_scm_sinkage,-1.200,0.800,-0.03622,0.04330,-0.10410,0.99362,0.5941,0.5941,0.00696,0.5941,0.00696,fallback_pychrono_unavailable
environment_terrain_component_demo,terrain.surface_probe.v1,surface_probe_schema_v1,767,terrain.heightmap_mesh,analytic_heightmap_with_scm_sinkage,-1.200,0.900,-0.02543,0.03039,-0.11009,0.99346,0.6018,0.6018,0.00428,0.6018,0.00428,fallback_pychrono_unavailable
environment_terrain_component_demo,terrain.surface_probe.v1,surface_probe_schema_v1,768,terrain.heightmap_mesh,analytic_heightmap_with_scm_sinkage,-1.200,1.000,-0.01413,0.01689,-0.11394,0.99334,0.6099,0.6099,0.00249,0.6099,0.00249,fallback_pychrono_unavailable
environment_terrain_component_demo,terrain.surface_probe.v1,surface_probe_schema_v1,769,terrain.heightmap_mesh,analytic_heightmap_with_scm_sinkage,-1.200,1.100,-0.00256,0.00306,-0.11556,0.99330,0.6182,0.6182,0.00137,0.6182,0.00137,fallback_pychrono_unavailable
environment_terrain_component_demo,terrain.surface_probe.v1,surface_probe_schema_v1,770,terrain.heightmap_mesh,analytic_heightmap_with_scm_sinkage,-1.200,1.200,0.00906,-0.01083,-0.11493,0.99331,0.6135,0.6135,0.00071,0.6135,0.00071,fallback_pychrono_unavailable
environment_terrain_component_demo,terrain.surface_probe.v1,surface_probe_schema_v1,771,terrain.heightmap_mesh,analytic_heightmap_with_scm_sinkage,-1.200,1.300,0.02050,-0.02451,-0.11205,0.99340,0.6054,0.6054,0.00035,0.6054,0.00035,fallback_pychrono_unavailable
environment_terrain_component_demo,terrain.surface_probe.v1,surface_probe_schema_v1,772,terrain.heightmap_mesh,analytic_heightmap_with_scm_sinkage,-1.200,1.400,0.03155,-0.03771,-0.10699,0.99354,0.5975,0.5975,0.00016,0.5975,0.00016,fallback_pychrono_unavailable
environment_terrain_component_demo,terrain.surface_probe.v1,surface_probe_schema_v1,773,terrain.heightmap_mesh,analytic_heightmap_with_scm_sinkage,-1.200,1.500,0.04197,-0.05018,-0.09984,0.99374,0.5900,0.5900,0.00007,0.5900,0.00007,fallback_pychrono_unavailable
environment_terrain_component_demo,terrain.surface_probe.v1,surface_probe_schema_v1,774,terrain.heightmap_mesh,analytic_heightmap_with_scm_sinkage,-1.200,1.600,0.05158,-0.06168,-0.09074,0.99396,0.5832,0.5832,0.00003,0.5832,0.00003,fallback_pychrono_unavailable
environment_terrain_component_demo,terrain.surface_probe.v1,surface_probe_schema_v1,775,terrain.heightmap_mesh,analytic_heightmap_with_scm_sinkage,-1.200,1.700,0.06017,-0.07197,-0.07985,0.99420,0.5770,0.5770,0.00001,0.5770,0.00001,fallback_pychrono_unavailable
environment_terrain_component_demo,terrain.surface_probe.v1,surface_probe_schema_v1,776,terrain.heightmap_mesh,analytic_heightmap_with_scm_sinkage,-1.200,1.800,0.06759,-0.08086,-0.06740,0.99444,0.5717,0.5717,0.00000,0.5717,0.00000,fallback_pychrono_unavailable
environment_terrain_component_demo,terrain.surface_probe.v1,surface_probe_schema_v1,777,terrain.heightmap_mesh,analytic_heightmap_with_scm_sinkage,-1.200,1.900,0.07368,-0.08818,-0.05362,0.99466,0.5674,0.5674,0.00000,0.5674,0.00000,fallback_pychrono_unavailable
environment_terrain_component_demo,terrain.surface_probe.v1,surface_probe_schema_v1,778,terrain.heightmap_mesh,analytic_heightmap_with_scm_sinkage,-1.200,2.000,0.07833,-0.09376,-0.03879,0.99484,0.5640,0.5640,0.00000,0.5640,0.00000,fallback_pychrono_unavailable
environment_terrain_component_demo,terrain.surface_probe.v1,surface_probe_schema_v1,779,terrain.heightmap_mesh,analytic_heightmap_with_scm_sinkage,-1.100,-2.000,0.08644,-0.06727,0.04289,0.99681,0.5583,0.5583,0.00000,0.5583,0.00000,fallback_pychrono_unavailable
environment_terrain_component_demo,terrain.surface_probe.v1,surface_probe_schema_v1,780,terrain.heightmap_mesh,analytic_heightmap_with_scm_sinkage,-1.100,-1.900,0.08131,-0.06323,0.05927,0.99624,0.5619,0.5619,0.00000,0.5619,0.00000,fallback_pychrono_unavailable
environment_terrain_component_demo,terrain.surface_probe.v1,surface_probe_schema_v1,781,terrain.heightmap_mesh,analytic_heightmap_with_scm_sinkage,-1.100,-1.800,0.07458,-0.05796,0.07446,0.99554,0.5667,0.5667,0.00000,0.5667,0.00000,fallback_pychrono_unavailable
environment_terrain_component_demo,terrain.surface_probe.v1,surface_probe_schema_v1,782,terrain.heightmap_mesh,analytic_heightmap_with_scm_sinkage,-1.100,-1.700,0.06640,-0.05156,0.08817,0.99477,0.5726,0.5726,0.00001,0.5726,0.00001,fallback_pychrono_unavailable
environment_terrain_component_demo,terrain.surface_probe.v1,surface_probe_schema_v1,783,terrain.heightmap_mesh,analytic_heightmap_with_scm_sinkage,-1.100,-1.600,0.05691,-0.04416,0.10013,0.99399,0.5793,0.5793,0.00003,0.5793,0.00003,fallback_pychrono_unavailable
environment_terrain_component_demo,terrain.surface_probe.v1,surface_probe_schema_v1,784,terrain.heightmap_mesh,analytic_heightmap_with_scm_sinkage,-1.100,-1.500,0.04632,-0.03591,0.11013,0.99327,0.5869,0.5869,0.00008,0.5869,0.00008,fallback_pychrono_unavailable
environment_terrain_component_demo,terrain.surface_probe.v1,surface_probe_schema_v1,785,terrain.heightmap_mesh,analytic_heightmap_with_scm_sinkage,-1.100,-1.400,0.03481,-0.02698,0.11796,0.99265,0.5951,0.5951,0.00019,0.5951,0.00019,fallback_pychrono_unavailable
environment_terrain_component_demo,terrain.surface_probe.v1,surface_probe_schema_v1,786,terrain.heightmap_mesh,analytic_heightmap_with_scm_sinkage,-1.100,-1.300,0.02263,-0.01753,0.12350,0.99219,0.6038,0.6038,0.00041,0.6038,0.00041,fallback_pychrono_unavailable
environment_terrain_component_demo,terrain.surface_probe.v1,surface_probe_schema_v1,787,terrain.heightmap_mesh,analytic_heightmap_with_scm_sinkage,-1.100,-1.200,0.01000,-0.00774,0.12664,0.99192,0.6129,0.6129,0.00085,0.6129,0.00085,fallback_pychrono_unavailable
environment_terrain_component_demo,terrain.surface_probe.v1,surface_probe_schema_v1,788,terrain.heightmap_mesh,analytic_heightmap_with_scm_sinkage,-1.100,-1.100,-0.00282,0.00219,0.12734,0.99186,0.6180,0.6180,0.00163,0.6180,0.00163,fallback_pychrono_unavailable
environment_terrain_component_demo,terrain.surface_probe.v1,surface_probe_schema_v1,789,terrain.heightmap_mesh,analytic_heightmap_with_scm_sinkage,-1.100,-1.000,-0.01559,0.01208,0.12556,0.99201,0.6089,0.6089,0.00298,0.6089,0.00298,fallback_pychrono_unavailable
environment_terrain_component_demo,terrain.surface_probe.v1,surface_probe_schema_v1,790,terrain.heightmap_mesh,analytic_heightmap_with_scm_sinkage,-1.100,-0.900,-0.02806,0.02173,0.12135,0.99237,0.6000,0.6000,0.00513,0.6000,0.00513,fallback_pychrono_unavailable
environment_terrain_component_demo,terrain.surface_probe.v1,surface_probe_schema_v1,791,terrain.heightmap_mesh,analytic_heightmap_with_scm_sinkage,-1.100,-0.800,-0.03997,0.03098,0.11479,0.99291,0.5914,0.5914,0.00833,0.5914,0.00833,fallback_pychrono_unavailable
environment_terrain_component_demo,terrain.surface_probe.v1,surface_probe_schema_v1,792,terrain.heightmap_mesh,analytic_heightmap_with_scm_sinkage,-1.100,-0.700,-0.05110,0.03964,0.10599,0.99358,0.5835,0.5835,0.01279,0.5835,0.01279,fallback_pychrono_unavailable
environment_terrain_component_demo,terrain.surface_probe.v1,surface_probe_schema_v1,793,terrain.heightmap_mesh,analytic_heightmap_with_scm_sinkage,-1.100,-0.600,-0.06124,0.04753,0.09510,0.99433,0.5763,0.5763,0.01854,0.5763,0.01854,fallback_pychrono_unavailable
environment_terrain_component_demo,terrain.surface_probe.v1,surface_probe_schema_v1,794,terrain.heightmap_mesh,analytic_heightmap_with_scm_sinkage,-1.100,-0.500,-0.07017,0.05451,0.08234,0.99511,0.5699,0.5699,0.02539,0.5699,0.02539,fallback_pychrono_unavailable
environment_terrain_component_demo,terrain.surface_probe.v1,surface_probe_schema_v1,795,terrain.heightmap_mesh,analytic_heightmap_with_scm_sinkage,-1.100,-0.400,-0.07773,0.06043,0.06794,0.99586,0.5645,0.5645,0.03283,0.5645,0.03283,fallback_pychrono_unavailable
environment_terrain_component_demo,terrain.surface_probe.v1,surface_probe_schema_v1,796,terrain.heightmap_mesh,analytic_heightmap_with_scm_sinkage,-1.100,-0.300,-0.08377,0.06517,0.05219,0.99651,0.5602,0.5602,0.04010,0.5602,0.04010,fallback_pychrono_unavailable
environment_terrain_component_demo,terrain.surface_probe.v1,surface_probe_schema_v1,797,terrain.heightmap_mesh,analytic_heightmap_with_scm_sinkage,-1.100,-0.200,-0.08817,0.06862,0.03539,0.99701,0.5570,0.5570,0.04626,0.5570,0.04626,fallback_pychrono_unavailable
environment_terrain_component_demo,terrain.surface_probe.v1,surface_probe_schema_v1,798,terrain.heightmap_mesh,analytic_heightmap_with_scm_sinkage,-1.100,-0.100,-0.09085,0.07073,0.01788,0.99734,0.5551,0.5551,0.05040,0.5551,0.05040,fallback_pychrono_unavailable
environment_terrain_component_demo,terrain.surface_probe.v1,surface_probe_schema_v1,799,terrain.heightmap_mesh,analytic_heightmap_with_scm_sinkage,-1.100,0.000,-0.09174,0.07144,-0.00000,0.99745,0.5545,0.5545,0.05186,0.5545,0.05186,fallback_pychrono_unavailable
environment_terrain_component_demo,terrain.surface_probe.v1,surface_probe_schema_v1,800,terrain.heightmap_mesh,analytic_heightmap_with_scm_sinkage,-1.100,0.100,-0.09085,0.07073,-0.01788,0.99734,0.5551,0.5551,0.05040,0.5551,0.05040,fallback_pychrono_unavailable
environment_terrain_component_demo,terrain.surface_probe.v1,surface_probe_schema_v1,801,terrain.heightmap_mesh,analytic_heightmap_with_scm_sinkage,-1.100,0.200,-0.08817,0.06862,-0.03539,0.99701,0.5570,0.5570,0.04626,0.5570,0.04626,fallback_pychrono_unavailable
environment_terrain_component_demo,terrain.surface_probe.v1,surface_probe_schema_v1,802,terrain.heightmap_mesh,analytic_heightmap_with_scm_sinkage,-1.100,0.300,-0.08377,0.06517,-0.05219,0.99651,0.5602,0.5602,0.04010,0.5602,0.04010,fallback_pychrono_unavailable
environment_terrain_component_demo,terrain.surface_probe.v1,surface_probe_schema_v1,803,terrain.heightmap_mesh,analytic_heightmap_with_scm_sinkage,-1.100,0.400,-0.07773,0.06043,-0.06794,0.99586,0.5645,0.5645,0.03283,0.5645,0.03283,fallback_pychrono_unavailable
environment_terrain_component_demo,terrain.surface_probe.v1,surface_probe_schema_v1,804,terrain.heightmap_mesh,analytic_heightmap_with_scm_sinkage,-1.100,0.500,-0.07017,0.05451,-0.08234,0.99511,0.5699,0.5699,0.02539,0.5699,0.02539,fallback_pychrono_unavailable
environment_terrain_component_demo,terrain.surface_probe.v1,surface_probe_schema_v1,805,terrain.heightmap_mesh,analytic_heightmap_with_scm_sinkage,-1.100,0.600,-0.06124,0.04753,-0.09510,0.99433,0.5763,0.5763,0.01854,0.5763,0.01854,fallback_pychrono_unavailable
environment_terrain_component_demo,terrain.surface_probe.v1,surface_probe_schema_v1,806,terrain.heightmap_mesh,analytic_heightmap_with_scm_sinkage,-1.100,0.700,-0.05110,0.03964,-0.10599,0.99358,0.5835,0.5835,0.01279,0.5835,0.01279,fallback_pychrono_unavailable
environment_terrain_component_demo,terrain.surface_probe.v1,surface_probe_schema_v1,807,terrain.heightmap_mesh,analytic_heightmap_with_scm_sinkage,-1.100,0.800,-0.03997,0.03098,-0.11479,0.99291,0.5914,0.5914,0.00833,0.5914,0.00833,fallback_pychrono_unavailable
environment_terrain_component_demo,terrain.surface_probe.v1,surface_probe_schema_v1,808,terrain.heightmap_mesh,analytic_heightmap_with_scm_sinkage,-1.100,0.900,-0.02806,0.02173,-0.12135,0.99237,0.6000,0.6000,0.00513,0.6000,0.00513,fallback_pychrono_unavailable
environment_terrain_component_demo,terrain.surface_probe.v1,surface_probe_schema_v1,809,terrain.heightmap_mesh,analytic_heightmap_with_scm_sinkage,-1.100,1.000,-0.01559,0.01208,-0.12556,0.99201,0.6089,0.6089,0.00298,0.6089,0.00298,fallback_pychrono_unavailable
environment_terrain_component_demo,terrain.surface_probe.v1,surface_probe_schema_v1,810,terrain.heightmap_mesh,analytic_heightmap_with_scm_sinkage,-1.100,1.100,-0.00282,0.00219,-0.12734,0.99186,0.6180,0.6180,0.00163,0.6180,0.00163,fallback_pychrono_unavailable
environment_terrain_component_demo,terrain.surface_probe.v1,surface_probe_schema_v1,811,terrain.heightmap_mesh,analytic_heightmap_with_scm_sinkage,-1.100,1.200,0.01000,-0.00774,-0.12664,0.99192,0.6129,0.6129,0.00085,0.6129,0.00085,fallback_pychrono_unavailable
environment_terrain_component_demo,terrain.surface_probe.v1,surface_probe_schema_v1,812,terrain.heightmap_mesh,analytic_heightmap_with_scm_sinkage,-1.100,1.300,0.02263,-0.01753,-0.12350,0.99219,0.6038,0.6038,0.00041,0.6038,0.00041,fallback_pychrono_unavailable
environment_terrain_component_demo,terrain.surface_probe.v1,surface_probe_schema_v1,813,terrain.heightmap_mesh,analytic_heightmap_with_scm_sinkage,-1.100,1.400,0.03481,-0.02698,-0.11796,0.99265,0.5951,0.5951,0.00019,0.5951,0.00019,fallback_pychrono_unavailable
environment_terrain_component_demo,terrain.surface_probe.v1,surface_probe_schema_v1,814,terrain.heightmap_mesh,analytic_heightmap_with_scm_sinkage,-1.100,1.500,0.04632,-0.03591,-0.11013,0.99327,0.5869,0.5869,0.00008,0.5869,0.00008,fallback_pychrono_unavailable
environment_terrain_component_demo,terrain.surface_probe.v1,surface_probe_schema_v1,815,terrain.heightmap_mesh,analytic_heightmap_with_scm_sinkage,-1.100,1.600,0.05691,-0.04416,-0.10013,0.99399,0.5793,0.5793,0.00003,0.5793,0.00003,fallback_pychrono_unavailable
environment_terrain_component_demo,terrain.surface_probe.v1,surface_probe_schema_v1,816,terrain.heightmap_mesh,analytic_heightmap_with_scm_sinkage,-1.100,1.700,0.06640,-0.05156,-0.08817,0.99477,0.5726,0.5726,0.00001,0.5726,0.00001,fallback_pychrono_unavailable
environment_terrain_component_demo,terrain.surface_probe.v1,surface_probe_schema_v1,817,terrain.heightmap_mesh,analytic_heightmap_with_scm_sinkage,-1.100,1.800,0.07458,-0.05796,-0.07446,0.99554,0.5667,0.5667,0.00000,0.5667,0.00000,fallback_pychrono_unavailable
environment_terrain_component_demo,terrain.surface_probe.v1,surface_probe_schema_v1,818,terrain.heightmap_mesh,analytic_heightmap_with_scm_sinkage,-1.100,1.900,0.08131,-0.06323,-0.05927,0.99624,0.5619,0.5619,0.00000,0.5619,0.00000,fallback_pychrono_unavailable
environment_terrain_component_demo,terrain.surface_probe.v1,surface_probe_schema_v1,819,terrain.heightmap_mesh,analytic_heightmap_with_scm_sinkage,-1.100,2.000,0.08644,-0.06727,-0.04289,0.99681,0.5583,0.5583,0.00000,0.5583,0.00000,fallback_pychrono_unavailable
environment_terrain_component_demo,terrain.surface_probe.v1,surface_probe_schema_v1,820,terrain.heightmap_mesh,analytic_heightmap_with_scm_sinkage,-1.000,-2.000,0.09176,-0.03846,0.04559,0.99822,0.5545,0.5545,0.00000,0.5545,0.00000,fallback_pychrono_unavailable
environment_terrain_component_demo,terrain.surface_probe.v1,surface_probe_schema_v1,821,terrain.heightmap_mesh,analytic_heightmap_with_scm_sinkage,-1.000,-1.900,0.08631,-0.03615,0.06298,0.99736,0.5584,0.5584,0.00000,0.5584,0.00000,fallback_pychrono_unavailable
environment_terrain_component_demo,terrain.surface_probe.v1,surface_probe_schema_v1,822,terrain.heightmap_mesh,analytic_heightmap_with_scm_sinkage,-1.000,-1.800,0.07917,-0.03312,0.07910,0.99632,0.5635,0.5635,0.00001,0.5635,0.00001,fallback_pychrono_unavailable
environment_terrain_component_demo,terrain.surface_probe.v1,surface_probe_schema_v1,823,terrain.heightmap_mesh,analytic_heightmap_with_scm_sinkage,-1.000,-1.700,0.07048,-0.02946,0.09363,0.99517,0.5697,0.5697,0.00002,0.5697,0.00002,fallback_pychrono_unavailable
environment_terrain_component_demo,terrain.surface_probe.v1,surface_probe_schema_v1,824,terrain.heightmap_mesh,analytic_heightmap_with_scm_sinkage,-1.000,-1.600,0.06041,-0.02522,0.10629,0.99402,0.5768,0.5768,0.00004,0.5768,0.00004,fallback_pychrono_unavailable
environment_terrain_component_demo,terrain.surface_probe.v1,surface_probe_schema_v1,825,terrain.heightmap_mesh,analytic_heightmap_with_scm_sinkage,-1.000,-1.500,0.04916,-0.02050,0.11686,0.99294,0.5849,0.5849,0.00010,0.5849,0.00010,fallback_pychrono_unavailable
environment_terrain_component_demo,terrain.surface_probe.v1,surface_probe_schema_v1,826,terrain.heightmap_mesh,analytic_heightmap_with_scm_sinkage,-1.000,-1.400,0.03695,-0.01539,0.12514,0.99202,0.5936,0.5936,0.00023,0.5936,0.00023,fallback_pychrono_unavailable
environment_terrain_component_demo,terrain.surface_probe.v1,surface_probe_schema_v1,827,terrain.heightmap_mesh,analytic_heightmap_with_scm_sinkage,-1.000,-1.300,0.02402,-0.01000,0.13098,0.99133,0.6028,0.6028,0.00049,0.6028,0.00049,fallback_pychrono_unavailable
environment_terrain_component_demo,terrain.surface_probe.v1,surface_probe_schema_v1,828,terrain.heightmap_mesh,analytic_heightmap_with_scm_sinkage,-1.000,-1.200,0.01061,-0.00442,0.13430,0.99093,0.6124,0.6124,0.00100,0.6124,0.00100,fallback_pychrono_unavailable
environment_terrain_component_demo,terrain.surface_probe.v1,surface_probe_schema_v1,829,terrain.heightmap_mesh,analytic_heightmap_with_scm_sinkage,-1.000,-1.100,-0.00300,0.00125,0.13503,0.99084,0.6179,0.6179,0.00193,0.6179,0.00193,fallback_pychrono_unavailable
environment_terrain_component_demo,terrain.surface_probe.v1,surface_probe_schema_v1,830,terrain.heightmap_mesh,analytic_heightmap_with_scm_sinkage,-1.000,-1.000,-0.01655,0.00689,0.13316,0.99107,0.6082,0.6082,0.00352,0.6082,0.00352,fallback_pychrono_unavailable
environment_terrain_component_demo,terrain.surface_probe.v1,surface_probe_schema_v1,831,terrain.heightmap_mesh,analytic_heightmap_with_scm_sinkage,-1.000,-0.900,-0.02978,0.01240,0.12872,0.99160,0.5987,0.5987,0.00606,0.5987,0.00606,fallback_pychrono_unavailable
environment_terrain_component_demo,terrain.surface_probe.v1,surface_probe_schema_v1,832,terrain.heightmap_mesh,analytic_heightmap_with_scm_sinkage,-1.000,-0.800,-0.04243,0.01768,0.12179,0.99240,0.5897,0.5897,0.00984,0.5897,0.00984,fallback_pychrono_unavailable
environment_terrain_component_demo,terrain.surface_probe.v1,surface_probe_schema_v1,833,terrain.heightmap_mesh,analytic_heightmap_with_scm_sinkage,-1.000,-0.700,-0.05425,0.02263,0.11248,0.99340,0.5813,0.5813,0.01511,0.5813,0.01511,fallback_pychrono_unavailable
environment_terrain_component_demo,terrain.surface_probe.v1,surface_probe_schema_v1,834,terrain.heightmap_mesh,analytic_heightmap_with_scm_sinkage,-1.000,-0.600,-0.06500,0.02715,0.10097,0.99452,0.5736,0.5736,0.02190,0.5736,0.02190,fallback_pychrono_unavailable
environment_terrain_component_demo,terrain.surface_probe.v1,surface_probe_schema_v1,835,terrain.heightmap_mesh,analytic_heightmap_with_scm_sinkage,-1.000,-0.500,-0.07448,0.03114,0.08745,0.99568,0.5668,0.5668,0.02999,0.5668,0.02999,fallback_pychrono_unavailable
environment_terrain_component_demo,terrain.surface_probe.v1,surface_probe_schema_v1,836,terrain.heightmap_mesh,analytic_heightmap_with_scm_sinkage,-1.000,-0.400,-0.08251,0.03454,0.07219,0.99679,0.5611,0.5611,0.03878,0.5611,0.03878,fallback_pychrono_unavailable
environment_terrain_component_demo,terrain.surface_probe.v1,surface_probe_schema_v1,837,terrain.heightmap_mesh,analytic_heightmap_with_scm_sinkage,-1.000,-0.300,-0.08892,0.03726,0.05547,0.99776,0.5565,0.5565,0.04737,0.5565,0.04737,fallback_pychrono_unavailable
environment_terrain_component_demo,terrain.surface_probe.v1,surface_probe_schema_v1,838,terrain.heightmap_mesh,analytic_heightmap_with_scm_sinkage,-1.000,-0.200,-0.09359,0.03925,0.03762,0.99852,0.5531,0.5531,0.05465,0.5531,0.05465,fallback_pychrono_unavailable
environment_terrain_component_demo,terrain.surface_probe.v1,surface_probe_schema_v1,839,terrain.heightmap_mesh,analytic_heightmap_with_scm_sinkage,-1.000,-0.100,-0.09643,0.04046,0.01901,0.99900,0.5511,0.5511,0.05954,0.5511,0.05954,fallback_pychrono_unavailable
environment_terrain_component_demo,terrain.surface_probe.v1,surface_probe_schema_v1,840,terrain.heightmap_mesh,analytic_heightmap_with_scm_sinkage,-1.000,0.000,-0.09738,0.04086,-0.00000,0.99916,0.5504,0.5504,0.06126,0.5504,0.06126,fallback_pychrono_unavailable
environment_terrain_component_demo,terrain.surface_probe.v1,surface_probe_schema_v1,841,terrain.heightmap_mesh,analytic_heightmap_with_scm_sinkage,-1.000,0.100,-0.09643,0.04046,-0.01901,0.99900,0.5511,0.5511,0.05954,0.5511,0.05954,fallback_pychrono_unavailable
environment_terrain_component_demo,terrain.surface_probe.v1,surface_probe_schema_v1,842,terrain.heightmap_mesh,analytic_heightmap_with_scm_sinkage,-1.000,0.200,-0.09359,0.03925,-0.03762,0.99852,0.5531,0.5531,0.05465,0.5531,0.05465,fallback_pychrono_unavailable
environment_terrain_component_demo,terrain.surface_probe.v1,surface_probe_schema_v1,843,terrain.heightmap_mesh,analytic_heightmap_with_scm_sinkage,-1.000,0.300,-0.08892,0.03726,-0.05547,0.99776,0.5565,0.5565,0.04737,0.5565,0.04737,fallback_pychrono_unavailable
environment_terrain_component_demo,terrain.surface_probe.v1,surface_probe_schema_v1,844,terrain.heightmap_mesh,analytic_heightmap_with_scm_sinkage,-1.000,0.400,-0.08251,0.03454,-0.07219,0.99679,0.5611,0.5611,0.03878,0.5611,0.03878,fallback_pychrono_unavailable
environment_terrain_component_demo,terrain.surface_probe.v1,surface_probe_schema_v1,845,terrain.heightmap_mesh,analytic_heightmap_with_scm_sinkage,-1.000,0.500,-0.07448,0.03114,-0.08745,0.99568,0.5668,0.5668,0.02999,0.5668,0.02999,fallback_pychrono_unavailable
environment_terrain_component_demo,terrain.surface_probe.v1,surface_probe_schema_v1,846,terrain.heightmap_mesh,analytic_heightmap_with_scm_sinkage,-1.000,0.600,-0.06500,0.02715,-0.10097,0.99452,0.5736,0.5736,0.02190,0.5736,0.02190,fallback_pychrono_unavailable
environment_terrain_component_demo,terrain.surface_probe.v1,surface_probe_schema_v1,847,terrain.heightmap_mesh,analytic_heightmap_with_scm_sinkage,-1.000,0.700,-0.05425,0.02263,-0.11248,0.99340,0.5813,0.5813,0.01511,0.5813,0.01511,fallback_pychrono_unavailable
environment_terrain_component_demo,terrain.surface_probe.v1,surface_probe_schema_v1,848,terrain.heightmap_mesh,analytic_heightmap_with_scm_sinkage,-1.000,0.800,-0.04243,0.01768,-0.12179,0.99240,0.5897,0.5897,0.00984,0.5897,0.00984,fallback_pychrono_unavailable
environment_terrain_component_demo,terrain.surface_probe.v1,surface_probe_schema_v1,849,terrain.heightmap_mesh,analytic_heightmap_with_scm_sinkage,-1.000,0.900,-0.02978,0.01240,-0.12872,0.99160,0.5987,0.5987,0.00606,0.5987,0.00606,fallback_pychrono_unavailable
environment_terrain_component_demo,terrain.surface_probe.v1,surface_probe_schema_v1,850,terrain.heightmap_mesh,analytic_heightmap_with_scm_sinkage,-1.000,1.000,-0.01655,0.00689,-0.13316,0.99107,0.6082,0.6082,0.00352,0.6082,0.00352,fallback_pychrono_unavailable
environment_terrain_component_demo,terrain.surface_probe.v1,surface_probe_schema_v1,851,terrain.heightmap_mesh,analytic_heightmap_with_scm_sinkage,-1.000,1.100,-0.00300,0.00125,-0.13503,0.99084,0.6179,0.6179,0.00193,0.6179,0.00193,fallback_pychrono_unavailable
environment_terrain_component_demo,terrain.surface_probe.v1,surface_probe_schema_v1,852,terrain.heightmap_mesh,analytic_heightmap_with_scm_sinkage,-1.000,1.200,0.01061,-0.00442,-0.13430,0.99093,0.6124,0.6124,0.00100,0.6124,0.00100,fallback_pychrono_unavailable
environment_terrain_component_demo,terrain.surface_probe.v1,surface_probe_schema_v1,853,terrain.heightmap_mesh,analytic_heightmap_with_scm_sinkage,-1.000,1.300,0.02402,-0.01000,-0.13098,0.99133,0.6028,0.6028,0.00049,0.6028,0.00049,fallback_pychrono_unavailable
environment_terrain_component_demo,terrain.surface_probe.v1,surface_probe_schema_v1,854,terrain.heightmap_mesh,analytic_heightmap_with_scm_sinkage,-1.000,1.400,0.03695,-0.01539,-0.12514,0.99202,0.5936,0.5936,0.00023,0.5936,0.00023,fallback_pychrono_unavailable
environment_terrain_component_demo,terrain.surface_probe.v1,surface_probe_schema_v1,855,terrain.heightmap_mesh,analytic_heightmap_with_scm_sinkage,-1.000,1.500,0.04916,-0.02050,-0.11686,0.99294,0.5849,0.5849,0.00010,0.5849,0.00010,fallback_pychrono_unavailable
environment_terrain_component_demo,terrain.surface_probe.v1,surface_probe_schema_v1,856,terrain.heightmap_mesh,analytic_heightmap_with_scm_sinkage,-1.000,1.600,0.06041,-0.02522,-0.10629,0.99402,0.5768,0.5768,0.00004,0.5768,0.00004,fallback_pychrono_unavailable
environment_terrain_component_demo,terrain.surface_probe.v1,surface_probe_schema_v1,857,terrain.heightmap_mesh,analytic_heightmap_with_scm_sinkage,-1.000,1.700,0.07048,-0.02946,-0.09363,0.99517,0.5697,0.5697,0.00002,0.5697,0.00002,fallback_pychrono_unavailable
environment_terrain_component_demo,terrain.surface_probe.v1,surface_probe_schema_v1,858,terrain.heightmap_mesh,analytic_heightmap_with_scm_sinkage,-1.000,1.800,0.07917,-0.03312,-0.07910,0.99632,0.5635,0.5635,0.00001,0.5635,0.00001,fallback_pychrono_unavailable
environment_terrain_component_demo,terrain.surface_probe.v1,surface_probe_schema_v1,859,terrain.heightmap_mesh,analytic_heightmap_with_scm_sinkage,-1.000,1.900,0.08631,-0.03615,-0.06298,0.99736,0.5584,0.5584,0.00000,0.5584,0.00000,fallback_pychrono_unavailable
environment_terrain_component_demo,terrain.surface_probe.v1,surface_probe_schema_v1,860,terrain.heightmap_mesh,analytic_heightmap_with_scm_sinkage,-1.000,2.000,0.09176,-0.03846,-0.04559,0.99822,0.5545,0.5545,0.00000,0.5545,0.00000,fallback_pychrono_unavailable
environment_terrain_component_demo,terrain.surface_probe.v1,surface_probe_schema_v1,861,terrain.heightmap_mesh,analytic_heightmap_with_scm_sinkage,-0.900,-2.000,0.09411,-0.00833,0.04679,0.99887,0.5528,0.5528,0.00000,0.5528,0.00000,fallback_pychrono_unavailable
environment_terrain_component_demo,terrain.surface_probe.v1,surface_probe_schema_v1,862,terrain.heightmap_mesh,analytic_heightmap_with_scm_sinkage,-0.900,-1.900,0.08852,-0.00783,0.06463,0.99788,0.5568,0.5568,0.00000,0.5568,0.00000,fallback_pychrono_unavailable
environment_terrain_component_demo,terrain.surface_probe.v1,surface_probe_schema_v1,863,terrain.heightmap_mesh,analytic_heightmap_with_scm_sinkage,-0.900,-1.800,0.08120,-0.00717,0.08116,0.99668,0.5620,0.5620,0.00001,0.5620,0.00001,fallback_pychrono_unavailable
environment_terrain_component_demo,terrain.surface_probe.v1,surface_probe_schema_v1,864,terrain.heightmap_mesh,analytic_heightmap_with_scm_sinkage,-0.900,-1.700,0.07229,-0.00638,0.09605,0.99536,0.5684,0.5684,0.00002,0.5684,0.00002,fallback_pychrono_unavailable
environment_terrain_component_demo,terrain.surface_probe.v1,surface_probe_schema_v1,865,terrain.heightmap_mesh,analytic_heightmap_with_scm_sinkage,-0.900,-1.600,0.06196,-0.00546,0.10902,0.99402,0.5757,0.5757,0.00005,0.5757,0.00005,fallback_pychrono_unavailable
environment_terrain_component_demo,terrain.surface_probe.v1,surface_probe_schema_v1,866,terrain.heightmap_mesh,analytic_heightmap_with_scm_sinkage,-0.900,-1.500,0.05042,-0.00444,0.11983,0.99278,0.5840,0.5840,0.00012,0.5840,0.00012,fallback_pychrono_unavailable
environment_terrain_component_demo,terrain.surface_probe.v1,surface_probe_schema_v1,867,terrain.heightmap_mesh,analytic_heightmap_with_scm_sinkage,-0.900,-1.400,0.03790,-0.00333,0.12830,0.99173,0.5929,0.5929,0.00026,0.5929,0.00026,fallback_pychrono_unavailable
environment_terrain_component_demo,terrain.surface_probe.v1,surface_probe_schema_v1,868,terrain.heightmap_mesh,analytic_heightmap_with_scm_sinkage,-0.900,-1.300,0.02463,-0.00216,0.13428,0.99094,0.6024,0.6024,0.00057,0.6024,0.00057,fallback_pychrono_unavailable
environment_terrain_component_demo,terrain.surface_probe.v1,surface_probe_schema_v1,869,terrain.heightmap_mesh,analytic_heightmap_with_scm_sinkage,-0.900,-1.200,0.01089,-0.00096,0.13767,0.99048,0.6122,0.6122,0.00117,0.6122,0.00117,fallback_pychrono_unavailable
environment_terrain_component_demo,terrain.surface_probe.v1,surface_probe_schema_v1,870,terrain.heightmap_mesh,analytic_heightmap_with_scm_sinkage,-0.900,-1.100,-0.00308,0.00027,0.13842,0.99037,0.6178,0.6178,0.00225,0.6178,0.00225,fallback_pychrono_unavailable
environment_terrain_component_demo,terrain.surface_probe.v1,surface_probe_schema_v1,871,terrain.heightmap_mesh,analytic_heightmap_with_scm_sinkage,-0.900,-1.000,-0.01698,0.00149,0.13651,0.99064,0.6079,0.6079,0.00410,0.6079,0.00410,fallback_pychrono_unavailable
environment_terrain_component_demo,terrain.surface_probe.v1,surface_probe_schema_v1,872,terrain.heightmap_mesh,analytic_heightmap_with_scm_sinkage,-0.900,-0.900,-0.03054,0.00268,0.13197,0.99125,0.5982,0.5982,0.00706,0.5982,0.00706,fallback_pychrono_unavailable
environment_terrain_component_demo,terrain.surface_probe.v1,surface_probe_schema_v1,873,terrain.heightmap_mesh,analytic_heightmap_with_scm_sinkage,-0.900,-0.800,-0.04352,0.00383,0.12488,0.99217,0.5889,0.5889,0.01147,0.5889,0.01147,fallback_pychrono_unavailable
environment_terrain_component_demo,terrain.surface_probe.v1,surface_probe_schema_v1,874,terrain.heightmap_mesh,analytic_heightmap_with_scm_sinkage,-0.900,-0.700,-0.05563,0.00490,0.11535,0.99331,0.5803,0.5803,0.01761,0.5803,0.01761,fallback_pychrono_unavailable
environment_terrain_component_demo,terrain.surface_probe.v1,surface_probe_schema_v1,875,terrain.heightmap_mesh,analytic_heightmap_with_scm_sinkage,-0.900,-0.600,-0.06667,0.00588,0.10356,0.99461,0.5724,0.5724,0.02553,0.5724,0.02553,fallback_pychrono_unavailable
environment_terrain_component_demo,terrain.surface_probe.v1,surface_probe_schema_v1,876,terrain.heightmap_mesh,analytic_heightmap_with_scm_sinkage,-0.900,-0.500,-0.07639,0.00674,0.08972,0.99594,0.5654,0.5654,0.03496,0.5654,0.03496,fallback_pychrono_unavailable
environment_terrain_component_demo,terrain.surface_probe.v1,surface_probe_schema_v1,877,terrain.heightmap_mesh,analytic_heightmap_with_scm_sinkage,-0.900,-0.400,-0.08462,0.00748,0.07407,0.99722,0.5596,0.5596,0.04521,0.5596,0.04521,fallback_pychrono_unavailable
environment_terrain_component_demo,terrain.surface_probe.v1,surface_probe_schema_v1,878,terrain.heightmap_mesh,analytic_heightmap_with_scm_sinkage,-0.900,-0.300,-0.09120,0.00807,0.05692,0.99835,0.5549,0.5549,0.05522,0.5549,0.05522,fallback_pychrono_unavailable
environment_terrain_component_demo,terrain.surface_probe.v1,surface_probe_schema_v1,879,terrain.heightmap_mesh,analytic_heightmap_with_scm_sinkage,-0.900,-0.200,-0.09599,0.00850,0.03861,0.99922,0.5514,0.5514,0.06370,0.5514,0.06370,fallback_pychrono_unavailable
environment_terrain_component_demo,terrain.surface_probe.v1,surface_probe_schema_v1,880,terrain.heightmap_mesh,analytic_heightmap_with_scm_sinkage,-0.900,-0.100,-0.09890,0.00876,0.01951,0.99977,0.5494,0.5494,0.06940,0.5494,0.06940,fallback_pychrono_unavailable
environment_terrain_component_demo,terrain.surface_probe.v1,surface_probe_schema_v1,881,terrain.heightmap_mesh,analytic_heightmap_with_scm_sinkage,-0.900,0.000,-0.09988,0.00885,-0.00000,0.99996,0.5487,0.5487,0.07141,0.5487,0.07141,fallback_pychrono_unavailable
environment_terrain_component_demo,terrain.surface_probe.v1,surface_probe_schema_v1,882,terrain.heightmap_mesh,analytic_heightmap_with_scm_sinkage,-0.900,0.100,-0.09890,0.00876,-0.01951,0.99977,0.5494,0.5494,0.06940,0.5494,0.06940,fallback_pychrono_unavailable
environment_terrain_component_demo,terrain.surface_probe.v1,surface_probe_schema_v1,883,terrain.heightmap_mesh,analytic_heightmap_with_scm_sinkage,-0.900,0.200,-0.09599,0.00850,-0.03861,0.99922,0.5514,0.5514,0.06370,0.5514,0.06370,fallback_pychrono_unavailable
environment_terrain_component_demo,terrain.surface_probe.v1,surface_probe_schema_v1,884,terrain.heightmap_mesh,analytic_heightmap_with_scm_sinkage,-0.900,0.300,-0.09120,0.00807,-0.05692,0.99835,0.5549,0.5549,0.05522,0.5549,0.05522,fallback_pychrono_unavailable
environment_terrain_component_demo,terrain.surface_probe.v1,surface_probe_schema_v1,885,terrain.heightmap_mesh,analytic_heightmap_with_scm_sinkage,-0.900,0.400,-0.08462,0.00748,-0.07407,0.99722,0.5596,0.5596,0.04521,0.5596,0.04521,fallback_pychrono_unavailable
environment_terrain_component_demo,terrain.surface_probe.v1,surface_probe_schema_v1,886,terrain.heightmap_mesh,analytic_heightmap_with_scm_sinkage,-0.900,0.500,-0.07639,0.00674,-0.08972,0.99594,0.5654,0.5654,0.03496,0.5654,0.03496,fallback_pychrono_unavailable
environment_terrain_component_demo,terrain.surface_probe.v1,surface_probe_schema_v1,887,terrain.heightmap_mesh,analytic_heightmap_with_scm_sinkage,-0.900,0.600,-0.06667,0.00588,-0.10356,0.99461,0.5724,0.5724,0.02553,0.5724,0.02553,fallback_pychrono_unavailable
environment_terrain_component_demo,terrain.surface_probe.v1,surface_probe_schema_v1,888,terrain.heightmap_mesh,analytic_heightmap_with_scm_sinkage,-0.900,0.700,-0.05563,0.00490,-0.11535,0.99331,0.5803,0.5803,0.01761,0.5803,0.01761,fallback_pychrono_unavailable
environment_terrain_component_demo,terrain.surface_probe.v1,surface_probe_schema_v1,889,terrain.heightmap_mesh,analytic_heightmap_with_scm_sinkage,-0.900,0.800,-0.04352,0.00383,-0.12488,0.99217,0.5889,0.5889,0.01147,0.5889,0.01147,fallback_pychrono_unavailable
environment_terrain_component_demo,terrain.surface_probe.v1,surface_probe_schema_v1,890,terrain.heightmap_mesh,analytic_heightmap_with_scm_sinkage,-0.900,0.900,-0.03054,0.00268,-0.13197,0.99125,0.5982,0.5982,0.00706,0.5982,0.00706,fallback_pychrono_unavailable
environment_terrain_component_demo,terrain.surface_probe.v1,surface_probe_schema_v1,891,terrain.heightmap_mesh,analytic_heightmap_with_scm_sinkage,-0.900,1.000,-0.01698,0.00149,-0.13651,0.99064,0.6079,0.6079,0.00410,0.6079,0.00410,fallback_pychrono_unavailable
environment_terrain_component_demo,terrain.surface_probe.v1,surface_probe_schema_v1,892,terrain.heightmap_mesh,analytic_heightmap_with_scm_sinkage,-0.900,1.100,-0.00308,0.00027,-0.13842,0.99037,0.6178,0.6178,0.00225,0.6178,0.00225,fallback_pychrono_unavailable
environment_terrain_component_demo,terrain.surface_probe.v1,surface_probe_schema_v1,893,terrain.heightmap_mesh,analytic_heightmap_with_scm_sinkage,-0.900,1.200,0.01089,-0.00096,-0.13767,0.99048,0.6122,0.6122,0.00117,0.6122,0.00117,fallback_pychrono_unavailable
environment_terrain_component_demo,terrain.surface_probe.v1,surface_probe_schema_v1,894,terrain.heightmap_mesh,analytic_heightmap_with_scm_sinkage,-0.900,1.300,0.02463,-0.00216,-0.13428,0.99094,0.6024,0.6024,0.00057,0.6024,0.00057,fallback_pychrono_unavailable
environment_terrain_component_demo,terrain.surface_probe.v1,surface_probe_schema_v1,895,terrain.heightmap_mesh,analytic_heightmap_with_scm_sinkage,-0.900,1.400,0.03790,-0.00333,-0.12830,0.99173,0.5929,0.5929,0.00026,0.5929,0.00026,fallback_pychrono_unavailable
environment_terrain_component_demo,terrain.surface_probe.v1,surface_probe_schema_v1,896,terrain.heightmap_mesh,analytic_heightmap_with_scm_sinkage,-0.900,1.500,0.05042,-0.00444,-0.11983,0.99278,0.5840,0.5840,0.00012,0.5840,0.00012,fallback_pychrono_unavailable
environment_terrain_component_demo,terrain.surface_probe.v1,surface_probe_schema_v1,897,terrain.heightmap_mesh,analytic_heightmap_with_scm_sinkage,-0.900,1.600,0.06196,-0.00546,-0.10902,0.99402,0.5757,0.5757,0.00005,0.5757,0.00005,fallback_pychrono_unavailable
environment_terrain_component_demo,terrain.surface_probe.v1,surface_probe_schema_v1,898,terrain.heightmap_mesh,analytic_heightmap_with_scm_sinkage,-0.900,1.700,0.07229,-0.00638,-0.09605,0.99536,0.5684,0.5684,0.00002,0.5684,0.00002,fallback_pychrono_unavailable
environment_terrain_component_demo,terrain.surface_probe.v1,surface_probe_schema_v1,899,terrain.heightmap_mesh,analytic_heightmap_with_scm_sinkage,-0.900,1.800,0.08120,-0.00717,-0.08116,0.99668,0.5620,0.5620,0.00001,0.5620,0.00001,fallback_pychrono_unavailable
environment_terrain_component_demo,terrain.surface_probe.v1,surface_probe_schema_v1,900,terrain.heightmap_mesh,analytic_heightmap_with_scm_sinkage,-0.900,1.900,0.08852,-0.00783,-0.06463,0.99788,0.5568,0.5568,0.00000,0.5568,0.00000,fallback_pychrono_unavailable
environment_terrain_component_demo,terrain.surface_probe.v1,surface_probe_schema_v1,901,terrain.heightmap_mesh,analytic_heightmap_with_scm_sinkage,-0.900,2.000,0.09411,-0.00833,-0.04679,0.99887,0.5528,0.5528,0.00000,0.5528,0.00000,fallback_pychrono_unavailable
environment_terrain_component_demo,terrain.surface_probe.v1,surface_probe_schema_v1,902,terrain.heightmap_mesh,analytic_heightmap_with_scm_sinkage,-0.800,-2.000,0.09342,0.02209,0.04644,0.99868,0.5533,0.5533,0.00000,0.5533,0.00000,fallback_pychrono_unavailable
environment_terrain_component_demo,terrain.surface_probe.v1,surface_probe_schema_v1,903,terrain.heightmap_mesh,analytic_heightmap_with_scm_sinkage,-0.800,-1.900,0.08787,0.02076,0.06415,0.99772,0.5572,0.5572,0.00000,0.5572,0.00000,fallback_pychrono_unavailable
environment_terrain_component_demo,terrain.surface_probe.v1,surface_probe_schema_v1,904,terrain.heightmap_mesh,analytic_heightmap_with_scm_sinkage,-0.800,-1.800,0.08060,0.01902,0.08055,0.99657,0.5624,0.5624,0.00001,0.5624,0.00001,fallback_pychrono_unavailable
environment_terrain_component_demo,terrain.surface_probe.v1,surface_probe_schema_v1,905,terrain.heightmap_mesh,analytic_heightmap_with_scm_sinkage,-0.800,-1.700,0.07176,0.01691,0.09534,0.99530,0.5687,0.5687,0.00002,0.5687,0.00002,fallback_pychrono_unavailable
environment_terrain_component_demo,terrain.surface_probe.v1,surface_probe_schema_v1,906,terrain.heightmap_mesh,analytic_heightmap_with_scm_sinkage,-0.800,-1.600,0.06151,0.01448,0.10822,0.99402,0.5761,0.5761,0.00005,0.5761,0.00005,fallback_pychrono_unavailable
environment_terrain_component_demo,terrain.surface_probe.v1,surface_probe_schema_v1,907,terrain.heightmap_mesh,analytic_heightmap_with_scm_sinkage,-0.800,-1.500,0.05005,0.01177,0.11896,0.99283,0.5842,0.5842,0.00013,0.5842,0.00013,fallback_pychrono_unavailable
environment_terrain_component_demo,terrain.surface_probe.v1,surface_probe_schema_v1,908,terrain.heightmap_mesh,analytic_heightmap_with_scm_sinkage,-0.800,-1.400,0.03762,0.00884,0.12737,0.99182,0.5931,0.5931,0.00030,0.5931,0.00030,fallback_pychrono_unavailable
environment_terrain_component_demo,terrain.surface_probe.v1,surface_probe_schema_v1,909,terrain.heightmap_mesh,analytic_heightmap_with_scm_sinkage,-0.800,-1.300,0.02445,0.00574,0.13331,0.99106,0.6025,0.6025,0.00066,0.6025,0.00066,fallback_pychrono_unavailable
environment_terrain_component_demo,terrain.surface_probe.v1,surface_probe_schema_v1,910,terrain.heightmap_mesh,analytic_heightmap_with_scm_sinkage,-0.800,-1.200,0.01081,0.00253,0.13668,0.99061,0.6123,0.6123,0.00134,0.6123,0.00134,fallback_pychrono_unavailable
environment_terrain_component_demo,terrain.surface_probe.v1,surface_probe_schema_v1,911,terrain.heightmap_mesh,analytic_heightmap_with_scm_sinkage,-0.800,-1.100,-0.00305,-0.00072,0.13742,0.99051,0.6178,0.6178,0.00259,0.6178,0.00259,fallback_pychrono_unavailable
environment_terrain_component_demo,terrain.surface_probe.v1,surface_probe_schema_v1,912,terrain.heightmap_mesh,analytic_heightmap_with_scm_sinkage,-0.800,-1.000,-0.01685,-0.00395,0.13552,0.99077,0.6080,0.6080,0.00472,0.6080,0.00472,fallback_pychrono_unavailable
environment_terrain_component_demo,terrain.surface_probe.v1,surface_probe_schema_v1,913,terrain.heightmap_mesh,analytic_heightmap_with_scm_sinkage,-0.800,-0.900,-0.03032,-0.00712,0.13101,0.99136,0.5983,0.5983,0.00812,0.5983,0.00812,fallback_pychrono_unavailable
environment_terrain_component_demo,terrain.surface_probe.v1,surface_probe_schema_v1,914,terrain.heightmap_mesh,analytic_heightmap_with_scm_sinkage,-0.800,-0.800,-0.04320,-0.01015,0.12397,0.99223,0.5891,0.5891,0.01320,0.5891,0.01320,fallback_pychrono_unavailable
environment_terrain_component_demo,terrain.surface_probe.v1,surface_probe_schema_v1,915,terrain.heightmap_mesh,analytic_heightmap_with_scm_sinkage,-0.800,-0.700,-0.05523,-0.01299,0.11451,0.99334,0.5806,0.5806,0.02026,0.5806,0.02026,fallback_pychrono_unavailable
environment_terrain_component_demo,terrain.surface_probe.v1,surface_probe_schema_v1,916,terrain.heightmap_mesh,analytic_heightmap_with_scm_sinkage,-0.800,-0.600,-0.06617,-0.01558,0.10280,0.99458,0.5727,0.5727,0.02937,0.5727,0.02937,fallback_pychrono_unavailable
environment_terrain_component_demo,terrain.surface_probe.v1,surface_probe_schema_v1,917,terrain.heightmap_mesh,analytic_heightmap_with_scm_sinkage,-0.800,-0.500,-0.07583,-0.01788,0.08905,0.99587,0.5658,0.5658,0.04021,0.5658,0.04021,fallback_pychrono_unavailable
environment_terrain_component_demo,terrain.surface_probe.v1,surface_probe_schema_v1,918,terrain.heightmap_mesh,analytic_heightmap_with_scm_sinkage,-0.800,-0.400,-0.08400,-0.01983,0.07352,0.99710,0.5600,0.5600,0.05201,0.5600,0.05201,fallback_pychrono_unavailable
environment_terrain_component_demo,terrain.surface_probe.v1,surface_probe_schema_v1,919,terrain.heightmap_mesh,analytic_heightmap_with_scm_sinkage,-0.800,-0.300,-0.09053,-0.02140,0.05650,0.99817,0.5553,0.5553,0.06352,0.5553,0.06352,fallback_pychrono_unavailable
environment_terrain_component_demo,terrain.surface_probe.v1,surface_probe_schema_v1,920,terrain.heightmap_mesh,analytic_heightmap_with_scm_sinkage,-0.800,-0.200,-0.09528,-0.02254,0.03832,0.99901,0.5519,0.5519,0.07328,0.5519,0.07328,fallback_pychrono_unavailable
environment_terrain_component_demo,terrain.surface_probe.v1,surface_probe_schema_v1,921,terrain.heightmap_mesh,analytic_heightmap_with_scm_sinkage,-0.800,-0.100,-0.09817,-0.02324,0.01936,0.99954,0.5499,0.5499,0.07983,0.5499,0.07983,fallback_pychrono_unavailable
environment_terrain_component_demo,terrain.surface_probe.v1,surface_probe_schema_v1,922,terrain.heightmap_mesh,analytic_heightmap_with_scm_sinkage,-0.800,0.000,-0.09915,-0.02347,-0.00000,0.99972,0.5492,0.5492,0.08215,0.5492,0.08215,fallback_pychrono_unavailable
environment_terrain_component_demo,terrain.surface_probe.v1,surface_probe_schema_v1,923,terrain.heightmap_mesh,analytic_heightmap_with_scm_sinkage,-0.800,0.100,-0.09818,-0.02324,-0.01936,0.99954,0.5499,0.5499,0.07983,0.5499,0.07983,fallback_pychrono_unavailable
environment_terrain_component_demo,terrain.surface_probe.v1,surface_probe_schema_v1,924,terrain.heightmap_mesh,analytic_heightmap_with_scm_sinkage,-0.800,0.200,-0.09528,-0.02254,-0.03832,0.99901,0.5519,0.5519,0.07328,0.5519,0.07328,fallback_pychrono_unavailable
environment_terrain_component_demo,terrain.surface_probe.v1,surface_probe_schema_v1,925,terrain.heightmap_mesh,analytic_heightmap_with_scm_sinkage,-0.800,0.300,-0.09053,-0.02140,-0.05650,0.99817,0.5553,0.5553,0.06352,0.5553,0.06352,fallback_pychrono_unavailable
environment_terrain_component_demo,terrain.surface_probe.v1,surface_probe_schema_v1,926,terrain.heightmap_mesh,analytic_heightmap_with_scm_sinkage,-0.800,0.400,-0.08400,-0.01983,-0.07352,0.99710,0.5600,0.5600,0.05201,0.5600,0.05201,fallback_pychrono_unavailable
environment_terrain_component_demo,terrain.surface_probe.v1,surface_probe_schema_v1,927,terrain.heightmap_mesh,analytic_heightmap_with_scm_sinkage,-0.800,0.500,-0.07583,-0.01788,-0.08905,0.99587,0.5658,0.5658,0.04021,0.5658,0.04021,fallback_pychrono_unavailable
environment_terrain_component_demo,terrain.surface_probe.v1,surface_probe_schema_v1,928,terrain.heightmap_mesh,analytic_heightmap_with_scm_sinkage,-0.800,0.600,-0.06618,-0.01558,-0.10280,0.99458,0.5727,0.5727,0.02937,0.5727,0.02937,fallback_pychrono_unavailable
environment_terrain_component_demo,terrain.surface_probe.v1,surface_probe_schema_v1,929,terrain.heightmap_mesh,analytic_heightmap_with_scm_sinkage,-0.800,0.700,-0.05523,-0.01299,-0.11451,0.99334,0.5806,0.5806,0.02026,0.5806,0.02026,fallback_pychrono_unavailable
environment_terrain_component_demo,terrain.surface_probe.v1,surface_probe_schema_v1,930,terrain.heightmap_mesh,analytic_heightmap_with_scm_sinkage,-0.800,0.800,-0.04320,-0.01015,-0.12397,0.99223,0.5891,0.5891,0.01320,0.5891,0.01320,fallback_pychrono_unavailable
environment_terrain_component_demo,terrain.surface_probe.v1,surface_probe_schema_v1,931,terrain.heightmap_mesh,analytic_heightmap_with_scm_sinkage,-0.800,0.900,-0.03032,-0.00712,-0.13101,0.99136,0.5983,0.5983,0.00812,0.5983,0.00812,fallback_pychrono_unavailable
environment_terrain_component_demo,terrain.surface_probe.v1,surface_probe_schema_v1,932,terrain.heightmap_mesh,analytic_heightmap_with_scm_sinkage,-0.800,1.000,-0.01685,-0.00395,-0.13552,0.99077,0.6080,0.6080,0.00472,0.6080,0.00472,fallback_pychrono_unavailable
environment_terrain_component_demo,terrain.surface_probe.v1,surface_probe_schema_v1,933,terrain.heightmap_mesh,analytic_heightmap_with_scm_sinkage,-0.800,1.100,-0.00305,-0.00072,-0.13742,0.99051,0.6178,0.6178,0.00259,0.6178,0.00259,fallback_pychrono_unavailable
environment_terrain_component_demo,terrain.surface_probe.v1,surface_probe_schema_v1,934,terrain.heightmap_mesh,analytic_heightmap_with_scm_sinkage,-0.800,1.200,0.01081,0.00253,-0.13668,0.99061,0.6123,0.6123,0.00134,0.6123,0.00134,fallback_pychrono_unavailable
environment_terrain_component_demo,terrain.surface_probe.v1,surface_probe_schema_v1,935,terrain.heightmap_mesh,analytic_heightmap_with_scm_sinkage,-0.800,1.300,0.02445,0.00574,-0.13331,0.99106,0.6025,0.6025,0.00066,0.6025,0.00066,fallback_pychrono_unavailable
environment_terrain_component_demo,terrain.surface_probe.v1,surface_probe_schema_v1,936,terrain.heightmap_mesh,analytic_heightmap_with_scm_sinkage,-0.800,1.400,0.03762,0.00884,-0.12737,0.99182,0.5931,0.5931,0.00030,0.5931,0.00030,fallback_pychrono_unavailable
environment_terrain_component_demo,terrain.surface_probe.v1,surface_probe_schema_v1,937,terrain.heightmap_mesh,analytic_heightmap_with_scm_sinkage,-0.800,1.500,0.05005,0.01177,-0.11896,0.99283,0.5842,0.5842,0.00013,0.5842,0.00013,fallback_pychrono_unavailable
environment_terrain_component_demo,terrain.surface_probe.v1,surface_probe_schema_v1,938,terrain.heightmap_mesh,analytic_heightmap_with_scm_sinkage,-0.800,1.600,0.06151,0.01448,-0.10822,0.99402,0.5761,0.5761,0.00005,0.5761,0.00005,fallback_pychrono_unavailable
environment_terrain_component_demo,terrain.surface_probe.v1,surface_probe_schema_v1,939,terrain.heightmap_mesh,analytic_heightmap_with_scm_sinkage,-0.800,1.700,0.07176,0.01691,-0.09534,0.99530,0.5687,0.5687,0.00002,0.5687,0.00002,fallback_pychrono_unavailable
environment_terrain_component_demo,terrain.surface_probe.v1,surface_probe_schema_v1,940,terrain.heightmap_mesh,analytic_heightmap_with_scm_sinkage,-0.800,1.800,0.08060,0.01902,-0.08055,0.99657,0.5624,0.5624,0.00001,0.5624,0.00001,fallback_pychrono_unavailable
environment_terrain_component_demo,terrain.surface_probe.v1,surface_probe_schema_v1,941,terrain.heightmap_mesh,analytic_heightmap_with_scm_sinkage,-0.800,1.900,0.08787,0.02076,-0.06415,0.99772,0.5572,0.5572,0.00000,0.5572,0.00000,fallback_pychrono_unavailable
environment_terrain_component_demo,terrain.surface_probe.v1,surface_probe_schema_v1,942,terrain.heightmap_mesh,analytic_heightmap_with_scm_sinkage,-0.800,2.000,0.09342,0.02209,-0.04644,0.99868,0.5533,0.5533,0.00000,0.5533,0.00000,fallback_pychrono_unavailable
environment_terrain_component_demo,terrain.surface_probe.v1,surface_probe_schema_v1,943,terrain.heightmap_mesh,analytic_heightmap_with_scm_sinkage,-0.700,-2.000,0.08971,0.05175,0.04455,0.99767,0.5559,0.5559,0.00000,0.5559,0.00000,fallback_pychrono_unavailable
environment_terrain_component_demo,terrain.surface_probe.v1,surface_probe_schema_v1,944,terrain.heightmap_mesh,analytic_heightmap_with_scm_sinkage,-0.700,-1.900,0.08438,0.04864,0.06155,0.99692,0.5597,0.5597,0.00000,0.5597,0.00000,fallback_pychrono_unavailable
environment_terrain_component_demo,terrain.surface_probe.v1,surface_probe_schema_v1,945,terrain.heightmap_mesh,analytic_heightmap_with_scm_sinkage,-0.700,-1.800,0.07740,0.04457,0.07731,0.99601,0.5647,0.5647,0.00001,0.5647,0.00001,fallback_pychrono_unavailable
environment_terrain_component_demo,terrain.surface_probe.v1,surface_probe_schema_v1,946,terrain.heightmap_mesh,analytic_heightmap_with_scm_sinkage,-0.700,-1.700,0.06891,0.03964,0.09152,0.99501,0.5708,0.5708,0.00002,0.5708,0.00002,fallback_pychrono_unavailable
environment_terrain_component_demo,terrain.surface_probe.v1,surface_probe_schema_v1,947,terrain.heightmap_mesh,analytic_heightmap_with_scm_sinkage,-0.700,-1.600,0.05906,0.03394,0.10392,0.99401,0.5778,0.5778,0.00006,0.5778,0.00006,fallback_pychrono_unavailable
environment_terrain_component_demo,terrain.surface_probe.v1,surface_probe_schema_v1,948,terrain.heightmap_mesh,analytic_heightmap_with_scm_sinkage,-0.700,-1.500,0.04807,0.02760,0.11426,0.99307,0.5857,0.5857,0.00015,0.5857,0.00015,fallback_pychrono_unavailable
environment_terrain_component_demo,terrain.surface_probe.v1,surface_probe_schema_v1,949,terrain.heightmap_mesh,analytic_heightmap_with_scm_sinkage,-0.700,-1.400,0.03613,0.02073,0.12237,0.99227,0.5942,0.5942,0.00034,0.5942,0.00034,fallback_pychrono_unavailable
environment_terrain_component_demo,terrain.surface_probe.v1,surface_probe_schema_v1,950,terrain.heightmap_mesh,analytic_heightmap_with_scm_sinkage,-0.700,-1.300,0.02348,0.01346,0.12810,0.99167,0.6032,0.6032,0.00075,0.6032,0.00075,fallback_pychrono_unavailable
environment_terrain_component_demo,terrain.surface_probe.v1,surface_probe_schema_v1,951,terrain.heightmap_mesh,analytic_heightmap_with_scm_sinkage,-0.700,-1.200,0.01038,0.00595,0.13135,0.99132,0.6126,0.6126,0.00152,0.6126,0.00152,fallback_pychrono_unavailable
environment_terrain_component_demo,terrain.surface_probe.v1,surface_probe_schema_v1,952,terrain.heightmap_mesh,analytic_heightmap_with_scm_sinkage,-0.700,-1.100,-0.00293,-0.00168,0.13206,0.99124,0.6179,0.6179,0.00294,0.6179,0.00294,fallback_pychrono_unavailable
environment_terrain_component_demo,terrain.surface_probe.v1,surface_probe_schema_v1,953,terrain.heightmap_mesh,analytic_heightmap_with_scm_sinkage,-0.700,-1.000,-0.01618,-0.00928,0.13023,0.99144,0.6084,0.6084,0.00536,0.6084,0.00536,fallback_pychrono_unavailable
environment_terrain_component_demo,terrain.surface_probe.v1,surface_probe_schema_v1,954,terrain.heightmap_mesh,analytic_heightmap_with_scm_sinkage,-0.700,-0.900,-0.02911,-0.01670,0.12588,0.99191,0.5992,0.5992,0.00922,0.5992,0.00922,fallback_pychrono_unavailable
environment_terrain_component_demo,terrain.surface_probe.v1,surface_probe_schema_v1,955,terrain.heightmap_mesh,analytic_heightmap_with_scm_sinkage,-0.700,-0.800,-0.04148,-0.02381,0.11909,0.99260,0.5904,0.5904,0.01498,0.5904,0.01498,fallback_pychrono_unavailable
environment_terrain_component_demo,terrain.surface_probe.v1,surface_probe_schema_v1,956,terrain.heightmap_mesh,analytic_heightmap_with_scm_sinkage,-0.700,-0.700,-0.05303,-0.03046,0.10998,0.99347,0.5821,0.5821,0.02299,0.5821,0.02299,fallback_pychrono_unavailable
environment_terrain_component_demo,terrain.surface_probe.v1,surface_probe_schema_v1,957,terrain.heightmap_mesh,analytic_heightmap_with_scm_sinkage,-0.700,-0.600,-0.06354,-0.03654,0.09870,0.99445,0.5746,0.5746,0.03333,0.5746,0.03333,fallback_pychrono_unavailable
environment_terrain_component_demo,terrain.surface_probe.v1,surface_probe_schema_v1,958,terrain.heightmap_mesh,analytic_heightmap_with_scm_sinkage,-0.700,-0.500,-0.07282,-0.04191,0.08548,0.99546,0.5680,0.5680,0.04564,0.5680,0.04564,fallback_pychrono_unavailable
environment_terrain_component_demo,terrain.surface_probe.v1,surface_probe_schema_v1,959,terrain.heightmap_mesh,analytic_heightmap_with_scm_sinkage,-0.700,-0.400,-0.08066,-0.04647,0.07055,0.99643,0.5624,0.5624,0.05903,0.5624,0.05903,fallback_pychrono_unavailable
environment_terrain_component_demo,terrain.surface_probe.v1,surface_probe_schema_v1,960,terrain.heightmap_mesh,analytic_heightmap_with_scm_sinkage,-0.700,-0.300,-0.08693,-0.05013,0.05420,0.99727,0.5579,0.5579,0.07210,0.5579,0.07210,fallback_pychrono_unavailable
environment_terrain_component_demo,terrain.surface_probe.v1,surface_probe_schema_v1,961,terrain.heightmap_mesh,analytic_heightmap_with_scm_sinkage,-0.700,-0.200,-0.09150,-0.05279,0.03676,0.99793,0.5546,0.5546,0.08317,0.5546,0.08317,fallback_pychrono_unavailable
environment_terrain_component_demo,terrain.surface_probe.v1,surface_probe_schema_v1,962,terrain.heightmap_mesh,analytic_heightmap_with_scm_sinkage,-0.700,-0.100,-0.09427,-0.05442,0.01857,0.99835,0.5527,0.5527,0.09061,0.5527,0.09061,fallback_pychrono_unavailable
environment_terrain_component_demo,terrain.surface_probe.v1,surface_probe_schema_v1,963,terrain.heightmap_mesh,analytic_heightmap_with_scm_sinkage,-0.700,0.000,-0.09521,-0.05496,-0.00000,0.99849,0.5520,0.5520,0.09324,0.5520,0.09324,fallback_pychrono_unavailable
environment_terrain_component_demo,terrain.surface_probe.v1,surface_probe_schema_v1,964,terrain.heightmap_mesh,analytic_heightmap_with_scm_sinkage,-0.700,0.100,-0.09428,-0.05442,-0.01857,0.99835,0.5527,0.5527,0.09061,0.5527,0.09061,fallback_pychrono_unavailable
environment_terrain_component_demo,terrain.surface_probe.v1,surface_probe_schema_v1,965,terrain.heightmap_mesh,analytic_heightmap_with_scm_sinkage,-0.700,0.200,-0.09150,-0.05279,-0.03676,0.99793,0.5546,0.5546,0.08317,0.5546,0.08317,fallback_pychrono_unavailable
environment_terrain_component_demo,terrain.surface_probe.v1,surface_probe_schema_v1,966,terrain.heightmap_mesh,analytic_heightmap_with_scm_sinkage,-0.700,0.300,-0.08693,-0.05013,-0.05420,0.99727,0.5579,0.5579,0.07210,0.5579,0.07210,fallback_pychrono_unavailable
environment_terrain_component_demo,terrain.surface_probe.v1,surface_probe_schema_v1,967,terrain.heightmap_mesh,analytic_heightmap_with_scm_sinkage,-0.700,0.400,-0.08067,-0.04647,-0.07055,0.99643,0.5624,0.5624,0.05903,0.5624,0.05903,fallback_pychrono_unavailable
environment_terrain_component_demo,terrain.surface_probe.v1,surface_probe_schema_v1,968,terrain.heightmap_mesh,analytic_heightmap_with_scm_sinkage,-0.700,0.500,-0.07282,-0.04191,-0.08548,0.99546,0.5680,0.5680,0.04564,0.5680,0.04564,fallback_pychrono_unavailable
environment_terrain_component_demo,terrain.surface_probe.v1,surface_probe_schema_v1,969,terrain.heightmap_mesh,analytic_heightmap_with_scm_sinkage,-0.700,0.600,-0.06355,-0.03654,-0.09870,0.99445,0.5746,0.5746,0.03333,0.5746,0.03333,fallback_pychrono_unavailable
environment_terrain_component_demo,terrain.surface_probe.v1,surface_probe_schema_v1,970,terrain.heightmap_mesh,analytic_heightmap_with_scm_sinkage,-0.700,0.700,-0.05303,-0.03046,-0.10998,0.99347,0.5821,0.5821,0.02299,0.5821,0.02299,fallback_pychrono_unavailable
environment_terrain_component_demo,terrain.surface_probe.v1,surface_probe_schema_v1,971,terrain.heightmap_mesh,analytic_heightmap_with_scm_sinkage,-0.700,0.800,-0.04148,-0.02381,-0.11909,0.99260,0.5904,0.5904,0.01498,0.5904,0.01498,fallback_pychrono_unavailable
environment_terrain_component_demo,terrain.surface_probe.v1,surface_probe_schema_v1,972,terrain.heightmap_mesh,analytic_heightmap_with_scm_sinkage,-0.700,0.900,-0.02912,-0.01670,-0.12588,0.99191,0.5992,0.5992,0.00922,0.5992,0.00922,fallback_pychrono_unavailable
environment_terrain_component_demo,terrain.surface_probe.v1,surface_probe_schema_v1,973,terrain.heightmap_mesh,analytic_heightmap_with_scm_sinkage,-0.700,1.000,-0.01618,-0.00928,-0.13023,0.99144,0.6084,0.6084,0.00536,0.6084,0.00536,fallback_pychrono_unavailable
environment_terrain_component_demo,terrain.surface_probe.v1,surface_probe_schema_v1,974,terrain.heightmap_mesh,analytic_heightmap_with_scm_sinkage,-0.700,1.100,-0.00293,-0.00168,-0.13206,0.99124,0.6179,0.6179,0.00294,0.6179,0.00294,fallback_pychrono_unavailable
environment_terrain_component_demo,terrain.surface_probe.v1,surface_probe_schema_v1,975,terrain.heightmap_mesh,analytic_heightmap_with_scm_sinkage,-0.700,1.200,0.01038,0.00595,-0.13135,0.99132,0.6126,0.6126,0.00152,0.6126,0.00152,fallback_pychrono_unavailable
environment_terrain_component_demo,terrain.surface_probe.v1,surface_probe_schema_v1,976,terrain.heightmap_mesh,analytic_heightmap_with_scm_sinkage,-0.700,1.300,0.02348,0.01346,-0.12810,0.99167,0.6032,0.6032,0.00075,0.6032,0.00075,fallback_pychrono_unavailable
environment_terrain_component_demo,terrain.surface_probe.v1,surface_probe_schema_v1,977,terrain.heightmap_mesh,analytic_heightmap_with_scm_sinkage,-0.700,1.400,0.03613,0.02073,-0.12237,0.99227,0.5942,0.5942,0.00034,0.5942,0.00034,fallback_pychrono_unavailable
environment_terrain_component_demo,terrain.surface_probe.v1,surface_probe_schema_v1,978,terrain.heightmap_mesh,analytic_heightmap_with_scm_sinkage,-0.700,1.500,0.04807,0.02760,-0.11426,0.99307,0.5857,0.5857,0.00015,0.5857,0.00015,fallback_pychrono_unavailable
environment_terrain_component_demo,terrain.surface_probe.v1,surface_probe_schema_v1,979,terrain.heightmap_mesh,analytic_heightmap_with_scm_sinkage,-0.700,1.600,0.05906,0.03394,-0.10392,0.99401,0.5778,0.5778,0.00006,0.5778,0.00006,fallback_pychrono_unavailable
environment_terrain_component_demo,terrain.surface_probe.v1,surface_probe_schema_v1,980,terrain.heightmap_mesh,analytic_heightmap_with_scm_sinkage,-0.700,1.700,0.06891,0.03964,-0.09152,0.99501,0.5708,0.5708,0.00002,0.5708,0.00002,fallback_pychrono_unavailable
environment_terrain_component_demo,terrain.surface_probe.v1,surface_probe_schema_v1,981,terrain.heightmap_mesh,analytic_heightmap_with_scm_sinkage,-0.700,1.800,0.07740,0.04457,-0.07731,0.99601,0.5647,0.5647,0.00001,0.5647,0.00001,fallback_pychrono_unavailable
environment_terrain_component_demo,terrain.surface_probe.v1,surface_probe_schema_v1,982,terrain.heightmap_mesh,analytic_heightmap_with_scm_sinkage,-0.700,1.900,0.08438,0.04864,-0.06155,0.99692,0.5597,0.5597,0.00000,0.5597,0.00000,fallback_pychrono_unavailable
environment_terrain_component_demo,terrain.surface_probe.v1,surface_probe_schema_v1,983,terrain.heightmap_mesh,analytic_heightmap_with_scm_sinkage,-0.700,2.000,0.08971,0.05175,-0.04455,0.99767,0.5559,0.5559,0.00000,0.5559,0.00000,fallback_pychrono_unavailable
environment_terrain_component_demo,terrain.surface_probe.v1,surface_probe_schema_v1,984,terrain.heightmap_mesh,analytic_heightmap_with_scm_sinkage,-0.600,-2.000,0.08310,0.07962,0.04120,0.99597,0.5606,0.5606,0.00000,0.5606,0.00000,fallback_pychrono_unavailable
environment_terrain_component_demo,terrain.surface_probe.v1,surface_probe_schema_v1,985,terrain.heightmap_mesh,analytic_heightmap_with_scm_sinkage,-0.600,-1.900,0.07816,0.07486,0.05694,0.99557,0.5642,0.5642,0.00000,0.5642,0.00000,fallback_pychrono_unavailable
environment_terrain_component_demo,terrain.surface_probe.v1,surface_probe_schema_v1,986,terrain.heightmap_mesh,analytic_heightmap_with_scm_sinkage,-0.600,-1.800,0.07170,0.06863,0.07155,0.99507,0.5688,0.5688,0.00001,0.5688,0.00001,fallback_pychrono_unavailable
environment_terrain_component_demo,terrain.surface_probe.v1,surface_probe_schema_v1,987,terrain.heightmap_mesh,analytic_heightmap_with_scm_sinkage,-0.600,-1.700,0.06383,0.06107,0.08474,0.99453,0.5744,0.5744,0.00003,0.5744,0.00003,fallback_pychrono_unavailable
environment_terrain_component_demo,terrain.surface_probe.v1,surface_probe_schema_v1,988,terrain.heightmap_mesh,analytic_heightmap_with_scm_sinkage,-0.600,-1.600,0.05471,0.05231,0.09626,0.99398,0.5809,0.5809,0.00007,0.5809,0.00007,fallback_pychrono_unavailable
environment_terrain_component_demo,terrain.surface_probe.v1,surface_probe_schema_v1,989,terrain.heightmap_mesh,analytic_heightmap_with_scm_sinkage,-0.600,-1.500,0.04453,0.04255,0.10589,0.99347,0.5882,0.5882,0.00017,0.5882,0.00017,fallback_pychrono_unavailable
environment_terrain_component_demo,terrain.surface_probe.v1,surface_probe_schema_v1,990,terrain.heightmap_mesh,analytic_heightmap_with_scm_sinkage,-0.600,-1.400,0.03347,0.03197,0.11344,0.99303,0.5961,0.5961,0.00039,0.5961,0.00039,fallback_pychrono_unavailable
environment_terrain_component_demo,terrain.surface_probe.v1,surface_probe_schema_v1,991,terrain.heightmap_mesh,analytic_heightmap_with_scm_sinkage,-0.600,-1.300,0.02175,0.02077,0.11879,0.99270,0.6045,0.6045,0.00084,0.6045,0.00084,fallback_pychrono_unavailable
environment_terrain_component_demo,terrain.surface_probe.v1,surface_probe_schema_v1,992,terrain.heightmap_mesh,analytic_heightmap_with_scm_sinkage,-0.600,-1.200,0.00961,0.00918,0.12182,0.99251,0.6131,0.6131,0.00171,0.6131,0.00171,fallback_pychrono_unavailable
environment_terrain_component_demo,terrain.surface_probe.v1,surface_probe_schema_v1,993,terrain.heightmap_mesh,analytic_heightmap_with_scm_sinkage,-0.600,-1.100,-0.00271,-0.00259,0.12249,0.99247,0.6181,0.6181,0.00329,0.6181,0.00329,fallback_pychrono_unavailable
environment_terrain_component_demo,terrain.surface_probe.v1,surface_probe_schema_v1,994,terrain.heightmap_mesh,analytic_heightmap_with_scm_sinkage,-0.600,-1.000,-0.01499,-0.01431,0.12077,0.99258,0.6093,0.6093,0.00600,0.6093,0.00600,fallback_pychrono_unavailable
environment_terrain_component_demo,terrain.surface_probe.v1,surface_probe_schema_v1,995,terrain.heightmap_mesh,analytic_heightmap_with_scm_sinkage,-0.600,-0.900,-0.02697,-0.02576,0.11672,0.99283,0.6007,0.6007,0.01032,0.6007,0.01032,fallback_pychrono_unavailable
environment_terrain_component_demo,terrain.surface_probe.v1,surface_probe_schema_v1,996,terrain.heightmap_mesh,analytic_heightmap_with_scm_sinkage,-0.600,-0.800,-0.03842,-0.03671,0.11038,0.99321,0.5926,0.5926,0.01678,0.5926,0.01678,fallback_pychrono_unavailable
environment_terrain_component_demo,terrain.surface_probe.v1,surface_probe_schema_v1,997,terrain.heightmap_mesh,analytic_heightmap_with_scm_sinkage,-0.600,-0.700,-0.04912,-0.04696,0.10190,0.99369,0.5849,0.5849,0.02575,0.5849,0.02575,fallback_pychrono_unavailable
environment_terrain_component_demo,terrain.surface_probe.v1,surface_probe_schema_v1,998,terrain.heightmap_mesh,analytic_heightmap_with_scm_sinkage,-0.600,-0.600,-0.05885,-0.05630,0.09141,0.99422,0.5780,0.5780,0.03734,0.5780,0.03734,fallback_pychrono_unavailable
environment_terrain_component_demo,terrain.surface_probe.v1,surface_probe_schema_v1,999,terrain.heightmap_mesh,analytic_heightmap_with_scm_sinkage,-0.600,-0.500,-0.06744,-0.06455,0.07913,0.99477,0.5718,0.5718,0.05112,0.5718,0.05112,fallback_pychrono_unavailable
environment_terrain_component_demo,terrain.surface_probe.v1,surface_probe_schema_v1,1000,terrain.heightmap_mesh,analytic_heightmap_with_scm_sinkage,-0.600,-0.400,-0.07471,-0.07154,0.06528,0.99530,0.5666,0.5666,0.06611,0.5666,0.06611,fallback_pychrono_unavailable
environment_terrain_component_demo,terrain.surface_probe.v1,surface_probe_schema_v1,1001,terrain.heightmap_mesh,analytic_heightmap_with_scm_sinkage,-0.600,-0.300,-0.08052,-0.07714,0.05013,0.99576,0.5625,0.5625,0.08075,0.5625,0.08075,fallback_pychrono_unavailable
environment_terrain_component_demo,terrain.surface_probe.v1,surface_probe_schema_v1,1002,terrain.heightmap_mesh,analytic_heightmap_with_scm_sinkage,-0.600,-0.200,-0.08475,-0.08122,0.03399,0.99612,0.5595,0.5595,0.09315,0.5595,0.09315,fallback_pychrono_unavailable
environment_terrain_component_demo,terrain.surface_probe.v1,surface_probe_schema_v1,1003,terrain.heightmap_mesh,analytic_heightmap_with_scm_sinkage,-0.600,-0.100,-0.08732,-0.08370,0.01717,0.99634,0.5576,0.5576,0.10149,0.5576,0.10149,fallback_pychrono_unavailable
environment_terrain_component_demo,terrain.surface_probe.v1,surface_probe_schema_v1,1004,terrain.heightmap_mesh,analytic_heightmap_with_scm_sinkage,-0.600,0.000,-0.08819,-0.08454,-0.00000,0.99642,0.5570,0.5570,0.10443,0.5570,0.10443,fallback_pychrono_unavailable
environment_terrain_component_demo,terrain.surface_probe.v1,surface_probe_schema_v1,1005,terrain.heightmap_mesh,analytic_heightmap_with_scm_sinkage,-0.600,0.100,-0.08733,-0.08370,-0.01717,0.99634,0.5576,0.5576,0.10149,0.5576,0.10149,fallback_pychrono_unavailable
environment_terrain_component_demo,terrain.surface_probe.v1,surface_probe_schema_v1,1006,terrain.heightmap_mesh,analytic_heightmap_with_scm_sinkage,-0.600,0.200,-0.08476,-0.08122,-0.03399,0.99612,0.5595,0.5595,0.09315,0.5595,0.09315,fallback_pychrono_unavailable
environment_terrain_component_demo,terrain.surface_probe.v1,surface_probe_schema_v1,1007,terrain.heightmap_mesh,analytic_heightmap_with_scm_sinkage,-0.600,0.300,-0.08053,-0.07714,-0.05013,0.99576,0.5625,0.5625,0.08075,0.5625,0.08075,fallback_pychrono_unavailable
environment_terrain_component_demo,terrain.surface_probe.v1,surface_probe_schema_v1,1008,terrain.heightmap_mesh,analytic_heightmap_with_scm_sinkage,-0.600,0.400,-0.07472,-0.07154,-0.06528,0.99530,0.5666,0.5666,0.06611,0.5666,0.06611,fallback_pychrono_unavailable
environment_terrain_component_demo,terrain.surface_probe.v1,surface_probe_schema_v1,1009,terrain.heightmap_mesh,analytic_heightmap_with_scm_sinkage,-0.600,0.500,-0.06746,-0.06455,-0.07913,0.99477,0.5718,0.5718,0.05112,0.5718,0.05112,fallback_pychrono_unavailable
environment_terrain_component_demo,terrain.surface_probe.v1,surface_probe_schema_v1,1010,terrain.heightmap_mesh,analytic_heightmap_with_scm_sinkage,-0.600,0.600,-0.05887,-0.05630,-0.09141,0.99422,0.5780,0.5780,0.03734,0.5780,0.03734,fallback_pychrono_unavailable
environment_terrain_component_demo,terrain.surface_probe.v1,surface_probe_schema_v1,1011,terrain.heightmap_mesh,analytic_heightmap_with_scm_sinkage,-0.600,0.700,-0.04913,-0.04696,-0.10190,0.99369,0.5849,0.5849,0.02575,0.5849,0.02575,fallback_pychrono_unavailable
environment_terrain_component_demo,terrain.surface_probe.v1,surface_probe_schema_v1,1012,terrain.heightmap_mesh,analytic_heightmap_with_scm_sinkage,-0.600,0.800,-0.03843,-0.03671,-0.11038,0.99321,0.5926,0.5926,0.01678,0.5926,0.01678,fallback_pychrono_unavailable
environment_terrain_component_demo,terrain.surface_probe.v1,surface_probe_schema_v1,1013,terrain.heightmap_mesh,analytic_heightmap_with_scm_sinkage,-0.600,0.900,-0.02697,-0.02576,-0.11672,0.99283,0.6007,0.6007,0.01032,0.6007,0.01032,fallback_pychrono_unavailable
environment_terrain_component_demo,terrain.surface_probe.v1,surface_probe_schema_v1,1014,terrain.heightmap_mesh,analytic_heightmap_with_scm_sinkage,-0.600,1.000,-0.01499,-0.01431,-0.12077,0.99258,0.6093,0.6093,0.00600,0.6093,0.00600,fallback_pychrono_unavailable
environment_terrain_component_demo,terrain.surface_probe.v1,surface_probe_schema_v1,1015,terrain.heightmap_mesh,analytic_heightmap_with_scm_sinkage,-0.600,1.100,-0.00272,-0.00259,-0.12249,0.99247,0.6181,0.6181,0.00329,0.6181,0.00329,fallback_pychrono_unavailable
environment_terrain_component_demo,terrain.surface_probe.v1,surface_probe_schema_v1,1016,terrain.heightmap_mesh,analytic_heightmap_with_scm_sinkage,-0.600,1.200,0.00961,0.00918,-0.12182,0.99251,0.6131,0.6131,0.00171,0.6131,0.00171,fallback_pychrono_unavailable
environment_terrain_component_demo,terrain.surface_probe.v1,surface_probe_schema_v1,1017,terrain.heightmap_mesh,analytic_heightmap_with_scm_sinkage,-0.600,1.300,0.02175,0.02077,-0.11879,0.99270,0.6045,0.6045,0.00084,0.6045,0.00084,fallback_pychrono_unavailable
environment_terrain_component_demo,terrain.surface_probe.v1,surface_probe_schema_v1,1018,terrain.heightmap_mesh,analytic_heightmap_with_scm_sinkage,-0.600,1.400,0.03347,0.03197,-0.11344,0.99303,0.5961,0.5961,0.00039,0.5961,0.00039,fallback_pychrono_unavailable
environment_terrain_component_demo,terrain.surface_probe.v1,surface_probe_schema_v1,1019,terrain.heightmap_mesh,analytic_heightmap_with_scm_sinkage,-0.600,1.500,0.04453,0.04255,-0.10589,0.99347,0.5882,0.5882,0.00017,0.5882,0.00017,fallback_pychrono_unavailable
environment_terrain_component_demo,terrain.surface_probe.v1,surface_probe_schema_v1,1020,terrain.heightmap_mesh,analytic_heightmap_with_scm_sinkage,-0.600,1.600,0.05471,0.05231,-0.09626,0.99398,0.5809,0.5809,0.00007,0.5809,0.00007,fallback_pychrono_unavailable
environment_terrain_component_demo,terrain.surface_probe.v1,surface_probe_schema_v1,1021,terrain.heightmap_mesh,analytic_heightmap_with_scm_sinkage,-0.600,1.700,0.06383,0.06107,-0.08474,0.99453,0.5744,0.5744,0.00003,0.5744,0.00003,fallback_pychrono_unavailable
environment_terrain_component_demo,terrain.surface_probe.v1,surface_probe_schema_v1,1022,terrain.heightmap_mesh,analytic_heightmap_with_scm_sinkage,-0.600,1.800,0.07170,0.06863,-0.07155,0.99507,0.5688,0.5688,0.00001,0.5688,0.00001,fallback_pychrono_unavailable
environment_terrain_component_demo,terrain.surface_probe.v1,surface_probe_schema_v1,1023,terrain.heightmap_mesh,analytic_heightmap_with_scm_sinkage,-0.600,1.900,0.07816,0.07486,-0.05694,0.99557,0.5642,0.5642,0.00000,0.5642,0.00000,fallback_pychrono_unavailable
environment_terrain_component_demo,terrain.surface_probe.v1,surface_probe_schema_v1,1024,terrain.heightmap_mesh,analytic_heightmap_with_scm_sinkage,-0.600,2.000,0.08310,0.07962,-0.04120,0.99597,0.5606,0.5606,0.00000,0.5606,0.00000,fallback_pychrono_unavailable
environment_terrain_component_demo,terrain.surface_probe.v1,surface_probe_schema_v1,1025,terrain.heightmap_mesh,analytic_heightmap_with_scm_sinkage,-0.500,-2.000,0.07381,0.10477,0.03651,0.99383,0.5673,0.5673,0.00000,0.5673,0.00000,fallback_pychrono_unavailable
environment_terrain_component_demo,terrain.surface_probe.v1,surface_probe_schema_v1,1026,terrain.heightmap_mesh,analytic_heightmap_with_scm_sinkage,-0.500,-1.900,0.06942,0.09855,0.05048,0.99385,0.5704,0.5704,0.00000,0.5704,0.00000,fallback_pychrono_unavailable
environment_terrain_component_demo,terrain.surface_probe.v1,surface_probe_schema_v1,1027,terrain.heightmap_mesh,analytic_heightmap_with_scm_sinkage,-0.500,-1.800,0.06368,0.09040,0.06347,0.99388,0.5745,0.5745,0.00001,0.5745,0.00001,fallback_pychrono_unavailable
environment_terrain_component_demo,terrain.surface_probe.v1,surface_probe_schema_v1,1028,terrain.heightmap_mesh,analytic_heightmap_with_scm_sinkage,-0.500,-1.700,0.05669,0.08049,0.07522,0.99391,0.5795,0.5795,0.00003,0.5795,0.00003,fallback_pychrono_unavailable
environment_terrain_component_demo,terrain.surface_probe.v1,surface_probe_schema_v1,1029,terrain.heightmap_mesh,analytic_heightmap_with_scm_sinkage,-0.500,-1.600,0.04859,0.06899,0.08549,0.99395,0.5853,0.5853,0.00008,0.5853,0.00008,fallback_pychrono_unavailable
environment_terrain_component_demo,terrain.surface_probe.v1,surface_probe_schema_v1,1030,terrain.heightmap_mesh,analytic_heightmap_with_scm_sinkage,-0.500,-1.500,0.03955,0.05615,0.09409,0.99398,0.5918,0.5918,0.00019,0.5918,0.00019,fallback_pychrono_unavailable
environment_terrain_component_demo,terrain.surface_probe.v1,surface_probe_schema_v1,1031,terrain.heightmap_mesh,analytic_heightmap_with_scm_sinkage,-0.500,-1.400,0.02972,0.04220,0.10086,0.99401,0.5988,0.5988,0.00043,0.5988,0.00043,fallback_pychrono_unavailable
environment_terrain_component_demo,terrain.surface_probe.v1,surface_probe_schema_v1,1032,terrain.heightmap_mesh,analytic_heightmap_with_scm_sinkage,-0.500,-1.300,0.01932,0.02743,0.10564,0.99403,0.6062,0.6062,0.00092,0.6062,0.00092,fallback_pychrono_unavailable
environment_terrain_component_demo,terrain.surface_probe.v1,surface_probe_schema_v1,1033,terrain.heightmap_mesh,analytic_heightmap_with_scm_sinkage,-0.500,-1.200,0.00854,0.01212,0.10836,0.99404,0.6139,0.6139,0.00189,0.6139,0.00189,fallback_pychrono_unavailable
environment_terrain_component_demo,terrain.surface_probe.v1,surface_probe_schema_v1,1034,terrain.heightmap_mesh,analytic_heightmap_with_scm_sinkage,-0.500,-1.100,-0.00241,-0.00342,0.10896,0.99404,0.6183,0.6183,0.00364,0.6183,0.00364,fallback_pychrono_unavailable
environment_terrain_component_demo,terrain.surface_probe.v1,surface_probe_schema_v1,1035,terrain.heightmap_mesh,analytic_heightmap_with_scm_sinkage,-0.500,-1.000,-0.01330,-0.01890,0.10743,0.99403,0.6105,0.6105,0.00663,0.6105,0.00663,fallback_pychrono_unavailable
environment_terrain_component_demo,terrain.surface_probe.v1,surface_probe_schema_v1,1036,terrain.heightmap_mesh,analytic_heightmap_with_scm_sinkage,-0.500,-0.900,-0.02394,-0.03401,0.10379,0.99402,0.6029,0.6029,0.01141,0.6029,0.01141,fallback_pychrono_unavailable
environment_terrain_component_demo,terrain.surface_probe.v1,surface_probe_schema_v1,1037,terrain.heightmap_mesh,analytic_heightmap_with_scm_sinkage,-0.500,-0.800,-0.03410,-0.04846,0.09812,0.99399,0.5956,0.5956,0.01854,0.5956,0.01854,fallback_pychrono_unavailable
environment_terrain_component_demo,terrain.surface_probe.v1,surface_probe_schema_v1,1038,terrain.heightmap_mesh,analytic_heightmap_with_scm_sinkage,-0.500,-0.700,-0.04360,-0.06195,0.09053,0.99397,0.5889,0.5889,0.02846,0.5889,0.02846,fallback_pychrono_unavailable
environment_terrain_component_demo,terrain.surface_probe.v1,surface_probe_schema_v1,1039,terrain.heightmap_mesh,analytic_heightmap_with_scm_sinkage,-0.500,-0.600,-0.05224,-0.07423,0.08117,0.99393,0.5827,0.5827,0.04126,0.5827,0.04126,fallback_pychrono_unavailable
environment_terrain_component_demo,terrain.surface_probe.v1,surface_probe_schema_v1,1040,terrain.heightmap_mesh,analytic_heightmap_with_scm_sinkage,-0.500,-0.500,-0.05987,-0.08506,0.07022,0.99390,0.5772,0.5772,0.05650,0.5772,0.05650,fallback_pychrono_unavailable
environment_terrain_component_demo,terrain.surface_probe.v1,surface_probe_schema_v1,1041,terrain.heightmap_mesh,analytic_heightmap_with_scm_sinkage,-0.500,-0.400,-0.06632,-0.09422,0.05790,0.99387,0.5726,0.5726,0.07307,0.5726,0.07307,fallback_pychrono_unavailable
environment_terrain_component_demo,terrain.surface_probe.v1,surface_probe_schema_v1,1042,terrain.heightmap_mesh,analytic_heightmap_with_scm_sinkage,-0.500,-0.300,-0.07148,-0.10154,0.04444,0.99384,0.5689,0.5689,0.08924,0.5689,0.08924,fallback_pychrono_unavailable
environment_terrain_component_demo,terrain.surface_probe.v1,surface_probe_schema_v1,1043,terrain.heightmap_mesh,analytic_heightmap_with_scm_sinkage,-0.500,-0.200,-0.07524,-0.10687,0.03012,0.99382,0.5663,0.5663,0.10295,0.5663,0.10295,fallback_pychrono_unavailable
environment_terrain_component_demo,terrain.surface_probe.v1,surface_probe_schema_v1,1044,terrain.heightmap_mesh,analytic_heightmap_with_scm_sinkage,-0.500,-0.100,-0.07753,-0.11011,0.01521,0.99380,0.5646,0.5646,0.11216,0.5646,0.11216,fallback_pychrono_unavailable
environment_terrain_component_demo,terrain.surface_probe.v1,surface_probe_schema_v1,1045,terrain.heightmap_mesh,analytic_heightmap_with_scm_sinkage,-0.500,0.000,-0.07831,-0.11120,-0.00000,0.99380,0.5641,0.5641,0.11541,0.5641,0.11541,fallback_pychrono_unavailable
environment_terrain_component_demo,terrain.surface_probe.v1,surface_probe_schema_v1,1046,terrain.heightmap_mesh,analytic_heightmap_with_scm_sinkage,-0.500,0.100,-0.07755,-0.11011,-0.01521,0.99380,0.5646,0.5646,0.11216,0.5646,0.11216,fallback_pychrono_unavailable
environment_terrain_component_demo,terrain.surface_probe.v1,surface_probe_schema_v1,1047,terrain.heightmap_mesh,analytic_heightmap_with_scm_sinkage,-0.500,0.200,-0.07527,-0.10687,-0.03012,0.99382,0.5662,0.5662,0.10295,0.5662,0.10295,fallback_pychrono_unavailable
environment_terrain_component_demo,terrain.surface_probe.v1,surface_probe_schema_v1,1048,terrain.heightmap_mesh,analytic_heightmap_with_scm_sinkage,-0.500,0.300,-0.07152,-0.10154,-0.04444,0.99384,0.5689,0.5689,0.08924,0.5689,0.08924,fallback_pychrono_unavailable
environment_terrain_component_demo,terrain.surface_probe.v1,surface_probe_schema_v1,1049,terrain.heightmap_mesh,analytic_heightmap_with_scm_sinkage,-0.500,0.400,-0.06636,-0.09422,-0.05790,0.99387,0.5726,0.5726,0.07307,0.5726,0.07307,fallback_pychrono_unavailable
environment_terrain_component_demo,terrain.surface_probe.v1,surface_probe_schema_v1,1050,terrain.heightmap_mesh,analytic_heightmap_with_scm_sinkage,-0.500,0.500,-0.05991,-0.08506,-0.07022,0.99390,0.5772,0.5772,0.05650,0.5772,0.05650,fallback_pychrono_unavailable
environment_terrain_component_demo,terrain.surface_probe.v1,surface_probe_schema_v1,1051,terrain.heightmap_mesh,analytic_heightmap_with_scm_sinkage,-0.500,0.600,-0.05228,-0.07423,-0.08117,0.99393,0.5827,0.5827,0.04126,0.5827,0.04126,fallback_pychrono_unavailable
environment_terrain_component_demo,terrain.surface_probe.v1,surface_probe_schema_v1,1052,terrain.heightmap_mesh,analytic_heightmap_with_scm_sinkage,-0.500,0.700,-0.04363,-0.06195,-0.09053,0.99397,0.5888,0.5888,0.02846,0.5888,0.02846,fallback_pychrono_unavailable
environment_terrain_component_demo,terrain.surface_probe.v1,surface_probe_schema_v1,1053,terrain.heightmap_mesh,analytic_heightmap_with_scm_sinkage,-0.500,0.800,-0.03413,-0.04846,-0.09812,0.99399,0.5956,0.5956,0.01854,0.5956,0.01854,fallback_pychrono_unavailable
environment_terrain_component_demo,terrain.surface_probe.v1,surface_probe_schema_v1,1054,terrain.heightmap_mesh,analytic_heightmap_with_scm_sinkage,-0.500,0.900,-0.02396,-0.03401,-0.10379,0.99402,0.6029,0.6029,0.01141,0.6029,0.01141,fallback_pychrono_unavailable
environment_terrain_component_demo,terrain.surface_probe.v1,surface_probe_schema_v1,1055,terrain.heightmap_mesh,analytic_heightmap_with_scm_sinkage,-0.500,1.000,-0.01331,-0.01890,-0.10743,0.99403,0.6105,0.6105,0.00663,0.6105,0.00663,fallback_pychrono_unavailable
environment_terrain_component_demo,terrain.surface_probe.v1,surface_probe_schema_v1,1056,terrain.heightmap_mesh,analytic_heightmap_with_scm_sinkage,-0.500,1.100,-0.00241,-0.00342,-0.10896,0.99404,0.6183,0.6183,0.00364,0.6183,0.00364,fallback_pychrono_unavailable
environment_terrain_component_demo,terrain.surface_probe.v1,surface_probe_schema_v1,1057,terrain.heightmap_mesh,analytic_heightmap_with_scm_sinkage,-0.500,1.200,0.00854,0.01212,-0.10836,0.99404,0.6139,0.6139,0.00189,0.6139,0.00189,fallback_pychrono_unavailable
environment_terrain_component_demo,terrain.surface_probe.v1,surface_probe_schema_v1,1058,terrain.heightmap_mesh,analytic_heightmap_with_scm_sinkage,-0.500,1.300,0.01932,0.02743,-0.10564,0.99403,0.6062,0.6062,0.00092,0.6062,0.00092,fallback_pychrono_unavailable
environment_terrain_component_demo,terrain.surface_probe.v1,surface_probe_schema_v1,1059,terrain.heightmap_mesh,analytic_heightmap_with_scm_sinkage,-0.500,1.400,0.02972,0.04220,-0.10086,0.99401,0.5988,0.5988,0.00043,0.5988,0.00043,fallback_pychrono_unavailable
environment_terrain_component_demo,terrain.surface_probe.v1,surface_probe_schema_v1,1060,terrain.heightmap_mesh,analytic_heightmap_with_scm_sinkage,-0.500,1.500,0.03955,0.05615,-0.09409,0.99398,0.5918,0.5918,0.00019,0.5918,0.00019,fallback_pychrono_unavailable
environment_terrain_component_demo,terrain.surface_probe.v1,surface_probe_schema_v1,1061,terrain.heightmap_mesh,analytic_heightmap_with_scm_sinkage,-0.500,1.600,0.04859,0.06899,-0.08549,0.99395,0.5853,0.5853,0.00008,0.5853,0.00008,fallback_pychrono_unavailable
environment_terrain_component_demo,terrain.surface_probe.v1,surface_probe_schema_v1,1062,terrain.heightmap_mesh,analytic_heightmap_with_scm_sinkage,-0.500,1.700,0.05669,0.08049,-0.07522,0.99391,0.5795,0.5795,0.00003,0.5795,0.00003,fallback_pychrono_unavailable
environment_terrain_component_demo,terrain.surface_probe.v1,surface_probe_schema_v1,1063,terrain.heightmap_mesh,analytic_heightmap_with_scm_sinkage,-0.500,1.800,0.06368,0.09040,-0.06347,0.99388,0.5745,0.5745,0.00001,0.5745,0.00001,fallback_pychrono_unavailable
environment_terrain_component_demo,terrain.surface_probe.v1,surface_probe_schema_v1,1064,terrain.heightmap_mesh,analytic_heightmap_with_scm_sinkage,-0.500,1.900,0.06942,0.09855,-0.05048,0.99385,0.5704,0.5704,0.00000,0.5704,0.00000,fallback_pychrono_unavailable
environment_terrain_component_demo,terrain.surface_probe.v1,surface_probe_schema_v1,1065,terrain.heightmap_mesh,analytic_heightmap_with_scm_sinkage,-0.500,2.000,0.07381,0.10477,-0.03651,0.99383,0.5673,0.5673,0.00000,0.5673,0.00000,fallback_pychrono_unavailable
environment_terrain_component_demo,terrain.surface_probe.v1,surface_probe_schema_v1,1066,terrain.heightmap_mesh,analytic_heightmap_with_scm_sinkage,-0.400,-2.000,0.06213,0.12642,0.03066,0.99150,0.5756,0.5756,0.00000,0.5756,0.00000,fallback_pychrono_unavailable
environment_terrain_component_demo,terrain.surface_probe.v1,surface_probe_schema_v1,1067,terrain.heightmap_mesh,analytic_heightmap_with_scm_sinkage,-0.400,-1.900,0.05844,0.11897,0.04242,0.99199,0.5783,0.5783,0.00000,0.5783,0.00000,fallback_pychrono_unavailable
environment_terrain_component_demo,terrain.surface_probe.v1,surface_probe_schema_v1,1068,terrain.heightmap_mesh,analytic_heightmap_with_scm_sinkage,-0.400,-1.800,0.05360,0.10920,0.05336,0.99259,0.5817,0.5817,0.00001,0.5817,0.00001,fallback_pychrono_unavailable
environment_terrain_component_demo,terrain.surface_probe.v1,surface_probe_schema_v1,1069,terrain.heightmap_mesh,analytic_heightmap_with_scm_sinkage,-0.400,-1.700,0.04772,0.09728,0.06327,0.99324,0.5859,0.5859,0.00003,0.5859,0.00003,fallback_pychrono_unavailable
environment_terrain_component_demo,terrain.surface_probe.v1,surface_probe_schema_v1,1070,terrain.heightmap_mesh,analytic_heightmap_with_scm_sinkage,-0.400,-1.600,0.04091,0.08344,0.07196,0.99391,0.5908,0.5908,0.00008,0.5908,0.00008,fallback_pychrono_unavailable
environment_terrain_component_demo,terrain.surface_probe.v1,surface_probe_schema_v1,1071,terrain.heightmap_mesh,analytic_heightmap_with_scm_sinkage,-0.400,-1.500,0.03329,0.06795,0.07925,0.99454,0.5962,0.5962,0.00020,0.5962,0.00020,fallback_pychrono_unavailable
environment_terrain_component_demo,terrain.surface_probe.v1,surface_probe_schema_v1,1072,terrain.heightmap_mesh,analytic_heightmap_with_scm_sinkage,-0.400,-1.400,0.02502,0.05110,0.08499,0.99507,0.6021,0.6021,0.00047,0.6021,0.00047,fallback_pychrono_unavailable
environment_terrain_component_demo,terrain.surface_probe.v1,surface_probe_schema_v1,1073,terrain.heightmap_mesh,analytic_heightmap_with_scm_sinkage,-0.400,-1.300,0.01627,0.03322,0.08906,0.99547,0.6084,0.6084,0.00101,0.6084,0.00101,fallback_pychrono_unavailable
environment_terrain_component_demo,terrain.surface_probe.v1,surface_probe_schema_v1,1074,terrain.heightmap_mesh,analytic_heightmap_with_scm_sinkage,-0.400,-1.200,0.00720,0.01469,0.09137,0.99571,0.6149,0.6149,0.00206,0.6149,0.00206,fallback_pychrono_unavailable
environment_terrain_component_demo,terrain.surface_probe.v1,surface_probe_schema_v1,1075,terrain.heightmap_mesh,analytic_heightmap_with_scm_sinkage,-0.400,-1.100,-0.00201,-0.00415,0.09188,0.99576,0.6186,0.6186,0.00397,0.6186,0.00397,fallback_pychrono_unavailable
environment_terrain_component_demo,terrain.surface_probe.v1,surface_probe_schema_v1,1076,terrain.heightmap_mesh,analytic_heightmap_with_scm_sinkage,-0.400,-1.000,-0.01118,-0.02290,0.09057,0.99563,0.6120,0.6120,0.00723,0.6120,0.00723,fallback_pychrono_unavailable
environment_terrain_component_demo,terrain.surface_probe.v1,surface_probe_schema_v1,1077,terrain.heightmap_mesh,analytic_heightmap_with_scm_sinkage,-0.400,-0.900,-0.02012,-0.04119,0.08748,0.99531,0.6056,0.6056,0.01244,0.6056,0.01244,fallback_pychrono_unavailable
environment_terrain_component_demo,terrain.surface_probe.v1,surface_probe_schema_v1,1078,terrain.heightmap_mesh,analytic_heightmap_with_scm_sinkage,-0.400,-0.800,-0.02866,-0.05866,0.08266,0.99485,0.5995,0.5995,0.02022,0.5995,0.02022,fallback_pychrono_unavailable
environment_terrain_component_demo,terrain.surface_probe.v1,surface_probe_schema_v1,1079,terrain.heightmap_mesh,analytic_heightmap_with_scm_sinkage,-0.400,-0.700,-0.03664,-0.07495,0.07623,0.99427,0.5938,0.5938,0.03104,0.5938,0.03104,fallback_pychrono_unavailable
environment_terrain_component_demo,terrain.surface_probe.v1,surface_probe_schema_v1,1080,terrain.heightmap_mesh,analytic_heightmap_with_scm_sinkage,-0.400,-0.600,-0.04390,-0.08975,0.06830,0.99362,0.5886,0.5886,0.04500,0.5886,0.04500,fallback_pychrono_unavailable
environment_terrain_component_demo,terrain.surface_probe.v1,surface_probe_schema_v1,1081,terrain.heightmap_mesh,analytic_heightmap_with_scm_sinkage,-0.400,-0.500,-0.05031,-0.10277,0.05905,0.99295,0.5841,0.5841,0.06161,0.5841,0.06161,fallback_pychrono_unavailable
environment_terrain_component_demo,terrain.surface_probe.v1,surface_probe_schema_v1,1082,terrain.heightmap_mesh,analytic_heightmap_with_scm_sinkage,-0.400,-0.400,-0.05574,-0.11377,0.04866,0.99231,0.5802,0.5802,0.07968,0.5802,0.07968,fallback_pychrono_unavailable
environment_terrain_component_demo,terrain.surface_probe.v1,surface_probe_schema_v1,1083,terrain.heightmap_mesh,analytic_heightmap_with_scm_sinkage,-0.400,-0.300,-0.06009,-0.12255,0.03733,0.99176,0.5771,0.5771,0.09732,0.5771,0.09732,fallback_pychrono_unavailable
environment_terrain_component_demo,terrain.surface_probe.v1,surface_probe_schema_v1,1084,terrain.heightmap_mesh,analytic_heightmap_with_scm_sinkage,-0.400,-0.200,-0.06326,-0.12893,0.02529,0.99133,0.5748,0.5748,0.11227,0.5748,0.11227,fallback_pychrono_unavailable
environment_terrain_component_demo,terrain.surface_probe.v1,surface_probe_schema_v1,1085,terrain.heightmap_mesh,analytic_heightmap_with_scm_sinkage,-0.400,-0.100,-0.06521,-0.13280,0.01277,0.99106,0.5734,0.5734,0.12232,0.5734,0.12232,fallback_pychrono_unavailable
environment_terrain_component_demo,terrain.surface_probe.v1,surface_probe_schema_v1,1086,terrain.heightmap_mesh,analytic_heightmap_with_scm_sinkage,-0.400,0.000,-0.06587,-0.13410,-0.00000,0.99097,0.5729,0.5729,0.12586,0.5729,0.12586,fallback_pychrono_unavailable
environment_terrain_component_demo,terrain.surface_probe.v1,surface_probe_schema_v1,1087,terrain.heightmap_mesh,analytic_heightmap_with_scm_sinkage,-0.400,0.100,-0.06525,-0.13280,-0.01277,0.99106,0.5734,0.5734,0.12232,0.5734,0.12232,fallback_pychrono_unavailable
environment_terrain_component_demo,terrain.surface_probe.v1,surface_probe_schema_v1,1088,terrain.heightmap_mesh,analytic_heightmap_with_scm_sinkage,-0.400,0.200,-0.06334,-0.12893,-0.02529,0.99133,0.5748,0.5748,0.11227,0.5748,0.11227,fallback_pychrono_unavailable
environment_terrain_component_demo,terrain.surface_probe.v1,surface_probe_schema_v1,1089,terrain.heightmap_mesh,analytic_heightmap_with_scm_sinkage,-0.400,0.300,-0.06019,-0.12255,-0.03733,0.99176,0.5770,0.5770,0.09732,0.5770,0.09732,fallback_pychrono_unavailable
environment_terrain_component_demo,terrain.surface_probe.v1,surface_probe_schema_v1,1090,terrain.heightmap_mesh,analytic_heightmap_with_scm_sinkage,-0.400,0.400,-0.05586,-0.11377,-0.04866,0.99231,0.5801,0.5801,0.07968,0.5801,0.07968,fallback_pychrono_unavailable
environment_terrain_component_demo,terrain.surface_probe.v1,surface_probe_schema_v1,1091,terrain.heightmap_mesh,analytic_heightmap_with_scm_sinkage,-0.400,0.500,-0.05043,-0.10277,-0.05905,0.99295,0.5840,0.5840,0.06161,0.5840,0.06161,fallback_pychrono_unavailable
environment_terrain_component_demo,terrain.surface_probe.v1,surface_probe_schema_v1,1092,terrain.heightmap_mesh,analytic_heightmap_with_scm_sinkage,-0.400,0.600,-0.04401,-0.08975,-0.06830,0.99362,0.5886,0.5886,0.04500,0.5886,0.04500,fallback_pychrono_unavailable
environment_terrain_component_demo,terrain.surface_probe.v1,surface_probe_schema_v1,1093,terrain.heightmap_mesh,analytic_heightmap_with_scm_sinkage,-0.400,0.700,-0.03673,-0.07495,-0.07623,0.99427,0.5938,0.5938,0.03104,0.5938,0.03104,fallback_pychrono_unavailable
environment_terrain_component_demo,terrain.surface_probe.v1,surface_probe_schema_v1,1094,terrain.heightmap_mesh,analytic_heightmap_with_scm_sinkage,-0.400,0.800,-0.02873,-0.05866,-0.08266,0.99485,0.5995,0.5995,0.02022,0.5995,0.02022,fallback_pychrono_unavailable
environment_terrain_component_demo,terrain.surface_probe.v1,surface_probe_schema_v1,1095,terrain.heightmap_mesh,analytic_heightmap_with_scm_sinkage,-0.400,0.900,-0.02016,-0.04119,-0.08748,0.99531,0.6056,0.6056,0.01244,0.6056,0.01244,fallback_pychrono_unavailable
environment_terrain_component_demo,terrain.surface_probe.v1,surface_probe_schema_v1,1096,terrain.heightmap_mesh,analytic_heightmap_with_scm_sinkage,-0.400,1.000,-0.01121,-0.02290,-0.09057,0.99563,0.6120,0.6120,0.00723,0.6120,0.00723,fallback_pychrono_unavailable
environment_terrain_component_demo,terrain.surface_probe.v1,surface_probe_schema_v1,1097,terrain.heightmap_mesh,analytic_heightmap_with_scm_sinkage,-0.400,1.100,-0.00203,-0.00415,-0.09188,0.99576,0.6185,0.6185,0.00397,0.6185,0.00397,fallback_pychrono_unavailable
environment_terrain_component_demo,terrain.surface_probe.v1,surface_probe_schema_v1,1098,terrain.heightmap_mesh,analytic_heightmap_with_scm_sinkage,-0.400,1.200,0.00719,0.01469,-0.09137,0.99571,0.6149,0.6149,0.00206,0.6149,0.00206,fallback_pychrono_unavailable
environment_terrain_component_demo,terrain.surface_probe.v1,surface_probe_schema_v1,1099,terrain.heightmap_mesh,analytic_heightmap_with_scm_sinkage,-0.400,1.300,0.01626,0.03322,-0.08906,0.99547,0.6084,0.6084,0.00101,0.6084,0.00101,fallback_pychrono_unavailable
environment_terrain_component_demo,terrain.surface_probe.v1,surface_probe_schema_v1,1100,terrain.heightmap_mesh,analytic_heightmap_with_scm_sinkage,-0.400,1.400,0.02502,0.05110,-0.08499,0.99507,0.6021,0.6021,0.00047,0.6021,0.00047,fallback_pychrono_unavailable
environment_terrain_component_demo,terrain.surface_probe.v1,surface_probe_schema_v1,1101,terrain.heightmap_mesh,analytic_heightmap_with_scm_sinkage,-0.400,1.500,0.03329,0.06795,-0.07925,0.99454,0.5962,0.5962,0.00020,0.5962,0.00020,fallback_pychrono_unavailable
environment_terrain_component_demo,terrain.surface_probe.v1,surface_probe_schema_v1,1102,terrain.heightmap_mesh,analytic_heightmap_with_scm_sinkage,-0.400,1.600,0.04091,0.08344,-0.07196,0.99391,0.5908,0.5908,0.00008,0.5908,0.00008,fallback_pychrono_unavailable
environment_terrain_component_demo,terrain.surface_probe.v1,surface_probe_schema_v1,1103,terrain.heightmap_mesh,analytic_heightmap_with_scm_sinkage,-0.400,1.700,0.04772,0.09728,-0.06327,0.99324,0.5859,0.5859,0.00003,0.5859,0.00003,fallback_pychrono_unavailable
environment_terrain_component_demo,terrain.surface_probe.v1,surface_probe_schema_v1,1104,terrain.heightmap_mesh,analytic_heightmap_with_scm_sinkage,-0.400,1.800,0.05360,0.10920,-0.05336,0.99259,0.5817,0.5817,0.00001,0.5817,0.00001,fallback_pychrono_unavailable
environment_terrain_component_demo,terrain.surface_probe.v1,surface_probe_schema_v1,1105,terrain.heightmap_mesh,analytic_heightmap_with_scm_sinkage,-0.400,1.900,0.05844,0.11897,-0.04242,0.99199,0.5783,0.5783,0.00000,0.5783,0.00000,fallback_pychrono_unavailable
environment_terrain_component_demo,terrain.surface_probe.v1,surface_probe_schema_v1,1106,terrain.heightmap_mesh,analytic_heightmap_with_scm_sinkage,-0.400,2.000,0.06213,0.12642,-0.03066,0.99150,0.5756,0.5756,0.00000,0.5756,0.00000,fallback_pychrono_unavailable
environment_terrain_component_demo,terrain.surface_probe.v1,surface_probe_schema_v1,1107,terrain.heightmap_mesh,analytic_heightmap_with_scm_sinkage,-0.300,-2.000,0.04844,0.14391,0.02385,0.98930,0.5854,0.5854,0.00000,0.5854,0.00000,fallback_pychrono_unavailable
environment_terrain_component_demo,terrain.surface_probe.v1,surface_probe_schema_v1,1108,terrain.heightmap_mesh,analytic_heightmap_with_scm_sinkage,-0.300,-1.900,0.04557,0.13549,0.03301,0.99023,0.5875,0.5875,0.00000,0.5875,0.00000,fallback_pychrono_unavailable
environment_terrain_component_demo,terrain.surface_probe.v1,surface_probe_schema_v1,1109,terrain.heightmap_mesh,analytic_heightmap_with_scm_sinkage,-0.300,-1.800,0.04180,0.12443,0.04155,0.99136,0.5901,0.5901,0.00001,0.5901,0.00001,fallback_pychrono_unavailable
environment_terrain_component_demo,terrain.surface_probe.v1,surface_probe_schema_v1,1110,terrain.heightmap_mesh,analytic_heightmap_with_scm_sinkage,-0.300,-1.700,0.03721,0.11091,0.04930,0.99261,0.5934,0.5934,0.00004,0.5934,0.00004,fallback_pychrono_unavailable
environment_terrain_component_demo,terrain.surface_probe.v1,surface_probe_schema_v1,1111,terrain.heightmap_mesh,analytic_heightmap_with_scm_sinkage,-0.300,-1.600,0.03190,0.09519,0.05611,0.99388,0.5972,0.5972,0.00009,0.5972,0.00009,fallback_pychrono_unavailable
environment_terrain_component_demo,terrain.surface_probe.v1,surface_probe_schema_v1,1112,terrain.heightmap_mesh,analytic_heightmap_with_scm_sinkage,-0.300,-1.500,0.02596,0.07756,0.06183,0.99507,0.6015,0.6015,0.00022,0.6015,0.00022,fallback_pychrono_unavailable
environment_terrain_component_demo,terrain.surface_probe.v1,surface_probe_schema_v1,1113,terrain.heightmap_mesh,analytic_heightmap_with_scm_sinkage,-0.300,-1.400,0.01951,0.05835,0.06634,0.99609,0.6061,0.6061,0.00050,0.6061,0.00050,fallback_pychrono_unavailable
environment_terrain_component_demo,terrain.surface_probe.v1,surface_probe_schema_v1,1114,terrain.heightmap_mesh,analytic_heightmap_with_scm_sinkage,-0.300,-1.300,0.01269,0.03796,0.06954,0.99686,0.6109,0.6109,0.00108,0.6109,0.00108,fallback_pychrono_unavailable
environment_terrain_component_demo,terrain.surface_probe.v1,surface_probe_schema_v1,1115,terrain.heightmap_mesh,analytic_heightmap_with_scm_sinkage,-0.300,-1.200,0.00563,0.01678,0.07136,0.99731,0.6160,0.6160,0.00221,0.6160,0.00221,fallback_pychrono_unavailable
environment_terrain_component_demo,terrain.surface_probe.v1,surface_probe_schema_v1,1116,terrain.heightmap_mesh,analytic_heightmap_with_scm_sinkage,-0.300,-1.100,-0.00154,-0.00474,0.07176,0.99741,0.6189,0.6189,0.00427,0.6189,0.00427,fallback_pychrono_unavailable
environment_terrain_component_demo,terrain.surface_probe.v1,surface_probe_schema_v1,1117,terrain.heightmap_mesh,analytic_heightmap_with_scm_sinkage,-0.300,-1.000,-0.00866,-0.02617,0.07073,0.99715,0.6138,0.6138,0.00778,0.6138,0.00778,fallback_pychrono_unavailable
environment_terrain_component_demo,terrain.surface_probe.v1,surface_probe_schema_v1,1118,terrain.heightmap_mesh,analytic_heightmap_with_scm_sinkage,-0.300,-0.900,-0.01561,-0.04705,0.06829,0.99656,0.6089,0.6089,0.01339,0.6089,0.01339,fallback_pychrono_unavailable
environment_terrain_component_demo,terrain.surface_probe.v1,surface_probe_schema_v1,1119,terrain.heightmap_mesh,analytic_heightmap_with_scm_sinkage,-0.300,-0.800,-0.02223,-0.06697,0.06451,0.99567,0.6041,0.6041,0.02176,0.6041,0.02176,fallback_pychrono_unavailable
environment_terrain_component_demo,terrain.surface_probe.v1,surface_probe_schema_v1,1120,terrain.heightmap_mesh,analytic_heightmap_with_scm_sinkage,-0.300,-0.700,-0.02842,-0.08553,0.05945,0.99456,0.5997,0.5997,0.03340,0.5997,0.03340,fallback_pychrono_unavailable
environment_terrain_component_demo,terrain.surface_probe.v1,surface_probe_schema_v1,1121,terrain.heightmap_mesh,analytic_heightmap_with_scm_sinkage,-0.300,-0.600,-0.03405,-0.10236,0.05324,0.99332,0.5957,0.5957,0.04842,0.5957,0.04842,fallback_pychrono_unavailable
environment_terrain_component_demo,terrain.surface_probe.v1,surface_probe_schema_v1,1122,terrain.heightmap_mesh,analytic_heightmap_with_scm_sinkage,-0.300,-0.500,-0.03902,-0.11714,0.04600,0.99205,0.5921,0.5921,0.06630,0.5921,0.06630,fallback_pychrono_unavailable
environment_terrain_component_demo,terrain.surface_probe.v1,surface_probe_schema_v1,1123,terrain.heightmap_mesh,analytic_heightmap_with_scm_sinkage,-0.300,-0.400,-0.04324,-0.12961,0.03788,0.99084,0.5891,0.5891,0.08574,0.5891,0.08574,fallback_pychrono_unavailable
environment_terrain_component_demo,terrain.surface_probe.v1,surface_probe_schema_v1,1124,terrain.heightmap_mesh,analytic_heightmap_with_scm_sinkage,-0.300,-0.300,-0.04664,-0.13953,0.02905,0.98979,0.5867,0.5867,0.10473,0.5867,0.10473,fallback_pychrono_unavailable
environment_terrain_component_demo,terrain.surface_probe.v1,surface_probe_schema_v1,1125,terrain.heightmap_mesh,analytic_heightmap_with_scm_sinkage,-0.300,-0.200,-0.04914,-0.14674,0.01967,0.98898,0.5849,0.5849,0.12081,0.5849,0.12081,fallback_pychrono_unavailable
environment_terrain_component_demo,terrain.surface_probe.v1,surface_probe_schema_v1,1126,terrain.heightmap_mesh,analytic_heightmap_with_scm_sinkage,-0.300,-0.100,-0.05069,-0.15111,0.00993,0.98847,0.5838,0.5838,0.13162,0.5838,0.13162,fallback_pychrono_unavailable
environment_terrain_component_demo,terrain.surface_probe.v1,surface_probe_schema_v1,1127,terrain.heightmap_mesh,analytic_heightmap_with_scm_sinkage,-0.300,0.000,-0.05125,-0.15258,-0.00000,0.98829,0.5834,0.5834,0.13544,0.5834,0.13544,fallback_pychrono_unavailable
environment_terrain_component_demo,terrain.surface_probe.v1,surface_probe_schema_v1,1128,terrain.heightmap_mesh,analytic_heightmap_with_scm_sinkage,-0.300,0.100,-0.05079,-0.15111,-0.00993,0.98847,0.5837,0.5837,0.13162,0.5837,0.13162,fallback_pychrono_unavailable
environment_terrain_component_demo,terrain.surface_probe.v1,surface_probe_schema_v1,1129,terrain.heightmap_mesh,analytic_heightmap_with_scm_sinkage,-0.300,0.200,-0.04934,-0.14674,-0.01967,0.98898,0.5848,0.5848,0.12081,0.5848,0.12081,fallback_pychrono_unavailable
environment_terrain_component_demo,terrain.surface_probe.v1,surface_probe_schema_v1,1130,terrain.heightmap_mesh,analytic_heightmap_with_scm_sinkage,-0.300,0.300,-0.04690,-0.13953,-0.02905,0.98979,0.5865,0.5865,0.10473,0.5865,0.10473,fallback_pychrono_unavailable
environment_terrain_component_demo,terrain.surface_probe.v1,surface_probe_schema_v1,1131,terrain.heightmap_mesh,analytic_heightmap_with_scm_sinkage,-0.300,0.400,-0.04354,-0.12961,-0.03788,0.99084,0.5889,0.5889,0.08574,0.5889,0.08574,fallback_pychrono_unavailable
environment_terrain_component_demo,terrain.surface_probe.v1,surface_probe_schema_v1,1132,terrain.heightmap_mesh,analytic_heightmap_with_scm_sinkage,-0.300,0.500,-0.03931,-0.11714,-0.04600,0.99205,0.5919,0.5919,0.06630,0.5919,0.06630,fallback_pychrono_unavailable
environment_terrain_component_demo,terrain.surface_probe.v1,surface_probe_schema_v1,1133,terrain.heightmap_mesh,analytic_heightmap_with_scm_sinkage,-0.300,0.600,-0.03431,-0.10236,-0.05324,0.99332,0.5955,0.5955,0.04842,0.5955,0.04842,fallback_pychrono_unavailable
environment_terrain_component_demo,terrain.surface_probe.v1,surface_probe_schema_v1,1134,terrain.heightmap_mesh,analytic_heightmap_with_scm_sinkage,-0.300,0.700,-0.02864,-0.08553,-0.05945,0.99456,0.5995,0.5995,0.03340,0.5995,0.03340,fallback_pychrono_unavailable
environment_terrain_component_demo,terrain.surface_probe.v1,surface_probe_schema_v1,1135,terrain.heightmap_mesh,analytic_heightmap_with_scm_sinkage,-0.300,0.800,-0.02240,-0.06697,-0.06451,0.99567,0.6040,0.6040,0.02176,0.6040,0.02176,fallback_pychrono_unavailable
environment_terrain_component_demo,terrain.surface_probe.v1,surface_probe_schema_v1,1136,terrain.heightmap_mesh,analytic_heightmap_with_scm_sinkage,-0.300,0.900,-0.01572,-0.04705,-0.06829,0.99656,0.6088,0.6088,0.01339,0.6088,0.01339,fallback_pychrono_unavailable
environment_terrain_component_demo,terrain.surface_probe.v1,surface_probe_schema_v1,1137,terrain.heightmap_mesh,analytic_heightmap_with_scm_sinkage,-0.300,1.000,-0.00874,-0.02617,-0.07073,0.99715,0.6138,0.6138,0.00778,0.6138,0.00778,fallback_pychrono_unavailable
environment_terrain_component_demo,terrain.surface_probe.v1,surface_probe_schema_v1,1138,terrain.heightmap_mesh,analytic_heightmap_with_scm_sinkage,-0.300,1.100,-0.00158,-0.00474,-0.07176,0.99741,0.6189,0.6189,0.00427,0.6189,0.00427,fallback_pychrono_unavailable
environment_terrain_component_demo,terrain.surface_probe.v1,surface_probe_schema_v1,1139,terrain.heightmap_mesh,analytic_heightmap_with_scm_sinkage,-0.300,1.200,0.00560,0.01678,-0.07136,0.99731,0.6160,0.6160,0.00221,0.6160,0.00221,fallback_pychrono_unavailable
environment_terrain_component_demo,terrain.surface_probe.v1,surface_probe_schema_v1,1140,terrain.heightmap_mesh,analytic_heightmap_with_scm_sinkage,-0.300,1.300,0.01268,0.03796,-0.06954,0.99686,0.6109,0.6109,0.00108,0.6109,0.00108,fallback_pychrono_unavailable
environment_terrain_component_demo,terrain.surface_probe.v1,surface_probe_schema_v1,1141,terrain.heightmap_mesh,analytic_heightmap_with_scm_sinkage,-0.300,1.400,0.01951,0.05835,-0.06634,0.99609,0.6061,0.6061,0.00050,0.6061,0.00050,fallback_pychrono_unavailable
environment_terrain_component_demo,terrain.surface_probe.v1,surface_probe_schema_v1,1142,terrain.heightmap_mesh,analytic_heightmap_with_scm_sinkage,-0.300,1.500,0.02596,0.07756,-0.06183,0.99507,0.6015,0.6015,0.00022,0.6015,0.00022,fallback_pychrono_unavailable
environment_terrain_component_demo,terrain.surface_probe.v1,surface_probe_schema_v1,1143,terrain.heightmap_mesh,analytic_heightmap_with_scm_sinkage,-0.300,1.600,0.03190,0.09519,-0.05611,0.99388,0.5972,0.5972,0.00009,0.5972,0.00009,fallback_pychrono_unavailable
environment_terrain_component_demo,terrain.surface_probe.v1,surface_probe_schema_v1,1144,terrain.heightmap_mesh,analytic_heightmap_with_scm_sinkage,-0.300,1.700,0.03721,0.11091,-0.04930,0.99261,0.5934,0.5934,0.00004,0.5934,0.00004,fallback_pychrono_unavailable
environment_terrain_component_demo,terrain.surface_probe.v1,surface_probe_schema_v1,1145,terrain.heightmap_mesh,analytic_heightmap_with_scm_sinkage,-0.300,1.800,0.04180,0.12443,-0.04155,0.99136,0.5901,0.5901,0.00001,0.5901,0.00001,fallback_pychrono_unavailable
environment_terrain_component_demo,terrain.surface_probe.v1,surface_probe_schema_v1,1146,terrain.heightmap_mesh,analytic_heightmap_with_scm_sinkage,-0.300,1.900,0.04557,0.13549,-0.03301,0.99023,0.5875,0.5875,0.00000,0.5875,0.00000,fallback_pychrono_unavailable
environment_terrain_component_demo,terrain.surface_probe.v1,surface_probe_schema_v1,1147,terrain.heightmap_mesh,analytic_heightmap_with_scm_sinkage,-0.300,2.000,0.04844,0.14391,-0.02385,0.98930,0.5854,0.5854,0.00000,0.5854,0.00000,fallback_pychrono_unavailable
environment_terrain_component_demo,terrain.surface_probe.v1,surface_probe_schema_v1,1148,terrain.heightmap_mesh,analytic_heightmap_with_scm_sinkage,-0.200,-2.000,0.03319,0.15674,0.01631,0.98750,0.5963,0.5963,0.00000,0.5963,0.00000,fallback_pychrono_unavailable
environment_terrain_component_demo,terrain.surface_probe.v1,surface_probe_schema_v1,1149,terrain.heightmap_mesh,analytic_heightmap_with_scm_sinkage,-0.200,-1.900,0.03122,0.14763,0.02259,0.98879,0.5977,0.5977,0.00000,0.5977,0.00000,fallback_pychrono_unavailable
environment_terrain_component_demo,terrain.surface_probe.v1,surface_probe_schema_v1,1150,terrain.heightmap_mesh,analytic_heightmap_with_scm_sinkage,-0.200,-1.800,0.02864,0.13563,0.02844,0.99035,0.5995,0.5995,0.00001,0.5995,0.00001,fallback_pychrono_unavailable
environment_terrain_component_demo,terrain.surface_probe.v1,surface_probe_schema_v1,1151,terrain.heightmap_mesh,analytic_heightmap_with_scm_sinkage,-0.200,-1.700,0.02550,0.12096,0.03376,0.99208,0.6018,0.6018,0.00004,0.6018,0.00004,fallback_pychrono_unavailable
environment_terrain_component_demo,terrain.surface_probe.v1,surface_probe_schema_v1,1152,terrain.heightmap_mesh,analytic_heightmap_with_scm_sinkage,-0.200,-1.600,0.02186,0.10386,0.03844,0.99385,0.6044,0.6044,0.00010,0.6044,0.00010,fallback_pychrono_unavailable
environment_terrain_component_demo,terrain.surface_probe.v1,surface_probe_schema_v1,1153,terrain.heightmap_mesh,analytic_heightmap_with_scm_sinkage,-0.200,-1.500,0.01779,0.08467,0.04238,0.99551,0.6073,0.6073,0.00023,0.6073,0.00023,fallback_pychrono_unavailable
environment_terrain_component_demo,terrain.surface_probe.v1,surface_probe_schema_v1,1154,terrain.heightmap_mesh,analytic_heightmap_with_scm_sinkage,-0.200,-1.400,0.01338,0.06373,0.04549,0.99693,0.6104,0.6104,0.00053,0.6104,0.00053,fallback_pychrono_unavailable
environment_terrain_component_demo,terrain.surface_probe.v1,surface_probe_schema_v1,1155,terrain.heightmap_mesh,analytic_heightmap_with_scm_sinkage,-0.200,-1.300,0.00872,0.04146,0.04770,0.99800,0.6138,0.6138,0.00115,0.6138,0.00115,fallback_pychrono_unavailable
environment_terrain_component_demo,terrain.surface_probe.v1,surface_probe_schema_v1,1156,terrain.heightmap_mesh,analytic_heightmap_with_scm_sinkage,-0.200,-1.200,0.00390,0.01833,0.04896,0.99863,0.6172,0.6172,0.00235,0.6172,0.00235,fallback_pychrono_unavailable
environment_terrain_component_demo,terrain.surface_probe.v1,surface_probe_schema_v1,1157,terrain.heightmap_mesh,analytic_heightmap_with_scm_sinkage,-0.200,-1.100,-0.00098,-0.00518,0.04923,0.99877,0.6193,0.6193,0.00453,0.6193,0.00453,fallback_pychrono_unavailable
environment_terrain_component_demo,terrain.surface_probe.v1,surface_probe_schema_v1,1158,terrain.heightmap_mesh,analytic_heightmap_with_scm_sinkage,-0.200,-1.000,-0.00581,-0.02859,0.04852,0.99841,0.6158,0.6158,0.00826,0.6158,0.00826,fallback_pychrono_unavailable
environment_terrain_component_demo,terrain.surface_probe.v1,surface_probe_schema_v1,1159,terrain.heightmap_mesh,analytic_heightmap_with_scm_sinkage,-0.200,-0.900,-0.01050,-0.05139,0.04684,0.99758,0.6125,0.6125,0.01421,0.6125,0.01421,fallback_pychrono_unavailable
environment_terrain_component_demo,terrain.surface_probe.v1,surface_probe_schema_v1,1160,terrain.heightmap_mesh,analytic_heightmap_with_scm_sinkage,-0.200,-0.800,-0.01496,-0.07313,0.04423,0.99634,0.6093,0.6093,0.02310,0.6093,0.02310,fallback_pychrono_unavailable
environment_terrain_component_demo,terrain.surface_probe.v1,surface_probe_schema_v1,1161,terrain.heightmap_mesh,analytic_heightmap_with_scm_sinkage,-0.200,-0.700,-0.01911,-0.09335,0.04075,0.99480,0.6063,0.6063,0.03546,0.6063,0.03546,fallback_pychrono_unavailable
environment_terrain_component_demo,terrain.surface_probe.v1,surface_probe_schema_v1,1162,terrain.heightmap_mesh,analytic_heightmap_with_scm_sinkage,-0.200,-0.600,-0.02289,-0.11166,0.03647,0.99308,0.6037,0.6037,0.05142,0.6037,0.05142,fallback_pychrono_unavailable
environment_terrain_component_demo,terrain.surface_probe.v1,surface_probe_schema_v1,1163,terrain.heightmap_mesh,analytic_heightmap_with_scm_sinkage,-0.200,-0.500,-0.02624,-0.12773,0.03150,0.99131,0.6013,0.6013,0.07040,0.6013,0.07040,fallback_pychrono_unavailable
environment_terrain_component_demo,terrain.surface_probe.v1,surface_probe_schema_v1,1164,terrain.heightmap_mesh,analytic_heightmap_with_scm_sinkage,-0.200,-0.400,-0.02911,-0.14125,0.02593,0.98963,0.5992,0.5992,0.09105,0.5992,0.09105,fallback_pychrono_unavailable
environment_terrain_component_demo,terrain.surface_probe.v1,surface_probe_schema_v1,1165,terrain.heightmap_mesh,analytic_heightmap_with_scm_sinkage,-0.200,-0.300,-0.03146,-0.15200,0.01987,0.98818,0.5975,0.5975,0.11120,0.5975,0.11120,fallback_pychrono_unavailable
environment_terrain_component_demo,terrain.surface_probe.v1,surface_probe_schema_v1,1166,terrain.heightmap_mesh,analytic_heightmap_with_scm_sinkage,-0.200,-0.200,-0.03323,-0.15981,0.01345,0.98706,0.5963,0.5963,0.12828,0.5963,0.12828,fallback_pychrono_unavailable
environment_terrain_component_demo,terrain.surface_probe.v1,surface_probe_schema_v1,1167,terrain.heightmap_mesh,analytic_heightmap_with_scm_sinkage,-0.200,-0.100,-0.03437,-0.16454,0.00679,0.98635,0.5954,0.5954,0.13976,0.5954,0.13976,fallback_pychrono_unavailable
environment_terrain_component_demo,terrain.surface_probe.v1,surface_probe_schema_v1,1168,terrain.heightmap_mesh,analytic_heightmap_with_scm_sinkage,-0.200,0.000,-0.03484,-0.16612,-0.00000,0.98611,0.5951,0.5951,0.14381,0.5951,0.14381,fallback_pychrono_unavailable
environment_terrain_component_demo,terrain.surface_probe.v1,surface_probe_schema_v1,1169,terrain.heightmap_mesh,analytic_heightmap_with_scm_sinkage,-0.200,0.100,-0.03461,-0.16454,-0.00679,0.98635,0.5953,0.5953,0.13976,0.5953,0.13976,fallback_pychrono_unavailable
environment_terrain_component_demo,terrain.surface_probe.v1,surface_probe_schema_v1,1170,terrain.heightmap_mesh,analytic_heightmap_with_scm_sinkage,-0.200,0.200,-0.03368,-0.15981,-0.01345,0.98706,0.5959,0.5959,0.12828,0.5959,0.12828,fallback_pychrono_unavailable
environment_terrain_component_demo,terrain.surface_probe.v1,surface_probe_schema_v1,1171,terrain.heightmap_mesh,analytic_heightmap_with_scm_sinkage,-0.200,0.300,-0.03206,-0.15200,-0.01987,0.98818,0.5971,0.5971,0.11120,0.5971,0.11120,fallback_pychrono_unavailable
environment_terrain_component_demo,terrain.surface_probe.v1,surface_probe_schema_v1,1172,terrain.heightmap_mesh,analytic_heightmap_with_scm_sinkage,-0.200,0.400,-0.02979,-0.14125,-0.02593,0.98963,0.5987,0.5987,0.09105,0.5987,0.09105,fallback_pychrono_unavailable
environment_terrain_component_demo,terrain.surface_probe.v1,surface_probe_schema_v1,1173,terrain.heightmap_mesh,analytic_heightmap_with_scm_sinkage,-0.200,0.500,-0.02691,-0.12773,-0.03150,0.99131,0.6008,0.6008,0.07040,0.6008,0.07040,fallback_pychrono_unavailable
environment_terrain_component_demo,terrain.surface_probe.v1,surface_probe_schema_v1,1174,terrain.heightmap_mesh,analytic_heightmap_with_scm_sinkage,-0.200,0.600,-0.02350,-0.11166,-0.03647,0.99308,0.6032,0.6032,0.05142,0.6032,0.05142,fallback_pychrono_unavailable
environment_terrain_component_demo,terrain.surface_probe.v1,surface_probe_schema_v1,1175,terrain.heightmap_mesh,analytic_heightmap_with_scm_sinkage,-0.200,0.700,-0.01962,-0.09335,-0.04075,0.99480,0.6060,0.6060,0.03546,0.6060,0.03546,fallback_pychrono_unavailable
environment_terrain_component_demo,terrain.surface_probe.v1,surface_probe_schema_v1,1176,terrain.heightmap_mesh,analytic_heightmap_with_scm_sinkage,-0.200,0.800,-0.01535,-0.07313,-0.04423,0.99634,0.6090,0.6090,0.02310,0.6090,0.02310,fallback_pychrono_unavailable
environment_terrain_component_demo,terrain.surface_probe.v1,surface_probe_schema_v1,1177,terrain.heightmap_mesh,analytic_heightmap_with_scm_sinkage,-0.200,0.900,-0.01077,-0.05139,-0.04684,0.99758,0.6123,0.6123,0.01421,0.6123,0.01421,fallback_pychrono_unavailable
environment_terrain_component_demo,terrain.surface_probe.v1,surface_probe_schema_v1,1178,terrain.heightmap_mesh,analytic_heightmap_with_scm_sinkage,-0.200,1.000,-0.00599,-0.02859,-0.04852,0.99841,0.6157,0.6157,0.00826,0.6157,0.00826,fallback_pychrono_unavailable
environment_terrain_component_demo,terrain.surface_probe.v1,surface_probe_schema_v1,1179,terrain.heightmap_mesh,analytic_heightmap_with_scm_sinkage,-0.200,1.100,-0.00108,-0.00518,-0.04923,0.99877,0.6192,0.6192,0.00453,0.6192,0.00453,fallback_pychrono_unavailable
environment_terrain_component_demo,terrain.surface_probe.v1,surface_probe_schema_v1,1180,terrain.heightmap_mesh,analytic_heightmap_with_scm_sinkage,-0.200,1.200,0.00384,0.01833,-0.04896,0.99863,0.6173,0.6173,0.00235,0.6173,0.00235,fallback_pychrono_unavailable
environment_terrain_component_demo,terrain.surface_probe.v1,surface_probe_schema_v1,1181,terrain.heightmap_mesh,analytic_heightmap_with_scm_sinkage,-0.200,1.300,0.00869,0.04146,-0.04770,0.99800,0.6138,0.6138,0.00115,0.6138,0.00115,fallback_pychrono_unavailable
environment_terrain_component_demo,terrain.surface_probe.v1,surface_probe_schema_v1,1182,terrain.heightmap_mesh,analytic_heightmap_with_scm_sinkage,-0.200,1.400,0.01337,0.06373,-0.04549,0.99693,0.6105,0.6105,0.00053,0.6105,0.00053,fallback_pychrono_unavailable
environment_terrain_component_demo,terrain.surface_probe.v1,surface_probe_schema_v1,1183,terrain.heightmap_mesh,analytic_heightmap_with_scm_sinkage,-0.200,1.500,0.01778,0.08467,-0.04238,0.99551,0.6073,0.6073,0.00023,0.6073,0.00023,fallback_pychrono_unavailable
environment_terrain_component_demo,terrain.surface_probe.v1,surface_probe_schema_v1,1184,terrain.heightmap_mesh,analytic_heightmap_with_scm_sinkage,-0.200,1.600,0.02185,0.10386,-0.03844,0.99385,0.6044,0.6044,0.00010,0.6044,0.00010,fallback_pychrono_unavailable
environment_terrain_component_demo,terrain.surface_probe.v1,surface_probe_schema_v1,1185,terrain.heightmap_mesh,analytic_heightmap_with_scm_sinkage,-0.200,1.700,0.02550,0.12096,-0.03376,0.99208,0.6018,0.6018,0.00004,0.6018,0.00004,fallback_pychrono_unavailable
environment_terrain_component_demo,terrain.surface_probe.v1,surface_probe_schema_v1,1186,terrain.heightmap_mesh,analytic_heightmap_with_scm_sinkage,-0.200,1.800,0.02864,0.13563,-0.02844,0.99035,0.5995,0.5995,0.00001,0.5995,0.00001,fallback_pychrono_unavailable
environment_terrain_component_demo,terrain.surface_probe.v1,surface_probe_schema_v1,1187,terrain.heightmap_mesh,analytic_heightmap_with_scm_sinkage,-0.200,1.900,0.03122,0.14763,-0.02259,0.98879,0.5977,0.5977,0.00000,0.5977,0.00000,fallback_pychrono_unavailable
environment_terrain_component_demo,terrain.surface_probe.v1,surface_probe_schema_v1,1188,terrain.heightmap_mesh,analytic_heightmap_with_scm_sinkage,-0.200,2.000,0.03319,0.15674,-0.01631,0.98750,0.5963,0.5963,0.00000,0.5963,0.00000,fallback_pychrono_unavailable
environment_terrain_component_demo,terrain.surface_probe.v1,surface_probe_schema_v1,1189,terrain.heightmap_mesh,analytic_heightmap_with_scm_sinkage,-0.100,-2.000,0.01687,0.16458,0.00828,0.98633,0.6080,0.6080,0.00000,0.6080,0.00000,fallback_pychrono_unavailable
environment_terrain_component_demo,terrain.surface_probe.v1,surface_probe_schema_v1,1190,terrain.heightmap_mesh,analytic_heightmap_with_scm_sinkage,-0.100,-1.900,0.01587,0.15504,0.01147,0.98784,0.6087,0.6087,0.00000,0.6087,0.00000,fallback_pychrono_unavailable
environment_terrain_component_demo,terrain.surface_probe.v1,surface_probe_schema_v1,1191,terrain.heightmap_mesh,analytic_heightmap_with_scm_sinkage,-0.100,-1.800,0.01455,0.14248,0.01445,0.98969,0.6096,0.6096,0.00001,0.6096,0.00001,fallback_pychrono_unavailable
environment_terrain_component_demo,terrain.surface_probe.v1,surface_probe_schema_v1,1192,terrain.heightmap_mesh,analytic_heightmap_with_scm_sinkage,-0.100,-1.700,0.01296,0.12711,0.01715,0.99174,0.6107,0.6107,0.00004,0.6107,0.00004,fallback_pychrono_unavailable
environment_terrain_component_demo,terrain.surface_probe.v1,surface_probe_schema_v1,1193,terrain.heightmap_mesh,analytic_heightmap_with_scm_sinkage,-0.100,-1.600,0.01111,0.10918,0.01954,0.99383,0.6121,0.6121,0.00010,0.6121,0.00010,fallback_pychrono_unavailable
environment_terrain_component_demo,terrain.surface_probe.v1,surface_probe_schema_v1,1194,terrain.heightmap_mesh,analytic_heightmap_with_scm_sinkage,-0.100,-1.500,0.00905,0.08903,0.02154,0.99580,0.6135,0.6135,0.00024,0.6135,0.00024,fallback_pychrono_unavailable
environment_terrain_component_demo,terrain.surface_probe.v1,surface_probe_schema_v1,1195,terrain.heightmap_mesh,analytic_heightmap_with_scm_sinkage,-0.100,-1.400,0.00682,0.06703,0.02313,0.99748,0.6151,0.6151,0.00056,0.6151,0.00056,fallback_pychrono_unavailable
environment_terrain_component_demo,terrain.surface_probe.v1,surface_probe_schema_v1,1196,terrain.heightmap_mesh,analytic_heightmap_with_scm_sinkage,-0.100,-1.300,0.00448,0.04362,0.02426,0.99875,0.6168,0.6168,0.00121,0.6168,0.00121,fallback_pychrono_unavailable
environment_terrain_component_demo,terrain.surface_probe.v1,surface_probe_schema_v1,1197,terrain.heightmap_mesh,analytic_heightmap_with_scm_sinkage,-0.100,-1.200,0.00207,0.01929,0.02490,0.99950,0.6185,0.6185,0.00246,0.6185,0.00246,fallback_pychrono_unavailable
environment_terrain_component_demo,terrain.surface_probe.v1,surface_probe_schema_v1,1198,terrain.heightmap_mesh,analytic_heightmap_with_scm_sinkage,-0.100,-1.100,-0.00033,-0.00545,0.02504,0.99967,0.6198,0.6198,0.00475,0.6198,0.00475,fallback_pychrono_unavailable
environment_terrain_component_demo,terrain.surface_probe.v1,surface_probe_schema_v1,1199,terrain.heightmap_mesh,analytic_heightmap_with_scm_sinkage,-0.100,-1.000,-0.00267,-0.03008,0.02468,0.99924,0.6181,0.6181,0.00865,0.6181,0.00865,fallback_pychrono_unavailable
environment_terrain_component_demo,terrain.surface_probe.v1,surface_probe_schema_v1,1200,terrain.heightmap_mesh,analytic_heightmap_with_scm_sinkage,-0.100,-0.900,-0.00490,-0.05406,0.02382,0.99825,0.6165,0.6165,0.01489,0.6165,0.01489,fallback_pychrono_unavailable
environment_terrain_component_demo,terrain.surface_probe.v1,surface_probe_schema_v1,1201,terrain.heightmap_mesh,analytic_heightmap_with_scm_sinkage,-0.100,-0.800,-0.00697,-0.07691,0.02249,0.99678,0.6150,0.6150,0.02421,0.6150,0.02421,fallback_pychrono_unavailable
environment_terrain_component_demo,terrain.surface_probe.v1,surface_probe_schema_v1,1202,terrain.heightmap_mesh,analytic_heightmap_with_scm_sinkage,-0.100,-0.700,-0.00888,-0.09815,0.02071,0.99496,0.6137,0.6137,0.03716,0.6137,0.03716,fallback_pychrono_unavailable
environment_terrain_component_demo,terrain.surface_probe.v1,surface_probe_schema_v1,1203,terrain.heightmap_mesh,analytic_heightmap_with_scm_sinkage,-0.100,-0.600,-0.01061,-0.11736,0.01853,0.99292,0.6124,0.6124,0.05387,0.6124,0.05387,fallback_pychrono_unavailable
environment_terrain_component_demo,terrain.surface_probe.v1,surface_probe_schema_v1,1204,terrain.heightmap_mesh,analytic_heightmap_with_scm_sinkage,-0.100,-0.500,-0.01219,-0.13420,0.01600,0.99082,0.6113,0.6113,0.07377,0.6113,0.07377,fallback_pychrono_unavailable
environment_terrain_component_demo,terrain.surface_probe.v1,surface_probe_schema_v1,1205,terrain.heightmap_mesh,analytic_heightmap_with_scm_sinkage,-0.100,-0.400,-0.01360,-0.14837,0.01317,0.98884,0.6103,0.6103,0.09540,0.6103,0.09540,fallback_pychrono_unavailable
environment_terrain_component_demo,terrain.surface_probe.v1,surface_probe_schema_v1,1206,terrain.heightmap_mesh,analytic_heightmap_with_scm_sinkage,-0.100,-0.300,-0.01484,-0.15962,0.01009,0.98713,0.6094,0.6094,0.11652,0.6094,0.11652,fallback_pychrono_unavailable
environment_terrain_component_demo,terrain.surface_probe.v1,surface_probe_schema_v1,1207,terrain.heightmap_mesh,analytic_heightmap_with_scm_sinkage,-0.100,-0.200,-0.01587,-0.16778,0.00683,0.98580,0.6087,0.6087,0.13441,0.6087,0.13441,fallback_pychrono_unavailable
environment_terrain_component_demo,terrain.surface_probe.v1,surface_probe_schema_v1,1208,terrain.heightmap_mesh,analytic_heightmap_with_scm_sinkage,-0.100,-0.100,-0.01663,-0.17272,0.00344,0.98496,0.6081,0.6081,0.14644,0.6081,0.14644,fallback_pychrono_unavailable
environment_terrain_component_demo,terrain.surface_probe.v1,surface_probe_schema_v1,1209,terrain.heightmap_mesh,analytic_heightmap_with_scm_sinkage,-0.100,0.000,-0.01708,-0.17438,-0.00000,0.98468,0.6078,0.6078,0.15068,0.6078,0.15068,fallback_pychrono_unavailable
environment_terrain_component_demo,terrain.surface_probe.v1,surface_probe_schema_v1,1210,terrain.heightmap_mesh,analytic_heightmap_with_scm_sinkage,-0.100,0.100,-0.01715,-0.17272,-0.00344,0.98496,0.6077,0.6077,0.14644,0.6077,0.14644,fallback_pychrono_unavailable
environment_terrain_component_demo,terrain.surface_probe.v1,surface_probe_schema_v1,1211,terrain.heightmap_mesh,analytic_heightmap_with_scm_sinkage,-0.100,0.200,-0.01683,-0.16778,-0.00683,0.98580,0.6080,0.6080,0.13441,0.6080,0.13441,fallback_pychrono_unavailable
environment_terrain_component_demo,terrain.surface_probe.v1,surface_probe_schema_v1,1212,terrain.heightmap_mesh,analytic_heightmap_with_scm_sinkage,-0.100,0.300,-0.01613,-0.15962,-0.01009,0.98713,0.6085,0.6085,0.11652,0.6085,0.11652,fallback_pychrono_unavailable
environment_terrain_component_demo,terrain.surface_probe.v1,surface_probe_schema_v1,1213,terrain.heightmap_mesh,analytic_heightmap_with_scm_sinkage,-0.100,0.400,-0.01505,-0.14837,-0.01317,0.98884,0.6093,0.6093,0.09540,0.6093,0.09540,fallback_pychrono_unavailable
environment_terrain_component_demo,terrain.surface_probe.v1,surface_probe_schema_v1,1214,terrain.heightmap_mesh,analytic_heightmap_with_scm_sinkage,-0.100,0.500,-0.01363,-0.13420,-0.01600,0.99082,0.6103,0.6103,0.07377,0.6103,0.07377,fallback_pychrono_unavailable
environment_terrain_component_demo,terrain.surface_probe.v1,surface_probe_schema_v1,1215,terrain.heightmap_mesh,analytic_heightmap_with_scm_sinkage,-0.100,0.600,-0.01192,-0.11736,-0.01853,0.99292,0.6115,0.6115,0.05387,0.6115,0.05387,fallback_pychrono_unavailable
environment_terrain_component_demo,terrain.surface_probe.v1,surface_probe_schema_v1,1216,terrain.heightmap_mesh,analytic_heightmap_with_scm_sinkage,-0.100,0.700,-0.00996,-0.09815,-0.02071,0.99496,0.6129,0.6129,0.03716,0.6129,0.03716,fallback_pychrono_unavailable
environment_terrain_component_demo,terrain.surface_probe.v1,surface_probe_schema_v1,1217,terrain.heightmap_mesh,analytic_heightmap_with_scm_sinkage,-0.100,0.800,-0.00780,-0.07691,-0.02249,0.99678,0.6144,0.6144,0.02421,0.6144,0.02421,fallback_pychrono_unavailable
environment_terrain_component_demo,terrain.surface_probe.v1,surface_probe_schema_v1,1218,terrain.heightmap_mesh,analytic_heightmap_with_scm_sinkage,-0.100,0.900,-0.00547,-0.05406,-0.02382,0.99825,0.6161,0.6161,0.01489,0.6161,0.01489,fallback_pychrono_unavailable
environment_terrain_component_demo,terrain.surface_probe.v1,surface_probe_schema_v1,1219,terrain.heightmap_mesh,analytic_heightmap_with_scm_sinkage,-0.100,1.000,-0.00304,-0.03008,-0.02468,0.99924,0.6178,0.6178,0.00865,0.6178,0.00865,fallback_pychrono_unavailable
environment_terrain_component_demo,terrain.surface_probe.v1,surface_probe_schema_v1,1220,terrain.heightmap_mesh,analytic_heightmap_with_scm_sinkage,-0.100,1.100,-0.00055,-0.00545,-0.02504,0.99967,0.6196,0.6196,0.00475,0.6196,0.00475,fallback_pychrono_unavailable
environment_terrain_component_demo,terrain.surface_probe.v1,surface_probe_schema_v1,1221,terrain.heightmap_mesh,analytic_heightmap_with_scm_sinkage,-0.100,1.200,0.00195,0.01929,-0.02490,0.99950,0.6186,0.6186,0.00246,0.6186,0.00246,fallback_pychrono_unavailable
environment_terrain_component_demo,terrain.surface_probe.v1,surface_probe_schema_v1,1222,terrain.heightmap_mesh,analytic_heightmap_with_scm_sinkage,-0.100,1.300,0.00442,0.04362,-0.02426,0.99875,0.6168,0.6168,0.00121,0.6168,0.00121,fallback_pychrono_unavailable
environment_terrain_component_demo,terrain.surface_probe.v1,surface_probe_schema_v1,1223,terrain.heightmap_mesh,analytic_heightmap_with_scm_sinkage,-0.100,1.400,0.00679,0.06703,-0.02313,0.99748,0.6151,0.6151,0.00056,0.6151,0.00056,fallback_pychrono_unavailable
environment_terrain_component_demo,terrain.surface_probe.v1,surface_probe_schema_v1,1224,terrain.heightmap_mesh,analytic_heightmap_with_scm_sinkage,-0.100,1.500,0.00904,0.08903,-0.02154,0.99580,0.6135,0.6135,0.00024,0.6135,0.00024,fallback_pychrono_unavailable
environment_terrain_component_demo,terrain.surface_probe.v1,surface_probe_schema_v1,1225,terrain.heightmap_mesh,analytic_heightmap_with_scm_sinkage,-0.100,1.600,0.01111,0.10918,-0.01954,0.99383,0.6121,0.6121,0.00010,0.6121,0.00010,fallback_pychrono_unavailable
environment_terrain_component_demo,terrain.surface_probe.v1,surface_probe_schema_v1,1226,terrain.heightmap_mesh,analytic_heightmap_with_scm_sinkage,-0.100,1.700,0.01296,0.12711,-0.01715,0.99174,0.6107,0.6107,0.00004,0.6107,0.00004,fallback_pychrono_unavailable
environment_terrain_component_demo,terrain.surface_probe.v1,surface_probe_schema_v1,1227,terrain.heightmap_mesh,analytic_heightmap_with_scm_sinkage,-0.100,1.800,0.01455,0.14248,-0.01445,0.98969,0.6096,0.6096,0.00001,0.6096,0.00001,fallback_pychrono_unavailable
environment_terrain_component_demo,terrain.surface_probe.v1,surface_probe_schema_v1,1228,terrain.heightmap_mesh,analytic_heightmap_with_scm_sinkage,-0.100,1.900,0.01587,0.15504,-0.01147,0.98784,0.6087,0.6087,0.00000,0.6087,0.00000,fallback_pychrono_unavailable
environment_terrain_component_demo,terrain.surface_probe.v1,surface_probe_schema_v1,1229,terrain.heightmap_mesh,analytic_heightmap_with_scm_sinkage,-0.100,2.000,0.01687,0.16458,-0.00828,0.98633,0.6080,0.6080,0.00000,0.6080,0.00000,fallback_pychrono_unavailable
environment_terrain_component_demo,terrain.surface_probe.v1,surface_probe_schema_v1,1230,terrain.heightmap_mesh,analytic_heightmap_with_scm_sinkage,0.000,-2.000,0.00000,0.16721,-0.00000,0.98592,0.6200,0.6200,0.00000,0.6200,0.00000,fallback_pychrono_unavailable
environment_terrain_component_demo,terrain.surface_probe.v1,surface_probe_schema_v1,1231,terrain.heightmap_mesh,analytic_heightmap_with_scm_sinkage,0.000,-1.900,0.00000,0.15753,-0.00000,0.98751,0.6200,0.6200,0.00001,0.6200,0.00001,fallback_pychrono_unavailable
environment_terrain_component_demo,terrain.surface_probe.v1,surface_probe_schema_v1,1232,terrain.heightmap_mesh,analytic_heightmap_with_scm_sinkage,0.000,-1.800,0.00000,0.14479,-0.00000,0.98946,0.6200,0.6200,0.00001,0.6200,0.00001,fallback_pychrono_unavailable
environment_terrain_component_demo,terrain.surface_probe.v1,surface_probe_schema_v1,1233,terrain.heightmap_mesh,analytic_heightmap_with_scm_sinkage,0.000,-1.700,0.00000,0.12918,-0.00000,0.99162,0.6200,0.6200,0.00004,0.6200,0.00004,fallback_pychrono_unavailable
environment_terrain_component_demo,terrain.surface_probe.v1,surface_probe_schema_v1,1234,terrain.heightmap_mesh,analytic_heightmap_with_scm_sinkage,0.000,-1.600,0.00001,0.11098,-0.00000,0.99382,0.6200,0.6200,0.00010,0.6200,0.00010,fallback_pychrono_unavailable
environment_terrain_component_demo,terrain.surface_probe.v1,surface_probe_schema_v1,1235,terrain.heightmap_mesh,analytic_heightmap_with_scm_sinkage,0.000,-1.500,0.00002,0.09050,-0.00000,0.99590,0.6200,0.6200,0.00025,0.6200,0.00025,fallback_pychrono_unavailable
environment_terrain_component_demo,terrain.surface_probe.v1,surface_probe_schema_v1,1236,terrain.heightmap_mesh,analytic_heightmap_with_scm_sinkage,0.000,-1.400,0.00006,0.06814,-0.00000,0.99768,0.6200,0.6200,0.00058,0.6200,0.00058,fallback_pychrono_unavailable
environment_terrain_component_demo,terrain.surface_probe.v1,surface_probe_schema_v1,1237,terrain.heightmap_mesh,analytic_heightmap_with_scm_sinkage,0.000,-1.300,0.00012,0.04435,-0.00000,0.99902,0.6199,0.6199,0.00125,0.6199,0.00125,fallback_pychrono_unavailable
environment_terrain_component_demo,terrain.surface_probe.v1,surface_probe_schema_v1,1238,terrain.heightmap_mesh,analytic_heightmap_with_scm_sinkage,0.000,-1.200,0.00024,0.01961,-0.00000,0.99981,0.6198,0.6198,0.00255,0.6198,0.00255,fallback_pychrono_unavailable
environment_terrain_component_demo,terrain.surface_probe.v1,surface_probe_schema_v1,1239,terrain.heightmap_mesh,analytic_heightmap_with_scm_sinkage,0.000,-1.100,0.00044,-0.00554,-0.00000,0.99998,0.6197,0.6197,0.00491,0.6197,0.00491,fallback_pychrono_unavailable
environment_terrain_component_demo,terrain.surface_probe.v1,surface_probe_schema_v1,1240,terrain.heightmap_mesh,analytic_heightmap_with_scm_sinkage,0.000,-1.000,0.00073,-0.03058,-0.00000,0.99953,0.6195,0.6195,0.00895,0.6195,0.00895,fallback_pychrono_unavailable
environment_terrain_component_demo,terrain.surface_probe.v1,surface_probe_schema_v1,1241,terrain.heightmap_mesh,analytic_heightmap_with_scm_sinkage,0.000,-0.900,0.00114,-0.05496,-0.00000,0.99849,0.6192,0.6192,0.01540,0.6192,0.01540,fallback_pychrono_unavailable
environment_terrain_component_demo,terrain.surface_probe.v1,surface_probe_schema_v1,1242,terrain.heightmap_mesh,analytic_heightmap_with_scm_sinkage,0.000,-0.800,0.00163,-0.07818,-0.00000,0.99694,0.6188,0.6188,0.02503,0.6188,0.02503,fallback_pychrono_unavailable
environment_terrain_component_demo,terrain.surface_probe.v1,surface_probe_schema_v1,1243,terrain.heightmap_mesh,analytic_heightmap_with_scm_sinkage,0.000,-0.700,0.00216,-0.09976,-0.00000,0.99501,0.6185,0.6185,0.03842,0.6185,0.03842,fallback_pychrono_unavailable
environment_terrain_component_demo,terrain.surface_probe.v1,surface_probe_schema_v1,1244,terrain.heightmap_mesh,analytic_heightmap_with_scm_sinkage,0.000,-0.600,0.00263,-0.11929,-0.00000,0.99286,0.6181,0.6181,0.05570,0.6181,0.05570,fallback_pychrono_unavailable
environment_terrain_component_demo,terrain.surface_probe.v1,surface_probe_schema_v1,1245,terrain.heightmap_mesh,analytic_heightmap_with_scm_sinkage,0.000,-0.500,0.00297,-0.13639,-0.00000,0.99066,0.6179,0.6179,0.07627,0.6179,0.07627,fallback_pychrono_unavailable
environment_terrain_component_demo,terrain.surface_probe.v1,surface_probe_schema_v1,1246,terrain.heightmap_mesh,analytic_heightmap_with_scm_sinkage,0.000,-0.400,0.00309,-0.15076,-0.00000,0.98857,0.6178,0.6178,0.09863,0.6178,0.09863,fallback_pychrono_unavailable
environment_terrain_component_demo,terrain.surface_probe.v1,surface_probe_schema_v1,1247,terrain.heightmap_mesh,analytic_heightmap_with_scm_sinkage,0.000,-0.300,0.00297,-0.16218,-0.00000,0.98676,0.6179,0.6179,0.12047,0.6179,0.12047,fallback_pychrono_unavailable
environment_terrain_component_demo,terrain.surface_probe.v1,surface_probe_schema_v1,1248,terrain.heightmap_mesh,analytic_heightmap_with_scm_sinkage,0.000,-0.200,0.00263,-0.17046,-0.00000,0.98536,0.6181,0.6181,0.13896,0.6181,0.13896,fallback_pychrono_unavailable
environment_terrain_component_demo,terrain.surface_probe.v1,surface_probe_schema_v1,1249,terrain.heightmap_mesh,analytic_heightmap_with_scm_sinkage,0.000,-0.100,0.00216,-0.17547,-0.00000,0.98448,0.6185,0.6185,0.15140,0.6185,0.15140,fallback_pychrono_unavailable
environment_terrain_component_demo,terrain.surface_probe.v1,surface_probe_schema_v1,1250,terrain.heightmap_mesh,analytic_heightmap_with_scm_sinkage,0.000,0.000,0.00163,-0.17715,0.00000,0.98418,0.6188,0.6188,0.15579,0.6188,0.15579,fallback_pychrono_unavailable
environment_terrain_component_demo,terrain.surface_probe.v1,surface_probe_schema_v1,1251,terrain.heightmap_mesh,analytic_heightmap_with_scm_sinkage,0.000,0.100,0.00114,-0.17547,0.00000,0.98448,0.6192,0.6192,0.15140,0.6192,0.15140,fallback_pychrono_unavailable
environment_terrain_component_demo,terrain.surface_probe.v1,surface_probe_schema_v1,1252,terrain.heightmap_mesh,analytic_heightmap_with_scm_sinkage,0.000,0.200,0.00073,-0.17046,0.00000,0.98536,0.6195,0.6195,0.13896,0.6195,0.13896,fallback_pychrono_unavailable
environment_terrain_component_demo,terrain.surface_probe.v1,surface_probe_schema_v1,1253,terrain.heightmap_mesh,analytic_heightmap_with_scm_sinkage,0.000,0.300,0.00044,-0.16218,0.00000,0.98676,0.6197,0.6197,0.12047,0.6197,0.12047,fallback_pychrono_unavailable
environment_terrain_component_demo,terrain.surface_probe.v1,surface_probe_schema_v1,1254,terrain.heightmap_mesh,analytic_heightmap_with_scm_sinkage,0.000,0.400,0.00024,-0.15076,0.00000,0.98857,0.6198,0.6198,0.09863,0.6198,0.09863,fallback_pychrono_unavailable
environment_terrain_component_demo,terrain.surface_probe.v1,surface_probe_schema_v1,1255,terrain.heightmap_mesh,analytic_heightmap_with_scm_sinkage,0.000,0.500,0.00012,-0.13639,0.00000,0.99066,0.6199,0.6199,0.07627,0.6199,0.07627,fallback_pychrono_unavailable
environment_terrain_component_demo,terrain.surface_probe.v1,surface_probe_schema_v1,1256,terrain.heightmap_mesh,analytic_heightmap_with_scm_sinkage,0.000,0.600,0.00006,-0.11929,0.00000,0.99286,0.6200,0.6200,0.05570,0.6200,0.05570,fallback_pychrono_unavailable
environment_terrain_component_demo,terrain.surface_probe.v1,surface_probe_schema_v1,1257,terrain.heightmap_mesh,analytic_heightmap_with_scm_sinkage,0.000,0.700,0.00002,-0.09976,0.00000,0.99501,0.6200,0.6200,0.03842,0.6200,0.03842,fallback_pychrono_unavailable
environment_terrain_component_demo,terrain.surface_probe.v1,surface_probe_schema_v1,1258,terrain.heightmap_mesh,analytic_heightmap_with_scm_sinkage,0.000,0.800,0.00001,-0.07818,0.00000,0.99694,0.6200,0.6200,0.02503,0.6200,0.02503,fallback_pychrono_unavailable
environment_terrain_component_demo,terrain.surface_probe.v1,surface_probe_schema_v1,1259,terrain.heightmap_mesh,analytic_heightmap_with_scm_sinkage,0.000,0.900,0.00000,-0.05496,0.00000,0.99849,0.6200,0.6200,0.01540,0.6200,0.01540,fallback_pychrono_unavailable
environment_terrain_component_demo,terrain.surface_probe.v1,surface_probe_schema_v1,1260,terrain.heightmap_mesh,analytic_heightmap_with_scm_sinkage,0.000,1.000,0.00000,-0.03058,0.00000,0.99953,0.6200,0.6200,0.00895,0.6200,0.00895,fallback_pychrono_unavailable
environment_terrain_component_demo,terrain.surface_probe.v1,surface_probe_schema_v1,1261,terrain.heightmap_mesh,analytic_heightmap_with_scm_sinkage,0.000,1.100,0.00000,-0.00554,0.00000,0.99998,0.6200,0.6200,0.00491,0.6200,0.00491,fallback_pychrono_unavailable
environment_terrain_component_demo,terrain.surface_probe.v1,surface_probe_schema_v1,1262,terrain.heightmap_mesh,analytic_heightmap_with_scm_sinkage,0.000,1.200,0.00000,0.01961,0.00000,0.99981,0.6200,0.6200,0.00255,0.6200,0.00255,fallback_pychrono_unavailable
environment_terrain_component_demo,terrain.surface_probe.v1,surface_probe_schema_v1,1263,terrain.heightmap_mesh,analytic_heightmap_with_scm_sinkage,0.000,1.300,0.00000,0.04435,0.00000,0.99902,0.6200,0.6200,0.00125,0.6200,0.00125,fallback_pychrono_unavailable
environment_terrain_component_demo,terrain.surface_probe.v1,surface_probe_schema_v1,1264,terrain.heightmap_mesh,analytic_heightmap_with_scm_sinkage,0.000,1.400,0.00000,0.06814,0.00000,0.99768,0.6200,0.6200,0.00058,0.6200,0.00058,fallback_pychrono_unavailable
environment_terrain_component_demo,terrain.surface_probe.v1,surface_probe_schema_v1,1265,terrain.heightmap_mesh,analytic_heightmap_with_scm_sinkage,0.000,1.500,0.00000,0.09050,0.00000,0.99590,0.6200,0.6200,0.00025,0.6200,0.00025,fallback_pychrono_unavailable
environment_terrain_component_demo,terrain.surface_probe.v1,surface_probe_schema_v1,1266,terrain.heightmap_mesh,analytic_heightmap_with_scm_sinkage,0.000,1.600,0.00000,0.11098,0.00000,0.99382,0.6200,0.6200,0.00010,0.6200,0.00010,fallback_pychrono_unavailable
environment_terrain_component_demo,terrain.surface_probe.v1,surface_probe_schema_v1,1267,terrain.heightmap_mesh,analytic_heightmap_with_scm_sinkage,0.000,1.700,0.00000,0.12918,0.00000,0.99162,0.6200,0.6200,0.00004,0.6200,0.00004,fallback_pychrono_unavailable
environment_terrain_component_demo,terrain.surface_probe.v1,surface_probe_schema_v1,1268,terrain.heightmap_mesh,analytic_heightmap_with_scm_sinkage,0.000,1.800,0.00000,0.14479,0.00000,0.98946,0.6200,0.6200,0.00001,0.6200,0.00001,fallback_pychrono_unavailable
environment_terrain_component_demo,terrain.surface_probe.v1,surface_probe_schema_v1,1269,terrain.heightmap_mesh,analytic_heightmap_with_scm_sinkage,0.000,1.900,0.00000,0.15753,0.00000,0.98751,0.6200,0.6200,0.00001,0.6200,0.00001,fallback_pychrono_unavailable
environment_terrain_component_demo,terrain.surface_probe.v1,surface_probe_schema_v1,1270,terrain.heightmap_mesh,analytic_heightmap_with_scm_sinkage,0.000,2.000,0.00000,0.16721,0.00000,0.98592,0.6200,0.6200,0.00000,0.6200,0.00000,fallback_pychrono_unavailable
environment_terrain_component_demo,terrain.surface_probe.v1,surface_probe_schema_v1,1271,terrain.heightmap_mesh,analytic_heightmap_with_scm_sinkage,0.100,-2.000,-0.01687,0.16458,-0.00828,0.98633,0.6080,0.6080,0.00000,0.6080,0.00000,fallback_pychrono_unavailable
environment_terrain_component_demo,terrain.surface_probe.v1,surface_probe_schema_v1,1272,terrain.heightmap_mesh,analytic_heightmap_with_scm_sinkage,0.100,-1.900,-0.01587,0.15504,-0.01147,0.98784,0.6087,0.6087,0.00001,0.6087,0.00001,fallback_pychrono_unavailable
environment_terrain_component_demo,terrain.surface_probe.v1,surface_probe_schema_v1,1273,terrain.heightmap_mesh,analytic_heightmap_with_scm_sinkage,0.100,-1.800,-0.01455,0.14248,-0.01445,0.98969,0.6096,0.6096,0.00002,0.6096,0.00002,fallback_pychrono_unavailable
environment_terrain_component_demo,terrain.surface_probe.v1,surface_probe_schema_v1,1274,terrain.heightmap_mesh,analytic_heightmap_with_scm_sinkage,0.100,-1.700,-0.01295,0.12711,-0.01715,0.99174,0.6107,0.6107,0.00004,0.6107,0.00004,fallback_pychrono_unavailable
environment_terrain_component_demo,terrain.surface_probe.v1,surface_probe_schema_v1,1275,terrain.heightmap_mesh,analytic_heightmap_with_scm_sinkage,0.100,-1.600,-0.01109,0.10918,-0.01954,0.99383,0.6121,0.6121,0.00011,0.6121,0.00011,fallback_pychrono_unavailable
environment_terrain_component_demo,terrain.surface_probe.v1,surface_probe_schema_v1,1276,terrain.heightmap_mesh,analytic_heightmap_with_scm_sinkage,0.100,-1.500,-0.00899,0.08903,-0.02154,0.99580,0.6136,0.6136,0.00026,0.6136,0.00026,fallback_pychrono_unavailable
environment_terrain_component_demo,terrain.surface_probe.v1,surface_probe_schema_v1,1277,terrain.heightmap_mesh,analytic_heightmap_with_scm_sinkage,0.100,-1.400,-0.00669,0.06703,-0.02313,0.99748,0.6152,0.6152,0.00059,0.6152,0.00059,fallback_pychrono_unavailable
environment_terrain_component_demo,terrain.surface_probe.v1,surface_probe_schema_v1,1278,terrain.heightmap_mesh,analytic_heightmap_with_scm_sinkage,0.100,-1.300,-0.00419,0.04362,-0.02426,0.99875,0.6170,0.6170,0.00127,0.6170,0.00127,fallback_pychrono_unavailable
environment_terrain_component_demo,terrain.surface_probe.v1,surface_probe_schema_v1,1279,terrain.heightmap_mesh,analytic_heightmap_with_scm_sinkage,0.100,-1.200,-0.00152,0.01929,-0.02490,0.99950,0.6189,0.6189,0.00260,0.6189,0.00260,fallback_pychrono_unavailable
environment_terrain_component_demo,terrain.surface_probe.v1,surface_probe_schema_v1,1280,terrain.heightmap_mesh,analytic_heightmap_with_scm_sinkage,0.100,-1.100,0.00134,-0.00545,-0.02504,0.99967,0.6190,0.6190,0.00501,0.6190,0.00501,fallback_pychrono_unavailable
environment_terrain_component_demo,terrain.surface_probe.v1,surface_probe_schema_v1,1281,terrain.heightmap_mesh,analytic_heightmap_with_scm_sinkage,0.100,-1.000,0.00438,-0.03008,-0.02468,0.99924,0.6169,0.6169,0.00913,0.6169,0.00913,fallback_pychrono_unavailable
environment_terrain_component_demo,terrain.surface_probe.v1,surface_probe_schema_v1,1282,terrain.heightmap_mesh,analytic_heightmap_with_scm_sinkage,0.100,-0.900,0.00755,-0.05406,-0.02382,0.99825,0.6146,0.6146,0.01571,0.6146,0.01571,fallback_pychrono_unavailable
environment_terrain_component_demo,terrain.surface_probe.v1,surface_probe_schema_v1,1283,terrain.heightmap_mesh,analytic_heightmap_with_scm_sinkage,0.100,-0.800,0.01077,-0.07691,-0.02249,0.99678,0.6123,0.6123,0.02553,0.6123,0.02553,fallback_pychrono_unavailable
environment_terrain_component_demo,terrain.surface_probe.v1,surface_probe_schema_v1,1284,terrain.heightmap_mesh,analytic_heightmap_with_scm_sinkage,0.100,-0.700,0.01390,-0.09815,-0.02071,0.99496,0.6101,0.6101,0.03919,0.6101,0.03919,fallback_pychrono_unavailable
environment_terrain_component_demo,terrain.surface_probe.v1,surface_probe_schema_v1,1285,terrain.heightmap_mesh,analytic_heightmap_with_scm_sinkage,0.100,-0.600,0.01675,-0.11736,-0.01853,0.99292,0.6080,0.6080,0.05682,0.6080,0.05682,fallback_pychrono_unavailable
environment_terrain_component_demo,terrain.surface_probe.v1,surface_probe_schema_v1,1286,terrain.heightmap_mesh,analytic_heightmap_with_scm_sinkage,0.100,-0.500,0.01911,-0.13420,-0.01600,0.99082,0.6064,0.6064,0.07781,0.6064,0.07781,fallback_pychrono_unavailable
environment_terrain_component_demo,terrain.surface_probe.v1,surface_probe_schema_v1,1287,terrain.heightmap_mesh,analytic_heightmap_with_scm_sinkage,0.100,-0.400,0.02080,-0.14837,-0.01317,0.98884,0.6051,0.6051,0.10062,0.6051,0.10062,fallback_pychrono_unavailable
environment_terrain_component_demo,terrain.surface_probe.v1,surface_probe_schema_v1,1288,terrain.heightmap_mesh,analytic_heightmap_with_scm_sinkage,0.100,-0.300,0.02176,-0.15962,-0.01009,0.98713,0.6045,0.6045,0.12290,0.6045,0.12290,fallback_pychrono_unavailable
environment_terrain_component_demo,terrain.surface_probe.v1,surface_probe_schema_v1,1289,terrain.heightmap_mesh,analytic_heightmap_with_scm_sinkage,0.100,-0.200,0.02201,-0.16778,-0.00683,0.98580,0.6043,0.6043,0.14177,0.6043,0.14177,fallback_pychrono_unavailable
environment_terrain_component_demo,terrain.surface_probe.v1,surface_probe_schema_v1,1290,terrain.heightmap_mesh,analytic_heightmap_with_scm_sinkage,0.100,-0.100,0.02166,-0.17272,-0.00344,0.98496,0.6045,0.6045,0.15446,0.6045,0.15446,fallback_pychrono_unavailable
environment_terrain_component_demo,terrain.surface_probe.v1,surface_probe_schema_v1,1291,terrain.heightmap_mesh,analytic_heightmap_with_scm_sinkage,0.100,0.000,0.02087,-0.17438,0.00000,0.98468,0.6051,0.6051,0.15894,0.6051,0.15894,fallback_pychrono_unavailable
environment_terrain_component_demo,terrain.surface_probe.v1,surface_probe_schema_v1,1292,terrain.heightmap_mesh,analytic_heightmap_with_scm_sinkage,0.100,0.100,0.01980,-0.17272,0.00344,0.98496,0.6059,0.6059,0.15446,0.6059,0.15446,fallback_pychrono_unavailable
environment_terrain_component_demo,terrain.surface_probe.v1,surface_probe_schema_v1,1293,terrain.heightmap_mesh,analytic_heightmap_with_scm_sinkage,0.100,0.200,0.01854,-0.16778,0.00683,0.98580,0.6068,0.6068,0.14177,0.6068,0.14177,fallback_pychrono_unavailable
environment_terrain_component_demo,terrain.surface_probe.v1,surface_probe_schema_v1,1294,terrain.heightmap_mesh,analytic_heightmap_with_scm_sinkage,0.100,0.300,0.01714,-0.15962,0.01009,0.98713,0.6078,0.6078,0.12290,0.6078,0.12290,fallback_pychrono_unavailable
environment_terrain_component_demo,terrain.surface_probe.v1,surface_probe_schema_v1,1295,terrain.heightmap_mesh,analytic_heightmap_with_scm_sinkage,0.100,0.400,0.01560,-0.14837,0.01317,0.98884,0.6089,0.6089,0.10062,0.6089,0.10062,fallback_pychrono_unavailable
environment_terrain_component_demo,terrain.surface_probe.v1,surface_probe_schema_v1,1296,terrain.heightmap_mesh,analytic_heightmap_with_scm_sinkage,0.100,0.500,0.01391,-0.13420,0.01600,0.99082,0.6101,0.6101,0.07781,0.6101,0.07781,fallback_pychrono_unavailable
environment_terrain_component_demo,terrain.surface_probe.v1,surface_probe_schema_v1,1297,terrain.heightmap_mesh,analytic_heightmap_with_scm_sinkage,0.100,0.600,0.01205,-0.11736,0.01853,0.99292,0.6114,0.6114,0.05682,0.6114,0.05682,fallback_pychrono_unavailable
environment_terrain_component_demo,terrain.surface_probe.v1,surface_probe_schema_v1,1298,terrain.heightmap_mesh,analytic_heightmap_with_scm_sinkage,0.100,0.700,0.01002,-0.09815,0.02071,0.99496,0.6128,0.6128,0.03919,0.6128,0.03919,fallback_pychrono_unavailable
environment_terrain_component_demo,terrain.surface_probe.v1,surface_probe_schema_v1,1299,terrain.heightmap_mesh,analytic_heightmap_with_scm_sinkage,0.100,0.800,0.00782,-0.07691,0.02249,0.99678,0.6144,0.6144,0.02553,0.6144,0.02553,fallback_pychrono_unavailable
environment_terrain_component_demo,terrain.surface_probe.v1,surface_probe_schema_v1,1300,terrain.heightmap_mesh,analytic_heightmap_with_scm_sinkage,0.100,0.900,0.00548,-0.05406,0.02382,0.99825,0.6161,0.6161,0.01571,0.6161,0.01571,fallback_pychrono_unavailable
environment_terrain_component_demo,terrain.surface_probe.v1,surface_probe_schema_v1,1301,terrain.heightmap_mesh,analytic_heightmap_with_scm_sinkage,0.100,1.000,0.00305,-0.03008,0.02468,0.99924,0.6178,0.6178,0.00913,0.6178,0.00913,fallback_pychrono_unavailable
environment_terrain_component_demo,terrain.surface_probe.v1,surface_probe_schema_v1,1302,terrain.heightmap_mesh,analytic_heightmap_with_scm_sinkage,0.100,1.100,0.00055,-0.00545,0.02504,0.99967,0.6196,0.6196,0.00501,0.6196,0.00501,fallback_pychrono_unavailable
environment_terrain_component_demo,terrain.surface_probe.v1,surface_probe_schema_v1,1303,terrain.heightmap_mesh,analytic_heightmap_with_scm_sinkage,0.100,1.200,-0.00195,0.01929,0.02490,0.99950,0.6186,0.6186,0.00260,0.6186,0.00260,fallback_pychrono_unavailable
environment_terrain_component_demo,terrain.surface_probe.v1,surface_probe_schema_v1,1304,terrain.heightmap_mesh,analytic_heightmap_with_scm_sinkage,0.100,1.300,-0.00442,0.04362,0.02426,0.99875,0.6168,0.6168,0.00127,0.6168,0.00127,fallback_pychrono_unavailable
environment_terrain_component_demo,terrain.surface_probe.v1,surface_probe_schema_v1,1305,terrain.heightmap_mesh,analytic_heightmap_with_scm_sinkage,0.100,1.400,-0.00679,0.06703,0.02313,0.99748,0.6151,0.6151,0.00059,0.6151,0.00059,fallback_pychrono_unavailable
environment_terrain_component_demo,terrain.surface_probe.v1,surface_probe_schema_v1,1306,terrain.heightmap_mesh,analytic_heightmap_with_scm_sinkage,0.100,1.500,-0.00904,0.08903,0.02154,0.99580,0.6135,0.6135,0.00026,0.6135,0.00026,fallback_pychrono_unavailable
environment_terrain_component_demo,terrain.surface_probe.v1,surface_probe_schema_v1,1307,terrain.heightmap_mesh,analytic_heightmap_with_scm_sinkage,0.100,1.600,-0.01111,0.10918,0.01954,0.99383,0.6121,0.6121,0.00011,0.6121,0.00011,fallback_pychrono_unavailable
environment_terrain_component_demo,terrain.surface_probe.v1,surface_probe_schema_v1,1308,terrain.heightmap_mesh,analytic_heightmap_with_scm_sinkage,0.100,1.700,-0.01296,0.12711,0.01715,0.99174,0.6107,0.6107,0.00004,0.6107,0.00004,fallback_pychrono_unavailable
environment_terrain_component_demo,terrain.surface_probe.v1,surface_probe_schema_v1,1309,terrain.heightmap_mesh,analytic_heightmap_with_scm_sinkage,0.100,1.800,-0.01455,0.14248,0.01445,0.98969,0.6096,0.6096,0.00002,0.6096,0.00002,fallback_pychrono_unavailable
environment_terrain_component_demo,terrain.surface_probe.v1,surface_probe_schema_v1,1310,terrain.heightmap_mesh,analytic_heightmap_with_scm_sinkage,0.100,1.900,-0.01587,0.15504,0.01147,0.98784,0.6087,0.6087,0.00001,0.6087,0.00001,fallback_pychrono_unavailable
environment_terrain_component_demo,terrain.surface_probe.v1,surface_probe_schema_v1,1311,terrain.heightmap_mesh,analytic_heightmap_with_scm_sinkage,0.100,2.000,-0.01687,0.16458,0.00828,0.98633,0.6080,0.6080,0.00000,0.6080,0.00000,fallback_pychrono_unavailable
environment_terrain_component_demo,terrain.surface_probe.v1,surface_probe_schema_v1,1312,terrain.heightmap_mesh,analytic_heightmap_with_scm_sinkage,0.200,-2.000,-0.03319,0.15674,-0.01631,0.98750,0.5963,0.5963,0.00000,0.5963,0.00000,fallback_pychrono_unavailable
environment_terrain_component_demo,terrain.surface_probe.v1,surface_probe_schema_v1,1313,terrain.heightmap_mesh,analytic_heightmap_with_scm_sinkage,0.200,-1.900,-0.03122,0.14763,-0.02259,0.98879,0.5977,0.5977,0.00001,0.5977,0.00001,fallback_pychrono_unavailable
environment_terrain_component_demo,terrain.surface_probe.v1,surface_probe_schema_v1,1314,terrain.heightmap_mesh,analytic_heightmap_with_scm_sinkage,0.200,-1.800,-0.02863,0.13563,-0.02844,0.99035,0.5995,0.5995,0.00002,0.5995,0.00002,fallback_pychrono_unavailable
environment_terrain_component_demo,terrain.surface_probe.v1,surface_probe_schema_v1,1315,terrain.heightmap_mesh,analytic_heightmap_with_scm_sinkage,0.200,-1.700,-0.02548,0.12096,-0.03376,0.99208,0.6018,0.6018,0.00004,0.6018,0.00004,fallback_pychrono_unavailable
environment_terrain_component_demo,terrain.surface_probe.v1,surface_probe_schema_v1,1316,terrain.heightmap_mesh,analytic_heightmap_with_scm_sinkage,0.200,-1.600,-0.02182,0.10386,-0.03844,0.99385,0.6044,0.6044,0.00011,0.6044,0.00011,fallback_pychrono_unavailable
environment_terrain_component_demo,terrain.surface_probe.v1,surface_probe_schema_v1,1317,terrain.heightmap_mesh,analytic_heightmap_with_scm_sinkage,0.200,-1.500,-0.01771,0.08467,-0.04238,0.99551,0.6074,0.6074,0.00026,0.6074,0.00026,fallback_pychrono_unavailable
environment_terrain_component_demo,terrain.surface_probe.v1,surface_probe_schema_v1,1318,terrain.heightmap_mesh,analytic_heightmap_with_scm_sinkage,0.200,-1.400,-0.01319,0.06373,-0.04549,0.99693,0.6106,0.6106,0.00059,0.6106,0.00059,fallback_pychrono_unavailable
environment_terrain_component_demo,terrain.surface_probe.v1,surface_probe_schema_v1,1319,terrain.heightmap_mesh,analytic_heightmap_with_scm_sinkage,0.200,-1.300,-0.00832,0.04146,-0.04770,0.99800,0.6141,0.6141,0.00128,0.6141,0.00128,fallback_pychrono_unavailable
environment_terrain_component_demo,terrain.surface_probe.v1,surface_probe_schema_v1,1320,terrain.heightmap_mesh,analytic_heightmap_with_scm_sinkage,0.200,-1.200,-0.00311,0.01833,-0.04896,0.99863,0.6178,0.6178,0.00261,0.6178,0.00261,fallback_pychrono_unavailable
environment_terrain_component_demo,terrain.surface_probe.v1,surface_probe_schema_v1,1321,terrain.heightmap_mesh,analytic_heightmap_with_scm_sinkage,0.200,-1.100,0.00242,-0.00518,-0.04923,0.99877,0.6183,0.6183,0.00504,0.6183,0.00504,fallback_pychrono_unavailable
environment_terrain_component_demo,terrain.surface_probe.v1,surface_probe_schema_v1,1322,terrain.heightmap_mesh,analytic_heightmap_with_scm_sinkage,0.200,-1.000,0.00823,-0.02859,-0.04852,0.99841,0.6141,0.6141,0.00919,0.6141,0.00919,fallback_pychrono_unavailable
environment_terrain_component_demo,terrain.surface_probe.v1,surface_probe_schema_v1,1323,terrain.heightmap_mesh,analytic_heightmap_with_scm_sinkage,0.200,-0.900,0.01426,-0.05139,-0.04684,0.99758,0.6098,0.6098,0.01581,0.6098,0.01581,fallback_pychrono_unavailable
environment_terrain_component_demo,terrain.surface_probe.v1,surface_probe_schema_v1,1324,terrain.heightmap_mesh,analytic_heightmap_with_scm_sinkage,0.200,-0.800,0.02035,-0.07313,-0.04423,0.99634,0.6055,0.6055,0.02570,0.6055,0.02570,fallback_pychrono_unavailable
environment_terrain_component_demo,terrain.surface_probe.v1,surface_probe_schema_v1,1325,terrain.heightmap_mesh,analytic_heightmap_with_scm_sinkage,0.200,-0.700,0.02623,-0.09335,-0.04075,0.99480,0.6013,0.6013,0.03946,0.6013,0.03946,fallback_pychrono_unavailable
environment_terrain_component_demo,terrain.surface_probe.v1,surface_probe_schema_v1,1326,terrain.heightmap_mesh,analytic_heightmap_with_scm_sinkage,0.200,-0.600,0.03159,-0.11166,-0.03647,0.99308,0.5974,0.5974,0.05720,0.5974,0.05720,fallback_pychrono_unavailable
environment_terrain_component_demo,terrain.surface_probe.v1,surface_probe_schema_v1,1327,terrain.heightmap_mesh,analytic_heightmap_with_scm_sinkage,0.200,-0.500,0.03605,-0.12773,-0.03150,0.99131,0.5943,0.5943,0.07833,0.5943,0.07833,fallback_pychrono_unavailable
environment_terrain_component_demo,terrain.surface_probe.v1,surface_probe_schema_v1,1328,terrain.heightmap_mesh,analytic_heightmap_with_scm_sinkage,0.200,-0.400,0.03932,-0.14125,-0.02593,0.98963,0.5919,0.5919,0.10129,0.5919,0.10129,fallback_pychrono_unavailable
environment_terrain_component_demo,terrain.surface_probe.v1,surface_probe_schema_v1,1329,terrain.heightmap_mesh,analytic_heightmap_with_scm_sinkage,0.200,-0.300,0.04127,-0.15200,-0.01987,0.98818,0.5905,0.5905,0.12372,0.5905,0.12372,fallback_pychrono_unavailable
environment_terrain_component_demo,terrain.surface_probe.v1,surface_probe_schema_v1,1330,terrain.heightmap_mesh,analytic_heightmap_with_scm_sinkage,0.200,-0.200,0.04193,-0.15981,-0.01345,0.98706,0.5900,0.5900,0.14272,0.5900,0.14272,fallback_pychrono_unavailable
environment_terrain_component_demo,terrain.surface_probe.v1,surface_probe_schema_v1,1331,terrain.heightmap_mesh,analytic_heightmap_with_scm_sinkage,0.200,-0.100,0.04149,-0.16454,-0.00679,0.98635,0.5904,0.5904,0.15549,0.5904,0.15549,fallback_pychrono_unavailable
environment_terrain_component_demo,terrain.surface_probe.v1,surface_probe_schema_v1,1332,terrain.heightmap_mesh,analytic_heightmap_with_scm_sinkage,0.200,0.000,0.04022,-0.16612,0.00000,0.98611,0.5913,0.5913,0.16000,0.5913,0.16000,fallback_pychrono_unavailable
environment_terrain_component_demo,terrain.surface_probe.v1,surface_probe_schema_v1,1333,terrain.heightmap_mesh,analytic_heightmap_with_scm_sinkage,0.200,0.100,0.03837,-0.16454,0.00679,0.98635,0.5926,0.5926,0.15549,0.5926,0.15549,fallback_pychrono_unavailable
environment_terrain_component_demo,terrain.surface_probe.v1,surface_probe_schema_v1,1334,terrain.heightmap_mesh,analytic_heightmap_with_scm_sinkage,0.200,0.200,0.03610,-0.15981,0.01345,0.98706,0.5942,0.5942,0.14272,0.5942,0.14272,fallback_pychrono_unavailable
environment_terrain_component_demo,terrain.surface_probe.v1,surface_probe_schema_v1,1335,terrain.heightmap_mesh,analytic_heightmap_with_scm_sinkage,0.200,0.300,0.03350,-0.15200,0.01987,0.98818,0.5961,0.5961,0.12372,0.5961,0.12372,fallback_pychrono_unavailable
environment_terrain_component_demo,terrain.surface_probe.v1,surface_probe_schema_v1,1336,terrain.heightmap_mesh,analytic_heightmap_with_scm_sinkage,0.200,0.400,0.03058,-0.14125,0.02593,0.98963,0.5982,0.5982,0.10129,0.5982,0.10129,fallback_pychrono_unavailable
environment_terrain_component_demo,terrain.surface_probe.v1,surface_probe_schema_v1,1337,terrain.heightmap_mesh,analytic_heightmap_with_scm_sinkage,0.200,0.500,0.02731,-0.12773,0.03150,0.99131,0.6005,0.6005,0.07833,0.6005,0.07833,fallback_pychrono_unavailable
environment_terrain_component_demo,terrain.surface_probe.v1,surface_probe_schema_v1,1338,terrain.heightmap_mesh,analytic_heightmap_with_scm_sinkage,0.200,0.600,0.02369,-0.11166,0.03647,0.99308,0.6031,0.6031,0.05720,0.6031,0.05720,fallback_pychrono_unavailable
environment_terrain_component_demo,terrain.surface_probe.v1,surface_probe_schema_v1,1339,terrain.heightmap_mesh,analytic_heightmap_with_scm_sinkage,0.200,0.700,0.01970,-0.09335,0.04075,0.99480,0.6059,0.6059,0.03946,0.6059,0.03946,fallback_pychrono_unavailable
environment_terrain_component_demo,terrain.surface_probe.v1,surface_probe_schema_v1,1340,terrain.heightmap_mesh,analytic_heightmap_with_scm_sinkage,0.200,0.800,0.01538,-0.07313,0.04423,0.99634,0.6090,0.6090,0.02570,0.6090,0.02570,fallback_pychrono_unavailable
environment_terrain_component_demo,terrain.surface_probe.v1,surface_probe_schema_v1,1341,terrain.heightmap_mesh,analytic_heightmap_with_scm_sinkage,0.200,0.900,0.01078,-0.05139,0.04684,0.99758,0.6123,0.6123,0.01581,0.6123,0.01581,fallback_pychrono_unavailable
environment_terrain_component_demo,terrain.surface_probe.v1,surface_probe_schema_v1,1342,terrain.heightmap_mesh,analytic_heightmap_with_scm_sinkage,0.200,1.000,0.00599,-0.02859,0.04852,0.99841,0.6157,0.6157,0.00919,0.6157,0.00919,fallback_pychrono_unavailable
environment_terrain_component_demo,terrain.surface_probe.v1,surface_probe_schema_v1,1343,terrain.heightmap_mesh,analytic_heightmap_with_scm_sinkage,0.200,1.100,0.00109,-0.00518,0.04923,0.99877,0.6192,0.6192,0.00504,0.6192,0.00504,fallback_pychrono_unavailable
environment_terrain_component_demo,terrain.surface_probe.v1,surface_probe_schema_v1,1344,terrain.heightmap_mesh,analytic_heightmap_with_scm_sinkage,0.200,1.200,-0.00384,0.01833,0.04896,0.99863,0.6173,0.6173,0.00261,0.6173,0.00261,fallback_pychrono_unavailable
environment_terrain_component_demo,terrain.surface_probe.v1,surface_probe_schema_v1,1345,terrain.heightmap_mesh,analytic_heightmap_with_scm_sinkage,0.200,1.300,-0.00869,0.04146,0.04770,0.99800,0.6138,0.6138,0.00128,0.6138,0.00128,fallback_pychrono_unavailable
environment_terrain_component_demo,terrain.surface_probe.v1,surface_probe_schema_v1,1346,terrain.heightmap_mesh,analytic_heightmap_with_scm_sinkage,0.200,1.400,-0.01337,0.06373,0.04549,0.99693,0.6105,0.6105,0.00059,0.6105,0.00059,fallback_pychrono_unavailable
environment_terrain_component_demo,terrain.surface_probe.v1,surface_probe_schema_v1,1347,terrain.heightmap_mesh,analytic_heightmap_with_scm_sinkage,0.200,1.500,-0.01778,0.08467,0.04238,0.99551,0.6073,0.6073,0.00026,0.6073,0.00026,fallback_pychrono_unavailable
environment_terrain_component_demo,terrain.surface_probe.v1,surface_probe_schema_v1,1348,terrain.heightmap_mesh,analytic_heightmap_with_scm_sinkage,0.200,1.600,-0.02185,0.10386,0.03844,0.99385,0.6044,0.6044,0.00011,0.6044,0.00011,fallback_pychrono_unavailable
environment_terrain_component_demo,terrain.surface_probe.v1,surface_probe_schema_v1,1349,terrain.heightmap_mesh,analytic_heightmap_with_scm_sinkage,0.200,1.700,-0.02550,0.12096,0.03376,0.99208,0.6018,0.6018,0.00004,0.6018,0.00004,fallback_pychrono_unavailable
environment_terrain_component_demo,terrain.surface_probe.v1,surface_probe_schema_v1,1350,terrain.heightmap_mesh,analytic_heightmap_with_scm_sinkage,0.200,1.800,-0.02864,0.13563,0.02844,0.99035,0.5995,0.5995,0.00002,0.5995,0.00002,fallback_pychrono_unavailable
environment_terrain_component_demo,terrain.surface_probe.v1,surface_probe_schema_v1,1351,terrain.heightmap_mesh,analytic_heightmap_with_scm_sinkage,0.200,1.900,-0.03122,0.14763,0.02259,0.98879,0.5977,0.5977,0.00001,0.5977,0.00001,fallback_pychrono_unavailable
environment_terrain_component_demo,terrain.surface_probe.v1,surface_probe_schema_v1,1352,terrain.heightmap_mesh,analytic_heightmap_with_scm_sinkage,0.200,2.000,-0.03319,0.15674,0.01631,0.98750,0.5963,0.5963,0.00000,0.5963,0.00000,fallback_pychrono_unavailable
environment_terrain_component_demo,terrain.surface_probe.v1,surface_probe_schema_v1,1353,terrain.heightmap_mesh,analytic_heightmap_with_scm_sinkage,0.300,-2.000,-0.04844,0.14391,-0.02385,0.98930,0.5854,0.5854,0.00000,0.5854,0.00000,fallback_pychrono_unavailable
environment_terrain_component_demo,terrain.surface_probe.v1,surface_probe_schema_v1,1354,terrain.heightmap_mesh,analytic_heightmap_with_scm_sinkage,0.300,-1.900,-0.04556,0.13549,-0.03301,0.99023,0.5875,0.5875,0.00001,0.5875,0.00001,fallback_pychrono_unavailable
environment_terrain_component_demo,terrain.surface_probe.v1,surface_probe_schema_v1,1355,terrain.heightmap_mesh,analytic_heightmap_with_scm_sinkage,0.300,-1.800,-0.04179,0.12443,-0.04155,0.99136,0.5901,0.5901,0.00002,0.5901,0.00002,fallback_pychrono_unavailable
environment_terrain_component_demo,terrain.surface_probe.v1,surface_probe_schema_v1,1356,terrain.heightmap_mesh,analytic_heightmap_with_scm_sinkage,0.300,-1.700,-0.03719,0.11091,-0.04930,0.99261,0.5934,0.5934,0.00004,0.5934,0.00004,fallback_pychrono_unavailable
environment_terrain_component_demo,terrain.surface_probe.v1,surface_probe_schema_v1,1357,terrain.heightmap_mesh,analytic_heightmap_with_scm_sinkage,0.300,-1.600,-0.03185,0.09519,-0.05611,0.99388,0.5973,0.5973,0.00011,0.5973,0.00011,fallback_pychrono_unavailable
environment_terrain_component_demo,terrain.surface_probe.v1,surface_probe_schema_v1,1358,terrain.heightmap_mesh,analytic_heightmap_with_scm_sinkage,0.300,-1.500,-0.02584,0.07756,-0.06183,0.99507,0.6015,0.6015,0.00026,0.6015,0.00026,fallback_pychrono_unavailable
environment_terrain_component_demo,terrain.surface_probe.v1,surface_probe_schema_v1,1359,terrain.heightmap_mesh,analytic_heightmap_with_scm_sinkage,0.300,-1.400,-0.01924,0.05835,-0.06634,0.99609,0.6063,0.6063,0.00059,0.6063,0.00059,fallback_pychrono_unavailable
environment_terrain_component_demo,terrain.surface_probe.v1,surface_probe_schema_v1,1360,terrain.heightmap_mesh,analytic_heightmap_with_scm_sinkage,0.300,-1.300,-0.01210,0.03796,-0.06954,0.99686,0.6114,0.6114,0.00127,0.6114,0.00127,fallback_pychrono_unavailable
environment_terrain_component_demo,terrain.surface_probe.v1,surface_probe_schema_v1,1361,terrain.heightmap_mesh,analytic_heightmap_with_scm_sinkage,0.300,-1.200,-0.00447,0.01678,-0.07136,0.99731,0.6168,0.6168,0.00260,0.6168,0.00260,fallback_pychrono_unavailable
environment_terrain_component_demo,terrain.surface_probe.v1,surface_probe_schema_v1,1362,terrain.heightmap_mesh,analytic_heightmap_with_scm_sinkage,0.300,-1.100,0.00366,-0.00474,-0.07176,0.99741,0.6174,0.6174,0.00501,0.6174,0.00501,fallback_pychrono_unavailable
environment_terrain_component_demo,terrain.surface_probe.v1,surface_probe_schema_v1,1363,terrain.heightmap_mesh,analytic_heightmap_with_scm_sinkage,0.300,-1.000,0.01223,-0.02617,-0.07073,0.99715,0.6113,0.6113,0.00913,0.6113,0.00913,fallback_pychrono_unavailable
environment_terrain_component_demo,terrain.surface_probe.v1,surface_probe_schema_v1,1364,terrain.heightmap_mesh,analytic_heightmap_with_scm_sinkage,0.300,-0.900,0.02114,-0.04705,-0.06829,0.99656,0.6049,0.6049,0.01571,0.6049,0.01571,fallback_pychrono_unavailable
environment_terrain_component_demo,terrain.surface_probe.v1,surface_probe_schema_v1,1365,terrain.heightmap_mesh,analytic_heightmap_with_scm_sinkage,0.300,-0.800,0.03016,-0.06697,-0.06451,0.99567,0.5985,0.5985,0.02553,0.5985,0.02553,fallback_pychrono_unavailable
environment_terrain_component_demo,terrain.surface_probe.v1,surface_probe_schema_v1,1366,terrain.heightmap_mesh,analytic_heightmap_with_scm_sinkage,0.300,-0.700,0.03890,-0.08553,-0.05945,0.99456,0.5922,0.5922,0.03919,0.5922,0.03919,fallback_pychrono_unavailable
environment_terrain_component_demo,terrain.surface_probe.v1,surface_probe_schema_v1,1367,terrain.heightmap_mesh,analytic_heightmap_with_scm_sinkage,0.300,-0.600,0.04686,-0.10236,-0.05324,0.99332,0.5865,0.5865,0.05682,0.5865,0.05682,fallback_pychrono_unavailable
environment_terrain_component_demo,terrain.surface_probe.v1,surface_probe_schema_v1,1368,terrain.heightmap_mesh,analytic_heightmap_with_scm_sinkage,0.300,-0.500,0.05346,-0.11714,-0.04600,0.99205,0.5818,0.5818,0.07781,0.5818,0.07781,fallback_pychrono_unavailable
environment_terrain_component_demo,terrain.surface_probe.v1,surface_probe_schema_v1,1369,terrain.heightmap_mesh,analytic_heightmap_with_scm_sinkage,0.300,-0.400,0.05828,-0.12961,-0.03788,0.99084,0.5784,0.5784,0.10062,0.5784,0.10062,fallback_pychrono_unavailable
environment_terrain_component_demo,terrain.surface_probe.v1,surface_probe_schema_v1,1370,terrain.heightmap_mesh,analytic_heightmap_with_scm_sinkage,0.300,-0.300,0.06108,-0.13953,-0.02905,0.98979,0.5764,0.5764,0.12290,0.5764,0.12290,fallback_pychrono_unavailable
environment_terrain_component_demo,terrain.surface_probe.v1,surface_probe_schema_v1,1371,terrain.heightmap_mesh,analytic_heightmap_with_scm_sinkage,0.300,-0.200,0.06195,-0.14674,-0.01967,0.98898,0.5757,0.5757,0.14177,0.5757,0.14177,fallback_pychrono_unavailable
environment_terrain_component_demo,terrain.surface_probe.v1,surface_probe_schema_v1,1372,terrain.heightmap_mesh,analytic_heightmap_with_scm_sinkage,0.300,-0.100,0.06118,-0.15111,-0.00993,0.98847,0.5763,0.5763,0.15446,0.5763,0.15446,fallback_pychrono_unavailable
environment_terrain_component_demo,terrain.surface_probe.v1,surface_probe_schema_v1,1373,terrain.heightmap_mesh,analytic_heightmap_with_scm_sinkage,0.300,0.000,0.05917,-0.15258,0.00000,0.98829,0.5777,0.5777,0.15894,0.5777,0.15894,fallback_pychrono_unavailable
environment_terrain_component_demo,terrain.surface_probe.v1,surface_probe_schema_v1,1374,terrain.heightmap_mesh,analytic_heightmap_with_scm_sinkage,0.300,0.100,0.05632,-0.15111,0.00993,0.98847,0.5798,0.5798,0.15446,0.5798,0.15446,fallback_pychrono_unavailable
environment_terrain_component_demo,terrain.surface_probe.v1,surface_probe_schema_v1,1375,terrain.heightmap_mesh,analytic_heightmap_with_scm_sinkage,0.300,0.200,0.05290,-0.14674,0.01967,0.98898,0.5822,0.5822,0.14177,0.5822,0.14177,fallback_pychrono_unavailable
environment_terrain_component_demo,terrain.surface_probe.v1,surface_probe_schema_v1,1376,terrain.heightmap_mesh,analytic_heightmap_with_scm_sinkage,0.300,0.300,0.04902,-0.13953,0.02905,0.98979,0.5850,0.5850,0.12290,0.5850,0.12290,fallback_pychrono_unavailable
environment_terrain_component_demo,terrain.surface_probe.v1,surface_probe_schema_v1,1377,terrain.heightmap_mesh,analytic_heightmap_with_scm_sinkage,0.300,0.400,0.04470,-0.12961,0.03788,0.99084,0.5881,0.5881,0.10062,0.5881,0.10062,fallback_pychrono_unavailable
environment_terrain_component_demo,terrain.surface_probe.v1,surface_probe_schema_v1,1378,terrain.heightmap_mesh,analytic_heightmap_with_scm_sinkage,0.300,0.500,0.03990,-0.11714,0.04600,0.99205,0.5915,0.5915,0.07781,0.5915,0.07781,fallback_pychrono_unavailable
environment_terrain_component_demo,terrain.surface_probe.v1,surface_probe_schema_v1,1379,terrain.heightmap_mesh,analytic_heightmap_with_scm_sinkage,0.300,0.600,0.03459,-0.10236,0.05324,0.99332,0.5953,0.5953,0.05682,0.5953,0.05682,fallback_pychrono_unavailable
environment_terrain_component_demo,terrain.surface_probe.v1,surface_probe_schema_v1,1380,terrain.heightmap_mesh,analytic_heightmap_with_scm_sinkage,0.300,0.700,0.02875,-0.08553,0.05945,0.99456,0.5995,0.5995,0.03919,0.5995,0.03919,fallback_pychrono_unavailable
environment_terrain_component_demo,terrain.surface_probe.v1,surface_probe_schema_v1,1381,terrain.heightmap_mesh,analytic_heightmap_with_scm_sinkage,0.300,0.800,0.02245,-0.06697,0.06451,0.99567,0.6040,0.6040,0.02553,0.6040,0.02553,fallback_pychrono_unavailable
environment_terrain_component_demo,terrain.surface_probe.v1,surface_probe_schema_v1,1382,terrain.heightmap_mesh,analytic_heightmap_with_scm_sinkage,0.300,0.900,0.01574,-0.04705,0.06829,0.99656,0.6088,0.6088,0.01571,0.6088,0.01571,fallback_pychrono_unavailable
environment_terrain_component_demo,terrain.surface_probe.v1,surface_probe_schema_v1,1383,terrain.heightmap_mesh,analytic_heightmap_with_scm_sinkage,0.300,1.000,0.00874,-0.02617,0.07073,0.99715,0.6138,0.6138,0.00913,0.6138,0.00913,fallback_pychrono_unavailable
environment_terrain_component_demo,terrain.surface_probe.v1,surface_probe_schema_v1,1384,terrain.heightmap_mesh,analytic_heightmap_with_scm_sinkage,0.300,1.100,0.00158,-0.00474,0.07176,0.99741,0.6189,0.6189,0.00501,0.6189,0.00501,fallback_pychrono_unavailable
environment_terrain_component_demo,terrain.surface_probe.v1,surface_probe_schema_v1,1385,terrain.heightmap_mesh,analytic_heightmap_with_scm_sinkage,0.300,1.200,-0.00560,0.01678,0.07136,0.99731,0.6160,0.6160,0.00260,0.6160,0.00260,fallback_pychrono_unavailable
environment_terrain_component_demo,terrain.surface_probe.v1,surface_probe_schema_v1,1386,terrain.heightmap_mesh,analytic_heightmap_with_scm_sinkage,0.300,1.300,-0.01268,0.03796,0.06954,0.99686,0.6109,0.6109,0.00127,0.6109,0.00127,fallback_pychrono_unavailable
environment_terrain_component_demo,terrain.surface_probe.v1,surface_probe_schema_v1,1387,terrain.heightmap_mesh,analytic_heightmap_with_scm_sinkage,0.300,1.400,-0.01951,0.05835,0.06634,0.99609,0.6061,0.6061,0.00059,0.6061,0.00059,fallback_pychrono_unavailable
environment_terrain_component_demo,terrain.surface_probe.v1,surface_probe_schema_v1,1388,terrain.heightmap_mesh,analytic_heightmap_with_scm_sinkage,0.300,1.500,-0.02596,0.07756,0.06183,0.99507,0.6015,0.6015,0.00026,0.6015,0.00026,fallback_pychrono_unavailable
environment_terrain_component_demo,terrain.surface_probe.v1,surface_probe_schema_v1,1389,terrain.heightmap_mesh,analytic_heightmap_with_scm_sinkage,0.300,1.600,-0.03190,0.09519,0.05611,0.99388,0.5972,0.5972,0.00011,0.5972,0.00011,fallback_pychrono_unavailable
environment_terrain_component_demo,terrain.surface_probe.v1,surface_probe_schema_v1,1390,terrain.heightmap_mesh,analytic_heightmap_with_scm_sinkage,0.300,1.700,-0.03721,0.11091,0.04930,0.99261,0.5934,0.5934,0.00004,0.5934,0.00004,fallback_pychrono_unavailable
environment_terrain_component_demo,terrain.surface_probe.v1,surface_probe_schema_v1,1391,terrain.heightmap_mesh,analytic_heightmap_with_scm_sinkage,0.300,1.800,-0.04180,0.12443,0.04155,0.99136,0.5901,0.5901,0.00002,0.5901,0.00002,fallback_pychrono_unavailable
environment_terrain_component_demo,terrain.surface_probe.v1,surface_probe_schema_v1,1392,terrain.heightmap_mesh,analytic_heightmap_with_scm_sinkage,0.300,1.900,-0.04557,0.13549,0.03301,0.99023,0.5875,0.5875,0.00001,0.5875,0.00001,fallback_pychrono_unavailable
environment_terrain_component_demo,terrain.surface_probe.v1,surface_probe_schema_v1,1393,terrain.heightmap_mesh,analytic_heightmap_with_scm_sinkage,0.300,2.000,-0.04844,0.14391,0.02385,0.98930,0.5854,0.5854,0.00000,0.5854,0.00000,fallback_pychrono_unavailable
environment_terrain_component_demo,terrain.surface_probe.v1,surface_probe_schema_v1,1394,terrain.heightmap_mesh,analytic_heightmap_with_scm_sinkage,0.400,-2.000,-0.06213,0.12642,-0.03066,0.99150,0.5756,0.5756,0.00000,0.5756,0.00000,fallback_pychrono_unavailable
environment_terrain_component_demo,terrain.surface_probe.v1,surface_probe_schema_v1,1395,terrain.heightmap_mesh,analytic_heightmap_with_scm_sinkage,0.400,-1.900,-0.05844,0.11897,-0.04242,0.99199,0.5783,0.5783,0.00001,0.5783,0.00001,fallback_pychrono_unavailable
environment_terrain_component_demo,terrain.surface_probe.v1,surface_probe_schema_v1,1396,terrain.heightmap_mesh,analytic_heightmap_with_scm_sinkage,0.400,-1.800,-0.05360,0.10920,-0.05336,0.99259,0.5817,0.5817,0.00001,0.5817,0.00001,fallback_pychrono_unavailable
environment_terrain_component_demo,terrain.surface_probe.v1,surface_probe_schema_v1,1397,terrain.heightmap_mesh,analytic_heightmap_with_scm_sinkage,0.400,-1.700,-0.04770,0.09728,-0.06327,0.99324,0.5859,0.5859,0.00004,0.5859,0.00004,fallback_pychrono_unavailable
environment_terrain_component_demo,terrain.surface_probe.v1,surface_probe_schema_v1,1398,terrain.heightmap_mesh,analytic_heightmap_with_scm_sinkage,0.400,-1.600,-0.04084,0.08344,-0.07196,0.99391,0.5908,0.5908,0.00010,0.5908,0.00010,fallback_pychrono_unavailable
environment_terrain_component_demo,terrain.surface_probe.v1,surface_probe_schema_v1,1399,terrain.heightmap_mesh,analytic_heightmap_with_scm_sinkage,0.400,-1.500,-0.03312,0.06795,-0.07925,0.99454,0.5963,0.5963,0.00025,0.5963,0.00025,fallback_pychrono_unavailable
environment_terrain_component_demo,terrain.surface_probe.v1,surface_probe_schema_v1,1400,terrain.heightmap_mesh,analytic_heightmap_with_scm_sinkage,0.400,-1.400,-0.02463,0.05110,-0.08499,0.99507,0.6024,0.6024,0.00058,0.6024,0.00058,fallback_pychrono_unavailable
environment_terrain_component_demo,terrain.surface_probe.v1,surface_probe_schema_v1,1401,terrain.heightmap_mesh,analytic_heightmap_with_scm_sinkage,0.400,-1.300,-0.01544,0.03322,-0.08906,0.99547,0.6090,0.6090,0.00125,0.6090,0.00125,fallback_pychrono_unavailable
environment_terrain_component_demo,terrain.surface_probe.v1,surface_probe_schema_v1,1402,terrain.heightmap_mesh,analytic_heightmap_with_scm_sinkage,0.400,-1.200,-0.00556,0.01469,-0.09137,0.99571,0.6160,0.6160,0.00255,0.6160,0.00255,fallback_pychrono_unavailable
environment_terrain_component_demo,terrain.surface_probe.v1,surface_probe_schema_v1,1403,terrain.heightmap_mesh,analytic_heightmap_with_scm_sinkage,0.400,-1.100,0.00500,-0.00415,-0.09188,0.99576,0.6164,0.6164,0.00491,0.6164,0.00491,fallback_pychrono_unavailable
environment_terrain_component_demo,terrain.surface_probe.v1,surface_probe_schema_v1,1404,terrain.heightmap_mesh,analytic_heightmap_with_scm_sinkage,0.400,-1.000,0.01620,-0.02290,-0.09057,0.99563,0.6084,0.6084,0.00895,0.6084,0.00895,fallback_pychrono_unavailable
environment_terrain_component_demo,terrain.surface_probe.v1,surface_probe_schema_v1,1405,terrain.heightmap_mesh,analytic_heightmap_with_scm_sinkage,0.400,-0.900,0.02792,-0.04119,-0.08748,0.99531,0.6001,0.6001,0.01540,0.6001,0.01540,fallback_pychrono_unavailable
environment_terrain_component_demo,terrain.surface_probe.v1,surface_probe_schema_v1,1406,terrain.heightmap_mesh,analytic_heightmap_with_scm_sinkage,0.400,-0.800,0.03985,-0.05866,-0.08266,0.99485,0.5915,0.5915,0.02503,0.5915,0.02503,fallback_pychrono_unavailable
environment_terrain_component_demo,terrain.surface_probe.v1,surface_probe_schema_v1,1407,terrain.heightmap_mesh,analytic_heightmap_with_scm_sinkage,0.400,-0.700,0.05144,-0.07495,-0.07623,0.99427,0.5833,0.5833,0.03842,0.5833,0.03842,fallback_pychrono_unavailable
environment_terrain_component_demo,terrain.surface_probe.v1,surface_probe_schema_v1,1408,terrain.heightmap_mesh,analytic_heightmap_with_scm_sinkage,0.400,-0.600,0.06198,-0.08975,-0.06830,0.99362,0.5757,0.5757,0.05570,0.5757,0.05570,fallback_pychrono_unavailable
environment_terrain_component_demo,terrain.surface_probe.v1,surface_probe_schema_v1,1409,terrain.heightmap_mesh,analytic_heightmap_with_scm_sinkage,0.400,-0.500,0.07070,-0.10277,-0.05905,0.99295,0.5695,0.5695,0.07627,0.5695,0.07627,fallback_pychrono_unavailable
environment_terrain_component_demo,terrain.surface_probe.v1,surface_probe_schema_v1,1410,terrain.heightmap_mesh,analytic_heightmap_with_scm_sinkage,0.400,-0.400,0.07696,-0.11377,-0.04866,0.99231,0.5650,0.5650,0.09863,0.5650,0.09863,fallback_pychrono_unavailable
environment_terrain_component_demo,terrain.surface_probe.v1,surface_probe_schema_v1,1411,terrain.heightmap_mesh,analytic_heightmap_with_scm_sinkage,0.400,-0.300,0.08047,-0.12255,-0.03733,0.99176,0.5625,0.5625,0.12047,0.5625,0.12047,fallback_pychrono_unavailable
environment_terrain_component_demo,terrain.surface_probe.v1,surface_probe_schema_v1,1412,terrain.heightmap_mesh,analytic_heightmap_with_scm_sinkage,0.400,-0.200,0.08134,-0.12893,-0.02529,0.99133,0.5619,0.5619,0.13896,0.5619,0.13896,fallback_pychrono_unavailable
environment_terrain_component_demo,terrain.surface_probe.v1,surface_probe_schema_v1,1413,terrain.heightmap_mesh,analytic_heightmap_with_scm_sinkage,0.400,-0.100,0.08001,-0.13280,-0.01277,0.99106,0.5629,0.5629,0.15140,0.5629,0.15140,fallback_pychrono_unavailable
environment_terrain_component_demo,terrain.surface_probe.v1,surface_probe_schema_v1,1414,terrain.heightmap_mesh,analytic_heightmap_with_scm_sinkage,0.400,0.000,0.07706,-0.13410,0.00000,0.99097,0.5650,0.5650,0.15579,0.5650,0.15579,fallback_pychrono_unavailable
environment_terrain_component_demo,terrain.surface_probe.v1,surface_probe_schema_v1,1415,terrain.heightmap_mesh,analytic_heightmap_with_scm_sinkage,0.400,0.100,0.07305,-0.13280,0.01277,0.99106,0.5678,0.5678,0.15140,0.5678,0.15140,fallback_pychrono_unavailable
environment_terrain_component_demo,terrain.surface_probe.v1,surface_probe_schema_v1,1416,terrain.heightmap_mesh,analytic_heightmap_with_scm_sinkage,0.400,0.200,0.06837,-0.12893,0.02529,0.99133,0.5712,0.5712,0.13896,0.5712,0.13896,fallback_pychrono_unavailable
environment_terrain_component_demo,terrain.surface_probe.v1,surface_probe_schema_v1,1417,terrain.heightmap_mesh,analytic_heightmap_with_scm_sinkage,0.400,0.300,0.06318,-0.12255,0.03733,0.99176,0.5749,0.5749,0.12047,0.5749,0.12047,fallback_pychrono_unavailable
environment_terrain_component_demo,terrain.surface_probe.v1,surface_probe_schema_v1,1418,terrain.heightmap_mesh,analytic_heightmap_with_scm_sinkage,0.400,0.400,0.05750,-0.11377,0.04866,0.99231,0.5789,0.5789,0.09863,0.5789,0.09863,fallback_pychrono_unavailable
environment_terrain_component_demo,terrain.surface_probe.v1,surface_probe_schema_v1,1419,terrain.heightmap_mesh,analytic_heightmap_with_scm_sinkage,0.400,0.500,0.05126,-0.10277,0.05905,0.99295,0.5834,0.5834,0.07627,0.5834,0.07627,fallback_pychrono_unavailable
environment_terrain_component_demo,terrain.surface_probe.v1,surface_probe_schema_v1,1420,terrain.heightmap_mesh,analytic_heightmap_with_scm_sinkage,0.400,0.600,0.04440,-0.08975,0.06830,0.99362,0.5883,0.5883,0.05570,0.5883,0.05570,fallback_pychrono_unavailable
environment_terrain_component_demo,terrain.surface_probe.v1,surface_probe_schema_v1,1421,terrain.heightmap_mesh,analytic_heightmap_with_scm_sinkage,0.400,0.700,0.03690,-0.07495,0.07623,0.99427,0.5936,0.5936,0.03842,0.5936,0.03842,fallback_pychrono_unavailable
environment_terrain_component_demo,terrain.surface_probe.v1,surface_probe_schema_v1,1422,terrain.heightmap_mesh,analytic_heightmap_with_scm_sinkage,0.400,0.800,0.02879,-0.05866,0.08266,0.99485,0.5994,0.5994,0.02503,0.5994,0.02503,fallback_pychrono_unavailable
environment_terrain_component_demo,terrain.surface_probe.v1,surface_probe_schema_v1,1423,terrain.heightmap_mesh,analytic_heightmap_with_scm_sinkage,0.400,0.900,0.02019,-0.04119,0.08748,0.99531,0.6056,0.6056,0.01540,0.6056,0.01540,fallback_pychrono_unavailable
environment_terrain_component_demo,terrain.surface_probe.v1,surface_probe_schema_v1,1424,terrain.heightmap_mesh,analytic_heightmap_with_scm_sinkage,0.400,1.000,0.01122,-0.02290,0.09057,0.99563,0.6120,0.6120,0.00895,0.6120,0.00895,fallback_pychrono_unavailable
environment_terrain_component_demo,terrain.surface_probe.v1,surface_probe_schema_v1,1425,terrain.heightmap_mesh,analytic_heightmap_with_scm_sinkage,0.400,1.100,0.00203,-0.00415,0.09188,0.99576,0.6185,0.6185,0.00491,0.6185,0.00491,fallback_pychrono_unavailable
environment_terrain_component_demo,terrain.surface_probe.v1,surface_probe_schema_v1,1426,terrain.heightmap_mesh,analytic_heightmap_with_scm_sinkage,0.400,1.200,-0.00719,0.01469,0.09137,0.99571,0.6149,0.6149,0.00255,0.6149,0.00255,fallback_pychrono_unavailable
environment_terrain_component_demo,terrain.surface_probe.v1,surface_probe_schema_v1,1427,terrain.heightmap_mesh,analytic_heightmap_with_scm_sinkage,0.400,1.300,-0.01626,0.03322,0.08906,0.99547,0.6084,0.6084,0.00125,0.6084,0.00125,fallback_pychrono_unavailable
environment_terrain_component_demo,terrain.surface_probe.v1,surface_probe_schema_v1,1428,terrain.heightmap_mesh,analytic_heightmap_with_scm_sinkage,0.400,1.400,-0.02502,0.05110,0.08499,0.99507,0.6021,0.6021,0.00058,0.6021,0.00058,fallback_pychrono_unavailable
environment_terrain_component_demo,terrain.surface_probe.v1,surface_probe_schema_v1,1429,terrain.heightmap_mesh,analytic_heightmap_with_scm_sinkage,0.400,1.500,-0.03329,0.06795,0.07925,0.99454,0.5962,0.5962,0.00025,0.5962,0.00025,fallback_pychrono_unavailable
environment_terrain_component_demo,terrain.surface_probe.v1,surface_probe_schema_v1,1430,terrain.heightmap_mesh,analytic_heightmap_with_scm_sinkage,0.400,1.600,-0.04091,0.08344,0.07196,0.99391,0.5908,0.5908,0.00010,0.5908,0.00010,fallback_pychrono_unavailable
environment_terrain_component_demo,terrain.surface_probe.v1,surface_probe_schema_v1,1431,terrain.heightmap_mesh,analytic_heightmap_with_scm_sinkage,0.400,1.700,-0.04772,0.09728,0.06327,0.99324,0.5859,0.5859,0.00004,0.5859,0.00004,fallback_pychrono_unavailable
environment_terrain_component_demo,terrain.surface_probe.v1,surface_probe_schema_v1,1432,terrain.heightmap_mesh,analytic_heightmap_with_scm_sinkage,0.400,1.800,-0.05360,0.10920,0.05336,0.99259,0.5817,0.5817,0.00001,0.5817,0.00001,fallback_pychrono_unavailable
environment_terrain_component_demo,terrain.surface_probe.v1,surface_probe_schema_v1,1433,terrain.heightmap_mesh,analytic_heightmap_with_scm_sinkage,0.400,1.900,-0.05844,0.11897,0.04242,0.99199,0.5783,0.5783,0.00001,0.5783,0.00001,fallback_pychrono_unavailable
environment_terrain_component_demo,terrain.surface_probe.v1,surface_probe_schema_v1,1434,terrain.heightmap_mesh,analytic_heightmap_with_scm_sinkage,0.400,2.000,-0.06213,0.12642,0.03066,0.99150,0.5756,0.5756,0.00000,0.5756,0.00000,fallback_pychrono_unavailable
environment_terrain_component_demo,terrain.surface_probe.v1,surface_probe_schema_v1,1435,terrain.heightmap_mesh,analytic_heightmap_with_scm_sinkage,0.500,-2.000,-0.07381,0.10477,-0.03651,0.99383,0.5673,0.5673,0.00000,0.5673,0.00000,fallback_pychrono_unavailable
environment_terrain_component_demo,terrain.surface_probe.v1,surface_probe_schema_v1,1436,terrain.heightmap_mesh,analytic_heightmap_with_scm_sinkage,0.500,-1.900,-0.06942,0.09855,-0.05048,0.99385,0.5704,0.5704,0.00000,0.5704,0.00000,fallback_pychrono_unavailable
environment_terrain_component_demo,terrain.surface_probe.v1,surface_probe_schema_v1,1437,terrain.heightmap_mesh,analytic_heightmap_with_scm_sinkage,0.500,-1.800,-0.06367,0.09040,-0.06347,0.99388,0.5745,0.5745,0.00001,0.5745,0.00001,fallback_pychrono_unavailable
environment_terrain_component_demo,terrain.surface_probe.v1,surface_probe_schema_v1,1438,terrain.heightmap_mesh,analytic_heightmap_with_scm_sinkage,0.500,-1.700,-0.05666,0.08049,-0.07522,0.99391,0.5795,0.5795,0.00004,0.5795,0.00004,fallback_pychrono_unavailable
environment_terrain_component_demo,terrain.surface_probe.v1,surface_probe_schema_v1,1439,terrain.heightmap_mesh,analytic_heightmap_with_scm_sinkage,0.500,-1.600,-0.04851,0.06899,-0.08549,0.99395,0.5854,0.5854,0.00010,0.5854,0.00010,fallback_pychrono_unavailable
environment_terrain_component_demo,terrain.surface_probe.v1,surface_probe_schema_v1,1440,terrain.heightmap_mesh,analytic_heightmap_with_scm_sinkage,0.500,-1.500,-0.03933,0.05615,-0.09409,0.99398,0.5919,0.5919,0.00024,0.5919,0.00024,fallback_pychrono_unavailable
environment_terrain_component_demo,terrain.surface_probe.v1,surface_probe_schema_v1,1441,terrain.heightmap_mesh,analytic_heightmap_with_scm_sinkage,0.500,-1.400,-0.02921,0.04220,-0.10086,0.99401,0.5991,0.5991,0.00056,0.5991,0.00056,fallback_pychrono_unavailable
environment_terrain_component_demo,terrain.surface_probe.v1,surface_probe_schema_v1,1442,terrain.heightmap_mesh,analytic_heightmap_with_scm_sinkage,0.500,-1.300,-0.01823,0.02743,-0.10564,0.99403,0.6070,0.6070,0.00121,0.6070,0.00121,fallback_pychrono_unavailable
environment_terrain_component_demo,terrain.surface_probe.v1,surface_probe_schema_v1,1443,terrain.heightmap_mesh,analytic_heightmap_with_scm_sinkage,0.500,-1.200,-0.00638,0.01212,-0.10836,0.99404,0.6154,0.6154,0.00246,0.6154,0.00246,fallback_pychrono_unavailable
environment_terrain_component_demo,terrain.surface_probe.v1,surface_probe_schema_v1,1444,terrain.heightmap_mesh,analytic_heightmap_with_scm_sinkage,0.500,-1.100,0.00634,-0.00342,-0.10896,0.99404,0.6155,0.6155,0.00475,0.6155,0.00475,fallback_pychrono_unavailable
environment_terrain_component_demo,terrain.surface_probe.v1,surface_probe_schema_v1,1445,terrain.heightmap_mesh,analytic_heightmap_with_scm_sinkage,0.500,-1.000,0.01993,-0.01890,-0.10743,0.99403,0.6058,0.6058,0.00865,0.6058,0.00865,fallback_pychrono_unavailable
environment_terrain_component_demo,terrain.surface_probe.v1,surface_probe_schema_v1,1446,terrain.heightmap_mesh,analytic_heightmap_with_scm_sinkage,0.500,-0.900,0.03422,-0.03401,-0.10379,0.99402,0.5956,0.5956,0.01489,0.5956,0.01489,fallback_pychrono_unavailable
environment_terrain_component_demo,terrain.surface_probe.v1,surface_probe_schema_v1,1447,terrain.heightmap_mesh,analytic_heightmap_with_scm_sinkage,0.500,-0.800,0.04884,-0.04846,-0.09812,0.99399,0.5851,0.5851,0.02421,0.5851,0.02421,fallback_pychrono_unavailable
environment_terrain_component_demo,terrain.surface_probe.v1,surface_probe_schema_v1,1448,terrain.heightmap_mesh,analytic_heightmap_with_scm_sinkage,0.500,-0.700,0.06310,-0.06195,-0.09053,0.99397,0.5749,0.5749,0.03716,0.5749,0.03716,fallback_pychrono_unavailable
environment_terrain_component_demo,terrain.surface_probe.v1,surface_probe_schema_v1,1449,terrain.heightmap_mesh,analytic_heightmap_with_scm_sinkage,0.500,-0.600,0.07606,-0.07423,-0.08117,0.99393,0.5657,0.5657,0.05387,0.5657,0.05387,fallback_pychrono_unavailable
environment_terrain_component_demo,terrain.surface_probe.v1,surface_probe_schema_v1,1450,terrain.heightmap_mesh,analytic_heightmap_with_scm_sinkage,0.500,-0.500,0.08672,-0.08506,-0.07022,0.99390,0.5581,0.5581,0.07377,0.5581,0.07377,fallback_pychrono_unavailable
environment_terrain_component_demo,terrain.surface_probe.v1,surface_probe_schema_v1,1451,terrain.heightmap_mesh,analytic_heightmap_with_scm_sinkage,0.500,-0.400,0.09427,-0.09422,-0.05790,0.99387,0.5527,0.5527,0.09540,0.5527,0.09540,fallback_pychrono_unavailable
environment_terrain_component_demo,terrain.surface_probe.v1,surface_probe_schema_v1,1452,terrain.heightmap_mesh,analytic_heightmap_with_scm_sinkage,0.500,-0.300,0.09834,-0.10154,-0.04444,0.99384,0.5498,0.5498,0.11652,0.5498,0.11652,fallback_pychrono_unavailable
environment_terrain_component_demo,terrain.surface_probe.v1,surface_probe_schema_v1,1453,terrain.heightmap_mesh,analytic_heightmap_with_scm_sinkage,0.500,-0.200,0.09906,-0.10687,-0.03012,0.99382,0.5492,0.5492,0.13441,0.5492,0.13441,fallback_pychrono_unavailable
environment_terrain_component_demo,terrain.surface_probe.v1,surface_probe_schema_v1,1454,terrain.heightmap_mesh,analytic_heightmap_with_scm_sinkage,0.500,-0.100,0.09704,-0.11011,-0.01521,0.99380,0.5507,0.5507,0.14644,0.5507,0.14644,fallback_pychrono_unavailable
environment_terrain_component_demo,terrain.surface_probe.v1,surface_probe_schema_v1,1455,terrain.heightmap_mesh,analytic_heightmap_with_scm_sinkage,0.500,0.000,0.09305,-0.11120,0.00000,0.99380,0.5535,0.5535,0.15068,0.5535,0.15068,fallback_pychrono_unavailable
environment_terrain_component_demo,terrain.surface_probe.v1,surface_probe_schema_v1,1456,terrain.heightmap_mesh,analytic_heightmap_with_scm_sinkage,0.500,0.100,0.08783,-0.11011,0.01521,0.99380,0.5573,0.5573,0.14644,0.5573,0.14644,fallback_pychrono_unavailable
environment_terrain_component_demo,terrain.surface_probe.v1,surface_probe_schema_v1,1457,terrain.heightmap_mesh,analytic_heightmap_with_scm_sinkage,0.500,0.200,0.08189,-0.10687,0.03012,0.99382,0.5615,0.5615,0.13441,0.5615,0.13441,fallback_pychrono_unavailable
environment_terrain_component_demo,terrain.surface_probe.v1,surface_probe_schema_v1,1458,terrain.heightmap_mesh,analytic_heightmap_with_scm_sinkage,0.500,0.300,0.07546,-0.10154,0.04444,0.99384,0.5661,0.5661,0.11652,0.5661,0.11652,fallback_pychrono_unavailable
environment_terrain_component_demo,terrain.surface_probe.v1,surface_probe_schema_v1,1459,terrain.heightmap_mesh,analytic_heightmap_with_scm_sinkage,0.500,0.400,0.06853,-0.09422,0.05790,0.99387,0.5711,0.5711,0.09540,0.5711,0.09540,fallback_pychrono_unavailable
environment_terrain_component_demo,terrain.surface_probe.v1,surface_probe_schema_v1,1460,terrain.heightmap_mesh,analytic_heightmap_with_scm_sinkage,0.500,0.500,0.06101,-0.08506,0.07022,0.99390,0.5764,0.5764,0.07377,0.5764,0.07377,fallback_pychrono_unavailable
environment_terrain_component_demo,terrain.surface_probe.v1,surface_probe_schema_v1,1461,terrain.heightmap_mesh,analytic_heightmap_with_scm_sinkage,0.500,0.600,0.05280,-0.07423,0.08117,0.99393,0.5823,0.5823,0.05387,0.5823,0.05387,fallback_pychrono_unavailable
environment_terrain_component_demo,terrain.surface_probe.v1,surface_probe_schema_v1,1462,terrain.heightmap_mesh,analytic_heightmap_with_scm_sinkage,0.500,0.700,0.04385,-0.06195,0.09053,0.99397,0.5887,0.5887,0.03716,0.5887,0.03716,fallback_pychrono_unavailable
environment_terrain_component_demo,terrain.surface_probe.v1,surface_probe_schema_v1,1463,terrain.heightmap_mesh,analytic_heightmap_with_scm_sinkage,0.500,0.800,0.03422,-0.04846,0.09812,0.99399,0.5956,0.5956,0.02421,0.5956,0.02421,fallback_pychrono_unavailable
environment_terrain_component_demo,terrain.surface_probe.v1,surface_probe_schema_v1,1464,terrain.heightmap_mesh,analytic_heightmap_with_scm_sinkage,0.500,0.900,0.02399,-0.03401,0.10379,0.99402,0.6029,0.6029,0.01489,0.6029,0.01489,fallback_pychrono_unavailable
environment_terrain_component_demo,terrain.surface_probe.v1,surface_probe_schema_v1,1465,terrain.heightmap_mesh,analytic_heightmap_with_scm_sinkage,0.500,1.000,0.01332,-0.01890,0.10743,0.99403,0.6105,0.6105,0.00865,0.6105,0.00865,fallback_pychrono_unavailable
environment_terrain_component_demo,terrain.surface_probe.v1,surface_probe_schema_v1,1466,terrain.heightmap_mesh,analytic_heightmap_with_scm_sinkage,0.500,1.100,0.00242,-0.00342,0.10896,0.99404,0.6183,0.6183,0.00475,0.6183,0.00475,fallback_pychrono_unavailable
environment_terrain_component_demo,terrain.surface_probe.v1,surface_probe_schema_v1,1467,terrain.heightmap_mesh,analytic_heightmap_with_scm_sinkage,0.500,1.200,-0.00854,0.01212,0.10836,0.99404,0.6139,0.6139,0.00246,0.6139,0.00246,fallback_pychrono_unavailable
environment_terrain_component_demo,terrain.surface_probe.v1,surface_probe_schema_v1,1468,terrain.heightmap_mesh,analytic_heightmap_with_scm_sinkage,0.500,1.300,-0.01932,0.02743,0.10564,0.99403,0.6062,0.6062,0.00121,0.6062,0.00121,fallback_pychrono_unavailable
environment_terrain_component_demo,terrain.surface_probe.v1,surface_probe_schema_v1,1469,terrain.heightmap_mesh,analytic_heightmap_with_scm_sinkage,0.500,1.400,-0.02972,0.04220,0.10086,0.99401,0.5988,0.5988,0.00056,0.5988,0.00056,fallback_pychrono_unavailable
environment_terrain_component_demo,terrain.surface_probe.v1,surface_probe_schema_v1,1470,terrain.heightmap_mesh,analytic_heightmap_with_scm_sinkage,0.500,1.500,-0.03955,0.05615,0.09409,0.99398,0.5918,0.5918,0.00024,0.5918,0.00024,fallback_pychrono_unavailable
environment_terrain_component_demo,terrain.surface_probe.v1,surface_probe_schema_v1,1471,terrain.heightmap_mesh,analytic_heightmap_with_scm_sinkage,0.500,1.600,-0.04859,0.06899,0.08549,0.99395,0.5853,0.5853,0.00010,0.5853,0.00010,fallback_pychrono_unavailable
environment_terrain_component_demo,terrain.surface_probe.v1,surface_probe_schema_v1,1472,terrain.heightmap_mesh,analytic_heightmap_with_scm_sinkage,0.500,1.700,-0.05669,0.08049,0.07522,0.99391,0.5795,0.5795,0.00004,0.5795,0.00004,fallback_pychrono_unavailable
environment_terrain_component_demo,terrain.surface_probe.v1,surface_probe_schema_v1,1473,terrain.heightmap_mesh,analytic_heightmap_with_scm_sinkage,0.500,1.800,-0.06368,0.09040,0.06347,0.99388,0.5745,0.5745,0.00001,0.5745,0.00001,fallback_pychrono_unavailable
environment_terrain_component_demo,terrain.surface_probe.v1,surface_probe_schema_v1,1474,terrain.heightmap_mesh,analytic_heightmap_with_scm_sinkage,0.500,1.900,-0.06942,0.09855,0.05048,0.99385,0.5704,0.5704,0.00000,0.5704,0.00000,fallback_pychrono_unavailable
environment_terrain_component_demo,terrain.surface_probe.v1,surface_probe_schema_v1,1475,terrain.heightmap_mesh,analytic_heightmap_with_scm_sinkage,0.500,2.000,-0.07381,0.10477,0.03651,0.99383,0.5673,0.5673,0.00000,0.5673,0.00000,fallback_pychrono_unavailable
environment_terrain_component_demo,terrain.surface_probe.v1,surface_probe_schema_v1,1476,terrain.heightmap_mesh,analytic_heightmap_with_scm_sinkage,0.600,-2.000,-0.08310,0.07962,-0.04120,0.99597,0.5606,0.5606,0.00000,0.5606,0.00000,fallback_pychrono_unavailable
environment_terrain_component_demo,terrain.surface_probe.v1,surface_probe_schema_v1,1477,terrain.heightmap_mesh,analytic_heightmap_with_scm_sinkage,0.600,-1.900,-0.07816,0.07486,-0.05694,0.99557,0.5642,0.5642,0.00000,0.5642,0.00000,fallback_pychrono_unavailable
environment_terrain_component_demo,terrain.surface_probe.v1,surface_probe_schema_v1,1478,terrain.heightmap_mesh,analytic_heightmap_with_scm_sinkage,0.600,-1.800,-0.07169,0.06863,-0.07155,0.99507,0.5688,0.5688,0.00001,0.5688,0.00001,fallback_pychrono_unavailable
environment_terrain_component_demo,terrain.surface_probe.v1,surface_probe_schema_v1,1479,terrain.heightmap_mesh,analytic_heightmap_with_scm_sinkage,0.600,-1.700,-0.06379,0.06107,-0.08474,0.99453,0.5744,0.5744,0.00004,0.5744,0.00004,fallback_pychrono_unavailable
environment_terrain_component_demo,terrain.surface_probe.v1,surface_probe_schema_v1,1480,terrain.heightmap_mesh,analytic_heightmap_with_scm_sinkage,0.600,-1.600,-0.05461,0.05231,-0.09626,0.99398,0.5810,0.5810,0.00010,0.5810,0.00010,fallback_pychrono_unavailable
environment_terrain_component_demo,terrain.surface_probe.v1,surface_probe_schema_v1,1481,terrain.heightmap_mesh,analytic_heightmap_with_scm_sinkage,0.600,-1.500,-0.04426,0.04255,-0.10589,0.99347,0.5884,0.5884,0.00023,0.5884,0.00023,fallback_pychrono_unavailable
environment_terrain_component_demo,terrain.surface_probe.v1,surface_probe_schema_v1,1482,terrain.heightmap_mesh,analytic_heightmap_with_scm_sinkage,0.600,-1.400,-0.03284,0.03197,-0.11344,0.99303,0.5965,0.5965,0.00053,0.5965,0.00053,fallback_pychrono_unavailable
environment_terrain_component_demo,terrain.surface_probe.v1,surface_probe_schema_v1,1483,terrain.heightmap_mesh,analytic_heightmap_with_scm_sinkage,0.600,-1.300,-0.02042,0.02077,-0.11879,0.99270,0.6054,0.6054,0.00115,0.6054,0.00115,fallback_pychrono_unavailable
environment_terrain_component_demo,terrain.surface_probe.v1,surface_probe_schema_v1,1484,terrain.heightmap_mesh,analytic_heightmap_with_scm_sinkage,0.600,-1.200,-0.00698,0.00918,-0.12182,0.99251,0.6150,0.6150,0.00235,0.6150,0.00235,fallback_pychrono_unavailable
environment_terrain_component_demo,terrain.surface_probe.v1,surface_probe_schema_v1,1485,terrain.heightmap_mesh,analytic_heightmap_with_scm_sinkage,0.600,-1.100,0.00752,-0.00259,-0.12249,0.99247,0.6146,0.6146,0.00453,0.6146,0.00453,fallback_pychrono_unavailable
environment_terrain_component_demo,terrain.surface_probe.v1,surface_probe_schema_v1,1486,terrain.heightmap_mesh,analytic_heightmap_with_scm_sinkage,0.600,-1.000,0.02307,-0.01431,-0.12077,0.99258,0.6035,0.6035,0.00826,0.6035,0.00826,fallback_pychrono_unavailable
environment_terrain_component_demo,terrain.surface_probe.v1,surface_probe_schema_v1,1487,terrain.heightmap_mesh,analytic_heightmap_with_scm_sinkage,0.600,-0.900,0.03951,-0.02576,-0.11672,0.99283,0.5918,0.5918,0.01421,0.5918,0.01421,fallback_pychrono_unavailable
environment_terrain_component_demo,terrain.surface_probe.v1,surface_probe_schema_v1,1488,terrain.heightmap_mesh,analytic_heightmap_with_scm_sinkage,0.600,-0.800,0.05640,-0.03671,-0.11038,0.99321,0.5797,0.5797,0.02310,0.5797,0.02310,fallback_pychrono_unavailable
environment_terrain_component_demo,terrain.surface_probe.v1,surface_probe_schema_v1,1489,terrain.heightmap_mesh,analytic_heightmap_with_scm_sinkage,0.600,-0.700,0.07291,-0.04696,-0.10190,0.99369,0.5679,0.5679,0.03546,0.5679,0.03546,fallback_pychrono_unavailable
environment_terrain_component_demo,terrain.surface_probe.v1,surface_probe_schema_v1,1490,terrain.heightmap_mesh,analytic_heightmap_with_scm_sinkage,0.600,-0.600,0.08791,-0.05630,-0.09141,0.99422,0.5572,0.5572,0.05142,0.5572,0.05142,fallback_pychrono_unavailable
environment_terrain_component_demo,terrain.surface_probe.v1,surface_probe_schema_v1,1491,terrain.heightmap_mesh,analytic_heightmap_with_scm_sinkage,0.600,-0.500,0.10021,-0.06455,-0.07913,0.99477,0.5484,0.5484,0.07040,0.5484,0.07040,fallback_pychrono_unavailable
environment_terrain_component_demo,terrain.surface_probe.v1,surface_probe_schema_v1,1492,terrain.heightmap_mesh,analytic_heightmap_with_scm_sinkage,0.600,-0.400,0.10881,-0.07154,-0.06528,0.99530,0.5423,0.5423,0.09105,0.5423,0.09105,fallback_pychrono_unavailable
environment_terrain_component_demo,terrain.surface_probe.v1,surface_probe_schema_v1,1493,terrain.heightmap_mesh,analytic_heightmap_with_scm_sinkage,0.600,-0.300,0.11328,-0.07714,-0.05013,0.99576,0.5391,0.5391,0.11120,0.5391,0.11120,fallback_pychrono_unavailable
environment_terrain_component_demo,terrain.surface_probe.v1,surface_probe_schema_v1,1494,terrain.heightmap_mesh,analytic_heightmap_with_scm_sinkage,0.600,-0.200,0.11381,-0.08122,-0.03399,0.99612,0.5387,0.5387,0.12828,0.5387,0.12828,fallback_pychrono_unavailable
environment_terrain_component_demo,terrain.surface_probe.v1,surface_probe_schema_v1,1495,terrain.heightmap_mesh,analytic_heightmap_with_scm_sinkage,0.600,-0.100,0.11111,-0.08370,-0.01717,0.99634,0.5406,0.5406,0.13976,0.5406,0.13976,fallback_pychrono_unavailable
environment_terrain_component_demo,terrain.surface_probe.v1,surface_probe_schema_v1,1496,terrain.heightmap_mesh,analytic_heightmap_with_scm_sinkage,0.600,0.000,0.10617,-0.08454,0.00000,0.99642,0.5442,0.5442,0.14381,0.5442,0.14381,fallback_pychrono_unavailable
environment_terrain_component_demo,terrain.surface_probe.v1,surface_probe_schema_v1,1497,terrain.heightmap_mesh,analytic_heightmap_with_scm_sinkage,0.600,0.100,0.09987,-0.08370,0.01717,0.99634,0.5487,0.5487,0.13976,0.5487,0.13976,fallback_pychrono_unavailable
environment_terrain_component_demo,terrain.surface_probe.v1,surface_probe_schema_v1,1498,terrain.heightmap_mesh,analytic_heightmap_with_scm_sinkage,0.600,0.200,0.09284,-0.08122,0.03399,0.99612,0.5537,0.5537,0.12828,0.5537,0.12828,fallback_pychrono_unavailable
environment_terrain_component_demo,terrain.surface_probe.v1,surface_probe_schema_v1,1499,terrain.heightmap_mesh,analytic_heightmap_with_scm_sinkage,0.600,0.300,0.08533,-0.07714,0.05013,0.99576,0.5590,0.5590,0.11120,0.5590,0.11120,fallback_pychrono_unavailable
environment_terrain_component_demo,terrain.surface_probe.v1,surface_probe_schema_v1,1500,terrain.heightmap_mesh,analytic_heightmap_with_scm_sinkage,0.600,0.400,0.07736,-0.07154,0.06528,0.99530,0.5647,0.5647,0.09105,0.5647,0.09105,fallback_pychrono_unavailable
environment_terrain_component_demo,terrain.surface_probe.v1,surface_probe_schema_v1,1501,terrain.heightmap_mesh,analytic_heightmap_with_scm_sinkage,0.600,0.500,0.06879,-0.06455,0.07913,0.99477,0.5709,0.5709,0.07040,0.5709,0.07040,fallback_pychrono_unavailable
environment_terrain_component_demo,terrain.surface_probe.v1,surface_probe_schema_v1,1502,terrain.heightmap_mesh,analytic_heightmap_with_scm_sinkage,0.600,0.600,0.05949,-0.05630,0.09141,0.99422,0.5775,0.5775,0.05142,0.5775,0.05142,fallback_pychrono_unavailable
environment_terrain_component_demo,terrain.surface_probe.v1,surface_probe_schema_v1,1503,terrain.heightmap_mesh,analytic_heightmap_with_scm_sinkage,0.600,0.700,0.04940,-0.04696,0.10190,0.99369,0.5847,0.5847,0.03546,0.5847,0.03546,fallback_pychrono_unavailable
environment_terrain_component_demo,terrain.surface_probe.v1,surface_probe_schema_v1,1504,terrain.heightmap_mesh,analytic_heightmap_with_scm_sinkage,0.600,0.800,0.03853,-0.03671,0.11038,0.99321,0.5925,0.5925,0.02310,0.5925,0.02310,fallback_pychrono_unavailable
environment_terrain_component_demo,terrain.surface_probe.v1,surface_probe_schema_v1,1505,terrain.heightmap_mesh,analytic_heightmap_with_scm_sinkage,0.600,0.900,0.02701,-0.02576,0.11672,0.99283,0.6007,0.6007,0.01421,0.6007,0.01421,fallback_pychrono_unavailable
environment_terrain_component_demo,terrain.surface_probe.v1,surface_probe_schema_v1,1506,terrain.heightmap_mesh,analytic_heightmap_with_scm_sinkage,0.600,1.000,0.01500,-0.01431,0.12077,0.99258,0.6093,0.6093,0.00826,0.6093,0.00826,fallback_pychrono_unavailable
environment_terrain_component_demo,terrain.surface_probe.v1,surface_probe_schema_v1,1507,terrain.heightmap_mesh,analytic_heightmap_with_scm_sinkage,0.600,1.100,0.00272,-0.00259,0.12249,0.99247,0.6181,0.6181,0.00453,0.6181,0.00453,fallback_pychrono_unavailable
environment_terrain_component_demo,terrain.surface_probe.v1,surface_probe_schema_v1,1508,terrain.heightmap_mesh,analytic_heightmap_with_scm_sinkage,0.600,1.200,-0.00961,0.00918,0.12182,0.99251,0.6131,0.6131,0.00235,0.6131,0.00235,fallback_pychrono_unavailable
environment_terrain_component_demo,terrain.surface_probe.v1,surface_probe_schema_v1,1509,terrain.heightmap_mesh,analytic_heightmap_with_scm_sinkage,0.600,1.300,-0.02175,0.02077,0.11879,0.99270,0.6045,0.6045,0.00115,0.6045,0.00115,fallback_pychrono_unavailable
environment_terrain_component_demo,terrain.surface_probe.v1,surface_probe_schema_v1,1510,terrain.heightmap_mesh,analytic_heightmap_with_scm_sinkage,0.600,1.400,-0.03347,0.03197,0.11344,0.99303,0.5961,0.5961,0.00053,0.5961,0.00053,fallback_pychrono_unavailable
environment_terrain_component_demo,terrain.surface_probe.v1,surface_probe_schema_v1,1511,terrain.heightmap_mesh,analytic_heightmap_with_scm_sinkage,0.600,1.500,-0.04453,0.04255,0.10589,0.99347,0.5882,0.5882,0.00023,0.5882,0.00023,fallback_pychrono_unavailable
environment_terrain_component_demo,terrain.surface_probe.v1,surface_probe_schema_v1,1512,terrain.heightmap_mesh,analytic_heightmap_with_scm_sinkage,0.600,1.600,-0.05471,0.05231,0.09626,0.99398,0.5809,0.5809,0.00010,0.5809,0.00010,fallback_pychrono_unavailable
environment_terrain_component_demo,terrain.surface_probe.v1,surface_probe_schema_v1,1513,terrain.heightmap_mesh,analytic_heightmap_with_scm_sinkage,0.600,1.700,-0.06383,0.06107,0.08474,0.99453,0.5744,0.5744,0.00004,0.5744,0.00004,fallback_pychrono_unavailable
environment_terrain_component_demo,terrain.surface_probe.v1,surface_probe_schema_v1,1514,terrain.heightmap_mesh,analytic_heightmap_with_scm_sinkage,0.600,1.800,-0.07170,0.06863,0.07155,0.99507,0.5688,0.5688,0.00001,0.5688,0.00001,fallback_pychrono_unavailable
environment_terrain_component_demo,terrain.surface_probe.v1,surface_probe_schema_v1,1515,terrain.heightmap_mesh,analytic_heightmap_with_scm_sinkage,0.600,1.900,-0.07816,0.07486,0.05694,0.99557,0.5642,0.5642,0.00000,0.5642,0.00000,fallback_pychrono_unavailable
environment_terrain_component_demo,terrain.surface_probe.v1,surface_probe_schema_v1,1516,terrain.heightmap_mesh,analytic_heightmap_with_scm_sinkage,0.600,2.000,-0.08310,0.07962,0.04120,0.99597,0.5606,0.5606,0.00000,0.5606,0.00000,fallback_pychrono_unavailable
environment_terrain_component_demo,terrain.surface_probe.v1,surface_probe_schema_v1,1517,terrain.heightmap_mesh,analytic_heightmap_with_scm_sinkage,0.700,-2.000,-0.08971,0.05175,-0.04455,0.99767,0.5559,0.5559,0.00000,0.5559,0.00000,fallback_pychrono_unavailable
environment_terrain_component_demo,terrain.surface_probe.v1,surface_probe_schema_v1,1518,terrain.heightmap_mesh,analytic_heightmap_with_scm_sinkage,0.700,-1.900,-0.08438,0.04864,-0.06155,0.99692,0.5597,0.5597,0.00000,0.5597,0.00000,fallback_pychrono_unavailable
environment_terrain_component_demo,terrain.surface_probe.v1,surface_probe_schema_v1,1519,terrain.heightmap_mesh,analytic_heightmap_with_scm_sinkage,0.700,-1.800,-0.07739,0.04457,-0.07731,0.99601,0.5647,0.5647,0.00001,0.5647,0.00001,fallback_pychrono_unavailable
environment_terrain_component_demo,terrain.surface_probe.v1,surface_probe_schema_v1,1520,terrain.heightmap_mesh,analytic_heightmap_with_scm_sinkage,0.700,-1.700,-0.06886,0.03964,-0.09152,0.99501,0.5708,0.5708,0.00004,0.5708,0.00004,fallback_pychrono_unavailable
environment_terrain_component_demo,terrain.surface_probe.v1,surface_probe_schema_v1,1521,terrain.heightmap_mesh,analytic_heightmap_with_scm_sinkage,0.700,-1.600,-0.05894,0.03394,-0.10392,0.99401,0.5779,0.5779,0.00009,0.5779,0.00009,fallback_pychrono_unavailable
environment_terrain_component_demo,terrain.surface_probe.v1,surface_probe_schema_v1,1522,terrain.heightmap_mesh,analytic_heightmap_with_scm_sinkage,0.700,-1.500,-0.04776,0.02760,-0.11426,0.99307,0.5859,0.5859,0.00022,0.5859,0.00022,fallback_pychrono_unavailable
environment_terrain_component_demo,terrain.surface_probe.v1,surface_probe_schema_v1,1523,terrain.heightmap_mesh,analytic_heightmap_with_scm_sinkage,0.700,-1.400,-0.03542,0.02073,-0.12237,0.99227,0.5947,0.5947,0.00050,0.5947,0.00050,fallback_pychrono_unavailable
environment_terrain_component_demo,terrain.surface_probe.v1,surface_probe_schema_v1,1524,terrain.heightmap_mesh,analytic_heightmap_with_scm_sinkage,0.700,-1.300,-0.02198,0.01346,-0.12810,0.99167,0.6043,0.6043,0.00108,0.6043,0.00108,fallback_pychrono_unavailable
environment_terrain_component_demo,terrain.surface_probe.v1,surface_probe_schema_v1,1525,terrain.heightmap_mesh,analytic_heightmap_with_scm_sinkage,0.700,-1.200,-0.00741,0.00595,-0.13135,0.99132,0.6147,0.6147,0.00221,0.6147,0.00221,fallback_pychrono_unavailable
environment_terrain_component_demo,terrain.surface_probe.v1,surface_probe_schema_v1,1526,terrain.heightmap_mesh,analytic_heightmap_with_scm_sinkage,0.700,-1.100,0.00835,-0.00168,-0.13206,0.99124,0.6140,0.6140,0.00427,0.6140,0.00427,fallback_pychrono_unavailable
environment_terrain_component_demo,terrain.surface_probe.v1,surface_probe_schema_v1,1527,terrain.heightmap_mesh,analytic_heightmap_with_scm_sinkage,0.700,-1.000,0.02529,-0.00928,-0.13023,0.99144,0.6019,0.6019,0.00778,0.6019,0.00778,fallback_pychrono_unavailable
environment_terrain_component_demo,terrain.surface_probe.v1,surface_probe_schema_v1,1528,terrain.heightmap_mesh,analytic_heightmap_with_scm_sinkage,0.700,-0.900,0.04325,-0.01670,-0.12588,0.99191,0.5891,0.5891,0.01339,0.5891,0.01339,fallback_pychrono_unavailable
environment_terrain_component_demo,terrain.surface_probe.v1,surface_probe_schema_v1,1529,terrain.heightmap_mesh,analytic_heightmap_with_scm_sinkage,0.700,-0.800,0.06175,-0.02381,-0.11909,0.99260,0.5759,0.5759,0.02176,0.5759,0.02176,fallback_pychrono_unavailable
environment_terrain_component_demo,terrain.surface_probe.v1,surface_probe_schema_v1,1530,terrain.heightmap_mesh,analytic_heightmap_with_scm_sinkage,0.700,-0.700,0.07985,-0.03046,-0.10998,0.99347,0.5630,0.5630,0.03340,0.5630,0.03340,fallback_pychrono_unavailable
environment_terrain_component_demo,terrain.surface_probe.v1,surface_probe_schema_v1,1531,terrain.heightmap_mesh,analytic_heightmap_with_scm_sinkage,0.700,-0.600,0.09630,-0.03654,-0.09870,0.99445,0.5512,0.5512,0.04842,0.5512,0.04842,fallback_pychrono_unavailable
environment_terrain_component_demo,terrain.surface_probe.v1,surface_probe_schema_v1,1532,terrain.heightmap_mesh,analytic_heightmap_with_scm_sinkage,0.700,-0.500,0.10974,-0.04191,-0.08548,0.99546,0.5416,0.5416,0.06630,0.5416,0.06630,fallback_pychrono_unavailable
environment_terrain_component_demo,terrain.surface_probe.v1,surface_probe_schema_v1,1533,terrain.heightmap_mesh,analytic_heightmap_with_scm_sinkage,0.700,-0.400,0.11910,-0.04647,-0.07055,0.99643,0.5349,0.5349,0.08574,0.5349,0.08574,fallback_pychrono_unavailable
environment_terrain_component_demo,terrain.surface_probe.v1,surface_probe_schema_v1,1534,terrain.heightmap_mesh,analytic_heightmap_with_scm_sinkage,0.700,-0.300,0.12386,-0.05013,-0.05420,0.99727,0.5315,0.5315,0.10473,0.5315,0.10473,fallback_pychrono_unavailable
environment_terrain_component_demo,terrain.surface_probe.v1,surface_probe_schema_v1,1535,terrain.heightmap_mesh,analytic_heightmap_with_scm_sinkage,0.700,-0.200,0.12425,-0.05279,-0.03676,0.99793,0.5312,0.5312,0.12081,0.5312,0.12081,fallback_pychrono_unavailable
environment_terrain_component_demo,terrain.surface_probe.v1,surface_probe_schema_v1,1536,terrain.heightmap_mesh,analytic_heightmap_with_scm_sinkage,0.700,-0.100,0.12109,-0.05442,-0.01857,0.99835,0.5335,0.5335,0.13162,0.5335,0.13162,fallback_pychrono_unavailable
environment_terrain_component_demo,terrain.surface_probe.v1,surface_probe_schema_v1,1537,terrain.heightmap_mesh,analytic_heightmap_with_scm_sinkage,0.700,0.000,0.11547,-0.05496,0.00000,0.99849,0.5375,0.5375,0.13544,0.5375,0.13544,fallback_pychrono_unavailable
environment_terrain_component_demo,terrain.surface_probe.v1,surface_probe_schema_v1,1538,terrain.heightmap_mesh,analytic_heightmap_with_scm_sinkage,0.700,0.100,0.10842,-0.05442,0.01857,0.99835,0.5426,0.5426,0.13162,0.5426,0.13162,fallback_pychrono_unavailable
environment_terrain_component_demo,terrain.surface_probe.v1,surface_probe_schema_v1,1539,terrain.heightmap_mesh,analytic_heightmap_with_scm_sinkage,0.700,0.200,0.10061,-0.05279,0.03676,0.99793,0.5481,0.5481,0.12081,0.5481,0.12081,fallback_pychrono_unavailable
environment_terrain_component_demo,terrain.surface_probe.v1,surface_probe_schema_v1,1540,terrain.heightmap_mesh,analytic_heightmap_with_scm_sinkage,0.700,0.300,0.09235,-0.05013,0.05420,0.99727,0.5540,0.5540,0.10473,0.5540,0.10473,fallback_pychrono_unavailable
environment_terrain_component_demo,terrain.surface_probe.v1,surface_probe_schema_v1,1541,terrain.heightmap_mesh,analytic_heightmap_with_scm_sinkage,0.700,0.400,0.08364,-0.04647,0.07055,0.99643,0.5603,0.5603,0.08574,0.5603,0.08574,fallback_pychrono_unavailable
environment_terrain_component_demo,terrain.surface_probe.v1,surface_probe_schema_v1,1542,terrain.heightmap_mesh,analytic_heightmap_with_scm_sinkage,0.700,0.500,0.07433,-0.04191,0.08548,0.99546,0.5669,0.5669,0.06630,0.5669,0.06630,fallback_pychrono_unavailable
environment_terrain_component_demo,terrain.surface_probe.v1,surface_probe_schema_v1,1543,terrain.heightmap_mesh,analytic_heightmap_with_scm_sinkage,0.700,0.600,0.06425,-0.03654,0.09870,0.99445,0.5741,0.5741,0.04842,0.5741,0.04842,fallback_pychrono_unavailable
environment_terrain_component_demo,terrain.surface_probe.v1,surface_probe_schema_v1,1544,terrain.heightmap_mesh,analytic_heightmap_with_scm_sinkage,0.700,0.700,0.05334,-0.03046,0.10998,0.99347,0.5819,0.5819,0.03340,0.5819,0.03340,fallback_pychrono_unavailable
environment_terrain_component_demo,terrain.surface_probe.v1,surface_probe_schema_v1,1545,terrain.heightmap_mesh,analytic_heightmap_with_scm_sinkage,0.700,0.800,0.04160,-0.02381,0.11909,0.99260,0.5903,0.5903,0.02176,0.5903,0.02176,fallback_pychrono_unavailable
environment_terrain_component_demo,terrain.surface_probe.v1,surface_probe_schema_v1,1546,terrain.heightmap_mesh,analytic_heightmap_with_scm_sinkage,0.700,0.900,0.02916,-0.01670,0.12588,0.99191,0.5992,0.5992,0.01339,0.5992,0.01339,fallback_pychrono_unavailable
environment_terrain_component_demo,terrain.surface_probe.v1,surface_probe_schema_v1,1547,terrain.heightmap_mesh,analytic_heightmap_with_scm_sinkage,0.700,1.000,0.01620,-0.00928,0.13023,0.99144,0.6084,0.6084,0.00778,0.6084,0.00778,fallback_pychrono_unavailable
environment_terrain_component_demo,terrain.surface_probe.v1,surface_probe_schema_v1,1548,terrain.heightmap_mesh,analytic_heightmap_with_scm_sinkage,0.700,1.100,0.00294,-0.00168,0.13206,0.99124,0.6179,0.6179,0.00427,0.6179,0.00427,fallback_pychrono_unavailable
environment_terrain_component_demo,terrain.surface_probe.v1,surface_probe_schema_v1,1549,terrain.heightmap_mesh,analytic_heightmap_with_scm_sinkage,0.700,1.200,-0.01038,0.00595,0.13135,0.99132,0.6126,0.6126,0.00221,0.6126,0.00221,fallback_pychrono_unavailable
environment_terrain_component_demo,terrain.surface_probe.v1,surface_probe_schema_v1,1550,terrain.heightmap_mesh,analytic_heightmap_with_scm_sinkage,0.700,1.300,-0.02348,0.01346,0.12810,0.99167,0.6032,0.6032,0.00108,0.6032,0.00108,fallback_pychrono_unavailable
environment_terrain_component_demo,terrain.surface_probe.v1,surface_probe_schema_v1,1551,terrain.heightmap_mesh,analytic_heightmap_with_scm_sinkage,0.700,1.400,-0.03613,0.02073,0.12237,0.99227,0.5942,0.5942,0.00050,0.5942,0.00050,fallback_pychrono_unavailable
environment_terrain_component_demo,terrain.surface_probe.v1,surface_probe_schema_v1,1552,terrain.heightmap_mesh,analytic_heightmap_with_scm_sinkage,0.700,1.500,-0.04807,0.02760,0.11426,0.99307,0.5857,0.5857,0.00022,0.5857,0.00022,fallback_pychrono_unavailable
environment_terrain_component_demo,terrain.surface_probe.v1,surface_probe_schema_v1,1553,terrain.heightmap_mesh,analytic_heightmap_with_scm_sinkage,0.700,1.600,-0.05906,0.03394,0.10392,0.99401,0.5778,0.5778,0.00009,0.5778,0.00009,fallback_pychrono_unavailable
environment_terrain_component_demo,terrain.surface_probe.v1,surface_probe_schema_v1,1554,terrain.heightmap_mesh,analytic_heightmap_with_scm_sinkage,0.700,1.700,-0.06891,0.03964,0.09152,0.99501,0.5708,0.5708,0.00004,0.5708,0.00004,fallback_pychrono_unavailable
environment_terrain_component_demo,terrain.surface_probe.v1,surface_probe_schema_v1,1555,terrain.heightmap_mesh,analytic_heightmap_with_scm_sinkage,0.700,1.800,-0.07740,0.04457,0.07731,0.99601,0.5647,0.5647,0.00001,0.5647,0.00001,fallback_pychrono_unavailable
environment_terrain_component_demo,terrain.surface_probe.v1,surface_probe_schema_v1,1556,terrain.heightmap_mesh,analytic_heightmap_with_scm_sinkage,0.700,1.900,-0.08438,0.04864,0.06155,0.99692,0.5597,0.5597,0.00000,0.5597,0.00000,fallback_pychrono_unavailable
environment_terrain_component_demo,terrain.surface_probe.v1,surface_probe_schema_v1,1557,terrain.heightmap_mesh,analytic_heightmap_with_scm_sinkage,0.700,2.000,-0.08971,0.05175,0.04455,0.99767,0.5559,0.5559,0.00000,0.5559,0.00000,fallback_pychrono_unavailable
environment_terrain_component_demo,terrain.surface_probe.v1,surface_probe_schema_v1,1558,terrain.heightmap_mesh,analytic_heightmap_with_scm_sinkage,0.800,-2.000,-0.09342,0.02209,-0.04644,0.99868,0.5533,0.5533,0.00000,0.5533,0.00000,fallback_pychrono_unavailable
environment_terrain_component_demo,terrain.surface_probe.v1,surface_probe_schema_v1,1559,terrain.heightmap_mesh,analytic_heightmap_with_scm_sinkage,0.800,-1.900,-0.08786,0.02076,-0.06415,0.99772,0.5572,0.5572,0.00000,0.5572,0.00000,fallback_pychrono_unavailable
environment_terrain_component_demo,terrain.surface_probe.v1,surface_probe_schema_v1,1560,terrain.heightmap_mesh,analytic_heightmap_with_scm_sinkage,0.800,-1.800,-0.08059,0.01902,-0.08055,0.99657,0.5624,0.5624,0.00001,0.5624,0.00001,fallback_pychrono_unavailable
environment_terrain_component_demo,terrain.surface_probe.v1,surface_probe_schema_v1,1561,terrain.heightmap_mesh,analytic_heightmap_with_scm_sinkage,0.800,-1.700,-0.07171,0.01691,-0.09534,0.99530,0.5688,0.5688,0.00003,0.5688,0.00003,fallback_pychrono_unavailable
environment_terrain_component_demo,terrain.surface_probe.v1,surface_probe_schema_v1,1562,terrain.heightmap_mesh,analytic_heightmap_with_scm_sinkage,0.800,-1.600,-0.06138,0.01448,-0.10822,0.99402,0.5762,0.5762,0.00008,0.5762,0.00008,fallback_pychrono_unavailable
environment_terrain_component_demo,terrain.surface_probe.v1,surface_probe_schema_v1,1563,terrain.heightmap_mesh,analytic_heightmap_with_scm_sinkage,0.800,-1.500,-0.04974,0.01177,-0.11896,0.99283,0.5845,0.5845,0.00020,0.5845,0.00020,fallback_pychrono_unavailable
environment_terrain_component_demo,terrain.surface_probe.v1,surface_probe_schema_v1,1564,terrain.heightmap_mesh,analytic_heightmap_with_scm_sinkage,0.800,-1.400,-0.03689,0.00884,-0.12737,0.99182,0.5937,0.5937,0.00047,0.5937,0.00047,fallback_pychrono_unavailable
environment_terrain_component_demo,terrain.surface_probe.v1,surface_probe_schema_v1,1565,terrain.heightmap_mesh,analytic_heightmap_with_scm_sinkage,0.800,-1.300,-0.02289,0.00574,-0.13331,0.99106,0.6037,0.6037,0.00101,0.6037,0.00101,fallback_pychrono_unavailable
environment_terrain_component_demo,terrain.surface_probe.v1,surface_probe_schema_v1,1566,terrain.heightmap_mesh,analytic_heightmap_with_scm_sinkage,0.800,-1.200,-0.00771,0.00253,-0.13668,0.99061,0.6145,0.6145,0.00206,0.6145,0.00206,fallback_pychrono_unavailable
environment_terrain_component_demo,terrain.surface_probe.v1,surface_probe_schema_v1,1567,terrain.heightmap_mesh,analytic_heightmap_with_scm_sinkage,0.800,-1.100,0.00869,-0.00072,-0.13742,0.99051,0.6138,0.6138,0.00397,0.6138,0.00397,fallback_pychrono_unavailable
environment_terrain_component_demo,terrain.surface_probe.v1,surface_probe_schema_v1,1568,terrain.heightmap_mesh,analytic_heightmap_with_scm_sinkage,0.800,-1.000,0.02633,-0.00395,-0.13552,0.99077,0.6012,0.6012,0.00723,0.6012,0.00723,fallback_pychrono_unavailable
environment_terrain_component_demo,terrain.surface_probe.v1,surface_probe_schema_v1,1569,terrain.heightmap_mesh,analytic_heightmap_with_scm_sinkage,0.800,-0.900,0.04504,-0.00712,-0.13101,0.99136,0.5878,0.5878,0.01244,0.5878,0.01244,fallback_pychrono_unavailable
environment_terrain_component_demo,terrain.surface_probe.v1,surface_probe_schema_v1,1570,terrain.heightmap_mesh,analytic_heightmap_with_scm_sinkage,0.800,-0.800,0.06429,-0.01015,-0.12397,0.99223,0.5741,0.5741,0.02022,0.5741,0.02022,fallback_pychrono_unavailable
environment_terrain_component_demo,terrain.surface_probe.v1,surface_probe_schema_v1,1571,terrain.heightmap_mesh,analytic_heightmap_with_scm_sinkage,0.800,-0.700,0.08313,-0.01299,-0.11451,0.99334,0.5606,0.5606,0.03104,0.5606,0.03104,fallback_pychrono_unavailable
environment_terrain_component_demo,terrain.surface_probe.v1,surface_probe_schema_v1,1572,terrain.heightmap_mesh,analytic_heightmap_with_scm_sinkage,0.800,-0.600,0.10026,-0.01558,-0.10280,0.99458,0.5484,0.5484,0.04500,0.5484,0.04500,fallback_pychrono_unavailable
environment_terrain_component_demo,terrain.surface_probe.v1,surface_probe_schema_v1,1573,terrain.heightmap_mesh,analytic_heightmap_with_scm_sinkage,0.800,-0.500,0.11426,-0.01788,-0.08905,0.99587,0.5384,0.5384,0.06161,0.5384,0.06161,fallback_pychrono_unavailable
environment_terrain_component_demo,terrain.surface_probe.v1,surface_probe_schema_v1,1574,terrain.heightmap_mesh,analytic_heightmap_with_scm_sinkage,0.800,-0.400,0.12400,-0.01983,-0.07352,0.99710,0.5314,0.5314,0.07968,0.5314,0.07968,fallback_pychrono_unavailable
environment_terrain_component_demo,terrain.surface_probe.v1,surface_probe_schema_v1,1575,terrain.heightmap_mesh,analytic_heightmap_with_scm_sinkage,0.800,-0.300,0.12896,-0.02140,-0.05650,0.99817,0.5279,0.5279,0.09732,0.5279,0.09732,fallback_pychrono_unavailable
environment_terrain_component_demo,terrain.surface_probe.v1,surface_probe_schema_v1,1576,terrain.heightmap_mesh,analytic_heightmap_with_scm_sinkage,0.800,-0.200,0.12937,-0.02254,-0.03832,0.99901,0.5276,0.5276,0.11227,0.5276,0.11227,fallback_pychrono_unavailable
environment_terrain_component_demo,terrain.surface_probe.v1,surface_probe_schema_v1,1577,terrain.heightmap_mesh,analytic_heightmap_with_scm_sinkage,0.800,-0.100,0.12608,-0.02324,-0.01936,0.99954,0.5299,0.5299,0.12232,0.5299,0.12232,fallback_pychrono_unavailable
environment_terrain_component_demo,terrain.surface_probe.v1,surface_probe_schema_v1,1578,terrain.heightmap_mesh,analytic_heightmap_with_scm_sinkage,0.800,0.000,0.12024,-0.02347,0.00000,0.99972,0.5341,0.5341,0.12586,0.5341,0.12586,fallback_pychrono_unavailable
environment_terrain_component_demo,terrain.surface_probe.v1,surface_probe_schema_v1,1579,terrain.heightmap_mesh,analytic_heightmap_with_scm_sinkage,0.800,0.100,0.11289,-0.02324,0.01936,0.99954,0.5394,0.5394,0.12232,0.5394,0.12232,fallback_pychrono_unavailable
environment_terrain_component_demo,terrain.surface_probe.v1,surface_probe_schema_v1,1580,terrain.heightmap_mesh,analytic_heightmap_with_scm_sinkage,0.800,0.200,0.10476,-0.02254,0.03832,0.99901,0.5452,0.5452,0.11227,0.5452,0.11227,fallback_pychrono_unavailable
environment_terrain_component_demo,terrain.surface_probe.v1,surface_probe_schema_v1,1581,terrain.heightmap_mesh,analytic_heightmap_with_scm_sinkage,0.800,0.300,0.09616,-0.02140,0.05650,0.99817,0.5513,0.5513,0.09732,0.5513,0.09732,fallback_pychrono_unavailable
environment_terrain_component_demo,terrain.surface_probe.v1,surface_probe_schema_v1,1582,terrain.heightmap_mesh,analytic_heightmap_with_scm_sinkage,0.800,0.400,0.08709,-0.01983,0.07352,0.99710,0.5578,0.5578,0.07968,0.5578,0.07968,fallback_pychrono_unavailable
environment_terrain_component_demo,terrain.surface_probe.v1,surface_probe_schema_v1,1583,terrain.heightmap_mesh,analytic_heightmap_with_scm_sinkage,0.800,0.500,0.07740,-0.01788,0.08905,0.99587,0.5647,0.5647,0.06161,0.5647,0.06161,fallback_pychrono_unavailable
environment_terrain_component_demo,terrain.surface_probe.v1,surface_probe_schema_v1,1584,terrain.heightmap_mesh,analytic_heightmap_with_scm_sinkage,0.800,0.600,0.06691,-0.01558,0.10280,0.99458,0.5722,0.5722,0.04500,0.5722,0.04500,fallback_pychrono_unavailable
environment_terrain_component_demo,terrain.surface_probe.v1,surface_probe_schema_v1,1585,terrain.heightmap_mesh,analytic_heightmap_with_scm_sinkage,0.800,0.700,0.05554,-0.01299,0.11451,0.99334,0.5803,0.5803,0.03104,0.5803,0.03104,fallback_pychrono_unavailable
environment_terrain_component_demo,terrain.surface_probe.v1,surface_probe_schema_v1,1586,terrain.heightmap_mesh,analytic_heightmap_with_scm_sinkage,0.800,0.800,0.04332,-0.01015,0.12397,0.99223,0.5891,0.5891,0.02022,0.5891,0.02022,fallback_pychrono_unavailable
environment_terrain_component_demo,terrain.surface_probe.v1,surface_probe_schema_v1,1587,terrain.heightmap_mesh,analytic_heightmap_with_scm_sinkage,0.800,0.900,0.03037,-0.00712,0.13101,0.99136,0.5983,0.5983,0.01244,0.5983,0.01244,fallback_pychrono_unavailable
environment_terrain_component_demo,terrain.surface_probe.v1,surface_probe_schema_v1,1588,terrain.heightmap_mesh,analytic_heightmap_with_scm_sinkage,0.800,1.000,0.01687,-0.00395,0.13552,0.99077,0.6080,0.6080,0.00723,0.6080,0.00723,fallback_pychrono_unavailable
environment_terrain_component_demo,terrain.surface_probe.v1,surface_probe_schema_v1,1589,terrain.heightmap_mesh,analytic_heightmap_with_scm_sinkage,0.800,1.100,0.00306,-0.00072,0.13742,0.99051,0.6178,0.6178,0.00397,0.6178,0.00397,fallback_pychrono_unavailable
environment_terrain_component_demo,terrain.surface_probe.v1,surface_probe_schema_v1,1590,terrain.heightmap_mesh,analytic_heightmap_with_scm_sinkage,0.800,1.200,-0.01080,0.00253,0.13668,0.99061,0.6123,0.6123,0.00206,0.6123,0.00206,fallback_pychrono_unavailable
environment_terrain_component_demo,terrain.surface_probe.v1,surface_probe_schema_v1,1591,terrain.heightmap_mesh,analytic_heightmap_with_scm_sinkage,0.800,1.300,-0.02445,0.00574,0.13331,0.99106,0.6025,0.6025,0.00101,0.6025,0.00101,fallback_pychrono_unavailable
environment_terrain_component_demo,terrain.surface_probe.v1,surface_probe_schema_v1,1592,terrain.heightmap_mesh,analytic_heightmap_with_scm_sinkage,0.800,1.400,-0.03762,0.00884,0.12737,0.99182,0.5931,0.5931,0.00047,0.5931,0.00047,fallback_pychrono_unavailable
environment_terrain_component_demo,terrain.surface_probe.v1,surface_probe_schema_v1,1593,terrain.heightmap_mesh,analytic_heightmap_with_scm_sinkage,0.800,1.500,-0.05005,0.01177,0.11896,0.99283,0.5842,0.5842,0.00020,0.5842,0.00020,fallback_pychrono_unavailable
environment_terrain_component_demo,terrain.surface_probe.v1,surface_probe_schema_v1,1594,terrain.heightmap_mesh,analytic_heightmap_with_scm_sinkage,0.800,1.600,-0.06151,0.01448,0.10822,0.99402,0.5761,0.5761,0.00008,0.5761,0.00008,fallback_pychrono_unavailable
environment_terrain_component_demo,terrain.surface_probe.v1,surface_probe_schema_v1,1595,terrain.heightmap_mesh,analytic_heightmap_with_scm_sinkage,0.800,1.700,-0.07176,0.01691,0.09534,0.99530,0.5687,0.5687,0.00003,0.5687,0.00003,fallback_pychrono_unavailable
environment_terrain_component_demo,terrain.surface_probe.v1,surface_probe_schema_v1,1596,terrain.heightmap_mesh,analytic_heightmap_with_scm_sinkage,0.800,1.800,-0.08060,0.01902,0.08055,0.99657,0.5624,0.5624,0.00001,0.5624,0.00001,fallback_pychrono_unavailable
environment_terrain_component_demo,terrain.surface_probe.v1,surface_probe_schema_v1,1597,terrain.heightmap_mesh,analytic_heightmap_with_scm_sinkage,0.800,1.900,-0.08787,0.02076,0.06415,0.99772,0.5572,0.5572,0.00000,0.5572,0.00000,fallback_pychrono_unavailable
environment_terrain_component_demo,terrain.surface_probe.v1,surface_probe_schema_v1,1598,terrain.heightmap_mesh,analytic_heightmap_with_scm_sinkage,0.800,2.000,-0.09342,0.02209,0.04644,0.99868,0.5533,0.5533,0.00000,0.5533,0.00000,fallback_pychrono_unavailable
environment_terrain_component_demo,terrain.surface_probe.v1,surface_probe_schema_v1,1599,terrain.heightmap_mesh,analytic_heightmap_with_scm_sinkage,0.900,-2.000,-0.09411,-0.00833,-0.04679,0.99887,0.5528,0.5528,0.00000,0.5528,0.00000,fallback_pychrono_unavailable
environment_terrain_component_demo,terrain.surface_probe.v1,surface_probe_schema_v1,1600,terrain.heightmap_mesh,analytic_heightmap_with_scm_sinkage,0.900,-1.900,-0.08851,-0.00783,-0.06463,0.99788,0.5568,0.5568,0.00000,0.5568,0.00000,fallback_pychrono_unavailable
environment_terrain_component_demo,terrain.surface_probe.v1,surface_probe_schema_v1,1601,terrain.heightmap_mesh,analytic_heightmap_with_scm_sinkage,0.900,-1.800,-0.08118,-0.00717,-0.08116,0.99668,0.5620,0.5620,0.00001,0.5620,0.00001,fallback_pychrono_unavailable
environment_terrain_component_demo,terrain.surface_probe.v1,surface_probe_schema_v1,1602,terrain.heightmap_mesh,analytic_heightmap_with_scm_sinkage,0.900,-1.700,-0.07224,-0.00638,-0.09605,0.99536,0.5684,0.5684,0.00003,0.5684,0.00003,fallback_pychrono_unavailable
environment_terrain_component_demo,terrain.surface_probe.v1,surface_probe_schema_v1,1603,terrain.heightmap_mesh,analytic_heightmap_with_scm_sinkage,0.900,-1.600,-0.06184,-0.00546,-0.10902,0.99402,0.5758,0.5758,0.00008,0.5758,0.00008,fallback_pychrono_unavailable
environment_terrain_component_demo,terrain.surface_probe.v1,surface_probe_schema_v1,1604,terrain.heightmap_mesh,analytic_heightmap_with_scm_sinkage,0.900,-1.500,-0.05012,-0.00444,-0.11983,0.99278,0.5842,0.5842,0.00019,0.5842,0.00019,fallback_pychrono_unavailable
environment_terrain_component_demo,terrain.surface_probe.v1,surface_probe_schema_v1,1605,terrain.heightmap_mesh,analytic_heightmap_with_scm_sinkage,0.900,-1.400,-0.03720,-0.00333,-0.12830,0.99173,0.5934,0.5934,0.00043,0.5934,0.00043,fallback_pychrono_unavailable
environment_terrain_component_demo,terrain.surface_probe.v1,surface_probe_schema_v1,1606,terrain.heightmap_mesh,analytic_heightmap_with_scm_sinkage,0.900,-1.300,-0.02313,-0.00216,-0.13428,0.99094,0.6035,0.6035,0.00092,0.6035,0.00092,fallback_pychrono_unavailable
environment_terrain_component_demo,terrain.surface_probe.v1,surface_probe_schema_v1,1607,terrain.heightmap_mesh,analytic_heightmap_with_scm_sinkage,0.900,-1.200,-0.00791,-0.00096,-0.13767,0.99048,0.6143,0.6143,0.00189,0.6143,0.00189,fallback_pychrono_unavailable
environment_terrain_component_demo,terrain.surface_probe.v1,surface_probe_schema_v1,1608,terrain.heightmap_mesh,analytic_heightmap_with_scm_sinkage,0.900,-1.100,0.00849,0.00027,-0.13842,0.99037,0.6139,0.6139,0.00364,0.6139,0.00364,fallback_pychrono_unavailable
environment_terrain_component_demo,terrain.surface_probe.v1,surface_probe_schema_v1,1609,terrain.heightmap_mesh,analytic_heightmap_with_scm_sinkage,0.900,-1.000,0.02608,0.00149,-0.13651,0.99064,0.6014,0.6014,0.00663,0.6014,0.00663,fallback_pychrono_unavailable
environment_terrain_component_demo,terrain.surface_probe.v1,surface_probe_schema_v1,1610,terrain.heightmap_mesh,analytic_heightmap_with_scm_sinkage,0.900,-0.900,0.04468,0.00268,-0.13197,0.99125,0.5881,0.5881,0.01141,0.5881,0.01141,fallback_pychrono_unavailable
environment_terrain_component_demo,terrain.surface_probe.v1,surface_probe_schema_v1,1611,terrain.heightmap_mesh,analytic_heightmap_with_scm_sinkage,0.900,-0.800,0.06378,0.00383,-0.12488,0.99217,0.5744,0.5744,0.01854,0.5744,0.01854,fallback_pychrono_unavailable
environment_terrain_component_demo,terrain.surface_probe.v1,surface_probe_schema_v1,1612,terrain.heightmap_mesh,analytic_heightmap_with_scm_sinkage,0.900,-0.700,0.08245,0.00490,-0.11535,0.99331,0.5611,0.5611,0.02846,0.5611,0.02846,fallback_pychrono_unavailable
environment_terrain_component_demo,terrain.surface_probe.v1,surface_probe_schema_v1,1613,terrain.heightmap_mesh,analytic_heightmap_with_scm_sinkage,0.900,-0.600,0.09941,0.00588,-0.10356,0.99461,0.5490,0.5490,0.04126,0.5490,0.04126,fallback_pychrono_unavailable
environment_terrain_component_demo,terrain.surface_probe.v1,surface_probe_schema_v1,1614,terrain.heightmap_mesh,analytic_heightmap_with_scm_sinkage,0.900,-0.500,0.11332,0.00674,-0.08972,0.99594,0.5391,0.5391,0.05650,0.5391,0.05650,fallback_pychrono_unavailable
environment_terrain_component_demo,terrain.surface_probe.v1,surface_probe_schema_v1,1615,terrain.heightmap_mesh,analytic_heightmap_with_scm_sinkage,0.900,-0.400,0.12305,0.00748,-0.07407,0.99722,0.5321,0.5321,0.07307,0.5321,0.07307,fallback_pychrono_unavailable
environment_terrain_component_demo,terrain.surface_probe.v1,surface_probe_schema_v1,1616,terrain.heightmap_mesh,analytic_heightmap_with_scm_sinkage,0.900,-0.300,0.12812,0.00807,-0.05692,0.99835,0.5285,0.5285,0.08924,0.5285,0.08924,fallback_pychrono_unavailable
environment_terrain_component_demo,terrain.surface_probe.v1,surface_probe_schema_v1,1617,terrain.heightmap_mesh,analytic_heightmap_with_scm_sinkage,0.900,-0.200,0.12874,0.00850,-0.03861,0.99922,0.5280,0.5280,0.10295,0.5280,0.10295,fallback_pychrono_unavailable
environment_terrain_component_demo,terrain.surface_probe.v1,surface_probe_schema_v1,1618,terrain.heightmap_mesh,analytic_heightmap_with_scm_sinkage,0.900,-0.100,0.12571,0.00876,-0.01951,0.99977,0.5302,0.5302,0.11216,0.5302,0.11216,fallback_pychrono_unavailable
environment_terrain_component_demo,terrain.surface_probe.v1,surface_probe_schema_v1,1619,terrain.heightmap_mesh,analytic_heightmap_with_scm_sinkage,0.900,0.000,0.12014,0.00885,0.00000,0.99996,0.5342,0.5342,0.11541,0.5342,0.11541,fallback_pychrono_unavailable
environment_terrain_component_demo,terrain.surface_probe.v1,surface_probe_schema_v1,1620,terrain.heightmap_mesh,analytic_heightmap_with_scm_sinkage,0.900,0.100,0.11304,0.00876,0.01951,0.99977,0.5393,0.5393,0.11216,0.5393,0.11216,fallback_pychrono_unavailable
environment_terrain_component_demo,terrain.surface_probe.v1,surface_probe_schema_v1,1621,terrain.heightmap_mesh,analytic_heightmap_with_scm_sinkage,0.900,0.200,0.10509,0.00850,0.03861,0.99922,0.5449,0.5449,0.10295,0.5449,0.10295,fallback_pychrono_unavailable
environment_terrain_component_demo,terrain.surface_probe.v1,surface_probe_schema_v1,1622,terrain.heightmap_mesh,analytic_heightmap_with_scm_sinkage,0.900,0.300,0.09661,0.00807,0.05692,0.99835,0.5510,0.5510,0.08924,0.5510,0.08924,fallback_pychrono_unavailable
environment_terrain_component_demo,terrain.surface_probe.v1,surface_probe_schema_v1,1623,terrain.heightmap_mesh,analytic_heightmap_with_scm_sinkage,0.900,0.400,0.08759,0.00748,0.07407,0.99722,0.5574,0.5574,0.07307,0.5574,0.07307,fallback_pychrono_unavailable
environment_terrain_component_demo,terrain.surface_probe.v1,surface_probe_schema_v1,1624,terrain.heightmap_mesh,analytic_heightmap_with_scm_sinkage,0.900,0.500,0.07790,0.00674,0.08972,0.99594,0.5644,0.5644,0.05650,0.5644,0.05650,fallback_pychrono_unavailable
environment_terrain_component_demo,terrain.surface_probe.v1,surface_probe_schema_v1,1625,terrain.heightmap_mesh,analytic_heightmap_with_scm_sinkage,0.900,0.600,0.06737,0.00588,0.10356,0.99461,0.5719,0.5719,0.04126,0.5719,0.04126,fallback_pychrono_unavailable
environment_terrain_component_demo,terrain.surface_probe.v1,surface_probe_schema_v1,1626,terrain.heightmap_mesh,analytic_heightmap_with_scm_sinkage,0.900,0.700,0.05594,0.00490,0.11535,0.99331,0.5800,0.5800,0.02846,0.5800,0.02846,fallback_pychrono_unavailable
environment_terrain_component_demo,terrain.surface_probe.v1,surface_probe_schema_v1,1627,terrain.heightmap_mesh,analytic_heightmap_with_scm_sinkage,0.900,0.800,0.04364,0.00383,0.12488,0.99217,0.5888,0.5888,0.01854,0.5888,0.01854,fallback_pychrono_unavailable
environment_terrain_component_demo,terrain.surface_probe.v1,surface_probe_schema_v1,1628,terrain.heightmap_mesh,analytic_heightmap_with_scm_sinkage,0.900,0.900,0.03059,0.00268,0.13197,0.99125,0.5982,0.5982,0.01141,0.5982,0.01141,fallback_pychrono_unavailable
environment_terrain_component_demo,terrain.surface_probe.v1,surface_probe_schema_v1,1629,terrain.heightmap_mesh,analytic_heightmap_with_scm_sinkage,0.900,1.000,0.01699,0.00149,0.13651,0.99064,0.6079,0.6079,0.00663,0.6079,0.00663,fallback_pychrono_unavailable
environment_terrain_component_demo,terrain.surface_probe.v1,surface_probe_schema_v1,1630,terrain.heightmap_mesh,analytic_heightmap_with_scm_sinkage,0.900,1.100,0.00308,0.00027,0.13842,0.99037,0.6178,0.6178,0.00364,0.6178,0.00364,fallback_pychrono_unavailable
environment_terrain_component_demo,terrain.surface_probe.v1,surface_probe_schema_v1,1631,terrain.heightmap_mesh,analytic_heightmap_with_scm_sinkage,0.900,1.200,-0.01088,-0.00096,0.13767,0.99048,0.6122,0.6122,0.00189,0.6122,0.00189,fallback_pychrono_unavailable
environment_terrain_component_demo,terrain.surface_probe.v1,surface_probe_schema_v1,1632,terrain.heightmap_mesh,analytic_heightmap_with_scm_sinkage,0.900,1.300,-0.02463,-0.00216,0.13428,0.99094,0.6024,0.6024,0.00092,0.6024,0.00092,fallback_pychrono_unavailable
environment_terrain_component_demo,terrain.surface_probe.v1,surface_probe_schema_v1,1633,terrain.heightmap_mesh,analytic_heightmap_with_scm_sinkage,0.900,1.400,-0.03790,-0.00333,0.12830,0.99173,0.5929,0.5929,0.00043,0.5929,0.00043,fallback_pychrono_unavailable
environment_terrain_component_demo,terrain.surface_probe.v1,surface_probe_schema_v1,1634,terrain.heightmap_mesh,analytic_heightmap_with_scm_sinkage,0.900,1.500,-0.05042,-0.00444,0.11983,0.99278,0.5840,0.5840,0.00019,0.5840,0.00019,fallback_pychrono_unavailable
environment_terrain_component_demo,terrain.surface_probe.v1,surface_probe_schema_v1,1635,terrain.heightmap_mesh,analytic_heightmap_with_scm_sinkage,0.900,1.600,-0.06196,-0.00546,0.10902,0.99402,0.5757,0.5757,0.00008,0.5757,0.00008,fallback_pychrono_unavailable
environment_terrain_component_demo,terrain.surface_probe.v1,surface_probe_schema_v1,1636,terrain.heightmap_mesh,analytic_heightmap_with_scm_sinkage,0.900,1.700,-0.07229,-0.00638,0.09605,0.99536,0.5684,0.5684,0.00003,0.5684,0.00003,fallback_pychrono_unavailable
environment_terrain_component_demo,terrain.surface_probe.v1,surface_probe_schema_v1,1637,terrain.heightmap_mesh,analytic_heightmap_with_scm_sinkage,0.900,1.800,-0.08120,-0.00717,0.08116,0.99668,0.5620,0.5620,0.00001,0.5620,0.00001,fallback_pychrono_unavailable
environment_terrain_component_demo,terrain.surface_probe.v1,surface_probe_schema_v1,1638,terrain.heightmap_mesh,analytic_heightmap_with_scm_sinkage,0.900,1.900,-0.08852,-0.00783,0.06463,0.99788,0.5568,0.5568,0.00000,0.5568,0.00000,fallback_pychrono_unavailable
environment_terrain_component_demo,terrain.surface_probe.v1,surface_probe_schema_v1,1639,terrain.heightmap_mesh,analytic_heightmap_with_scm_sinkage,0.900,2.000,-0.09411,-0.00833,0.04679,0.99887,0.5528,0.5528,0.00000,0.5528,0.00000,fallback_pychrono_unavailable
environment_terrain_component_demo,terrain.surface_probe.v1,surface_probe_schema_v1,1640,terrain.heightmap_mesh,analytic_heightmap_with_scm_sinkage,1.000,-2.000,-0.09176,-0.03846,-0.04559,0.99822,0.5545,0.5545,0.00000,0.5545,0.00000,fallback_pychrono_unavailable
environment_terrain_component_demo,terrain.surface_probe.v1,surface_probe_schema_v1,1641,terrain.heightmap_mesh,analytic_heightmap_with_scm_sinkage,1.000,-1.900,-0.08630,-0.03615,-0.06298,0.99736,0.5584,0.5584,0.00000,0.5584,0.00000,fallback_pychrono_unavailable
environment_terrain_component_demo,terrain.surface_probe.v1,surface_probe_schema_v1,1642,terrain.heightmap_mesh,analytic_heightmap_with_scm_sinkage,1.000,-1.800,-0.07916,-0.03312,-0.07910,0.99632,0.5635,0.5635,0.00001,0.5635,0.00001,fallback_pychrono_unavailable
environment_terrain_component_demo,terrain.surface_probe.v1,surface_probe_schema_v1,1643,terrain.heightmap_mesh,analytic_heightmap_with_scm_sinkage,1.000,-1.700,-0.07044,-0.02946,-0.09363,0.99517,0.5697,0.5697,0.00003,0.5697,0.00003,fallback_pychrono_unavailable
environment_terrain_component_demo,terrain.surface_probe.v1,surface_probe_schema_v1,1644,terrain.heightmap_mesh,analytic_heightmap_with_scm_sinkage,1.000,-1.600,-0.06031,-0.02522,-0.10629,0.99402,0.5769,0.5769,0.00007,0.5769,0.00007,fallback_pychrono_unavailable
environment_terrain_component_demo,terrain.surface_probe.v1,surface_probe_schema_v1,1645,terrain.heightmap_mesh,analytic_heightmap_with_scm_sinkage,1.000,-1.500,-0.04889,-0.02050,-0.11686,0.99294,0.5851,0.5851,0.00017,0.5851,0.00017,fallback_pychrono_unavailable
environment_terrain_component_demo,terrain.surface_probe.v1,surface_probe_schema_v1,1646,terrain.heightmap_mesh,analytic_heightmap_with_scm_sinkage,1.000,-1.400,-0.03633,-0.01539,-0.12514,0.99202,0.5941,0.5941,0.00039,0.5941,0.00039,fallback_pychrono_unavailable
environment_terrain_component_demo,terrain.surface_probe.v1,surface_probe_schema_v1,1647,terrain.heightmap_mesh,analytic_heightmap_with_scm_sinkage,1.000,-1.300,-0.02268,-0.01000,-0.13098,0.99133,0.6038,0.6038,0.00084,0.6038,0.00084,fallback_pychrono_unavailable
environment_terrain_component_demo,terrain.surface_probe.v1,surface_probe_schema_v1,1648,terrain.heightmap_mesh,analytic_heightmap_with_scm_sinkage,1.000,-1.200,-0.00798,-0.00442,-0.13430,0.99093,0.6143,0.6143,0.00171,0.6143,0.00171,fallback_pychrono_unavailable
environment_terrain_component_demo,terrain.surface_probe.v1,surface_probe_schema_v1,1649,terrain.heightmap_mesh,analytic_heightmap_with_scm_sinkage,1.000,-1.100,0.00780,0.00125,-0.13503,0.99084,0.6144,0.6144,0.00329,0.6144,0.00329,fallback_pychrono_unavailable
environment_terrain_component_demo,terrain.surface_probe.v1,surface_probe_schema_v1,1650,terrain.heightmap_mesh,analytic_heightmap_with_scm_sinkage,1.000,-1.000,0.02463,0.00689,-0.13316,0.99107,0.6024,0.6024,0.00600,0.6024,0.00600,fallback_pychrono_unavailable
environment_terrain_component_demo,terrain.surface_probe.v1,surface_probe_schema_v1,1651,terrain.heightmap_mesh,analytic_heightmap_with_scm_sinkage,1.000,-0.900,0.04232,0.01240,-0.12872,0.99160,0.5898,0.5898,0.01032,0.5898,0.01032,fallback_pychrono_unavailable
environment_terrain_component_demo,terrain.surface_probe.v1,surface_probe_schema_v1,1652,terrain.heightmap_mesh,analytic_heightmap_with_scm_sinkage,1.000,-0.800,0.06040,0.01768,-0.12179,0.99240,0.5769,0.5769,0.01678,0.5769,0.01678,fallback_pychrono_unavailable
environment_terrain_component_demo,terrain.surface_probe.v1,surface_probe_schema_v1,1653,terrain.heightmap_mesh,analytic_heightmap_with_scm_sinkage,1.000,-0.700,0.07803,0.02263,-0.11248,0.99340,0.5643,0.5643,0.02575,0.5643,0.02575,fallback_pychrono_unavailable
environment_terrain_component_demo,terrain.surface_probe.v1,surface_probe_schema_v1,1654,terrain.heightmap_mesh,analytic_heightmap_with_scm_sinkage,1.000,-0.600,0.09405,0.02715,-0.10097,0.99452,0.5528,0.5528,0.03734,0.5528,0.03734,fallback_pychrono_unavailable
environment_terrain_component_demo,terrain.surface_probe.v1,surface_probe_schema_v1,1655,terrain.heightmap_mesh,analytic_heightmap_with_scm_sinkage,1.000,-0.500,0.10723,0.03114,-0.08745,0.99568,0.5434,0.5434,0.05112,0.5434,0.05112,fallback_pychrono_unavailable
environment_terrain_component_demo,terrain.surface_probe.v1,surface_probe_schema_v1,1656,terrain.heightmap_mesh,analytic_heightmap_with_scm_sinkage,1.000,-0.400,0.11660,0.03454,-0.07219,0.99679,0.5367,0.5367,0.06611,0.5367,0.06611,fallback_pychrono_unavailable
environment_terrain_component_demo,terrain.surface_probe.v1,surface_probe_schema_v1,1657,terrain.heightmap_mesh,analytic_heightmap_with_scm_sinkage,1.000,-0.300,0.12167,0.03726,-0.05547,0.99776,0.5331,0.5331,0.08075,0.5331,0.08075,fallback_pychrono_unavailable
environment_terrain_component_demo,terrain.surface_probe.v1,surface_probe_schema_v1,1658,terrain.heightmap_mesh,analytic_heightmap_with_scm_sinkage,1.000,-0.200,0.12264,0.03925,-0.03762,0.99852,0.5324,0.5324,0.09315,0.5324,0.09315,fallback_pychrono_unavailable
environment_terrain_component_demo,terrain.surface_probe.v1,surface_probe_schema_v1,1659,terrain.heightmap_mesh,analytic_heightmap_with_scm_sinkage,1.000,-0.100,0.12021,0.04046,-0.01901,0.99900,0.5341,0.5341,0.10149,0.5341,0.10149,fallback_pychrono_unavailable
environment_terrain_component_demo,terrain.surface_probe.v1,surface_probe_schema_v1,1660,terrain.heightmap_mesh,analytic_heightmap_with_scm_sinkage,1.000,0.000,0.11536,0.04086,0.00000,0.99916,0.5376,0.5376,0.10443,0.5376,0.10443,fallback_pychrono_unavailable
environment_terrain_component_demo,terrain.surface_probe.v1,surface_probe_schema_v1,1661,terrain.heightmap_mesh,analytic_heightmap_with_scm_sinkage,1.000,0.100,0.10897,0.04046,0.01901,0.99900,0.5422,0.5422,0.10149,0.5422,0.10149,fallback_pychrono_unavailable
environment_terrain_component_demo,terrain.surface_probe.v1,surface_probe_schema_v1,1662,terrain.heightmap_mesh,analytic_heightmap_with_scm_sinkage,1.000,0.200,0.10167,0.03925,0.03762,0.99852,0.5474,0.5474,0.09315,0.5474,0.09315,fallback_pychrono_unavailable
environment_terrain_component_demo,terrain.surface_probe.v1,surface_probe_schema_v1,1663,terrain.heightmap_mesh,analytic_heightmap_with_scm_sinkage,1.000,0.300,0.09372,0.03726,0.05547,0.99776,0.5531,0.5531,0.08075,0.5531,0.08075,fallback_pychrono_unavailable
environment_terrain_component_demo,terrain.surface_probe.v1,surface_probe_schema_v1,1664,terrain.heightmap_mesh,analytic_heightmap_with_scm_sinkage,1.000,0.400,0.08514,0.03454,0.07219,0.99679,0.5592,0.5592,0.06611,0.5592,0.06611,fallback_pychrono_unavailable
environment_terrain_component_demo,terrain.surface_probe.v1,surface_probe_schema_v1,1665,terrain.heightmap_mesh,analytic_heightmap_with_scm_sinkage,1.000,0.500,0.07582,0.03114,0.08745,0.99568,0.5658,0.5658,0.05112,0.5658,0.05112,fallback_pychrono_unavailable
environment_terrain_component_demo,terrain.surface_probe.v1,surface_probe_schema_v1,1666,terrain.heightmap_mesh,analytic_heightmap_with_scm_sinkage,1.000,0.600,0.06563,0.02715,0.10097,0.99452,0.5731,0.5731,0.03734,0.5731,0.03734,fallback_pychrono_unavailable
environment_terrain_component_demo,terrain.surface_probe.v1,surface_probe_schema_v1,1667,terrain.heightmap_mesh,analytic_heightmap_with_scm_sinkage,1.000,0.700,0.05452,0.02263,0.11248,0.99340,0.5811,0.5811,0.02575,0.5811,0.02575,fallback_pychrono_unavailable
environment_terrain_component_demo,terrain.surface_probe.v1,surface_probe_schema_v1,1668,terrain.heightmap_mesh,analytic_heightmap_with_scm_sinkage,1.000,0.800,0.04254,0.01768,0.12179,0.99240,0.5896,0.5896,0.01678,0.5896,0.01678,fallback_pychrono_unavailable
environment_terrain_component_demo,terrain.surface_probe.v1,surface_probe_schema_v1,1669,terrain.heightmap_mesh,analytic_heightmap_with_scm_sinkage,1.000,0.900,0.02982,0.01240,0.12872,0.99160,0.5987,0.5987,0.01032,0.5987,0.01032,fallback_pychrono_unavailable
environment_terrain_component_demo,terrain.surface_probe.v1,surface_probe_schema_v1,1670,terrain.heightmap_mesh,analytic_heightmap_with_scm_sinkage,1.000,1.000,0.01657,0.00689,0.13316,0.99107,0.6082,0.6082,0.00600,0.6082,0.00600,fallback_pychrono_unavailable
environment_terrain_component_demo,terrain.surface_probe.v1,surface_probe_schema_v1,1671,terrain.heightmap_mesh,analytic_heightmap_with_scm_sinkage,1.000,1.100,0.00300,0.00125,0.13503,0.99084,0.6179,0.6179,0.00329,0.6179,0.00329,fallback_pychrono_unavailable
environment_terrain_component_demo,terrain.surface_probe.v1,surface_probe_schema_v1,1672,terrain.heightmap_mesh,analytic_heightmap_with_scm_sinkage,1.000,1.200,-0.01061,-0.00442,0.13430,0.99093,0.6124,0.6124,0.00171,0.6124,0.00171,fallback_pychrono_unavailable
environment_terrain_component_demo,terrain.surface_probe.v1,surface_probe_schema_v1,1673,terrain.heightmap_mesh,analytic_heightmap_with_scm_sinkage,1.000,1.300,-0.02402,-0.01000,0.13098,0.99133,0.6028,0.6028,0.00084,0.6028,0.00084,fallback_pychrono_unavailable
environment_terrain_component_demo,terrain.surface_probe.v1,surface_probe_schema_v1,1674,terrain.heightmap_mesh,analytic_heightmap_with_scm_sinkage,1.000,1.400,-0.03695,-0.01539,0.12514,0.99202,0.5936,0.5936,0.00039,0.5936,0.00039,fallback_pychrono_unavailable
environment_terrain_component_demo,terrain.surface_probe.v1,surface_probe_schema_v1,1675,terrain.heightmap_mesh,analytic_heightmap_with_scm_sinkage,1.000,1.500,-0.04916,-0.02050,0.11686,0.99294,0.5849,0.5849,0.00017,0.5849,0.00017,fallback_pychrono_unavailable
environment_terrain_component_demo,terrain.surface_probe.v1,surface_probe_schema_v1,1676,terrain.heightmap_mesh,analytic_heightmap_with_scm_sinkage,1.000,1.600,-0.06041,-0.02522,0.10629,0.99402,0.5768,0.5768,0.00007,0.5768,0.00007,fallback_pychrono_unavailable
environment_terrain_component_demo,terrain.surface_probe.v1,surface_probe_schema_v1,1677,terrain.heightmap_mesh,analytic_heightmap_with_scm_sinkage,1.000,1.700,-0.07048,-0.02946,0.09363,0.99517,0.5697,0.5697,0.00003,0.5697,0.00003,fallback_pychrono_unavailable
environment_terrain_component_demo,terrain.surface_probe.v1,surface_probe_schema_v1,1678,terrain.heightmap_mesh,analytic_heightmap_with_scm_sinkage,1.000,1.800,-0.07917,-0.03312,0.07910,0.99632,0.5635,0.5635,0.00001,0.5635,0.00001,fallback_pychrono_unavailable
environment_terrain_component_demo,terrain.surface_probe.v1,surface_probe_schema_v1,1679,terrain.heightmap_mesh,analytic_heightmap_with_scm_sinkage,1.000,1.900,-0.08631,-0.03615,0.06298,0.99736,0.5584,0.5584,0.00000,0.5584,0.00000,fallback_pychrono_unavailable
environment_terrain_component_demo,terrain.surface_probe.v1,surface_probe_schema_v1,1680,terrain.heightmap_mesh,analytic_heightmap_with_scm_sinkage,1.000,2.000,-0.09176,-0.03846,0.04559,0.99822,0.5545,0.5545,0.00000,0.5545,0.00000,fallback_pychrono_unavailable
environment_terrain_component_demo,terrain.surface_probe.v1,surface_probe_schema_v1,1681,terrain.heightmap_mesh,analytic_heightmap_with_scm_sinkage,1.100,-2.000,-0.08644,-0.06727,-0.04289,0.99681,0.5583,0.5583,0.00000,0.5583,0.00000,fallback_pychrono_unavailable
environment_terrain_component_demo,terrain.surface_probe.v1,surface_probe_schema_v1,1682,terrain.heightmap_mesh,analytic_heightmap_with_scm_sinkage,1.100,-1.900,-0.08131,-0.06323,-0.05927,0.99624,0.5619,0.5619,0.00000,0.5619,0.00000,fallback_pychrono_unavailable
environment_terrain_component_demo,terrain.surface_probe.v1,surface_probe_schema_v1,1683,terrain.heightmap_mesh,analytic_heightmap_with_scm_sinkage,1.100,-1.800,-0.07457,-0.05796,-0.07446,0.99554,0.5667,0.5667,0.00001,0.5667,0.00001,fallback_pychrono_unavailable
environment_terrain_component_demo,terrain.surface_probe.v1,surface_probe_schema_v1,1684,terrain.heightmap_mesh,analytic_heightmap_with_scm_sinkage,1.100,-1.700,-0.06637,-0.05156,-0.08817,0.99477,0.5726,0.5726,0.00002,0.5726,0.00002,fallback_pychrono_unavailable
environment_terrain_component_demo,terrain.surface_probe.v1,surface_probe_schema_v1,1685,terrain.heightmap_mesh,analytic_heightmap_with_scm_sinkage,1.100,-1.600,-0.05683,-0.04416,-0.10013,0.99399,0.5794,0.5794,0.00006,0.5794,0.00006,fallback_pychrono_unavailable
environment_terrain_component_demo,terrain.surface_probe.v1,surface_probe_schema_v1,1686,terrain.heightmap_mesh,analytic_heightmap_with_scm_sinkage,1.100,-1.500,-0.04610,-0.03591,-0.11013,0.99327,0.5871,0.5871,0.00015,0.5871,0.00015,fallback_pychrono_unavailable
environment_terrain_component_demo,terrain.surface_probe.v1,surface_probe_schema_v1,1687,terrain.heightmap_mesh,analytic_heightmap_with_scm_sinkage,1.100,-1.400,-0.03430,-0.02698,-0.11796,0.99265,0.5955,0.5955,0.00034,0.5955,0.00034,fallback_pychrono_unavailable
environment_terrain_component_demo,terrain.surface_probe.v1,surface_probe_schema_v1,1688,terrain.heightmap_mesh,analytic_heightmap_with_scm_sinkage,1.100,-1.300,-0.02153,-0.01753,-0.12350,0.99219,0.6046,0.6046,0.00075,0.6046,0.00075,fallback_pychrono_unavailable
environment_terrain_component_demo,terrain.surface_probe.v1,surface_probe_schema_v1,1689,terrain.heightmap_mesh,analytic_heightmap_with_scm_sinkage,1.100,-1.200,-0.00784,-0.00774,-0.12664,0.99192,0.6144,0.6144,0.00152,0.6144,0.00152,fallback_pychrono_unavailable
environment_terrain_component_demo,terrain.surface_probe.v1,surface_probe_schema_v1,1690,terrain.heightmap_mesh,analytic_heightmap_with_scm_sinkage,1.100,-1.100,0.00676,0.00219,-0.12734,0.99186,0.6152,0.6152,0.00294,0.6152,0.00294,fallback_pychrono_unavailable
environment_terrain_component_demo,terrain.surface_probe.v1,surface_probe_schema_v1,1691,terrain.heightmap_mesh,analytic_heightmap_with_scm_sinkage,1.100,-1.000,0.02221,0.01208,-0.12556,0.99201,0.6041,0.6041,0.00536,0.6041,0.00536,fallback_pychrono_unavailable
environment_terrain_component_demo,terrain.surface_probe.v1,surface_probe_schema_v1,1692,terrain.heightmap_mesh,analytic_heightmap_with_scm_sinkage,1.100,-0.900,0.03832,0.02173,-0.12135,0.99237,0.5926,0.5926,0.00922,0.5926,0.00922,fallback_pychrono_unavailable
environment_terrain_component_demo,terrain.surface_probe.v1,surface_probe_schema_v1,1693,terrain.heightmap_mesh,analytic_heightmap_with_scm_sinkage,1.100,-0.800,0.05469,0.03098,-0.11479,0.99291,0.5809,0.5809,0.01498,0.5809,0.01498,fallback_pychrono_unavailable
environment_terrain_component_demo,terrain.surface_probe.v1,surface_probe_schema_v1,1694,terrain.heightmap_mesh,analytic_heightmap_with_scm_sinkage,1.100,-0.700,0.07057,0.03964,-0.10599,0.99358,0.5696,0.5696,0.02299,0.5696,0.02299,fallback_pychrono_unavailable
environment_terrain_component_demo,terrain.surface_probe.v1,surface_probe_schema_v1,1695,terrain.heightmap_mesh,analytic_heightmap_with_scm_sinkage,1.100,-0.600,0.08502,0.04753,-0.09510,0.99433,0.5593,0.5593,0.03333,0.5593,0.03333,fallback_pychrono_unavailable
environment_terrain_component_demo,terrain.surface_probe.v1,surface_probe_schema_v1,1696,terrain.heightmap_mesh,analytic_heightmap_with_scm_sinkage,1.100,-0.500,0.09698,0.05451,-0.08234,0.99511,0.5507,0.5507,0.04564,0.5507,0.04564,fallback_pychrono_unavailable
environment_terrain_component_demo,terrain.surface_probe.v1,surface_probe_schema_v1,1697,terrain.heightmap_mesh,analytic_heightmap_with_scm_sinkage,1.100,-0.400,0.10564,0.06043,-0.06794,0.99586,0.5445,0.5445,0.05903,0.5445,0.05903,fallback_pychrono_unavailable
environment_terrain_component_demo,terrain.surface_probe.v1,surface_probe_schema_v1,1698,terrain.heightmap_mesh,analytic_heightmap_with_scm_sinkage,1.100,-0.300,0.11058,0.06517,-0.05219,0.99651,0.5410,0.5410,0.07210,0.5410,0.07210,fallback_pychrono_unavailable
environment_terrain_component_demo,terrain.surface_probe.v1,surface_probe_schema_v1,1699,terrain.heightmap_mesh,analytic_heightmap_with_scm_sinkage,1.100,-0.200,0.11195,0.06862,-0.03539,0.99701,0.5400,0.5400,0.08317,0.5400,0.08317,fallback_pychrono_unavailable
environment_terrain_component_demo,terrain.surface_probe.v1,surface_probe_schema_v1,1700,terrain.heightmap_mesh,analytic_heightmap_with_scm_sinkage,1.100,-0.100,0.11032,0.07073,-0.01788,0.99734,0.5412,0.5412,0.09061,0.5412,0.09061,fallback_pychrono_unavailable
environment_terrain_component_demo,terrain.surface_probe.v1,surface_probe_schema_v1,1701,terrain.heightmap_mesh,analytic_heightmap_with_scm_sinkage,1.100,0.000,0.10646,0.07144,0.00000,0.99745,0.5440,0.5440,0.09324,0.5440,0.09324,fallback_pychrono_unavailable
environment_terrain_component_demo,terrain.surface_probe.v1,surface_probe_schema_v1,1702,terrain.heightmap_mesh,analytic_heightmap_with_scm_sinkage,1.100,0.100,0.10111,0.07073,0.01788,0.99734,0.5478,0.5478,0.09061,0.5478,0.09061,fallback_pychrono_unavailable
environment_terrain_component_demo,terrain.surface_probe.v1,surface_probe_schema_v1,1703,terrain.heightmap_mesh,analytic_heightmap_with_scm_sinkage,1.100,0.200,0.09478,0.06862,0.03539,0.99701,0.5523,0.5523,0.08317,0.5523,0.08317,fallback_pychrono_unavailable
environment_terrain_component_demo,terrain.surface_probe.v1,surface_probe_schema_v1,1704,terrain.heightmap_mesh,analytic_heightmap_with_scm_sinkage,1.100,0.300,0.08770,0.06517,0.05219,0.99651,0.5574,0.5574,0.07210,0.5574,0.07210,fallback_pychrono_unavailable
environment_terrain_component_demo,terrain.surface_probe.v1,surface_probe_schema_v1,1705,terrain.heightmap_mesh,analytic_heightmap_with_scm_sinkage,1.100,0.400,0.07989,0.06043,0.06794,0.99586,0.5629,0.5629,0.05903,0.5629,0.05903,fallback_pychrono_unavailable
environment_terrain_component_demo,terrain.surface_probe.v1,surface_probe_schema_v1,1706,terrain.heightmap_mesh,analytic_heightmap_with_scm_sinkage,1.100,0.500,0.07126,0.05451,0.08234,0.99511,0.5691,0.5691,0.04564,0.5691,0.04564,fallback_pychrono_unavailable
environment_terrain_component_demo,terrain.surface_probe.v1,surface_probe_schema_v1,1707,terrain.heightmap_mesh,analytic_heightmap_with_scm_sinkage,1.100,0.600,0.06175,0.04753,0.09510,0.99433,0.5759,0.5759,0.03333,0.5759,0.03333,fallback_pychrono_unavailable
environment_terrain_component_demo,terrain.surface_probe.v1,surface_probe_schema_v1,1708,terrain.heightmap_mesh,analytic_heightmap_with_scm_sinkage,1.100,0.700,0.05132,0.03964,0.10599,0.99358,0.5833,0.5833,0.02299,0.5833,0.02299,fallback_pychrono_unavailable
environment_terrain_component_demo,terrain.surface_probe.v1,surface_probe_schema_v1,1709,terrain.heightmap_mesh,analytic_heightmap_with_scm_sinkage,1.100,0.800,0.04006,0.03098,0.11479,0.99291,0.5914,0.5914,0.01498,0.5914,0.01498,fallback_pychrono_unavailable
environment_terrain_component_demo,terrain.surface_probe.v1,surface_probe_schema_v1,1710,terrain.heightmap_mesh,analytic_heightmap_with_scm_sinkage,1.100,0.900,0.02809,0.02173,0.12135,0.99237,0.5999,0.5999,0.00922,0.5999,0.00922,fallback_pychrono_unavailable
environment_terrain_component_demo,terrain.surface_probe.v1,surface_probe_schema_v1,1711,terrain.heightmap_mesh,analytic_heightmap_with_scm_sinkage,1.100,1.000,0.01560,0.01208,0.12556,0.99201,0.6089,0.6089,0.00536,0.6089,0.00536,fallback_pychrono_unavailable
environment_terrain_component_demo,terrain.surface_probe.v1,surface_probe_schema_v1,1712,terrain.heightmap_mesh,analytic_heightmap_with_scm_sinkage,1.100,1.100,0.00283,0.00219,0.12734,0.99186,0.6180,0.6180,0.00294,0.6180,0.00294,fallback_pychrono_unavailable
environment_terrain_component_demo,terrain.surface_probe.v1,surface_probe_schema_v1,1713,terrain.heightmap_mesh,analytic_heightmap_with_scm_sinkage,1.100,1.200,-0.01000,-0.00774,0.12664,0.99192,0.6129,0.6129,0.00152,0.6129,0.00152,fallback_pychrono_unavailable
environment_terrain_component_demo,terrain.surface_probe.v1,surface_probe_schema_v1,1714,terrain.heightmap_mesh,analytic_heightmap_with_scm_sinkage,1.100,1.300,-0.02263,-0.01753,0.12350,0.99219,0.6038,0.6038,0.00075,0.6038,0.00075,fallback_pychrono_unavailable
environment_terrain_component_demo,terrain.surface_probe.v1,surface_probe_schema_v1,1715,terrain.heightmap_mesh,analytic_heightmap_with_scm_sinkage,1.100,1.400,-0.03481,-0.02698,0.11796,0.99265,0.5951,0.5951,0.00034,0.5951,0.00034,fallback_pychrono_unavailable
environment_terrain_component_demo,terrain.surface_probe.v1,surface_probe_schema_v1,1716,terrain.heightmap_mesh,analytic_heightmap_with_scm_sinkage,1.100,1.500,-0.04632,-0.03591,0.11013,0.99327,0.5869,0.5869,0.00015,0.5869,0.00015,fallback_pychrono_unavailable
environment_terrain_component_demo,terrain.surface_probe.v1,surface_probe_schema_v1,1717,terrain.heightmap_mesh,analytic_heightmap_with_scm_sinkage,1.100,1.600,-0.05691,-0.04416,0.10013,0.99399,0.5793,0.5793,0.00006,0.5793,0.00006,fallback_pychrono_unavailable
environment_terrain_component_demo,terrain.surface_probe.v1,surface_probe_schema_v1,1718,terrain.heightmap_mesh,analytic_heightmap_with_scm_sinkage,1.100,1.700,-0.06640,-0.05156,0.08817,0.99477,0.5726,0.5726,0.00002,0.5726,0.00002,fallback_pychrono_unavailable
environment_terrain_component_demo,terrain.surface_probe.v1,surface_probe_schema_v1,1719,terrain.heightmap_mesh,analytic_heightmap_with_scm_sinkage,1.100,1.800,-0.07458,-0.05796,0.07446,0.99554,0.5667,0.5667,0.00001,0.5667,0.00001,fallback_pychrono_unavailable
environment_terrain_component_demo,terrain.surface_probe.v1,surface_probe_schema_v1,1720,terrain.heightmap_mesh,analytic_heightmap_with_scm_sinkage,1.100,1.900,-0.08131,-0.06323,0.05927,0.99624,0.5619,0.5619,0.00000,0.5619,0.00000,fallback_pychrono_unavailable
environment_terrain_component_demo,terrain.surface_probe.v1,surface_probe_schema_v1,1721,terrain.heightmap_mesh,analytic_heightmap_with_scm_sinkage,1.100,2.000,-0.08644,-0.06727,0.04289,0.99681,0.5583,0.5583,0.00000,0.5583,0.00000,fallback_pychrono_unavailable
environment_terrain_component_demo,terrain.surface_probe.v1,surface_probe_schema_v1,1722,terrain.heightmap_mesh,analytic_heightmap_with_scm_sinkage,1.200,-2.000,-0.07833,-0.09376,-0.03879,0.99484,0.5640,0.5640,0.00000,0.5640,0.00000,fallback_pychrono_unavailable
environment_terrain_component_demo,terrain.surface_probe.v1,surface_probe_schema_v1,1723,terrain.heightmap_mesh,analytic_heightmap_with_scm_sinkage,1.200,-1.900,-0.07368,-0.08818,-0.05362,0.99466,0.5674,0.5674,0.00000,0.5674,0.00000,fallback_pychrono_unavailable
environment_terrain_component_demo,terrain.surface_probe.v1,surface_probe_schema_v1,1724,terrain.heightmap_mesh,analytic_heightmap_with_scm_sinkage,1.200,-1.800,-0.06758,-0.08086,-0.06740,0.99444,0.5717,0.5717,0.00001,0.5717,0.00001,fallback_pychrono_unavailable
environment_terrain_component_demo,terrain.surface_probe.v1,surface_probe_schema_v1,1725,terrain.heightmap_mesh,analytic_heightmap_with_scm_sinkage,1.200,-1.700,-0.06015,-0.07197,-0.07985,0.99420,0.5770,0.5770,0.00002,0.5770,0.00002,fallback_pychrono_unavailable
environment_terrain_component_demo,terrain.surface_probe.v1,surface_probe_schema_v1,1726,terrain.heightmap_mesh,analytic_heightmap_with_scm_sinkage,1.200,-1.600,-0.05151,-0.06168,-0.09074,0.99396,0.5832,0.5832,0.00005,0.5832,0.00005,fallback_pychrono_unavailable
environment_terrain_component_demo,terrain.surface_probe.v1,surface_probe_schema_v1,1727,terrain.heightmap_mesh,analytic_heightmap_with_scm_sinkage,1.200,-1.500,-0.04181,-0.05018,-0.09984,0.99374,0.5901,0.5901,0.00013,0.5901,0.00013,fallback_pychrono_unavailable
environment_terrain_component_demo,terrain.surface_probe.v1,surface_probe_schema_v1,1728,terrain.heightmap_mesh,analytic_heightmap_with_scm_sinkage,1.200,-1.400,-0.03116,-0.03771,-0.10699,0.99354,0.5977,0.5977,0.00030,0.5977,0.00030,fallback_pychrono_unavailable
environment_terrain_component_demo,terrain.surface_probe.v1,surface_probe_schema_v1,1729,terrain.heightmap_mesh,analytic_heightmap_with_scm_sinkage,1.200,-1.300,-0.01968,-0.02451,-0.11205,0.99340,0.6059,0.6059,0.00066,0.6059,0.00066,fallback_pychrono_unavailable
environment_terrain_component_demo,terrain.surface_probe.v1,surface_probe_schema_v1,1730,terrain.heightmap_mesh,analytic_heightmap_with_scm_sinkage,1.200,-1.200,-0.00743,-0.01083,-0.11493,0.99331,0.6147,0.6147,0.00134,0.6147,0.00134,fallback_pychrono_unavailable
environment_terrain_component_demo,terrain.surface_probe.v1,surface_probe_schema_v1,1731,terrain.heightmap_mesh,analytic_heightmap_with_scm_sinkage,1.200,-1.100,0.00553,0.00306,-0.11556,0.99330,0.6160,0.6160,0.00259,0.6160,0.00259,fallback_pychrono_unavailable
environment_terrain_component_demo,terrain.surface_probe.v1,surface_probe_schema_v1,1732,terrain.heightmap_mesh,analytic_heightmap_with_scm_sinkage,1.200,-1.000,0.01913,0.01689,-0.11394,0.99334,0.6063,0.6063,0.00472,0.6063,0.00472,fallback_pychrono_unavailable
environment_terrain_component_demo,terrain.surface_probe.v1,surface_probe_schema_v1,1733,terrain.heightmap_mesh,analytic_heightmap_with_scm_sinkage,1.200,-0.900,0.03318,0.03039,-0.11009,0.99346,0.5963,0.5963,0.00812,0.5963,0.00812,fallback_pychrono_unavailable
environment_terrain_component_demo,terrain.surface_probe.v1,surface_probe_schema_v1,1734,terrain.heightmap_mesh,analytic_heightmap_with_scm_sinkage,1.200,-0.800,0.04734,0.04330,-0.10410,0.99362,0.5862,0.5862,0.01320,0.5862,0.01320,fallback_pychrono_unavailable
environment_terrain_component_demo,terrain.surface_probe.v1,surface_probe_schema_v1,1735,terrain.heightmap_mesh,analytic_heightmap_with_scm_sinkage,1.200,-0.700,0.06103,0.05537,-0.09607,0.99383,0.5764,0.5764,0.02026,0.5764,0.02026,fallback_pychrono_unavailable
environment_terrain_component_demo,terrain.surface_probe.v1,surface_probe_schema_v1,1736,terrain.heightmap_mesh,analytic_heightmap_with_scm_sinkage,1.200,-0.600,0.07346,0.06637,-0.08616,0.99407,0.5675,0.5675,0.02937,0.5675,0.02937,fallback_pychrono_unavailable
environment_terrain_component_demo,terrain.surface_probe.v1,surface_probe_schema_v1,1737,terrain.heightmap_mesh,analytic_heightmap_with_scm_sinkage,1.200,-0.500,0.08385,0.07607,-0.07456,0.99431,0.5601,0.5601,0.04021,0.5601,0.04021,fallback_pychrono_unavailable
environment_terrain_component_demo,terrain.surface_probe.v1,surface_probe_schema_v1,1738,terrain.heightmap_mesh,analytic_heightmap_with_scm_sinkage,1.200,-0.400,0.09153,0.08428,-0.06149,0.99454,0.5546,0.5546,0.05201,0.5546,0.05201,fallback_pychrono_unavailable
environment_terrain_component_demo,terrain.surface_probe.v1,surface_probe_schema_v1,1739,terrain.heightmap_mesh,analytic_heightmap_with_scm_sinkage,1.200,-0.300,0.09618,0.09085,-0.04721,0.99474,0.5513,0.5513,0.06352,0.5513,0.06352,fallback_pychrono_unavailable
environment_terrain_component_demo,terrain.surface_probe.v1,surface_probe_schema_v1,1740,terrain.heightmap_mesh,analytic_heightmap_with_scm_sinkage,1.200,-0.200,0.09787,0.09564,-0.03200,0.99490,0.5501,0.5501,0.07328,0.5501,0.07328,fallback_pychrono_unavailable
environment_terrain_component_demo,terrain.surface_probe.v1,surface_probe_schema_v1,1741,terrain.heightmap_mesh,analytic_heightmap_with_scm_sinkage,1.200,-0.100,0.09704,0.09855,-0.01616,0.99500,0.5507,0.5507,0.07983,0.5507,0.07983,fallback_pychrono_unavailable
environment_terrain_component_demo,terrain.surface_probe.v1,surface_probe_schema_v1,1742,terrain.heightmap_mesh,analytic_heightmap_with_scm_sinkage,1.200,0.000,0.09426,0.09953,0.00000,0.99503,0.5527,0.5527,0.08215,0.5527,0.08215,fallback_pychrono_unavailable
environment_terrain_component_demo,terrain.surface_probe.v1,surface_probe_schema_v1,1743,terrain.heightmap_mesh,analytic_heightmap_with_scm_sinkage,1.200,0.100,0.09008,0.09855,0.01616,0.99500,0.5557,0.5557,0.07983,0.5557,0.07983,fallback_pychrono_unavailable
environment_terrain_component_demo,terrain.surface_probe.v1,surface_probe_schema_v1,1744,terrain.heightmap_mesh,analytic_heightmap_with_scm_sinkage,1.200,0.200,0.08490,0.09564,0.03200,0.99490,0.5594,0.5594,0.07328,0.5594,0.07328,fallback_pychrono_unavailable
environment_terrain_component_demo,terrain.surface_probe.v1,surface_probe_schema_v1,1745,terrain.heightmap_mesh,analytic_heightmap_with_scm_sinkage,1.200,0.300,0.07888,0.09085,0.04721,0.99474,0.5637,0.5637,0.06352,0.5637,0.06352,fallback_pychrono_unavailable
environment_terrain_component_demo,terrain.surface_probe.v1,surface_probe_schema_v1,1746,terrain.heightmap_mesh,analytic_heightmap_with_scm_sinkage,1.200,0.400,0.07207,0.08428,0.06149,0.99454,0.5685,0.5685,0.05201,0.5685,0.05201,fallback_pychrono_unavailable
environment_terrain_component_demo,terrain.surface_probe.v1,surface_probe_schema_v1,1747,terrain.heightmap_mesh,analytic_heightmap_with_scm_sinkage,1.200,0.500,0.06441,0.07607,0.07456,0.99431,0.5740,0.5740,0.04021,0.5740,0.04021,fallback_pychrono_unavailable
environment_terrain_component_demo,terrain.surface_probe.v1,surface_probe_schema_v1,1748,terrain.heightmap_mesh,analytic_heightmap_with_scm_sinkage,1.200,0.600,0.05588,0.06637,0.08616,0.99407,0.5801,0.5801,0.02937,0.5801,0.02937,fallback_pychrono_unavailable
environment_terrain_component_demo,terrain.surface_probe.v1,surface_probe_schema_v1,1749,terrain.heightmap_mesh,analytic_heightmap_with_scm_sinkage,1.200,0.700,0.04648,0.05537,0.09607,0.99383,0.5868,0.5868,0.02026,0.5868,0.02026,fallback_pychrono_unavailable
environment_terrain_component_demo,terrain.surface_probe.v1,surface_probe_schema_v1,1750,terrain.heightmap_mesh,analytic_heightmap_with_scm_sinkage,1.200,0.800,0.03629,0.04330,0.10410,0.99362,0.5941,0.5941,0.01320,0.5941,0.01320,fallback_pychrono_unavailable
environment_terrain_component_demo,terrain.surface_probe.v1,surface_probe_schema_v1,1751,terrain.heightmap_mesh,analytic_heightmap_with_scm_sinkage,1.200,0.900,0.02545,0.03039,0.11009,0.99346,0.6018,0.6018,0.00812,0.6018,0.00812,fallback_pychrono_unavailable
environment_terrain_component_demo,terrain.surface_probe.v1,surface_probe_schema_v1,1752,terrain.heightmap_mesh,analytic_heightmap_with_scm_sinkage,1.200,1.000,0.01414,0.01689,0.11394,0.99334,0.6099,0.6099,0.00472,0.6099,0.00472,fallback_pychrono_unavailable
environment_terrain_component_demo,terrain.surface_probe.v1,surface_probe_schema_v1,1753,terrain.heightmap_mesh,analytic_heightmap_with_scm_sinkage,1.200,1.100,0.00256,0.00306,0.11556,0.99330,0.6182,0.6182,0.00259,0.6182,0.00259,fallback_pychrono_unavailable
environment_terrain_component_demo,terrain.surface_probe.v1,surface_probe_schema_v1,1754,terrain.heightmap_mesh,analytic_heightmap_with_scm_sinkage,1.200,1.200,-0.00906,-0.01083,0.11493,0.99331,0.6135,0.6135,0.00134,0.6135,0.00134,fallback_pychrono_unavailable
environment_terrain_component_demo,terrain.surface_probe.v1,surface_probe_schema_v1,1755,terrain.heightmap_mesh,analytic_heightmap_with_scm_sinkage,1.200,1.300,-0.02050,-0.02451,0.11205,0.99340,0.6054,0.6054,0.00066,0.6054,0.00066,fallback_pychrono_unavailable
environment_terrain_component_demo,terrain.surface_probe.v1,surface_probe_schema_v1,1756,terrain.heightmap_mesh,analytic_heightmap_with_scm_sinkage,1.200,1.400,-0.03155,-0.03771,0.10699,0.99354,0.5975,0.5975,0.00030,0.5975,0.00030,fallback_pychrono_unavailable
environment_terrain_component_demo,terrain.surface_probe.v1,surface_probe_schema_v1,1757,terrain.heightmap_mesh,analytic_heightmap_with_scm_sinkage,1.200,1.500,-0.04197,-0.05018,0.09984,0.99374,0.5900,0.5900,0.00013,0.5900,0.00013,fallback_pychrono_unavailable
environment_terrain_component_demo,terrain.surface_probe.v1,surface_probe_schema_v1,1758,terrain.heightmap_mesh,analytic_heightmap_with_scm_sinkage,1.200,1.600,-0.05158,-0.06168,0.09074,0.99396,0.5832,0.5832,0.00005,0.5832,0.00005,fallback_pychrono_unavailable
environment_terrain_component_demo,terrain.surface_probe.v1,surface_probe_schema_v1,1759,terrain.heightmap_mesh,analytic_heightmap_with_scm_sinkage,1.200,1.700,-0.06017,-0.07197,0.07985,0.99420,0.5770,0.5770,0.00002,0.5770,0.00002,fallback_pychrono_unavailable
environment_terrain_component_demo,terrain.surface_probe.v1,surface_probe_schema_v1,1760,terrain.heightmap_mesh,analytic_heightmap_with_scm_sinkage,1.200,1.800,-0.06759,-0.08086,0.06740,0.99444,0.5717,0.5717,0.00001,0.5717,0.00001,fallback_pychrono_unavailable
environment_terrain_component_demo,terrain.surface_probe.v1,surface_probe_schema_v1,1761,terrain.heightmap_mesh,analytic_heightmap_with_scm_sinkage,1.200,1.900,-0.07368,-0.08818,0.05362,0.99466,0.5674,0.5674,0.00000,0.5674,0.00000,fallback_pychrono_unavailable
environment_terrain_component_demo,terrain.surface_probe.v1,surface_probe_schema_v1,1762,terrain.heightmap_mesh,analytic_heightmap_with_scm_sinkage,1.200,2.000,-0.07833,-0.09376,0.03879,0.99484,0.5640,0.5640,0.00000,0.5640,0.00000,fallback_pychrono_unavailable
environment_terrain_component_demo,terrain.surface_probe.v1,surface_probe_schema_v1,1763,terrain.heightmap_mesh,analytic_heightmap_with_scm_sinkage,1.300,-2.000,-0.06769,-0.11709,-0.03344,0.99256,0.5716,0.5716,0.00000,0.5716,0.00000,fallback_pychrono_unavailable
environment_terrain_component_demo,terrain.surface_probe.v1,surface_probe_schema_v1,1764,terrain.heightmap_mesh,analytic_heightmap_with_scm_sinkage,1.300,-1.900,-0.06367,-0.11017,-0.04626,0.99284,0.5745,0.5745,0.00000,0.5745,0.00000,fallback_pychrono_unavailable
environment_terrain_component_demo,terrain.surface_probe.v1,surface_probe_schema_v1,1765,terrain.heightmap_mesh,analytic_heightmap_with_scm_sinkage,1.300,-1.800,-0.05840,-0.10109,-0.05817,0.99318,0.5783,0.5783,0.00001,0.5783,0.00001,fallback_pychrono_unavailable
environment_terrain_component_demo,terrain.surface_probe.v1,surface_probe_schema_v1,1766,terrain.heightmap_mesh,analytic_heightmap_with_scm_sinkage,1.300,-1.700,-0.05198,-0.09003,-0.06896,0.99355,0.5829,0.5829,0.00002,0.5829,0.00002,fallback_pychrono_unavailable
environment_terrain_component_demo,terrain.surface_probe.v1,surface_probe_schema_v1,1767,terrain.heightmap_mesh,analytic_heightmap_with_scm_sinkage,1.300,-1.600,-0.04452,-0.07720,-0.07841,0.99393,0.5882,0.5882,0.00005,0.5882,0.00005,fallback_pychrono_unavailable
environment_terrain_component_demo,terrain.surface_probe.v1,surface_probe_schema_v1,1768,terrain.heightmap_mesh,analytic_heightmap_with_scm_sinkage,1.300,-1.500,-0.03616,-0.06285,-0.08633,0.99428,0.5942,0.5942,0.00012,0.5942,0.00012,fallback_pychrono_unavailable
environment_terrain_component_demo,terrain.surface_probe.v1,surface_probe_schema_v1,1769,terrain.heightmap_mesh,analytic_heightmap_with_scm_sinkage,1.300,-1.400,-0.02699,-0.04725,-0.09256,0.99459,0.6007,0.6007,0.00026,0.6007,0.00026,fallback_pychrono_unavailable
environment_terrain_component_demo,terrain.surface_probe.v1,surface_probe_schema_v1,1770,terrain.heightmap_mesh,analytic_heightmap_with_scm_sinkage,1.300,-1.300,-0.01714,-0.03072,-0.09697,0.99481,0.6078,0.6078,0.00057,0.6078,0.00057,fallback_pychrono_unavailable
environment_terrain_component_demo,terrain.surface_probe.v1,surface_probe_schema_v1,1771,terrain.heightmap_mesh,analytic_heightmap_with_scm_sinkage,1.300,-1.200,-0.00669,-0.01358,-0.09948,0.99495,0.6152,0.6152,0.00117,0.6152,0.00117,fallback_pychrono_unavailable
environment_terrain_component_demo,terrain.surface_probe.v1,surface_probe_schema_v1,1772,terrain.heightmap_mesh,analytic_heightmap_with_scm_sinkage,1.300,-1.100,0.00429,0.00384,-0.10003,0.99498,0.6169,0.6169,0.00225,0.6169,0.00225,fallback_pychrono_unavailable
environment_terrain_component_demo,terrain.surface_probe.v1,surface_probe_schema_v1,1773,terrain.heightmap_mesh,analytic_heightmap_with_scm_sinkage,1.300,-1.000,0.01570,0.02117,-0.09862,0.99490,0.6088,0.6088,0.00410,0.6088,0.00410,fallback_pychrono_unavailable
environment_terrain_component_demo,terrain.surface_probe.v1,surface_probe_schema_v1,1774,terrain.heightmap_mesh,analytic_heightmap_with_scm_sinkage,1.300,-0.900,0.02739,0.03809,-0.09526,0.99472,0.6004,0.6004,0.00706,0.6004,0.00706,fallback_pychrono_unavailable
environment_terrain_component_demo,terrain.surface_probe.v1,surface_probe_schema_v1,1775,terrain.heightmap_mesh,analytic_heightmap_with_scm_sinkage,1.300,-0.800,0.03906,0.05425,-0.09004,0.99446,0.5921,0.5921,0.01147,0.5921,0.01147,fallback_pychrono_unavailable
environment_terrain_component_demo,terrain.surface_probe.v1,surface_probe_schema_v1,1776,terrain.heightmap_mesh,analytic_heightmap_with_scm_sinkage,1.300,-0.700,0.05029,0.06933,-0.08305,0.99413,0.5841,0.5841,0.01761,0.5841,0.01761,fallback_pychrono_unavailable
environment_terrain_component_demo,terrain.surface_probe.v1,surface_probe_schema_v1,1777,terrain.heightmap_mesh,analytic_heightmap_with_scm_sinkage,1.300,-0.600,0.06049,0.08305,-0.07443,0.99376,0.5768,0.5768,0.02553,0.5768,0.02553,fallback_pychrono_unavailable
environment_terrain_component_demo,terrain.surface_probe.v1,surface_probe_schema_v1,1778,terrain.heightmap_mesh,analytic_heightmap_with_scm_sinkage,1.300,-0.500,0.06909,0.09513,-0.06437,0.99338,0.5707,0.5707,0.03496,0.5707,0.03496,fallback_pychrono_unavailable
environment_terrain_component_demo,terrain.surface_probe.v1,surface_probe_schema_v1,1779,terrain.heightmap_mesh,analytic_heightmap_with_scm_sinkage,1.300,-0.400,0.07559,0.10534,-0.05306,0.99302,0.5660,0.5660,0.04521,0.5660,0.04521,fallback_pychrono_unavailable
environment_terrain_component_demo,terrain.surface_probe.v1,surface_probe_schema_v1,1780,terrain.heightmap_mesh,analytic_heightmap_with_scm_sinkage,1.300,-0.300,0.07974,0.11349,-0.04072,0.99270,0.5630,0.5630,0.05522,0.5630,0.05522,fallback_pychrono_unavailable
environment_terrain_component_demo,terrain.surface_probe.v1,surface_probe_schema_v1,1781,terrain.heightmap_mesh,analytic_heightmap_with_scm_sinkage,1.300,-0.200,0.08159,0.11942,-0.02759,0.99246,0.5617,0.5617,0.06370,0.5617,0.06370,fallback_pychrono_unavailable
environment_terrain_component_demo,terrain.surface_probe.v1,surface_probe_schema_v1,1782,terrain.heightmap_mesh,analytic_heightmap_with_scm_sinkage,1.300,-0.100,0.08141,0.12302,-0.01393,0.99231,0.5619,0.5619,0.06940,0.5619,0.06940,fallback_pychrono_unavailable
environment_terrain_component_demo,terrain.surface_probe.v1,surface_probe_schema_v1,1783,terrain.heightmap_mesh,analytic_heightmap_with_scm_sinkage,1.300,0.000,0.07961,0.12423,0.00000,0.99225,0.5631,0.5631,0.07141,0.5631,0.07141,fallback_pychrono_unavailable
environment_terrain_component_demo,terrain.surface_probe.v1,surface_probe_schema_v1,1784,terrain.heightmap_mesh,analytic_heightmap_with_scm_sinkage,1.300,0.100,0.07656,0.12302,0.01393,0.99231,0.5653,0.5653,0.06940,0.5653,0.06940,fallback_pychrono_unavailable
environment_terrain_component_demo,terrain.surface_probe.v1,surface_probe_schema_v1,1785,terrain.heightmap_mesh,analytic_heightmap_with_scm_sinkage,1.300,0.200,0.07253,0.11942,0.02759,0.99246,0.5682,0.5682,0.06370,0.5682,0.06370,fallback_pychrono_unavailable
environment_terrain_component_demo,terrain.surface_probe.v1,surface_probe_schema_v1,1786,terrain.heightmap_mesh,analytic_heightmap_with_scm_sinkage,1.300,0.300,0.06767,0.11349,0.04072,0.99270,0.5717,0.5717,0.05522,0.5717,0.05522,fallback_pychrono_unavailable
environment_terrain_component_demo,terrain.surface_probe.v1,surface_probe_schema_v1,1787,terrain.heightmap_mesh,analytic_heightmap_with_scm_sinkage,1.300,0.400,0.06201,0.10534,0.05306,0.99302,0.5757,0.5757,0.04521,0.5757,0.04521,fallback_pychrono_unavailable
environment_terrain_component_demo,terrain.surface_probe.v1,surface_probe_schema_v1,1788,terrain.heightmap_mesh,analytic_heightmap_with_scm_sinkage,1.300,0.500,0.05553,0.09513,0.06437,0.99338,0.5803,0.5803,0.03496,0.5803,0.03496,fallback_pychrono_unavailable
environment_terrain_component_demo,terrain.surface_probe.v1,surface_probe_schema_v1,1789,terrain.heightmap_mesh,analytic_heightmap_with_scm_sinkage,1.300,0.600,0.04822,0.08305,0.07443,0.99376,0.5856,0.5856,0.02553,0.5856,0.02553,fallback_pychrono_unavailable
environment_terrain_component_demo,terrain.surface_probe.v1,surface_probe_schema_v1,1790,terrain.heightmap_mesh,analytic_heightmap_with_scm_sinkage,1.300,0.700,0.04014,0.06933,0.08305,0.99413,0.5913,0.5913,0.01761,0.5913,0.01761,fallback_pychrono_unavailable
environment_terrain_component_demo,terrain.surface_probe.v1,surface_probe_schema_v1,1791,terrain.heightmap_mesh,analytic_heightmap_with_scm_sinkage,1.300,0.800,0.03135,0.05425,0.09004,0.99446,0.5976,0.5976,0.01147,0.5976,0.01147,fallback_pychrono_unavailable
environment_terrain_component_demo,terrain.surface_probe.v1,surface_probe_schema_v1,1792,terrain.heightmap_mesh,analytic_heightmap_with_scm_sinkage,1.300,0.900,0.02199,0.03809,0.09526,0.99472,0.6043,0.6043,0.00706,0.6043,0.00706,fallback_pychrono_unavailable
environment_terrain_component_demo,terrain.surface_probe.v1,surface_probe_schema_v1,1793,terrain.heightmap_mesh,analytic_heightmap_with_scm_sinkage,1.300,1.000,0.01222,0.02117,0.09862,0.99490,0.6113,0.6113,0.00410,0.6113,0.00410,fallback_pychrono_unavailable
environment_terrain_component_demo,terrain.surface_probe.v1,surface_probe_schema_v1,1794,terrain.heightmap_mesh,analytic_heightmap_with_scm_sinkage,1.300,1.100,0.00221,0.00384,0.10003,0.99498,0.6184,0.6184,0.00225,0.6184,0.00225,fallback_pychrono_unavailable
environment_terrain_component_demo,terrain.surface_probe.v1,surface_probe_schema_v1,1795,terrain.heightmap_mesh,analytic_heightmap_with_scm_sinkage,1.300,1.200,-0.00783,-0.01358,0.09948,0.99495,0.6144,0.6144,0.00117,0.6144,0.00117,fallback_pychrono_unavailable
environment_terrain_component_demo,terrain.surface_probe.v1,surface_probe_schema_v1,1796,terrain.heightmap_mesh,analytic_heightmap_with_scm_sinkage,1.300,1.300,-0.01772,-0.03072,0.09697,0.99481,0.6073,0.6073,0.00057,0.6073,0.00057,fallback_pychrono_unavailable
environment_terrain_component_demo,terrain.surface_probe.v1,surface_probe_schema_v1,1797,terrain.heightmap_mesh,analytic_heightmap_with_scm_sinkage,1.300,1.400,-0.02726,-0.04725,0.09256,0.99459,0.6005,0.6005,0.00026,0.6005,0.00026,fallback_pychrono_unavailable
environment_terrain_component_demo,terrain.surface_probe.v1,surface_probe_schema_v1,1798,terrain.heightmap_mesh,analytic_heightmap_with_scm_sinkage,1.300,1.500,-0.03627,-0.06285,0.08633,0.99428,0.5941,0.5941,0.00012,0.5941,0.00012,fallback_pychrono_unavailable
environment_terrain_component_demo,terrain.surface_probe.v1,surface_probe_schema_v1,1799,terrain.heightmap_mesh,analytic_heightmap_with_scm_sinkage,1.300,1.600,-0.04457,-0.07720,0.07841,0.99393,0.5882,0.5882,0.00005,0.5882,0.00005,fallback_pychrono_unavailable
environment_terrain_component_demo,terrain.surface_probe.v1,surface_probe_schema_v1,1800,terrain.heightmap_mesh,analytic_heightmap_with_scm_sinkage,1.300,1.700,-0.05200,-0.09003,0.06896,0.99355,0.5829,0.5829,0.00002,0.5829,0.00002,fallback_pychrono_unavailable
environment_terrain_component_demo,terrain.surface_probe.v1,surface_probe_schema_v1,1801,terrain.heightmap_mesh,analytic_heightmap_with_scm_sinkage,1.300,1.800,-0.05841,-0.10109,0.05817,0.99318,0.5783,0.5783,0.00001,0.5783,0.00001,fallback_pychrono_unavailable
environment_terrain_component_demo,terrain.surface_probe.v1,surface_probe_schema_v1,1802,terrain.heightmap_mesh,analytic_heightmap_with_scm_sinkage,1.300,1.900,-0.06367,-0.11017,0.04626,0.99284,0.5745,0.5745,0.00000,0.5745,0.00000,fallback_pychrono_unavailable
environment_terrain_component_demo,terrain.surface_probe.v1,surface_probe_schema_v1,1803,terrain.heightmap_mesh,analytic_heightmap_with_scm_sinkage,1.300,2.000,-0.06770,-0.11709,0.03344,0.99256,0.5716,0.5716,0.00000,0.5716,0.00000,fallback_pychrono_unavailable
environment_terrain_component_demo,terrain.surface_probe.v1,surface_probe_schema_v1,1804,terrain.heightmap_mesh,analytic_heightmap_with_scm_sinkage,1.400,-2.000,-0.05487,-0.13653,-0.02704,0.99027,0.5808,0.5808,0.00000,0.5808,0.00000,fallback_pychrono_unavailable
environment_terrain_component_demo,terrain.surface_probe.v1,surface_probe_schema_v1,1805,terrain.heightmap_mesh,analytic_heightmap_with_scm_sinkage,1.400,-1.900,-0.05161,-0.12852,-0.03742,0.99100,0.5831,0.5831,0.00000,0.5831,0.00000,fallback_pychrono_unavailable
environment_terrain_component_demo,terrain.surface_probe.v1,surface_probe_schema_v1,1806,terrain.heightmap_mesh,analytic_heightmap_with_scm_sinkage,1.400,-1.800,-0.04734,-0.11800,-0.04709,0.99190,0.5862,0.5862,0.00001,0.5862,0.00001,fallback_pychrono_unavailable
environment_terrain_component_demo,terrain.surface_probe.v1,surface_probe_schema_v1,1807,terrain.heightmap_mesh,analytic_heightmap_with_scm_sinkage,1.400,-1.700,-0.04213,-0.10515,-0.05586,0.99289,0.5899,0.5899,0.00002,0.5899,0.00002,fallback_pychrono_unavailable
environment_terrain_component_demo,terrain.surface_probe.v1,surface_probe_schema_v1,1808,terrain.heightmap_mesh,analytic_heightmap_with_scm_sinkage,1.400,-1.600,-0.03610,-0.09022,-0.06355,0.99389,0.5942,0.5942,0.00004,0.5942,0.00004,fallback_pychrono_unavailable
environment_terrain_component_demo,terrain.surface_probe.v1,surface_probe_schema_v1,1809,terrain.heightmap_mesh,analytic_heightmap_with_scm_sinkage,1.400,-1.500,-0.02932,-0.07349,-0.07001,0.99484,0.5991,0.5991,0.00010,0.5991,0.00010,fallback_pychrono_unavailable
environment_terrain_component_demo,terrain.surface_probe.v1,surface_probe_schema_v1,1810,terrain.heightmap_mesh,analytic_heightmap_with_scm_sinkage,1.400,-1.400,-0.02192,-0.05528,-0.07510,0.99564,0.6043,0.6043,0.00023,0.6043,0.00023,fallback_pychrono_unavailable
environment_terrain_component_demo,terrain.surface_probe.v1,surface_probe_schema_v1,1811,terrain.heightmap_mesh,analytic_heightmap_with_scm_sinkage,1.400,-1.300,-0.01399,-0.03595,-0.07871,0.99625,0.6100,0.6100,0.00049,0.6100,0.00049,fallback_pychrono_unavailable
environment_terrain_component_demo,terrain.surface_probe.v1,surface_probe_schema_v1,1812,terrain.heightmap_mesh,analytic_heightmap_with_scm_sinkage,1.400,-1.200,-0.00561,-0.01589,-0.08077,0.99661,0.6160,0.6160,0.00100,0.6160,0.00100,fallback_pychrono_unavailable
environment_terrain_component_demo,terrain.surface_probe.v1,surface_probe_schema_v1,1813,terrain.heightmap_mesh,analytic_heightmap_with_scm_sinkage,1.400,-1.100,0.00313,0.00449,-0.08122,0.99669,0.6178,0.6178,0.00193,0.6178,0.00193,fallback_pychrono_unavailable
environment_terrain_component_demo,terrain.surface_probe.v1,surface_probe_schema_v1,1814,terrain.heightmap_mesh,analytic_heightmap_with_scm_sinkage,1.400,-1.000,0.01214,0.02478,-0.08006,0.99648,0.6113,0.6113,0.00352,0.6113,0.00352,fallback_pychrono_unavailable
environment_terrain_component_demo,terrain.surface_probe.v1,surface_probe_schema_v1,1815,terrain.heightmap_mesh,analytic_heightmap_with_scm_sinkage,1.400,-0.900,0.02130,0.04457,-0.07731,0.99601,0.6048,0.6048,0.00606,0.6048,0.00606,fallback_pychrono_unavailable
environment_terrain_component_demo,terrain.surface_probe.v1,surface_probe_schema_v1,1816,terrain.heightmap_mesh,analytic_heightmap_with_scm_sinkage,1.400,-0.800,0.03037,0.06345,-0.07304,0.99531,0.5983,0.5983,0.00984,0.5983,0.00984,fallback_pychrono_unavailable
environment_terrain_component_demo,terrain.surface_probe.v1,surface_probe_schema_v1,1817,terrain.heightmap_mesh,analytic_heightmap_with_scm_sinkage,1.400,-0.700,0.03905,0.08106,-0.06733,0.99443,0.5921,0.5921,0.01511,0.5921,0.01511,fallback_pychrono_unavailable
environment_terrain_component_demo,terrain.surface_probe.v1,surface_probe_schema_v1,1818,terrain.heightmap_mesh,analytic_heightmap_with_scm_sinkage,1.400,-0.600,0.04694,0.09703,-0.06031,0.99345,0.5865,0.5865,0.02190,0.5865,0.02190,fallback_pychrono_unavailable
environment_terrain_component_demo,terrain.surface_probe.v1,surface_probe_schema_v1,1819,terrain.heightmap_mesh,analytic_heightmap_with_scm_sinkage,1.400,-0.500,0.05364,0.11107,-0.05212,0.99244,0.5817,0.5817,0.02999,0.5817,0.02999,fallback_pychrono_unavailable
environment_terrain_component_demo,terrain.surface_probe.v1,surface_probe_schema_v1,1820,terrain.heightmap_mesh,analytic_heightmap_with_scm_sinkage,1.400,-0.400,0.05882,0.12292,-0.04294,0.99149,0.5780,0.5780,0.03878,0.5780,0.03878,fallback_pychrono_unavailable
environment_terrain_component_demo,terrain.surface_probe.v1,surface_probe_schema_v1,1821,terrain.heightmap_mesh,analytic_heightmap_with_scm_sinkage,1.400,-0.300,0.06228,0.13236,-0.03293,0.99065,0.5755,0.5755,0.04737,0.5755,0.04737,fallback_pychrono_unavailable
environment_terrain_component_demo,terrain.surface_probe.v1,surface_probe_schema_v1,1822,terrain.heightmap_mesh,analytic_heightmap_with_scm_sinkage,1.400,-0.200,0.06404,0.13923,-0.02231,0.99001,0.5743,0.5743,0.05465,0.5743,0.05465,fallback_pychrono_unavailable
environment_terrain_component_demo,terrain.surface_probe.v1,surface_probe_schema_v1,1823,terrain.heightmap_mesh,analytic_heightmap_with_scm_sinkage,1.400,-0.100,0.06428,0.14339,-0.01126,0.98960,0.5741,0.5741,0.05954,0.5741,0.05954,fallback_pychrono_unavailable
environment_terrain_component_demo,terrain.surface_probe.v1,surface_probe_schema_v1,1824,terrain.heightmap_mesh,analytic_heightmap_with_scm_sinkage,1.400,0.000,0.06323,0.14479,0.00000,0.98946,0.5748,0.5748,0.06126,0.5748,0.06126,fallback_pychrono_unavailable
environment_terrain_component_demo,terrain.surface_probe.v1,surface_probe_schema_v1,1825,terrain.heightmap_mesh,analytic_heightmap_with_scm_sinkage,1.400,0.100,0.06115,0.14339,0.01126,0.98960,0.5763,0.5763,0.05954,0.5763,0.05954,fallback_pychrono_unavailable
environment_terrain_component_demo,terrain.surface_probe.v1,surface_probe_schema_v1,1826,terrain.heightmap_mesh,analytic_heightmap_with_scm_sinkage,1.400,0.200,0.05821,0.13923,0.02231,0.99001,0.5784,0.5784,0.05465,0.5784,0.05465,fallback_pychrono_unavailable
environment_terrain_component_demo,terrain.surface_probe.v1,surface_probe_schema_v1,1827,terrain.heightmap_mesh,analytic_heightmap_with_scm_sinkage,1.400,0.300,0.05451,0.13236,0.03293,0.99065,0.5811,0.5811,0.04737,0.5811,0.04737,fallback_pychrono_unavailable
environment_terrain_component_demo,terrain.surface_probe.v1,surface_probe_schema_v1,1828,terrain.heightmap_mesh,analytic_heightmap_with_scm_sinkage,1.400,0.400,0.05007,0.12292,0.04294,0.99149,0.5842,0.5842,0.03878,0.5842,0.03878,fallback_pychrono_unavailable
environment_terrain_component_demo,terrain.surface_probe.v1,surface_probe_schema_v1,1829,terrain.heightmap_mesh,analytic_heightmap_with_scm_sinkage,1.400,0.500,0.04491,0.11107,0.05212,0.99244,0.5879,0.5879,0.02999,0.5879,0.02999,fallback_pychrono_unavailable
environment_terrain_component_demo,terrain.surface_probe.v1,surface_probe_schema_v1,1830,terrain.heightmap_mesh,analytic_heightmap_with_scm_sinkage,1.400,0.600,0.03904,0.09703,0.06031,0.99345,0.5921,0.5921,0.02190,0.5921,0.02190,fallback_pychrono_unavailable
environment_terrain_component_demo,terrain.surface_probe.v1,surface_probe_schema_v1,1831,terrain.heightmap_mesh,analytic_heightmap_with_scm_sinkage,1.400,0.700,0.03251,0.08106,0.06733,0.99443,0.5968,0.5968,0.01511,0.5968,0.01511,fallback_pychrono_unavailable
environment_terrain_component_demo,terrain.surface_probe.v1,surface_probe_schema_v1,1832,terrain.heightmap_mesh,analytic_heightmap_with_scm_sinkage,1.400,0.800,0.02540,0.06345,0.07304,0.99531,0.6019,0.6019,0.00984,0.6019,0.00984,fallback_pychrono_unavailable
environment_terrain_component_demo,terrain.surface_probe.v1,surface_probe_schema_v1,1833,terrain.heightmap_mesh,analytic_heightmap_with_scm_sinkage,1.400,0.900,0.01782,0.04457,0.07731,0.99601,0.6073,0.6073,0.00606,0.6073,0.00606,fallback_pychrono_unavailable
environment_terrain_component_demo,terrain.surface_probe.v1,surface_probe_schema_v1,1834,terrain.heightmap_mesh,analytic_heightmap_with_scm_sinkage,1.400,1.000,0.00990,0.02478,0.08006,0.99648,0.6129,0.6129,0.00352,0.6129,0.00352,fallback_pychrono_unavailable
environment_terrain_component_demo,terrain.surface_probe.v1,surface_probe_schema_v1,1835,terrain.heightmap_mesh,analytic_heightmap_with_scm_sinkage,1.400,1.100,0.00179,0.00449,0.08122,0.99669,0.6187,0.6187,0.00193,0.6187,0.00193,fallback_pychrono_unavailable
environment_terrain_component_demo,terrain.surface_probe.v1,surface_probe_schema_v1,1836,terrain.heightmap_mesh,analytic_heightmap_with_scm_sinkage,1.400,1.200,-0.00635,-0.01589,0.08077,0.99661,0.6155,0.6155,0.00100,0.6155,0.00100,fallback_pychrono_unavailable
environment_terrain_component_demo,terrain.surface_probe.v1,surface_probe_schema_v1,1837,terrain.heightmap_mesh,analytic_heightmap_with_scm_sinkage,1.400,1.300,-0.01436,-0.03595,0.07871,0.99625,0.6097,0.6097,0.00049,0.6097,0.00049,fallback_pychrono_unavailable
environment_terrain_component_demo,terrain.surface_probe.v1,surface_probe_schema_v1,1838,terrain.heightmap_mesh,analytic_heightmap_with_scm_sinkage,1.400,1.400,-0.02210,-0.05528,0.07510,0.99564,0.6042,0.6042,0.00023,0.6042,0.00023,fallback_pychrono_unavailable
environment_terrain_component_demo,terrain.surface_probe.v1,surface_probe_schema_v1,1839,terrain.heightmap_mesh,analytic_heightmap_with_scm_sinkage,1.400,1.500,-0.02940,-0.07349,0.07001,0.99484,0.5990,0.5990,0.00010,0.5990,0.00010,fallback_pychrono_unavailable
environment_terrain_component_demo,terrain.surface_probe.v1,surface_probe_schema_v1,1840,terrain.heightmap_mesh,analytic_heightmap_with_scm_sinkage,1.400,1.600,-0.03613,-0.09022,0.06355,0.99389,0.5942,0.5942,0.00004,0.5942,0.00004,fallback_pychrono_unavailable
environment_terrain_component_demo,terrain.surface_probe.v1,surface_probe_schema_v1,1841,terrain.heightmap_mesh,analytic_heightmap_with_scm_sinkage,1.400,1.700,-0.04215,-0.10515,0.05586,0.99289,0.5899,0.5899,0.00002,0.5899,0.00002,fallback_pychrono_unavailable
environment_terrain_component_demo,terrain.surface_probe.v1,surface_probe_schema_v1,1842,terrain.heightmap_mesh,analytic_heightmap_with_scm_sinkage,1.400,1.800,-0.04734,-0.11800,0.04709,0.99190,0.5862,0.5862,0.00001,0.5862,0.00001,fallback_pychrono_unavailable
environment_terrain_component_demo,terrain.surface_probe.v1,surface_probe_schema_v1,1843,terrain.heightmap_mesh,analytic_heightmap_with_scm_sinkage,1.400,1.900,-0.05161,-0.12852,0.03742,0.99100,0.5831,0.5831,0.00000,0.5831,0.00000,fallback_pychrono_unavailable
environment_terrain_component_demo,terrain.surface_probe.v1,surface_probe_schema_v1,1844,terrain.heightmap_mesh,analytic_heightmap_with_scm_sinkage,1.400,2.000,-0.05487,-0.13653,0.02704,0.99027,0.5808,0.5808,0.00000,0.5808,0.00000,fallback_pychrono_unavailable
environment_terrain_component_demo,terrain.surface_probe.v1,surface_probe_schema_v1,1845,terrain.heightmap_mesh,analytic_heightmap_with_scm_sinkage,1.500,-2.000,-0.04027,-0.15153,-0.01981,0.98825,0.5912,0.5912,0.00000,0.5912,0.00000,fallback_pychrono_unavailable
environment_terrain_component_demo,terrain.surface_probe.v1,surface_probe_schema_v1,1846,terrain.heightmap_mesh,analytic_heightmap_with_scm_sinkage,1.500,-1.900,-0.03788,-0.14269,-0.02742,0.98939,0.5929,0.5929,0.00000,0.5929,0.00000,fallback_pychrono_unavailable
environment_terrain_component_demo,terrain.surface_probe.v1,surface_probe_schema_v1,1847,terrain.heightmap_mesh,analytic_heightmap_with_scm_sinkage,1.500,-1.800,-0.03474,-0.13107,-0.03452,0.99077,0.5952,0.5952,0.00000,0.5952,0.00000,fallback_pychrono_unavailable
environment_terrain_component_demo,terrain.surface_probe.v1,surface_probe_schema_v1,1848,terrain.heightmap_mesh,analytic_heightmap_with_scm_sinkage,1.500,-1.700,-0.03092,-0.11687,-0.04097,0.99230,0.5979,0.5979,0.00001,0.5979,0.00001,fallback_pychrono_unavailable
environment_terrain_component_demo,terrain.surface_probe.v1,surface_probe_schema_v1,1849,terrain.heightmap_mesh,analytic_heightmap_with_scm_sinkage,1.500,-1.600,-0.02650,-0.10033,-0.04664,0.99386,0.6011,0.6011,0.00003,0.6011,0.00003,fallback_pychrono_unavailable
environment_terrain_component_demo,terrain.surface_probe.v1,surface_probe_schema_v1,1850,terrain.heightmap_mesh,analytic_heightmap_with_scm_sinkage,1.500,-1.500,-0.02153,-0.08177,-0.05141,0.99532,0.6046,0.6046,0.00008,0.6046,0.00008,fallback_pychrono_unavailable
environment_terrain_component_demo,terrain.surface_probe.v1,surface_probe_schema_v1,1851,terrain.heightmap_mesh,analytic_heightmap_with_scm_sinkage,1.500,-1.400,-0.01611,-0.06154,-0.05517,0.99658,0.6085,0.6085,0.00019,0.6085,0.00019,fallback_pychrono_unavailable
environment_terrain_component_demo,terrain.surface_probe.v1,surface_probe_schema_v1,1852,terrain.heightmap_mesh,analytic_heightmap_with_scm_sinkage,1.500,-1.300,-0.01032,-0.04004,-0.05784,0.99752,0.6126,0.6126,0.00041,0.6126,0.00041,fallback_pychrono_unavailable
environment_terrain_component_demo,terrain.surface_probe.v1,surface_probe_schema_v1,1853,terrain.heightmap_mesh,analytic_heightmap_with_scm_sinkage,1.500,-1.200,-0.00422,-0.01770,-0.05936,0.99808,0.6170,0.6170,0.00085,0.6170,0.00085,fallback_pychrono_unavailable
environment_terrain_component_demo,terrain.surface_probe.v1,surface_probe_schema_v1,1854,terrain.heightmap_mesh,analytic_heightmap_with_scm_sinkage,1.500,-1.100,0.00211,0.00500,-0.05970,0.99820,0.6185,0.6185,0.00163,0.6185,0.00163,fallback_pychrono_unavailable
environment_terrain_component_demo,terrain.surface_probe.v1,surface_probe_schema_v1,1855,terrain.heightmap_mesh,analytic_heightmap_with_scm_sinkage,1.500,-1.000,0.00860,0.02760,-0.05884,0.99789,0.6139,0.6139,0.00298,0.6139,0.00298,fallback_pychrono_unavailable
environment_terrain_component_demo,terrain.surface_probe.v1,surface_probe_schema_v1,1856,terrain.heightmap_mesh,analytic_heightmap_with_scm_sinkage,1.500,-0.900,0.01514,0.04962,-0.05680,0.99715,0.6092,0.6092,0.00513,0.6092,0.00513,fallback_pychrono_unavailable
environment_terrain_component_demo,terrain.surface_probe.v1,surface_probe_schema_v1,1857,terrain.heightmap_mesh,analytic_heightmap_with_scm_sinkage,1.500,-0.800,0.02159,0.07062,-0.05364,0.99606,0.6046,0.6046,0.00833,0.6046,0.00833,fallback_pychrono_unavailable
environment_terrain_component_demo,terrain.surface_probe.v1,surface_probe_schema_v1,1858,terrain.heightmap_mesh,analytic_heightmap_with_scm_sinkage,1.500,-0.700,0.02774,0.09017,-0.04943,0.99470,0.6002,0.6002,0.01279,0.6002,0.01279,fallback_pychrono_unavailable
environment_terrain_component_demo,terrain.surface_probe.v1,surface_probe_schema_v1,1859,terrain.heightmap_mesh,analytic_heightmap_with_scm_sinkage,1.500,-0.600,0.03333,0.10788,-0.04425,0.99318,0.5962,0.5962,0.01854,0.5962,0.01854,fallback_pychrono_unavailable
environment_terrain_component_demo,terrain.surface_probe.v1,surface_probe_schema_v1,1860,terrain.heightmap_mesh,analytic_heightmap_with_scm_sinkage,1.500,-0.500,0.03810,0.12342,-0.03822,0.99162,0.5928,0.5928,0.02539,0.5928,0.02539,fallback_pychrono_unavailable
environment_terrain_component_demo,terrain.surface_probe.v1,surface_probe_schema_v1,1861,terrain.heightmap_mesh,analytic_heightmap_with_scm_sinkage,1.500,-0.400,0.04184,0.13652,-0.03147,0.99014,0.5901,0.5901,0.03283,0.5901,0.03283,fallback_pychrono_unavailable
environment_terrain_component_demo,terrain.surface_probe.v1,surface_probe_schema_v1,1862,terrain.heightmap_mesh,analytic_heightmap_with_scm_sinkage,1.500,-0.300,0.04444,0.14693,-0.02413,0.98885,0.5883,0.5883,0.04010,0.5883,0.04010,fallback_pychrono_unavailable
environment_terrain_component_demo,terrain.surface_probe.v1,surface_probe_schema_v1,1863,terrain.heightmap_mesh,analytic_heightmap_with_scm_sinkage,1.500,-0.200,0.04587,0.15450,-0.01633,0.98786,0.5872,0.5872,0.04626,0.5872,0.04626,fallback_pychrono_unavailable
environment_terrain_component_demo,terrain.surface_probe.v1,surface_probe_schema_v1,1864,terrain.heightmap_mesh,analytic_heightmap_with_scm_sinkage,1.500,-0.100,0.04625,0.15908,-0.00824,0.98723,0.5870,0.5870,0.05040,0.5870,0.05040,fallback_pychrono_unavailable
environment_terrain_component_demo,terrain.surface_probe.v1,surface_probe_schema_v1,1865,terrain.heightmap_mesh,analytic_heightmap_with_scm_sinkage,1.500,0.000,0.04571,0.16062,0.00000,0.98702,0.5874,0.5874,0.05186,0.5874,0.05186,fallback_pychrono_unavailable
environment_terrain_component_demo,terrain.surface_probe.v1,surface_probe_schema_v1,1866,terrain.heightmap_mesh,analytic_heightmap_with_scm_sinkage,1.500,0.100,0.04439,0.15908,0.00824,0.98723,0.5883,0.5883,0.05040,0.5883,0.05040,fallback_pychrono_unavailable
environment_terrain_component_demo,terrain.surface_probe.v1,surface_probe_schema_v1,1867,terrain.heightmap_mesh,analytic_heightmap_with_scm_sinkage,1.500,0.200,0.04241,0.15450,0.01633,0.98786,0.5897,0.5897,0.04626,0.5897,0.04626,fallback_pychrono_unavailable
environment_terrain_component_demo,terrain.surface_probe.v1,surface_probe_schema_v1,1868,terrain.heightmap_mesh,analytic_heightmap_with_scm_sinkage,1.500,0.300,0.03982,0.14693,0.02413,0.98885,0.5916,0.5916,0.04010,0.5916,0.04010,fallback_pychrono_unavailable
environment_terrain_component_demo,terrain.surface_probe.v1,surface_probe_schema_v1,1869,terrain.heightmap_mesh,analytic_heightmap_with_scm_sinkage,1.500,0.400,0.03665,0.13652,0.03147,0.99014,0.5938,0.5938,0.03283,0.5938,0.03283,fallback_pychrono_unavailable
environment_terrain_component_demo,terrain.surface_probe.v1,surface_probe_schema_v1,1870,terrain.heightmap_mesh,analytic_heightmap_with_scm_sinkage,1.500,0.500,0.03291,0.12342,0.03822,0.99162,0.5965,0.5965,0.02539,0.5965,0.02539,fallback_pychrono_unavailable
environment_terrain_component_demo,terrain.surface_probe.v1,surface_probe_schema_v1,1871,terrain.heightmap_mesh,analytic_heightmap_with_scm_sinkage,1.500,0.600,0.02863,0.10788,0.04425,0.99318,0.5996,0.5996,0.01854,0.5996,0.01854,fallback_pychrono_unavailable
environment_terrain_component_demo,terrain.surface_probe.v1,surface_probe_schema_v1,1872,terrain.heightmap_mesh,analytic_heightmap_with_scm_sinkage,1.500,0.700,0.02385,0.09017,0.04943,0.99470,0.6030,0.6030,0.01279,0.6030,0.01279,fallback_pychrono_unavailable
environment_terrain_component_demo,terrain.surface_probe.v1,surface_probe_schema_v1,1873,terrain.heightmap_mesh,analytic_heightmap_with_scm_sinkage,1.500,0.800,0.01864,0.07062,0.05364,0.99606,0.6067,0.6067,0.00833,0.6067,0.00833,fallback_pychrono_unavailable
environment_terrain_component_demo,terrain.surface_probe.v1,surface_probe_schema_v1,1874,terrain.heightmap_mesh,analytic_heightmap_with_scm_sinkage,1.500,0.900,0.01308,0.04962,0.05680,0.99715,0.6107,0.6107,0.00513,0.6107,0.00513,fallback_pychrono_unavailable
environment_terrain_component_demo,terrain.surface_probe.v1,surface_probe_schema_v1,1875,terrain.heightmap_mesh,analytic_heightmap_with_scm_sinkage,1.500,1.000,0.00727,0.02760,0.05884,0.99789,0.6148,0.6148,0.00298,0.6148,0.00298,fallback_pychrono_unavailable
environment_terrain_component_demo,terrain.surface_probe.v1,surface_probe_schema_v1,1876,terrain.heightmap_mesh,analytic_heightmap_with_scm_sinkage,1.500,1.100,0.00132,0.00500,0.05970,0.99820,0.6191,0.6191,0.00163,0.6191,0.00163,fallback_pychrono_unavailable
environment_terrain_component_demo,terrain.surface_probe.v1,surface_probe_schema_v1,1877,terrain.heightmap_mesh,analytic_heightmap_with_scm_sinkage,1.500,1.200,-0.00466,-0.01770,0.05936,0.99808,0.6167,0.6167,0.00085,0.6167,0.00085,fallback_pychrono_unavailable
environment_terrain_component_demo,terrain.surface_probe.v1,surface_probe_schema_v1,1878,terrain.heightmap_mesh,analytic_heightmap_with_scm_sinkage,1.500,1.300,-0.01054,-0.04004,0.05784,0.99752,0.6125,0.6125,0.00041,0.6125,0.00041,fallback_pychrono_unavailable
environment_terrain_component_demo,terrain.surface_probe.v1,surface_probe_schema_v1,1879,terrain.heightmap_mesh,analytic_heightmap_with_scm_sinkage,1.500,1.400,-0.01622,-0.06154,0.05517,0.99658,0.6084,0.6084,0.00019,0.6084,0.00019,fallback_pychrono_unavailable
environment_terrain_component_demo,terrain.surface_probe.v1,surface_probe_schema_v1,1880,terrain.heightmap_mesh,analytic_heightmap_with_scm_sinkage,1.500,1.500,-0.02158,-0.08177,0.05141,0.99532,0.6046,0.6046,0.00008,0.6046,0.00008,fallback_pychrono_unavailable
environment_terrain_component_demo,terrain.surface_probe.v1,surface_probe_schema_v1,1881,terrain.heightmap_mesh,analytic_heightmap_with_scm_sinkage,1.500,1.600,-0.02651,-0.10033,0.04664,0.99386,0.6011,0.6011,0.00003,0.6011,0.00003,fallback_pychrono_unavailable
environment_terrain_component_demo,terrain.surface_probe.v1,surface_probe_schema_v1,1882,terrain.heightmap_mesh,analytic_heightmap_with_scm_sinkage,1.500,1.700,-0.03093,-0.11687,0.04097,0.99230,0.5979,0.5979,0.00001,0.5979,0.00001,fallback_pychrono_unavailable
environment_terrain_component_demo,terrain.surface_probe.v1,surface_probe_schema_v1,1883,terrain.heightmap_mesh,analytic_heightmap_with_scm_sinkage,1.500,1.800,-0.03474,-0.13107,0.03452,0.99077,0.5952,0.5952,0.00000,0.5952,0.00000,fallback_pychrono_unavailable
environment_terrain_component_demo,terrain.surface_probe.v1,surface_probe_schema_v1,1884,terrain.heightmap_mesh,analytic_heightmap_with_scm_sinkage,1.500,1.900,-0.03788,-0.14269,0.02742,0.98939,0.5929,0.5929,0.00000,0.5929,0.00000,fallback_pychrono_unavailable
environment_terrain_component_demo,terrain.surface_probe.v1,surface_probe_schema_v1,1885,terrain.heightmap_mesh,analytic_heightmap_with_scm_sinkage,1.500,2.000,-0.04027,-0.15153,0.01981,0.98825,0.5912,0.5912,0.00000,0.5912,0.00000,fallback_pychrono_unavailable
environment_terrain_component_demo,terrain.surface_probe.v1,surface_probe_schema_v1,1886,terrain.heightmap_mesh,analytic_heightmap_with_scm_sinkage,1.600,-2.000,-0.02437,-0.16166,-0.01197,0.98677,0.6026,0.6026,0.00000,0.6026,0.00000,fallback_pychrono_unavailable
environment_terrain_component_demo,terrain.surface_probe.v1,surface_probe_schema_v1,1887,terrain.heightmap_mesh,analytic_heightmap_with_scm_sinkage,1.600,-1.900,-0.02292,-0.15228,-0.01657,0.98820,0.6036,0.6036,0.00000,0.6036,0.00000,fallback_pychrono_unavailable
environment_terrain_component_demo,terrain.surface_probe.v1,surface_probe_schema_v1,1888,terrain.heightmap_mesh,analytic_heightmap_with_scm_sinkage,1.600,-1.800,-0.02102,-0.13993,-0.02087,0.98994,0.6050,0.6050,0.00000,0.6050,0.00000,fallback_pychrono_unavailable
environment_terrain_component_demo,terrain.surface_probe.v1,surface_probe_schema_v1,1889,terrain.heightmap_mesh,analytic_heightmap_with_scm_sinkage,1.600,-1.700,-0.01871,-0.12482,-0.02478,0.99187,0.6066,0.6066,0.00001,0.6066,0.00001,fallback_pychrono_unavailable
environment_terrain_component_demo,terrain.surface_probe.v1,surface_probe_schema_v1,1890,terrain.heightmap_mesh,analytic_heightmap_with_scm_sinkage,1.600,-1.600,-0.01603,-0.10720,-0.02822,0.99384,0.6085,0.6085,0.00003,0.6085,0.00003,fallback_pychrono_unavailable
environment_terrain_component_demo,terrain.surface_probe.v1,surface_probe_schema_v1,1891,terrain.heightmap_mesh,analytic_heightmap_with_scm_sinkage,1.600,-1.500,-0.01303,-0.08740,-0.03112,0.99569,0.6107,0.6107,0.00007,0.6107,0.00007,fallback_pychrono_unavailable
environment_terrain_component_demo,terrain.surface_probe.v1,surface_probe_schema_v1,1892,terrain.heightmap_mesh,analytic_heightmap_with_scm_sinkage,1.600,-1.400,-0.00976,-0.06580,-0.03341,0.99727,0.6130,0.6130,0.00016,0.6130,0.00016,fallback_pychrono_unavailable
environment_terrain_component_demo,terrain.surface_probe.v1,surface_probe_schema_v1,1893,terrain.heightmap_mesh,analytic_heightmap_with_scm_sinkage,1.600,-1.300,-0.00626,-0.04282,-0.03503,0.99847,0.6155,0.6155,0.00035,0.6155,0.00035,fallback_pychrono_unavailable
environment_terrain_component_demo,terrain.surface_probe.v1,surface_probe_schema_v1,1894,terrain.heightmap_mesh,analytic_heightmap_with_scm_sinkage,1.600,-1.200,-0.00258,-0.01893,-0.03596,0.99917,0.6182,0.6182,0.00071,0.6182,0.00071,fallback_pychrono_unavailable
environment_terrain_component_demo,terrain.surface_probe.v1,surface_probe_schema_v1,1895,terrain.heightmap_mesh,analytic_heightmap_with_scm_sinkage,1.600,-1.100,0.00123,0.00535,-0.03617,0.99933,0.6191,0.6191,0.00137,0.6191,0.00137,fallback_pychrono_unavailable
environment_terrain_component_demo,terrain.surface_probe.v1,surface_probe_schema_v1,1896,terrain.heightmap_mesh,analytic_heightmap_with_scm_sinkage,1.600,-1.000,0.00513,0.02952,-0.03564,0.99893,0.6163,0.6163,0.00249,0.6163,0.00249,fallback_pychrono_unavailable
environment_terrain_component_demo,terrain.surface_probe.v1,surface_probe_schema_v1,1897,terrain.heightmap_mesh,analytic_heightmap_with_scm_sinkage,1.600,-0.900,0.00905,0.05307,-0.03440,0.99800,0.6135,0.6135,0.00428,0.6135,0.00428,fallback_pychrono_unavailable
environment_terrain_component_demo,terrain.surface_probe.v1,surface_probe_schema_v1,1898,terrain.heightmap_mesh,analytic_heightmap_with_scm_sinkage,1.600,-0.800,0.01290,0.07550,-0.03248,0.99662,0.6108,0.6108,0.00696,0.6108,0.00696,fallback_pychrono_unavailable
environment_terrain_component_demo,terrain.surface_probe.v1,surface_probe_schema_v1,1899,terrain.heightmap_mesh,analytic_heightmap_with_scm_sinkage,1.600,-0.700,0.01656,0.09636,-0.02992,0.99490,0.6082,0.6082,0.01068,0.6082,0.01068,fallback_pychrono_unavailable
environment_terrain_component_demo,terrain.surface_probe.v1,surface_probe_schema_v1,1900,terrain.heightmap_mesh,analytic_heightmap_with_scm_sinkage,1.600,-0.600,0.01990,0.11524,-0.02677,0.99298,0.6058,0.6058,0.01549,0.6058,0.01549,fallback_pychrono_unavailable
environment_terrain_component_demo,terrain.surface_probe.v1,surface_probe_schema_v1,1901,terrain.heightmap_mesh,analytic_heightmap_with_scm_sinkage,1.600,-0.500,0.02275,0.13179,-0.02312,0.99101,0.6037,0.6037,0.02120,0.6037,0.02120,fallback_pychrono_unavailable
environment_terrain_component_demo,terrain.surface_probe.v1,surface_probe_schema_v1,1902,terrain.heightmap_mesh,analytic_heightmap_with_scm_sinkage,1.600,-0.400,0.02500,0.14572,-0.01902,0.98914,0.6021,0.6021,0.02742,0.6021,0.02742,fallback_pychrono_unavailable
environment_terrain_component_demo,terrain.surface_probe.v1,surface_probe_schema_v1,1903,terrain.heightmap_mesh,analytic_heightmap_with_scm_sinkage,1.600,-0.300,0.02659,0.15678,-0.01458,0.98753,0.6010,0.6010,0.03349,0.6010,0.03349,fallback_pychrono_unavailable
environment_terrain_component_demo,terrain.surface_probe.v1,surface_probe_schema_v1,1904,terrain.heightmap_mesh,analytic_heightmap_with_scm_sinkage,1.600,-0.200,0.02749,0.16481,-0.00987,0.98628,0.6004,0.6004,0.03864,0.6004,0.03864,fallback_pychrono_unavailable
environment_terrain_component_demo,terrain.surface_probe.v1,surface_probe_schema_v1,1905,terrain.heightmap_mesh,analytic_heightmap_with_scm_sinkage,1.600,-0.100,0.02777,0.16968,-0.00498,0.98549,0.6002,0.6002,0.04210,0.6002,0.04210,fallback_pychrono_unavailable
environment_terrain_component_demo,terrain.surface_probe.v1,surface_probe_schema_v1,1906,terrain.heightmap_mesh,analytic_heightmap_with_scm_sinkage,1.600,0.000,0.02749,0.17131,0.00000,0.98522,0.6004,0.6004,0.04332,0.6004,0.04332,fallback_pychrono_unavailable
environment_terrain_component_demo,terrain.surface_probe.v1,surface_probe_schema_v1,1907,terrain.heightmap_mesh,analytic_heightmap_with_scm_sinkage,1.600,0.100,0.02675,0.16968,0.00498,0.98549,0.6009,0.6009,0.04210,0.6009,0.04210,fallback_pychrono_unavailable
environment_terrain_component_demo,terrain.surface_probe.v1,surface_probe_schema_v1,1908,terrain.heightmap_mesh,analytic_heightmap_with_scm_sinkage,1.600,0.200,0.02559,0.16481,0.00987,0.98628,0.6017,0.6017,0.03864,0.6017,0.03864,fallback_pychrono_unavailable
environment_terrain_component_demo,terrain.surface_probe.v1,surface_probe_schema_v1,1909,terrain.heightmap_mesh,analytic_heightmap_with_scm_sinkage,1.600,0.300,0.02405,0.15678,0.01458,0.98753,0.6028,0.6028,0.03349,0.6028,0.03349,fallback_pychrono_unavailable
environment_terrain_component_demo,terrain.surface_probe.v1,surface_probe_schema_v1,1910,terrain.heightmap_mesh,analytic_heightmap_with_scm_sinkage,1.600,0.400,0.02215,0.14572,0.01902,0.98914,0.6042,0.6042,0.02742,0.6042,0.02742,fallback_pychrono_unavailable
environment_terrain_component_demo,terrain.surface_probe.v1,surface_probe_schema_v1,1911,terrain.heightmap_mesh,analytic_heightmap_with_scm_sinkage,1.600,0.500,0.01990,0.13179,0.02312,0.99101,0.6058,0.6058,0.02120,0.6058,0.02120,fallback_pychrono_unavailable
environment_terrain_component_demo,terrain.surface_probe.v1,surface_probe_schema_v1,1912,terrain.heightmap_mesh,analytic_heightmap_with_scm_sinkage,1.600,0.600,0.01732,0.11524,0.02677,0.99298,0.6076,0.6076,0.01549,0.6076,0.01549,fallback_pychrono_unavailable
environment_terrain_component_demo,terrain.surface_probe.v1,surface_probe_schema_v1,1913,terrain.heightmap_mesh,analytic_heightmap_with_scm_sinkage,1.600,0.700,0.01443,0.09636,0.02992,0.99490,0.6097,0.6097,0.01068,0.6097,0.01068,fallback_pychrono_unavailable
environment_terrain_component_demo,terrain.surface_probe.v1,surface_probe_schema_v1,1914,terrain.heightmap_mesh,analytic_heightmap_with_scm_sinkage,1.600,0.800,0.01128,0.07550,0.03248,0.99662,0.6119,0.6119,0.00696,0.6119,0.00696,fallback_pychrono_unavailable
environment_terrain_component_demo,terrain.surface_probe.v1,surface_probe_schema_v1,1915,terrain.heightmap_mesh,analytic_heightmap_with_scm_sinkage,1.600,0.900,0.00791,0.05307,0.03440,0.99800,0.6143,0.6143,0.00428,0.6143,0.00428,fallback_pychrono_unavailable
environment_terrain_component_demo,terrain.surface_probe.v1,surface_probe_schema_v1,1916,terrain.heightmap_mesh,analytic_heightmap_with_scm_sinkage,1.600,1.000,0.00440,0.02952,0.03564,0.99893,0.6169,0.6169,0.00249,0.6169,0.00249,fallback_pychrono_unavailable
environment_terrain_component_demo,terrain.surface_probe.v1,surface_probe_schema_v1,1917,terrain.heightmap_mesh,analytic_heightmap_with_scm_sinkage,1.600,1.100,0.00080,0.00535,0.03617,0.99933,0.6194,0.6194,0.00137,0.6194,0.00137,fallback_pychrono_unavailable
environment_terrain_component_demo,terrain.surface_probe.v1,surface_probe_schema_v1,1918,terrain.heightmap_mesh,analytic_heightmap_with_scm_sinkage,1.600,1.200,-0.00282,-0.01893,0.03596,0.99917,0.6180,0.6180,0.00071,0.6180,0.00071,fallback_pychrono_unavailable
environment_terrain_component_demo,terrain.surface_probe.v1,surface_probe_schema_v1,1919,terrain.heightmap_mesh,analytic_heightmap_with_scm_sinkage,1.600,1.300,-0.00638,-0.04282,0.03503,0.99847,0.6154,0.6154,0.00035,0.6154,0.00035,fallback_pychrono_unavailable
environment_terrain_component_demo,terrain.surface_probe.v1,surface_probe_schema_v1,1920,terrain.heightmap_mesh,analytic_heightmap_with_scm_sinkage,1.600,1.400,-0.00981,-0.06580,0.03341,0.99727,0.6130,0.6130,0.00016,0.6130,0.00016,fallback_pychrono_unavailable
environment_terrain_component_demo,terrain.surface_probe.v1,surface_probe_schema_v1,1921,terrain.heightmap_mesh,analytic_heightmap_with_scm_sinkage,1.600,1.500,-0.01306,-0.08740,0.03112,0.99569,0.6107,0.6107,0.00007,0.6107,0.00007,fallback_pychrono_unavailable
environment_terrain_component_demo,terrain.surface_probe.v1,surface_probe_schema_v1,1922,terrain.heightmap_mesh,analytic_heightmap_with_scm_sinkage,1.600,1.600,-0.01604,-0.10720,0.02822,0.99384,0.6085,0.6085,0.00003,0.6085,0.00003,fallback_pychrono_unavailable
environment_terrain_component_demo,terrain.surface_probe.v1,surface_probe_schema_v1,1923,terrain.heightmap_mesh,analytic_heightmap_with_scm_sinkage,1.600,1.700,-0.01872,-0.12482,0.02478,0.99187,0.6066,0.6066,0.00001,0.6066,0.00001,fallback_pychrono_unavailable
environment_terrain_component_demo,terrain.surface_probe.v1,surface_probe_schema_v1,1924,terrain.heightmap_mesh,analytic_heightmap_with_scm_sinkage,1.600,1.800,-0.02102,-0.13993,0.02087,0.98994,0.6050,0.6050,0.00000,0.6050,0.00000,fallback_pychrono_unavailable
environment_terrain_component_demo,terrain.surface_probe.v1,surface_probe_schema_v1,1925,terrain.heightmap_mesh,analytic_heightmap_with_scm_sinkage,1.600,1.900,-0.02292,-0.15228,0.01657,0.98820,0.6036,0.6036,0.00000,0.6036,0.00000,fallback_pychrono_unavailable
environment_terrain_component_demo,terrain.surface_probe.v1,surface_probe_schema_v1,1926,terrain.heightmap_mesh,analytic_heightmap_with_scm_sinkage,1.600,2.000,-0.02437,-0.16166,0.01197,0.98677,0.6026,0.6026,0.00000,0.6026,0.00000,fallback_pychrono_unavailable
environment_terrain_component_demo,terrain.surface_probe.v1,surface_probe_schema_v1,1927,terrain.heightmap_mesh,analytic_heightmap_with_scm_sinkage,1.700,-2.000,-0.00768,-0.16667,-0.00377,0.98601,0.6145,0.6145,0.00000,0.6145,0.00000,fallback_pychrono_unavailable
environment_terrain_component_demo,terrain.surface_probe.v1,surface_probe_schema_v1,1928,terrain.heightmap_mesh,analytic_heightmap_with_scm_sinkage,1.700,-1.900,-0.00722,-0.15702,-0.00522,0.98758,0.6148,0.6148,0.00000,0.6148,0.00000,fallback_pychrono_unavailable
environment_terrain_component_demo,terrain.surface_probe.v1,surface_probe_schema_v1,1929,terrain.heightmap_mesh,analytic_heightmap_with_scm_sinkage,1.700,-1.800,-0.00663,-0.14431,-0.00657,0.98951,0.6153,0.6153,0.00000,0.6153,0.00000,fallback_pychrono_unavailable
environment_terrain_component_demo,terrain.surface_probe.v1,surface_probe_schema_v1,1930,terrain.heightmap_mesh,analytic_heightmap_with_scm_sinkage,1.700,-1.700,-0.00590,-0.12875,-0.00781,0.99165,0.6158,0.6158,0.00001,0.6158,0.00001,fallback_pychrono_unavailable
environment_terrain_component_demo,terrain.surface_probe.v1,surface_probe_schema_v1,1931,terrain.heightmap_mesh,analytic_heightmap_with_scm_sinkage,1.700,-1.600,-0.00505,-0.11061,-0.00889,0.99382,0.6164,0.6164,0.00002,0.6164,0.00002,fallback_pychrono_unavailable
environment_terrain_component_demo,terrain.surface_probe.v1,surface_probe_schema_v1,1932,terrain.heightmap_mesh,analytic_heightmap_with_scm_sinkage,1.700,-1.500,-0.00410,-0.09020,-0.00981,0.99588,0.6171,0.6171,0.00006,0.6171,0.00006,fallback_pychrono_unavailable
environment_terrain_component_demo,terrain.surface_probe.v1,surface_probe_schema_v1,1933,terrain.heightmap_mesh,analytic_heightmap_with_scm_sinkage,1.700,-1.400,-0.00306,-0.06791,-0.01053,0.99764,0.6178,0.6178,0.00013,0.6178,0.00013,fallback_pychrono_unavailable
environment_terrain_component_demo,terrain.surface_probe.v1,surface_probe_schema_v1,1934,terrain.heightmap_mesh,analytic_heightmap_with_scm_sinkage,1.700,-1.300,-0.00195,-0.04420,-0.01105,0.99896,0.6186,0.6186,0.00029,0.6186,0.00029,fallback_pychrono_unavailable
environment_terrain_component_demo,terrain.surface_probe.v1,surface_probe_schema_v1,1935,terrain.heightmap_mesh,analytic_heightmap_with_scm_sinkage,1.700,-1.200,-0.00077,-0.01955,-0.01134,0.99974,0.6195,0.6195,0.00058,0.6195,0.00058,fallback_pychrono_unavailable
environment_terrain_component_demo,terrain.surface_probe.v1,surface_probe_schema_v1,1936,terrain.heightmap_mesh,analytic_heightmap_with_scm_sinkage,1.700,-1.100,0.00047,0.00552,-0.01140,0.99992,0.6197,0.6197,0.00113,0.6197,0.00113,fallback_pychrono_unavailable
environment_terrain_component_demo,terrain.surface_probe.v1,surface_probe_schema_v1,1937,terrain.heightmap_mesh,analytic_heightmap_with_scm_sinkage,1.700,-1.000,0.00176,0.03048,-0.01124,0.99947,0.6187,0.6187,0.00205,0.6187,0.00205,fallback_pychrono_unavailable
environment_terrain_component_demo,terrain.surface_probe.v1,surface_probe_schema_v1,1938,terrain.heightmap_mesh,analytic_heightmap_with_scm_sinkage,1.700,-0.900,0.00307,0.05478,-0.01085,0.99844,0.6178,0.6178,0.00353,0.6178,0.00353,fallback_pychrono_unavailable
environment_terrain_component_demo,terrain.surface_probe.v1,surface_probe_schema_v1,1939,terrain.heightmap_mesh,analytic_heightmap_with_scm_sinkage,1.700,-0.800,0.00438,0.07792,-0.01024,0.99691,0.6169,0.6169,0.00574,0.6169,0.00574,fallback_pychrono_unavailable
environment_terrain_component_demo,terrain.surface_probe.v1,surface_probe_schema_v1,1940,terrain.heightmap_mesh,analytic_heightmap_with_scm_sinkage,1.700,-0.700,0.00563,0.09943,-0.00943,0.99500,0.6160,0.6160,0.00880,0.6160,0.00880,fallback_pychrono_unavailable
environment_terrain_component_demo,terrain.surface_probe.v1,surface_probe_schema_v1,1941,terrain.heightmap_mesh,analytic_heightmap_with_scm_sinkage,1.700,-0.600,0.00677,0.11889,-0.00844,0.99287,0.6152,0.6152,0.01276,0.6152,0.01276,fallback_pychrono_unavailable
environment_terrain_component_demo,terrain.surface_probe.v1,surface_probe_schema_v1,1942,terrain.heightmap_mesh,analytic_heightmap_with_scm_sinkage,1.700,-0.500,0.00774,0.13594,-0.00728,0.99069,0.6145,0.6145,0.01748,0.6145,0.01748,fallback_pychrono_unavailable
environment_terrain_component_demo,terrain.surface_probe.v1,surface_probe_schema_v1,1943,terrain.heightmap_mesh,analytic_heightmap_with_scm_sinkage,1.700,-0.400,0.00847,0.15027,-0.00599,0.98863,0.6139,0.6139,0.02260,0.6139,0.02260,fallback_pychrono_unavailable
environment_terrain_component_demo,terrain.surface_probe.v1,surface_probe_schema_v1,1944,terrain.heightmap_mesh,analytic_heightmap_with_scm_sinkage,1.700,-0.300,0.00895,0.16165,-0.00459,0.98684,0.6136,0.6136,0.02761,0.6136,0.02761,fallback_pychrono_unavailable
environment_terrain_component_demo,terrain.surface_probe.v1,surface_probe_schema_v1,1945,terrain.heightmap_mesh,analytic_heightmap_with_scm_sinkage,1.700,-0.200,0.00917,0.16991,-0.00311,0.98546,0.6135,0.6135,0.03185,0.6135,0.03185,fallback_pychrono_unavailable
environment_terrain_component_demo,terrain.surface_probe.v1,surface_probe_schema_v1,1946,terrain.heightmap_mesh,analytic_heightmap_with_scm_sinkage,1.700,-0.100,0.00916,0.17491,-0.00157,0.98458,0.6135,0.6135,0.03470,0.6135,0.03470,fallback_pychrono_unavailable
environment_terrain_component_demo,terrain.surface_probe.v1,surface_probe_schema_v1,1947,terrain.heightmap_mesh,analytic_heightmap_with_scm_sinkage,1.700,0.000,0.00898,0.17658,0.00000,0.98429,0.6136,0.6136,0.03570,0.6136,0.03570,fallback_pychrono_unavailable
environment_terrain_component_demo,terrain.surface_probe.v1,surface_probe_schema_v1,1948,terrain.heightmap_mesh,analytic_heightmap_with_scm_sinkage,1.700,0.100,0.00865,0.17491,0.00157,0.98458,0.6138,0.6138,0.03470,0.6138,0.03470,fallback_pychrono_unavailable
environment_terrain_component_demo,terrain.surface_probe.v1,surface_probe_schema_v1,1949,terrain.heightmap_mesh,analytic_heightmap_with_scm_sinkage,1.700,0.200,0.00820,0.16991,0.00311,0.98546,0.6141,0.6141,0.03185,0.6141,0.03185,fallback_pychrono_unavailable
environment_terrain_component_demo,terrain.surface_probe.v1,surface_probe_schema_v1,1950,terrain.heightmap_mesh,analytic_heightmap_with_scm_sinkage,1.700,0.300,0.00766,0.16165,0.00459,0.98684,0.6145,0.6145,0.02761,0.6145,0.02761,fallback_pychrono_unavailable
environment_terrain_component_demo,terrain.surface_probe.v1,surface_probe_schema_v1,1951,terrain.heightmap_mesh,analytic_heightmap_with_scm_sinkage,1.700,0.400,0.00703,0.15027,0.00599,0.98863,0.6150,0.6150,0.02260,0.6150,0.02260,fallback_pychrono_unavailable
environment_terrain_component_demo,terrain.surface_probe.v1,surface_probe_schema_v1,1952,terrain.heightmap_mesh,analytic_heightmap_with_scm_sinkage,1.700,0.500,0.00629,0.13594,0.00728,0.99069,0.6155,0.6155,0.01748,0.6155,0.01748,fallback_pychrono_unavailable
environment_terrain_component_demo,terrain.surface_probe.v1,surface_probe_schema_v1,1953,terrain.heightmap_mesh,analytic_heightmap_with_scm_sinkage,1.700,0.600,0.00547,0.11889,0.00844,0.99287,0.6161,0.6161,0.01276,0.6161,0.01276,fallback_pychrono_unavailable
environment_terrain_component_demo,terrain.surface_probe.v1,surface_probe_schema_v1,1954,terrain.heightmap_mesh,analytic_heightmap_with_scm_sinkage,1.700,0.700,0.00455,0.09943,0.00943,0.99500,0.6167,0.6167,0.00880,0.6167,0.00880,fallback_pychrono_unavailable
environment_terrain_component_demo,terrain.surface_probe.v1,surface_probe_schema_v1,1955,terrain.heightmap_mesh,analytic_heightmap_with_scm_sinkage,1.700,0.800,0.00356,0.07792,0.01024,0.99691,0.6175,0.6175,0.00574,0.6175,0.00574,fallback_pychrono_unavailable
environment_terrain_component_demo,terrain.surface_probe.v1,surface_probe_schema_v1,1956,terrain.heightmap_mesh,analytic_heightmap_with_scm_sinkage,1.700,0.900,0.00249,0.05478,0.01085,0.99844,0.6182,0.6182,0.00353,0.6182,0.00353,fallback_pychrono_unavailable
environment_terrain_component_demo,terrain.surface_probe.v1,surface_probe_schema_v1,1957,terrain.heightmap_mesh,analytic_heightmap_with_scm_sinkage,1.700,1.000,0.00139,0.03048,0.01124,0.99947,0.6190,0.6190,0.00205,0.6190,0.00205,fallback_pychrono_unavailable
environment_terrain_component_demo,terrain.surface_probe.v1,surface_probe_schema_v1,1958,terrain.heightmap_mesh,analytic_heightmap_with_scm_sinkage,1.700,1.100,0.00025,0.00552,0.01140,0.99992,0.6198,0.6198,0.00113,0.6198,0.00113,fallback_pychrono_unavailable
environment_terrain_component_demo,terrain.surface_probe.v1,surface_probe_schema_v1,1959,terrain.heightmap_mesh,analytic_heightmap_with_scm_sinkage,1.700,1.200,-0.00089,-0.01955,0.01134,0.99974,0.6194,0.6194,0.00058,0.6194,0.00058,fallback_pychrono_unavailable
environment_terrain_component_demo,terrain.surface_probe.v1,surface_probe_schema_v1,1960,terrain.heightmap_mesh,analytic_heightmap_with_scm_sinkage,1.700,1.300,-0.00201,-0.04420,0.01105,0.99896,0.6186,0.6186,0.00029,0.6186,0.00029,fallback_pychrono_unavailable
environment_terrain_component_demo,terrain.surface_probe.v1,surface_probe_schema_v1,1961,terrain.heightmap_mesh,analytic_heightmap_with_scm_sinkage,1.700,1.400,-0.00309,-0.06791,0.01053,0.99764,0.6178,0.6178,0.00013,0.6178,0.00013,fallback_pychrono_unavailable
environment_terrain_component_demo,terrain.surface_probe.v1,surface_probe_schema_v1,1962,terrain.heightmap_mesh,analytic_heightmap_with_scm_sinkage,1.700,1.500,-0.00411,-0.09020,0.00981,0.99588,0.6171,0.6171,0.00006,0.6171,0.00006,fallback_pychrono_unavailable
environment_terrain_component_demo,terrain.surface_probe.v1,surface_probe_schema_v1,1963,terrain.heightmap_mesh,analytic_heightmap_with_scm_sinkage,1.700,1.600,-0.00506,-0.11061,0.00889,0.99382,0.6164,0.6164,0.00002,0.6164,0.00002,fallback_pychrono_unavailable
environment_terrain_component_demo,terrain.surface_probe.v1,surface_probe_schema_v1,1964,terrain.heightmap_mesh,analytic_heightmap_with_scm_sinkage,1.700,1.700,-0.00590,-0.12875,0.00781,0.99165,0.6158,0.6158,0.00001,0.6158,0.00001,fallback_pychrono_unavailable
environment_terrain_component_demo,terrain.surface_probe.v1,surface_probe_schema_v1,1965,terrain.heightmap_mesh,analytic_heightmap_with_scm_sinkage,1.700,1.800,-0.00663,-0.14431,0.00657,0.98951,0.6153,0.6153,0.00000,0.6153,0.00000,fallback_pychrono_unavailable
environment_terrain_component_demo,terrain.surface_probe.v1,surface_probe_schema_v1,1966,terrain.heightmap_mesh,analytic_heightmap_with_scm_sinkage,1.700,1.900,-0.00722,-0.15702,0.00522,0.98758,0.6148,0.6148,0.00000,0.6148,0.00000,fallback_pychrono_unavailable
environment_terrain_component_demo,terrain.surface_probe.v1,surface_probe_schema_v1,1967,terrain.heightmap_mesh,analytic_heightmap_with_scm_sinkage,1.700,2.000,-0.00768,-0.16667,0.00377,0.98601,0.6145,0.6145,0.00000,0.6145,0.00000,fallback_pychrono_unavailable
environment_terrain_component_demo,terrain.surface_probe.v1,surface_probe_schema_v1,1968,terrain.heightmap_mesh,analytic_heightmap_with_scm_sinkage,1.800,-2.000,0.00926,-0.16642,0.00454,0.98604,0.6134,0.6134,0.00000,0.6134,0.00000,fallback_pychrono_unavailable
environment_terrain_component_demo,terrain.surface_probe.v1,surface_probe_schema_v1,1969,terrain.heightmap_mesh,analytic_heightmap_with_scm_sinkage,1.800,-1.900,0.00871,-0.15679,0.00629,0.98761,0.6138,0.6138,0.00000,0.6138,0.00000,fallback_pychrono_unavailable
environment_terrain_component_demo,terrain.surface_probe.v1,surface_probe_schema_v1,1970,terrain.heightmap_mesh,analytic_heightmap_with_scm_sinkage,1.800,-1.800,0.00799,-0.14410,0.00793,0.98953,0.6143,0.6143,0.00000,0.6143,0.00000,fallback_pychrono_unavailable
environment_terrain_component_demo,terrain.surface_probe.v1,surface_probe_schema_v1,1971,terrain.heightmap_mesh,analytic_heightmap_with_scm_sinkage,1.800,-1.700,0.00711,-0.12856,0.00941,0.99166,0.6149,0.6149,0.00001,0.6149,0.00001,fallback_pychrono_unavailable
environment_terrain_component_demo,terrain.surface_probe.v1,surface_probe_schema_v1,1972,terrain.heightmap_mesh,analytic_heightmap_with_scm_sinkage,1.800,-1.600,0.00610,-0.11044,0.01072,0.99383,0.6156,0.6156,0.00002,0.6156,0.00002,fallback_pychrono_unavailable
environment_terrain_component_demo,terrain.surface_probe.v1,surface_probe_schema_v1,1973,terrain.heightmap_mesh,analytic_heightmap_with_scm_sinkage,1.800,-1.500,0.00497,-0.09006,0.01182,0.99587,0.6165,0.6165,0.00005,0.6165,0.00005,fallback_pychrono_unavailable
environment_terrain_component_demo,terrain.surface_probe.v1,surface_probe_schema_v1,1974,terrain.heightmap_mesh,analytic_heightmap_with_scm_sinkage,1.800,-1.400,0.00374,-0.06781,0.01270,0.99762,0.6173,0.6173,0.00011,0.6173,0.00011,fallback_pychrono_unavailable
environment_terrain_component_demo,terrain.surface_probe.v1,surface_probe_schema_v1,1975,terrain.heightmap_mesh,analytic_heightmap_with_scm_sinkage,1.800,-1.300,0.00245,-0.04413,0.01332,0.99894,0.6182,0.6182,0.00023,0.6182,0.00023,fallback_pychrono_unavailable
environment_terrain_component_demo,terrain.surface_probe.v1,surface_probe_schema_v1,1976,terrain.heightmap_mesh,analytic_heightmap_with_scm_sinkage,1.800,-1.200,0.00113,-0.01952,0.01367,0.99972,0.6192,0.6192,0.00047,0.6192,0.00047,fallback_pychrono_unavailable
environment_terrain_component_demo,terrain.surface_probe.v1,surface_probe_schema_v1,1977,terrain.heightmap_mesh,analytic_heightmap_with_scm_sinkage,1.800,-1.100,-0.00020,0.00552,0.01375,0.99989,0.6199,0.6199,0.00092,0.6199,0.00092,fallback_pychrono_unavailable
environment_terrain_component_demo,terrain.surface_probe.v1,surface_probe_schema_v1,1978,terrain.heightmap_mesh,analytic_heightmap_with_scm_sinkage,1.800,-1.000,-0.00150,0.03043,0.01355,0.99945,0.6189,0.6189,0.00167,0.6189,0.00167,fallback_pychrono_unavailable
environment_terrain_component_demo,terrain.surface_probe.v1,surface_probe_schema_v1,1979,terrain.heightmap_mesh,analytic_heightmap_with_scm_sinkage,1.800,-0.900,-0.00274,0.05469,0.01308,0.99842,0.6180,0.6180,0.00287,0.6180,0.00287,fallback_pychrono_unavailable
environment_terrain_component_demo,terrain.surface_probe.v1,surface_probe_schema_v1,1980,terrain.heightmap_mesh,analytic_heightmap_with_scm_sinkage,1.800,-0.800,-0.00389,0.07780,0.01234,0.99689,0.6172,0.6172,0.00466,0.6172,0.00466,fallback_pychrono_unavailable
environment_terrain_component_demo,terrain.surface_probe.v1,surface_probe_schema_v1,1981,terrain.heightmap_mesh,analytic_heightmap_with_scm_sinkage,1.800,-0.700,-0.00496,0.09928,0.01137,0.99499,0.6165,0.6165,0.00716,0.6165,0.00716,fallback_pychrono_unavailable
environment_terrain_component_demo,terrain.surface_probe.v1,surface_probe_schema_v1,1982,terrain.heightmap_mesh,analytic_heightmap_with_scm_sinkage,1.800,-0.600,-0.00593,0.11871,0.01017,0.99288,0.6158,0.6158,0.01038,0.6158,0.01038,fallback_pychrono_unavailable
environment_terrain_component_demo,terrain.surface_probe.v1,surface_probe_schema_v1,1983,terrain.heightmap_mesh,analytic_heightmap_with_scm_sinkage,1.800,-0.500,-0.00681,0.13573,0.00878,0.99071,0.6151,0.6151,0.01421,0.6151,0.01421,fallback_pychrono_unavailable
environment_terrain_component_demo,terrain.surface_probe.v1,surface_probe_schema_v1,1984,terrain.heightmap_mesh,analytic_heightmap_with_scm_sinkage,1.800,-0.400,-0.00759,0.15005,0.00722,0.98865,0.6146,0.6146,0.01838,0.6146,0.01838,fallback_pychrono_unavailable
environment_terrain_component_demo,terrain.surface_probe.v1,surface_probe_schema_v1,1985,terrain.heightmap_mesh,analytic_heightmap_with_scm_sinkage,1.800,-0.300,-0.00827,0.16141,0.00554,0.98687,0.6141,0.6141,0.02245,0.6141,0.02245,fallback_pychrono_unavailable
environment_terrain_component_demo,terrain.surface_probe.v1,surface_probe_schema_v1,1986,terrain.heightmap_mesh,analytic_heightmap_with_scm_sinkage,1.800,-0.200,-0.00882,0.16966,0.00375,0.98550,0.6137,0.6137,0.02590,0.6137,0.02590,fallback_pychrono_unavailable
environment_terrain_component_demo,terrain.surface_probe.v1,surface_probe_schema_v1,1987,terrain.heightmap_mesh,analytic_heightmap_with_scm_sinkage,1.800,-0.100,-0.00922,0.17465,0.00189,0.98463,0.6134,0.6134,0.02822,0.6134,0.02822,fallback_pychrono_unavailable
environment_terrain_component_demo,terrain.surface_probe.v1,surface_probe_schema_v1,1988,terrain.heightmap_mesh,analytic_heightmap_with_scm_sinkage,1.800,0.000,-0.00944,0.17632,-0.00000,0.98433,0.6133,0.6133,0.02904,0.6133,0.02904,fallback_pychrono_unavailable
environment_terrain_component_demo,terrain.surface_probe.v1,surface_probe_schema_v1,1989,terrain.heightmap_mesh,analytic_heightmap_with_scm_sinkage,1.800,0.100,-0.00946,0.17465,-0.00189,0.98463,0.6132,0.6132,0.02822,0.6132,0.02822,fallback_pychrono_unavailable
environment_terrain_component_demo,terrain.surface_probe.v1,surface_probe_schema_v1,1990,terrain.heightmap_mesh,analytic_heightmap_with_scm_sinkage,1.800,0.200,-0.00927,0.16966,-0.00375,0.98550,0.6134,0.6134,0.02590,0.6134,0.02590,fallback_pychrono_unavailable
environment_terrain_component_demo,terrain.surface_probe.v1,surface_probe_schema_v1,1991,terrain.heightmap_mesh,analytic_heightmap_with_scm_sinkage,1.800,0.300,-0.00887,0.16141,-0.00554,0.98687,0.6137,0.6137,0.02245,0.6137,0.02245,fallback_pychrono_unavailable
environment_terrain_component_demo,terrain.surface_probe.v1,surface_probe_schema_v1,1992,terrain.heightmap_mesh,analytic_heightmap_with_scm_sinkage,1.800,0.400,-0.00827,0.15005,-0.00722,0.98865,0.6141,0.6141,0.01838,0.6141,0.01838,fallback_pychrono_unavailable
environment_terrain_component_demo,terrain.surface_probe.v1,surface_probe_schema_v1,1993,terrain.heightmap_mesh,analytic_heightmap_with_scm_sinkage,1.800,0.500,-0.00749,0.13573,-0.00878,0.99071,0.6147,0.6147,0.01421,0.6147,0.01421,fallback_pychrono_unavailable
environment_terrain_component_demo,terrain.surface_probe.v1,surface_probe_schema_v1,1994,terrain.heightmap_mesh,analytic_heightmap_with_scm_sinkage,1.800,0.600,-0.00654,0.11871,-0.01017,0.99288,0.6153,0.6153,0.01038,0.6153,0.01038,fallback_pychrono_unavailable
environment_terrain_component_demo,terrain.surface_probe.v1,surface_probe_schema_v1,1995,terrain.heightmap_mesh,analytic_heightmap_with_scm_sinkage,1.800,0.700,-0.00547,0.09928,-0.01137,0.99499,0.6161,0.6161,0.00716,0.6161,0.00716,fallback_pychrono_unavailable
environment_terrain_component_demo,terrain.surface_probe.v1,surface_probe_schema_v1,1996,terrain.heightmap_mesh,analytic_heightmap_with_scm_sinkage,1.800,0.800,-0.00428,0.07780,-0.01234,0.99689,0.6169,0.6169,0.00466,0.6169,0.00466,fallback_pychrono_unavailable
environment_terrain_component_demo,terrain.surface_probe.v1,surface_probe_schema_v1,1997,terrain.heightmap_mesh,analytic_heightmap_with_scm_sinkage,1.800,0.900,-0.00300,0.05469,-0.01308,0.99842,0.6179,0.6179,0.00287,0.6179,0.00287,fallback_pychrono_unavailable
environment_terrain_component_demo,terrain.surface_probe.v1,surface_probe_schema_v1,1998,terrain.heightmap_mesh,analytic_heightmap_with_scm_sinkage,1.800,1.000,-0.00167,0.03043,-0.01355,0.99945,0.6188,0.6188,0.00167,0.6188,0.00167,fallback_pychrono_unavailable
environment_terrain_component_demo,terrain.surface_probe.v1,surface_probe_schema_v1,1999,terrain.heightmap_mesh,analytic_heightmap_with_scm_sinkage,1.800,1.100,-0.00030,0.00552,-0.01375,0.99989,0.6198,0.6198,0.00092,0.6198,0.00092,fallback_pychrono_unavailable
environment_terrain_component_demo,terrain.surface_probe.v1,surface_probe_schema_v1,2000,terrain.heightmap_mesh,analytic_heightmap_with_scm_sinkage,1.800,1.200,0.00107,-0.01952,-0.01367,0.99972,0.6192,0.6192,0.00047,0.6192,0.00047,fallback_pychrono_unavailable
environment_terrain_component_demo,terrain.surface_probe.v1,surface_probe_schema_v1,2001,terrain.heightmap_mesh,analytic_heightmap_with_scm_sinkage,1.800,1.300,0.00242,-0.04413,-0.01332,0.99894,0.6183,0.6183,0.00023,0.6183,0.00023,fallback_pychrono_unavailable
environment_terrain_component_demo,terrain.surface_probe.v1,surface_probe_schema_v1,2002,terrain.heightmap_mesh,analytic_heightmap_with_scm_sinkage,1.800,1.400,0.00373,-0.06781,-0.01270,0.99762,0.6173,0.6173,0.00011,0.6173,0.00011,fallback_pychrono_unavailable
environment_terrain_component_demo,terrain.surface_probe.v1,surface_probe_schema_v1,2003,terrain.heightmap_mesh,analytic_heightmap_with_scm_sinkage,1.800,1.500,0.00496,-0.09006,-0.01182,0.99587,0.6165,0.6165,0.00005,0.6165,0.00005,fallback_pychrono_unavailable
environment_terrain_component_demo,terrain.surface_probe.v1,surface_probe_schema_v1,2004,terrain.heightmap_mesh,analytic_heightmap_with_scm_sinkage,1.800,1.600,0.00609,-0.11044,-0.01072,0.99383,0.6156,0.6156,0.00002,0.6156,0.00002,fallback_pychrono_unavailable
environment_terrain_component_demo,terrain.surface_probe.v1,surface_probe_schema_v1,2005,terrain.heightmap_mesh,analytic_heightmap_with_scm_sinkage,1.800,1.700,0.00711,-0.12856,-0.00941,0.99166,0.6149,0.6149,0.00001,0.6149,0.00001,fallback_pychrono_unavailable
environment_terrain_component_demo,terrain.surface_probe.v1,surface_probe_schema_v1,2006,terrain.heightmap_mesh,analytic_heightmap_with_scm_sinkage,1.800,1.800,0.00799,-0.14410,-0.00793,0.98953,0.6143,0.6143,0.00000,0.6143,0.00000,fallback_pychrono_unavailable
environment_terrain_component_demo,terrain.surface_probe.v1,surface_probe_schema_v1,2007,terrain.heightmap_mesh,analytic_heightmap_with_scm_sinkage,1.800,1.900,0.00871,-0.15679,-0.00629,0.98761,0.6138,0.6138,0.00000,0.6138,0.00000,fallback_pychrono_unavailable
environment_terrain_component_demo,terrain.surface_probe.v1,surface_probe_schema_v1,2008,terrain.heightmap_mesh,analytic_heightmap_with_scm_sinkage,1.800,2.000,0.00926,-0.16642,-0.00454,0.98604,0.6134,0.6134,0.00000,0.6134,0.00000,fallback_pychrono_unavailable
environment_terrain_component_demo,terrain.surface_probe.v1,surface_probe_schema_v1,2009,terrain.heightmap_mesh,analytic_heightmap_with_scm_sinkage,1.900,-2.000,0.02589,-0.16093,0.01272,0.98688,0.6015,0.6015,0.00000,0.6015,0.00000,fallback_pychrono_unavailable
environment_terrain_component_demo,terrain.surface_probe.v1,surface_probe_schema_v1,2010,terrain.heightmap_mesh,analytic_heightmap_with_scm_sinkage,1.900,-1.900,0.02436,-0.15159,0.01761,0.98829,0.6026,0.6026,0.00000,0.6026,0.00000,fallback_pychrono_unavailable
environment_terrain_component_demo,terrain.surface_probe.v1,surface_probe_schema_v1,2011,terrain.heightmap_mesh,analytic_heightmap_with_scm_sinkage,1.900,-1.800,0.02234,-0.13929,0.02218,0.99000,0.6040,0.6040,0.00000,0.6040,0.00000,fallback_pychrono_unavailable
environment_terrain_component_demo,terrain.surface_probe.v1,surface_probe_schema_v1,2012,terrain.heightmap_mesh,analytic_heightmap_with_scm_sinkage,1.900,-1.700,0.01989,-0.12424,0.02634,0.99190,0.6058,0.6058,0.00001,0.6058,0.00001,fallback_pychrono_unavailable
environment_terrain_component_demo,terrain.surface_probe.v1,surface_probe_schema_v1,2013,terrain.heightmap_mesh,analytic_heightmap_with_scm_sinkage,1.900,-1.600,0.01705,-0.10670,0.02999,0.99384,0.6078,0.6078,0.00002,0.6078,0.00002,fallback_pychrono_unavailable
environment_terrain_component_demo,terrain.surface_probe.v1,surface_probe_schema_v1,2014,terrain.heightmap_mesh,analytic_heightmap_with_scm_sinkage,1.900,-1.500,0.01388,-0.08699,0.03307,0.99566,0.6101,0.6101,0.00004,0.6101,0.00004,fallback_pychrono_unavailable
environment_terrain_component_demo,terrain.surface_probe.v1,surface_probe_schema_v1,2015,terrain.heightmap_mesh,analytic_heightmap_with_scm_sinkage,1.900,-1.400,0.01043,-0.06549,0.03550,0.99722,0.6125,0.6125,0.00009,0.6125,0.00009,fallback_pychrono_unavailable
environment_terrain_component_demo,terrain.surface_probe.v1,surface_probe_schema_v1,2016,terrain.heightmap_mesh,analytic_heightmap_with_scm_sinkage,1.900,-1.300,0.00679,-0.04262,0.03723,0.99840,0.6151,0.6151,0.00019,0.6151,0.00019,fallback_pychrono_unavailable
environment_terrain_component_demo,terrain.surface_probe.v1,surface_probe_schema_v1,2017,terrain.heightmap_mesh,analytic_heightmap_with_scm_sinkage,1.900,-1.200,0.00302,-0.01885,0.03821,0.99909,0.6178,0.6178,0.00038,0.6178,0.00038,fallback_pychrono_unavailable
environment_terrain_component_demo,terrain.surface_probe.v1,surface_probe_schema_v1,2018,terrain.heightmap_mesh,analytic_heightmap_with_scm_sinkage,1.900,-1.100,-0.00080,0.00533,0.03843,0.99925,0.6194,0.6194,0.00073,0.6194,0.00073,fallback_pychrono_unavailable
environment_terrain_component_demo,terrain.surface_probe.v1,surface_probe_schema_v1,2019,terrain.heightmap_mesh,analytic_heightmap_with_scm_sinkage,1.900,-1.000,-0.00460,0.02938,0.03787,0.99885,0.6167,0.6167,0.00134,0.6167,0.00134,fallback_pychrono_unavailable
environment_terrain_component_demo,terrain.surface_probe.v1,surface_probe_schema_v1,2020,terrain.heightmap_mesh,analytic_heightmap_with_scm_sinkage,1.900,-0.900,-0.00829,0.05282,0.03656,0.99793,0.6141,0.6141,0.00230,0.6141,0.00230,fallback_pychrono_unavailable
environment_terrain_component_demo,terrain.surface_probe.v1,surface_probe_schema_v1,2021,terrain.heightmap_mesh,analytic_heightmap_with_scm_sinkage,1.900,-0.800,-0.01181,0.07514,0.03451,0.99658,0.6116,0.6116,0.00374,0.6116,0.00374,fallback_pychrono_unavailable
environment_terrain_component_demo,terrain.surface_probe.v1,surface_probe_schema_v1,2022,terrain.heightmap_mesh,analytic_heightmap_with_scm_sinkage,1.900,-0.700,-0.01509,0.09591,0.03179,0.99488,0.6092,0.6092,0.00575,0.6092,0.00575,fallback_pychrono_unavailable
environment_terrain_component_demo,terrain.surface_probe.v1,surface_probe_schema_v1,2023,terrain.heightmap_mesh,analytic_heightmap_with_scm_sinkage,1.900,-0.600,-0.01807,0.11471,0.02845,0.99299,0.6071,0.6071,0.00833,0.6071,0.00833,fallback_pychrono_unavailable
environment_terrain_component_demo,terrain.surface_probe.v1,surface_probe_schema_v1,2024,terrain.heightmap_mesh,analytic_heightmap_with_scm_sinkage,1.900,-0.500,-0.02072,0.13119,0.02456,0.99105,0.6052,0.6052,0.01141,0.6052,0.01141,fallback_pychrono_unavailable
environment_terrain_component_demo,terrain.surface_probe.v1,surface_probe_schema_v1,2025,terrain.heightmap_mesh,analytic_heightmap_with_scm_sinkage,1.900,-0.400,-0.02297,0.14505,0.02022,0.98922,0.6036,0.6036,0.01475,0.6036,0.01475,fallback_pychrono_unavailable
environment_terrain_component_demo,terrain.surface_probe.v1,surface_probe_schema_v1,2026,terrain.heightmap_mesh,analytic_heightmap_with_scm_sinkage,1.900,-0.300,-0.02479,0.15607,0.01549,0.98762,0.6023,0.6023,0.01802,0.6023,0.01802,fallback_pychrono_unavailable
environment_terrain_component_demo,terrain.surface_probe.v1,surface_probe_schema_v1,2027,terrain.heightmap_mesh,analytic_heightmap_with_scm_sinkage,1.900,-0.200,-0.02614,0.16407,0.01049,0.98639,0.6013,0.6013,0.02078,0.6013,0.02078,fallback_pychrono_unavailable
environment_terrain_component_demo,terrain.surface_probe.v1,surface_probe_schema_v1,2028,terrain.heightmap_mesh,analytic_heightmap_with_scm_sinkage,1.900,-0.100,-0.02699,0.16891,0.00529,0.98562,0.6007,0.6007,0.02264,0.6007,0.02264,fallback_pychrono_unavailable
environment_terrain_component_demo,terrain.surface_probe.v1,surface_probe_schema_v1,2029,terrain.heightmap_mesh,analytic_heightmap_with_scm_sinkage,1.900,0.000,-0.02732,0.17053,-0.00000,0.98535,0.6005,0.6005,0.02330,0.6005,0.02330,fallback_pychrono_unavailable
environment_terrain_component_demo,terrain.surface_probe.v1,surface_probe_schema_v1,2030,terrain.heightmap_mesh,analytic_heightmap_with_scm_sinkage,1.900,0.100,-0.02710,0.16891,-0.00529,0.98562,0.6006,0.6006,0.02264,0.6006,0.02264,fallback_pychrono_unavailable
environment_terrain_component_demo,terrain.surface_probe.v1,surface_probe_schema_v1,2031,terrain.heightmap_mesh,analytic_heightmap_with_scm_sinkage,1.900,0.200,-0.02634,0.16407,-0.01049,0.98639,0.6012,0.6012,0.02078,0.6012,0.02078,fallback_pychrono_unavailable
environment_terrain_component_demo,terrain.surface_probe.v1,surface_probe_schema_v1,2032,terrain.heightmap_mesh,analytic_heightmap_with_scm_sinkage,1.900,0.300,-0.02505,0.15607,-0.01549,0.98762,0.6021,0.6021,0.01802,0.6021,0.01802,fallback_pychrono_unavailable
environment_terrain_component_demo,terrain.surface_probe.v1,surface_probe_schema_v1,2033,terrain.heightmap_mesh,analytic_heightmap_with_scm_sinkage,1.900,0.400,-0.02326,0.14505,-0.02022,0.98922,0.6034,0.6034,0.01475,0.6034,0.01475,fallback_pychrono_unavailable
environment_terrain_component_demo,terrain.surface_probe.v1,surface_probe_schema_v1,2034,terrain.heightmap_mesh,analytic_heightmap_with_scm_sinkage,1.900,0.500,-0.02101,0.13119,-0.02456,0.99105,0.6050,0.6050,0.01141,0.6050,0.01141,fallback_pychrono_unavailable
environment_terrain_component_demo,terrain.surface_probe.v1,surface_probe_schema_v1,2035,terrain.heightmap_mesh,analytic_heightmap_with_scm_sinkage,1.900,0.600,-0.01834,0.11471,-0.02845,0.99299,0.6069,0.6069,0.00833,0.6069,0.00833,fallback_pychrono_unavailable
environment_terrain_component_demo,terrain.surface_probe.v1,surface_probe_schema_v1,2036,terrain.heightmap_mesh,analytic_heightmap_with_scm_sinkage,1.900,0.700,-0.01531,0.09591,-0.03179,0.99488,0.6091,0.6091,0.00575,0.6091,0.00575,fallback_pychrono_unavailable
environment_terrain_component_demo,terrain.surface_probe.v1,surface_probe_schema_v1,2037,terrain.heightmap_mesh,analytic_heightmap_with_scm_sinkage,1.900,0.800,-0.01197,0.07514,-0.03451,0.99658,0.6114,0.6114,0.00374,0.6114,0.00374,fallback_pychrono_unavailable
environment_terrain_component_demo,terrain.surface_probe.v1,surface_probe_schema_v1,2038,terrain.heightmap_mesh,analytic_heightmap_with_scm_sinkage,1.900,0.900,-0.00840,0.05282,-0.03656,0.99793,0.6140,0.6140,0.00230,0.6140,0.00230,fallback_pychrono_unavailable
environment_terrain_component_demo,terrain.surface_probe.v1,surface_probe_schema_v1,2039,terrain.heightmap_mesh,analytic_heightmap_with_scm_sinkage,1.900,1.000,-0.00467,0.02938,-0.03787,0.99885,0.6167,0.6167,0.00134,0.6167,0.00134,fallback_pychrono_unavailable
environment_terrain_component_demo,terrain.surface_probe.v1,surface_probe_schema_v1,2040,terrain.heightmap_mesh,analytic_heightmap_with_scm_sinkage,1.900,1.100,-0.00085,0.00533,-0.03843,0.99925,0.6194,0.6194,0.00073,0.6194,0.00073,fallback_pychrono_unavailable
environment_terrain_component_demo,terrain.surface_probe.v1,surface_probe_schema_v1,2041,terrain.heightmap_mesh,analytic_heightmap_with_scm_sinkage,1.900,1.200,0.00300,-0.01885,-0.03821,0.99909,0.6179,0.6179,0.00038,0.6179,0.00038,fallback_pychrono_unavailable
environment_terrain_component_demo,terrain.surface_probe.v1,surface_probe_schema_v1,2042,terrain.heightmap_mesh,analytic_heightmap_with_scm_sinkage,1.900,1.300,0.00678,-0.04262,-0.03723,0.99840,0.6152,0.6152,0.00019,0.6152,0.00019,fallback_pychrono_unavailable
environment_terrain_component_demo,terrain.surface_probe.v1,surface_probe_schema_v1,2043,terrain.heightmap_mesh,analytic_heightmap_with_scm_sinkage,1.900,1.400,0.01043,-0.06549,-0.03550,0.99722,0.6126,0.6126,0.00009,0.6126,0.00009,fallback_pychrono_unavailable
environment_terrain_component_demo,terrain.surface_probe.v1,surface_probe_schema_v1,2044,terrain.heightmap_mesh,analytic_heightmap_with_scm_sinkage,1.900,1.500,0.01387,-0.08699,-0.03307,0.99566,0.6101,0.6101,0.00004,0.6101,0.00004,fallback_pychrono_unavailable
environment_terrain_component_demo,terrain.surface_probe.v1,surface_probe_schema_v1,2045,terrain.heightmap_mesh,analytic_heightmap_with_scm_sinkage,1.900,1.600,0.01705,-0.10670,-0.02999,0.99384,0.6078,0.6078,0.00002,0.6078,0.00002,fallback_pychrono_unavailable
environment_terrain_component_demo,terrain.surface_probe.v1,surface_probe_schema_v1,2046,terrain.heightmap_mesh,analytic_heightmap_with_scm_sinkage,1.900,1.700,0.01989,-0.12424,-0.02634,0.99190,0.6058,0.6058,0.00001,0.6058,0.00001,fallback_pychrono_unavailable
environment_terrain_component_demo,terrain.surface_probe.v1,surface_probe_schema_v1,2047,terrain.heightmap_mesh,analytic_heightmap_with_scm_sinkage,1.900,1.800,0.02234,-0.13929,-0.02218,0.99000,0.6040,0.6040,0.00000,0.6040,0.00000,fallback_pychrono_unavailable
environment_terrain_component_demo,terrain.surface_probe.v1,surface_probe_schema_v1,2048,terrain.heightmap_mesh,analytic_heightmap_with_scm_sinkage,1.900,1.900,0.02436,-0.15159,-0.01761,0.98829,0.6026,0.6026,0.00000,0.6026,0.00000,fallback_pychrono_unavailable
environment_terrain_component_demo,terrain.surface_probe.v1,surface_probe_schema_v1,2049,terrain.heightmap_mesh,analytic_heightmap_with_scm_sinkage,1.900,2.000,0.02589,-0.16093,-0.01272,0.98688,0.6015,0.6015,0.00000,0.6015,0.00000,fallback_pychrono_unavailable
environment_terrain_component_demo,terrain.surface_probe.v1,surface_probe_schema_v1,2050,terrain.heightmap_mesh,analytic_heightmap_with_scm_sinkage,2.000,-2.000,0.04170,-0.15033,0.02051,0.98842,0.5902,0.5902,0.00000,0.5902,0.00000,fallback_pychrono_unavailable
environment_terrain_component_demo,terrain.surface_probe.v1,surface_probe_schema_v1,2051,terrain.heightmap_mesh,analytic_heightmap_with_scm_sinkage,2.000,-1.900,0.03922,-0.14156,0.02840,0.98952,0.5920,0.5920,0.00000,0.5920,0.00000,fallback_pychrono_unavailable
environment_terrain_component_demo,terrain.surface_probe.v1,surface_probe_schema_v1,2052,terrain.heightmap_mesh,analytic_heightmap_with_scm_sinkage,2.000,-1.800,0.03597,-0.13003,0.03575,0.99087,0.5943,0.5943,0.00000,0.5943,0.00000,fallback_pychrono_unavailable
environment_terrain_component_demo,terrain.surface_probe.v1,surface_probe_schema_v1,2053,terrain.heightmap_mesh,analytic_heightmap_with_scm_sinkage,2.000,-1.700,0.03203,-0.11593,0.04243,0.99235,0.5971,0.5971,0.00000,0.5971,0.00000,fallback_pychrono_unavailable
environment_terrain_component_demo,terrain.surface_probe.v1,surface_probe_schema_v1,2054,terrain.heightmap_mesh,analytic_heightmap_with_scm_sinkage,2.000,-1.600,0.02745,-0.09952,0.04829,0.99386,0.6004,0.6004,0.00001,0.6004,0.00001,fallback_pychrono_unavailable
environment_terrain_component_demo,terrain.surface_probe.v1,surface_probe_schema_v1,2055,terrain.heightmap_mesh,analytic_heightmap_with_scm_sinkage,2.000,-1.500,0.02234,-0.08111,0.05323,0.99528,0.6040,0.6040,0.00003,0.6040,0.00003,fallback_pychrono_unavailable
environment_terrain_component_demo,terrain.surface_probe.v1,surface_probe_schema_v1,2056,terrain.heightmap_mesh,analytic_heightmap_with_scm_sinkage,2.000,-1.400,0.01679,-0.06104,0.05712,0.99650,0.6080,0.6080,0.00007,0.6080,0.00007,fallback_pychrono_unavailable
environment_terrain_component_demo,terrain.surface_probe.v1,surface_probe_schema_v1,2057,terrain.heightmap_mesh,analytic_heightmap_with_scm_sinkage,2.000,-1.300,0.01092,-0.03971,0.05988,0.99742,0.6122,0.6122,0.00015,0.6122,0.00015,fallback_pychrono_unavailable
environment_terrain_component_demo,terrain.surface_probe.v1,surface_probe_schema_v1,2058,terrain.heightmap_mesh,analytic_heightmap_with_scm_sinkage,2.000,-1.200,0.00483,-0.01756,0.06146,0.99796,0.6165,0.6165,0.00030,0.6165,0.00030,fallback_pychrono_unavailable
environment_terrain_component_demo,terrain.surface_probe.v1,surface_probe_schema_v1,2059,terrain.heightmap_mesh,analytic_heightmap_with_scm_sinkage,2.000,-1.100,-0.00134,0.00496,0.06180,0.99808,0.6190,0.6190,0.00058,0.6190,0.00058,fallback_pychrono_unavailable
environment_terrain_component_demo,terrain.surface_probe.v1,surface_probe_schema_v1,2060,terrain.heightmap_mesh,analytic_heightmap_with_scm_sinkage,2.000,-1.000,-0.00749,0.02737,0.06092,0.99777,0.6146,0.6146,0.00106,0.6146,0.00106,fallback_pychrono_unavailable
environment_terrain_component_demo,terrain.surface_probe.v1,surface_probe_schema_v1,2061,terrain.heightmap_mesh,analytic_heightmap_with_scm_sinkage,2.000,-0.900,-0.01349,0.04922,0.05881,0.99706,0.6104,0.6104,0.00182,0.6104,0.00182,fallback_pychrono_unavailable
environment_terrain_component_demo,terrain.surface_probe.v1,surface_probe_schema_v1,2062,terrain.heightmap_mesh,analytic_heightmap_with_scm_sinkage,2.000,-0.800,-0.01921,0.07004,0.05554,0.99600,0.6063,0.6063,0.00296,0.6063,0.00296,fallback_pychrono_unavailable
environment_terrain_component_demo,terrain.surface_probe.v1,surface_probe_schema_v1,2063,terrain.heightmap_mesh,analytic_heightmap_with_scm_sinkage,2.000,-0.700,-0.02456,0.08943,0.05118,0.99468,0.6025,0.6025,0.00455,0.6025,0.00455,fallback_pychrono_unavailable
environment_terrain_component_demo,terrain.surface_probe.v1,surface_probe_schema_v1,2064,terrain.heightmap_mesh,analytic_heightmap_with_scm_sinkage,2.000,-0.600,-0.02943,0.10701,0.04582,0.99320,0.5990,0.5990,0.00660,0.5990,0.00660,fallback_pychrono_unavailable
environment_terrain_component_demo,terrain.surface_probe.v1,surface_probe_schema_v1,2065,terrain.heightmap_mesh,analytic_heightmap_with_scm_sinkage,2.000,-0.500,-0.03372,0.12243,0.03958,0.99169,0.5959,0.5959,0.00903,0.5959,0.00903,fallback_pychrono_unavailable
environment_terrain_component_demo,terrain.surface_probe.v1,surface_probe_schema_v1,2066,terrain.heightmap_mesh,analytic_heightmap_with_scm_sinkage,2.000,-0.400,-0.03737,0.13543,0.03259,0.99025,0.5933,0.5933,0.01168,0.5933,0.01168,fallback_pychrono_unavailable
environment_terrain_component_demo,terrain.surface_probe.v1,surface_probe_schema_v1,2067,terrain.heightmap_mesh,analytic_heightmap_with_scm_sinkage,2.000,-0.300,-0.04028,0.14577,0.02498,0.98900,0.5912,0.5912,0.01427,0.5912,0.01427,fallback_pychrono_unavailable
environment_terrain_component_demo,terrain.surface_probe.v1,surface_probe_schema_v1,2068,terrain.heightmap_mesh,analytic_heightmap_with_scm_sinkage,2.000,-0.200,-0.04242,0.15327,0.01692,0.98804,0.5897,0.5897,0.01646,0.5897,0.01646,fallback_pychrono_unavailable
environment_terrain_component_demo,terrain.surface_probe.v1,surface_probe_schema_v1,2069,terrain.heightmap_mesh,analytic_heightmap_with_scm_sinkage,2.000,-0.100,-0.04373,0.15783,0.00854,0.98743,0.5888,0.5888,0.01793,0.5888,0.01793,fallback_pychrono_unavailable
environment_terrain_component_demo,terrain.surface_probe.v1,surface_probe_schema_v1,2070,terrain.heightmap_mesh,analytic_heightmap_with_scm_sinkage,2.000,0.000,-0.04419,0.15935,-0.00000,0.98722,0.5884,0.5884,0.01845,0.5884,0.01845,fallback_pychrono_unavailable
environment_terrain_component_demo,terrain.surface_probe.v1,surface_probe_schema_v1,2071,terrain.heightmap_mesh,analytic_heightmap_with_scm_sinkage,2.000,0.100,-0.04377,0.15783,-0.00854,0.98743,0.5887,0.5887,0.01793,0.5887,0.01793,fallback_pychrono_unavailable
environment_terrain_component_demo,terrain.surface_probe.v1,surface_probe_schema_v1,2072,terrain.heightmap_mesh,analytic_heightmap_with_scm_sinkage,2.000,0.200,-0.04250,0.15327,-0.01692,0.98804,0.5896,0.5896,0.01646,0.5896,0.01646,fallback_pychrono_unavailable
environment_terrain_component_demo,terrain.surface_probe.v1,surface_probe_schema_v1,2073,terrain.heightmap_mesh,analytic_heightmap_with_scm_sinkage,2.000,0.300,-0.04039,0.14577,-0.02498,0.98900,0.5912,0.5912,0.01427,0.5912,0.01427,fallback_pychrono_unavailable
environment_terrain_component_demo,terrain.surface_probe.v1,surface_probe_schema_v1,2074,terrain.heightmap_mesh,analytic_heightmap_with_scm_sinkage,2.000,0.400,-0.03748,0.13543,-0.03259,0.99025,0.5932,0.5932,0.01168,0.5932,0.01168,fallback_pychrono_unavailable
environment_terrain_component_demo,terrain.surface_probe.v1,surface_probe_schema_v1,2075,terrain.heightmap_mesh,analytic_heightmap_with_scm_sinkage,2.000,0.500,-0.03384,0.12243,-0.03958,0.99169,0.5958,0.5958,0.00903,0.5958,0.00903,fallback_pychrono_unavailable
environment_terrain_component_demo,terrain.surface_probe.v1,surface_probe_schema_v1,2076,terrain.heightmap_mesh,analytic_heightmap_with_scm_sinkage,2.000,0.600,-0.02953,0.10701,-0.04582,0.99320,0.5989,0.5989,0.00660,0.5989,0.00660,fallback_pychrono_unavailable
environment_terrain_component_demo,terrain.surface_probe.v1,surface_probe_schema_v1,2077,terrain.heightmap_mesh,analytic_heightmap_with_scm_sinkage,2.000,0.700,-0.02465,0.08943,-0.05118,0.99468,0.6024,0.6024,0.00455,0.6024,0.00455,fallback_pychrono_unavailable
environment_terrain_component_demo,terrain.surface_probe.v1,surface_probe_schema_v1,2078,terrain.heightmap_mesh,analytic_heightmap_with_scm_sinkage,2.000,0.800,-0.01928,0.07004,-0.05554,0.99600,0.6062,0.6062,0.00296,0.6062,0.00296,fallback_pychrono_unavailable
environment_terrain_component_demo,terrain.surface_probe.v1,surface_probe_schema_v1,2079,terrain.heightmap_mesh,analytic_heightmap_with_scm_sinkage,2.000,0.900,-0.01353,0.04922,-0.05881,0.99706,0.6103,0.6103,0.00182,0.6103,0.00182,fallback_pychrono_unavailable
environment_terrain_component_demo,terrain.surface_probe.v1,surface_probe_schema_v1,2080,terrain.heightmap_mesh,analytic_heightmap_with_scm_sinkage,2.000,1.000,-0.00752,0.02737,-0.06092,0.99777,0.6146,0.6146,0.00106,0.6146,0.00106,fallback_pychrono_unavailable
environment_terrain_component_demo,terrain.surface_probe.v1,surface_probe_schema_v1,2081,terrain.heightmap_mesh,analytic_heightmap_with_scm_sinkage,2.000,1.100,-0.00136,0.00496,-0.06180,0.99808,0.6190,0.6190,0.00058,0.6190,0.00058,fallback_pychrono_unavailable
environment_terrain_component_demo,terrain.surface_probe.v1,surface_probe_schema_v1,2082,terrain.heightmap_mesh,analytic_heightmap_with_scm_sinkage,2.000,1.200,0.00482,-0.01756,-0.06146,0.99796,0.6166,0.6166,0.00030,0.6166,0.00030,fallback_pychrono_unavailable
environment_terrain_component_demo,terrain.surface_probe.v1,surface_probe_schema_v1,2083,terrain.heightmap_mesh,analytic_heightmap_with_scm_sinkage,2.000,1.300,0.01091,-0.03971,-0.05988,0.99742,0.6122,0.6122,0.00015,0.6122,0.00015,fallback_pychrono_unavailable
environment_terrain_component_demo,terrain.surface_probe.v1,surface_probe_schema_v1,2084,terrain.heightmap_mesh,analytic_heightmap_with_scm_sinkage,2.000,1.400,0.01679,-0.06104,-0.05712,0.99650,0.6080,0.6080,0.00007,0.6080,0.00007,fallback_pychrono_unavailable
environment_terrain_component_demo,terrain.surface_probe.v1,surface_probe_schema_v1,2085,terrain.heightmap_mesh,analytic_heightmap_with_scm_sinkage,2.000,1.500,0.02234,-0.08111,-0.05323,0.99528,0.6040,0.6040,0.00003,0.6040,0.00003,fallback_pychrono_unavailable
environment_terrain_component_demo,terrain.surface_probe.v1,surface_probe_schema_v1,2086,terrain.heightmap_mesh,analytic_heightmap_with_scm_sinkage,2.000,1.600,0.02745,-0.09952,-0.04829,0.99386,0.6004,0.6004,0.00001,0.6004,0.00001,fallback_pychrono_unavailable
environment_terrain_component_demo,terrain.surface_probe.v1,surface_probe_schema_v1,2087,terrain.heightmap_mesh,analytic_heightmap_with_scm_sinkage,2.000,1.700,0.03203,-0.11593,-0.04243,0.99235,0.5971,0.5971,0.00000,0.5971,0.00000,fallback_pychrono_unavailable
environment_terrain_component_demo,terrain.surface_probe.v1,surface_probe_schema_v1,2088,terrain.heightmap_mesh,analytic_heightmap_with_scm_sinkage,2.000,1.800,0.03597,-0.13003,-0.03575,0.99087,0.5943,0.5943,0.00000,0.5943,0.00000,fallback_pychrono_unavailable
environment_terrain_component_demo,terrain.surface_probe.v1,surface_probe_schema_v1,2089,terrain.heightmap_mesh,analytic_heightmap_with_scm_sinkage,2.000,1.900,0.03922,-0.14156,-0.02840,0.98952,0.5920,0.5920,0.00000,0.5920,0.00000,fallback_pychrono_unavailable
environment_terrain_component_demo,terrain.surface_probe.v1,surface_probe_schema_v1,2090,terrain.heightmap_mesh,analytic_heightmap_with_scm_sinkage,2.000,2.000,0.04170,-0.15033,-0.02051,0.98842,0.5902,0.5902,0.00000,0.5902,0.00000,fallback_pychrono_unavailable
environment_terrain_component_demo,terrain.surface_probe.v1,surface_probe_schema_v1,2091,terrain.heightmap_mesh,analytic_heightmap_with_scm_sinkage,2.100,-2.000,0.05615,-0.13490,0.02768,0.99047,0.5799,0.5799,0.00000,0.5799,0.00000,fallback_pychrono_unavailable
environment_terrain_component_demo,terrain.surface_probe.v1,surface_probe_schema_v1,2092,terrain.heightmap_mesh,analytic_heightmap_with_scm_sinkage,2.100,-1.900,0.05281,-0.12698,0.03830,0.99117,0.5823,0.5823,0.00000,0.5823,0.00000,fallback_pychrono_unavailable
environment_terrain_component_demo,terrain.surface_probe.v1,surface_probe_schema_v1,2093,terrain.heightmap_mesh,analytic_heightmap_with_scm_sinkage,2.100,-1.800,0.04845,-0.11657,0.04819,0.99201,0.5854,0.5854,0.00000,0.5854,0.00000,fallback_pychrono_unavailable
environment_terrain_component_demo,terrain.surface_probe.v1,surface_probe_schema_v1,2094,terrain.heightmap_mesh,analytic_heightmap_with_scm_sinkage,2.100,-1.700,0.04313,-0.10388,0.05717,0.99295,0.5892,0.5892,0.00000,0.5892,0.00000,fallback_pychrono_unavailable
environment_terrain_component_demo,terrain.surface_probe.v1,surface_probe_schema_v1,2095,terrain.heightmap_mesh,analytic_heightmap_with_scm_sinkage,2.100,-1.600,0.03697,-0.08912,0.06503,0.99389,0.5936,0.5936,0.00001,0.5936,0.00001,fallback_pychrono_unavailable
environment_terrain_component_demo,terrain.surface_probe.v1,surface_probe_schema_v1,2096,terrain.heightmap_mesh,analytic_heightmap_with_scm_sinkage,2.100,-1.500,0.03009,-0.07259,0.07164,0.99479,0.5985,0.5985,0.00002,0.5985,0.00002,fallback_pychrono_unavailable
environment_terrain_component_demo,terrain.surface_probe.v1,surface_probe_schema_v1,2097,terrain.heightmap_mesh,analytic_heightmap_with_scm_sinkage,2.100,-1.400,0.02261,-0.05460,0.07685,0.99555,0.6038,0.6038,0.00005,0.6038,0.00005,fallback_pychrono_unavailable
environment_terrain_component_demo,terrain.surface_probe.v1,surface_probe_schema_v1,2098,terrain.heightmap_mesh,analytic_heightmap_with_scm_sinkage,2.100,-1.300,0.01470,-0.03551,0.08054,0.99612,0.6095,0.6095,0.00012,0.6095,0.00012,fallback_pychrono_unavailable
environment_terrain_component_demo,terrain.surface_probe.v1,surface_probe_schema_v1,2099,terrain.heightmap_mesh,analytic_heightmap_with_scm_sinkage,2.100,-1.200,0.00650,-0.01570,0.08264,0.99646,0.6154,0.6154,0.00024,0.6154,0.00024,fallback_pychrono_unavailable
environment_terrain_component_demo,terrain.surface_probe.v1,surface_probe_schema_v1,2100,terrain.heightmap_mesh,analytic_heightmap_with_scm_sinkage,2.100,-1.100,-0.00183,0.00444,0.08310,0.99653,0.6187,0.6187,0.00045,0.6187,0.00045,fallback_pychrono_unavailable
environment_terrain_component_demo,terrain.surface_probe.v1,surface_probe_schema_v1,2101,terrain.heightmap_mesh,analytic_heightmap_with_scm_sinkage,2.100,-1.000,-0.01012,0.02448,0.08191,0.99634,0.6128,0.6128,0.00083,0.6128,0.00083,fallback_pychrono_unavailable
environment_terrain_component_demo,terrain.surface_probe.v1,surface_probe_schema_v1,2102,terrain.heightmap_mesh,analytic_heightmap_with_scm_sinkage,2.100,-0.900,-0.01821,0.04402,0.07911,0.99589,0.6070,0.6070,0.00143,0.6070,0.00143,fallback_pychrono_unavailable
environment_terrain_component_demo,terrain.surface_probe.v1,surface_probe_schema_v1,2103,terrain.heightmap_mesh,analytic_heightmap_with_scm_sinkage,2.100,-0.800,-0.02594,0.06268,0.07474,0.99523,0.6015,0.6015,0.00232,0.6015,0.00232,fallback_pychrono_unavailable
environment_terrain_component_demo,terrain.surface_probe.v1,surface_probe_schema_v1,2104,terrain.heightmap_mesh,analytic_heightmap_with_scm_sinkage,2.100,-0.700,-0.03316,0.08007,0.06890,0.99441,0.5963,0.5963,0.00356,0.5963,0.00356,fallback_pychrono_unavailable
environment_terrain_component_demo,terrain.surface_probe.v1,surface_probe_schema_v1,2105,terrain.heightmap_mesh,analytic_heightmap_with_scm_sinkage,2.100,-0.600,-0.03974,0.09585,0.06172,0.99348,0.5916,0.5916,0.00515,0.5916,0.00515,fallback_pychrono_unavailable
environment_terrain_component_demo,terrain.surface_probe.v1,surface_probe_schema_v1,2106,terrain.heightmap_mesh,analytic_heightmap_with_scm_sinkage,2.100,-0.500,-0.04553,0.10973,0.05334,0.99253,0.5875,0.5875,0.00706,0.5875,0.00706,fallback_pychrono_unavailable
environment_terrain_component_demo,terrain.surface_probe.v1,surface_probe_schema_v1,2107,terrain.heightmap_mesh,analytic_heightmap_with_scm_sinkage,2.100,-0.400,-0.05044,0.12144,0.04394,0.99163,0.5840,0.5840,0.00913,0.5840,0.00913,fallback_pychrono_unavailable
environment_terrain_component_demo,terrain.surface_probe.v1,surface_probe_schema_v1,2108,terrain.heightmap_mesh,analytic_heightmap_with_scm_sinkage,2.100,-0.300,-0.05437,0.13078,0.03371,0.99084,0.5812,0.5812,0.01115,0.5812,0.01115,fallback_pychrono_unavailable
environment_terrain_component_demo,terrain.surface_probe.v1,surface_probe_schema_v1,2109,terrain.heightmap_mesh,analytic_heightmap_with_scm_sinkage,2.100,-0.200,-0.05723,0.13756,0.02283,0.99023,0.5791,0.5791,0.01286,0.5791,0.01286,fallback_pychrono_unavailable
environment_terrain_component_demo,terrain.surface_probe.v1,surface_probe_schema_v1,2110,terrain.heightmap_mesh,analytic_heightmap_with_scm_sinkage,2.100,-0.100,-0.05898,0.14168,0.01152,0.98985,0.5779,0.5779,0.01401,0.5779,0.01401,fallback_pychrono_unavailable
environment_terrain_component_demo,terrain.surface_probe.v1,surface_probe_schema_v1,2111,terrain.heightmap_mesh,analytic_heightmap_with_scm_sinkage,2.100,0.000,-0.05957,0.14306,-0.00000,0.98971,0.5775,0.5775,0.01442,0.5775,0.01442,fallback_pychrono_unavailable
environment_terrain_component_demo,terrain.surface_probe.v1,surface_probe_schema_v1,2112,terrain.heightmap_mesh,analytic_heightmap_with_scm_sinkage,2.100,0.100,-0.05899,0.14168,-0.01152,0.98985,0.5779,0.5779,0.01401,0.5779,0.01401,fallback_pychrono_unavailable
environment_terrain_component_demo,terrain.surface_probe.v1,surface_probe_schema_v1,2113,terrain.heightmap_mesh,analytic_heightmap_with_scm_sinkage,2.100,0.200,-0.05726,0.13756,-0.02283,0.99023,0.5791,0.5791,0.01286,0.5791,0.01286,fallback_pychrono_unavailable
environment_terrain_component_demo,terrain.surface_probe.v1,surface_probe_schema_v1,2114,terrain.heightmap_mesh,analytic_heightmap_with_scm_sinkage,2.100,0.300,-0.05441,0.13078,-0.03371,0.99084,0.5811,0.5811,0.01115,0.5811,0.01115,fallback_pychrono_unavailable
environment_terrain_component_demo,terrain.surface_probe.v1,surface_probe_schema_v1,2115,terrain.heightmap_mesh,analytic_heightmap_with_scm_sinkage,2.100,0.400,-0.05049,0.12144,-0.04394,0.99163,0.5839,0.5839,0.00913,0.5839,0.00913,fallback_pychrono_unavailable
environment_terrain_component_demo,terrain.surface_probe.v1,surface_probe_schema_v1,2116,terrain.heightmap_mesh,analytic_heightmap_with_scm_sinkage,2.100,0.500,-0.04558,0.10973,-0.05334,0.99253,0.5874,0.5874,0.00706,0.5874,0.00706,fallback_pychrono_unavailable
environment_terrain_component_demo,terrain.surface_probe.v1,surface_probe_schema_v1,2117,terrain.heightmap_mesh,analytic_heightmap_with_scm_sinkage,2.100,0.600,-0.03977,0.09585,-0.06172,0.99348,0.5916,0.5916,0.00515,0.5916,0.00515,fallback_pychrono_unavailable
environment_terrain_component_demo,terrain.surface_probe.v1,surface_probe_schema_v1,2118,terrain.heightmap_mesh,analytic_heightmap_with_scm_sinkage,2.100,0.700,-0.03319,0.08007,-0.06890,0.99441,0.5963,0.5963,0.00356,0.5963,0.00356,fallback_pychrono_unavailable
environment_terrain_component_demo,terrain.surface_probe.v1,surface_probe_schema_v1,2119,terrain.heightmap_mesh,analytic_heightmap_with_scm_sinkage,2.100,0.800,-0.02596,0.06268,-0.07474,0.99523,0.6015,0.6015,0.00232,0.6015,0.00232,fallback_pychrono_unavailable
environment_terrain_component_demo,terrain.surface_probe.v1,surface_probe_schema_v1,2120,terrain.heightmap_mesh,analytic_heightmap_with_scm_sinkage,2.100,0.900,-0.01822,0.04402,-0.07911,0.99589,0.6070,0.6070,0.00143,0.6070,0.00143,fallback_pychrono_unavailable
environment_terrain_component_demo,terrain.surface_probe.v1,surface_probe_schema_v1,2121,terrain.heightmap_mesh,analytic_heightmap_with_scm_sinkage,2.100,1.000,-0.01013,0.02448,-0.08191,0.99634,0.6128,0.6128,0.00083,0.6128,0.00083,fallback_pychrono_unavailable
environment_terrain_component_demo,terrain.surface_probe.v1,surface_probe_schema_v1,2122,terrain.heightmap_mesh,analytic_heightmap_with_scm_sinkage,2.100,1.100,-0.00183,0.00444,-0.08310,0.99653,0.6187,0.6187,0.00045,0.6187,0.00045,fallback_pychrono_unavailable
environment_terrain_component_demo,terrain.surface_probe.v1,surface_probe_schema_v1,2123,terrain.heightmap_mesh,analytic_heightmap_with_scm_sinkage,2.100,1.200,0.00649,-0.01570,-0.08264,0.99646,0.6154,0.6154,0.00024,0.6154,0.00024,fallback_pychrono_unavailable
environment_terrain_component_demo,terrain.surface_probe.v1,surface_probe_schema_v1,2124,terrain.heightmap_mesh,analytic_heightmap_with_scm_sinkage,2.100,1.300,0.01470,-0.03551,-0.08054,0.99612,0.6095,0.6095,0.00012,0.6095,0.00012,fallback_pychrono_unavailable
environment_terrain_component_demo,terrain.surface_probe.v1,surface_probe_schema_v1,2125,terrain.heightmap_mesh,analytic_heightmap_with_scm_sinkage,2.100,1.400,0.02261,-0.05460,-0.07685,0.99555,0.6038,0.6038,0.00005,0.6038,0.00005,fallback_pychrono_unavailable
environment_terrain_component_demo,terrain.surface_probe.v1,surface_probe_schema_v1,2126,terrain.heightmap_mesh,analytic_heightmap_with_scm_sinkage,2.100,1.500,0.03008,-0.07259,-0.07164,0.99479,0.5985,0.5985,0.00002,0.5985,0.00002,fallback_pychrono_unavailable
environment_terrain_component_demo,terrain.surface_probe.v1,surface_probe_schema_v1,2127,terrain.heightmap_mesh,analytic_heightmap_with_scm_sinkage,2.100,1.600,0.03697,-0.08912,-0.06503,0.99389,0.5936,0.5936,0.00001,0.5936,0.00001,fallback_pychrono_unavailable
environment_terrain_component_demo,terrain.surface_probe.v1,surface_probe_schema_v1,2128,terrain.heightmap_mesh,analytic_heightmap_with_scm_sinkage,2.100,1.700,0.04313,-0.10388,-0.05717,0.99295,0.5892,0.5892,0.00000,0.5892,0.00000,fallback_pychrono_unavailable
environment_terrain_component_demo,terrain.surface_probe.v1,surface_probe_schema_v1,2129,terrain.heightmap_mesh,analytic_heightmap_with_scm_sinkage,2.100,1.800,0.04845,-0.11657,-0.04819,0.99201,0.5854,0.5854,0.00000,0.5854,0.00000,fallback_pychrono_unavailable
environment_terrain_component_demo,terrain.surface_probe.v1,surface_probe_schema_v1,2130,terrain.heightmap_mesh,analytic_heightmap_with_scm_sinkage,2.100,1.900,0.05281,-0.12698,-0.03830,0.99117,0.5823,0.5823,0.00000,0.5823,0.00000,fallback_pychrono_unavailable
environment_terrain_component_demo,terrain.surface_probe.v1,surface_probe_schema_v1,2131,terrain.heightmap_mesh,analytic_heightmap_with_scm_sinkage,2.100,2.000,0.05615,-0.13490,-0.02768,0.99047,0.5799,0.5799,0.00000,0.5799,0.00000,fallback_pychrono_unavailable
environment_terrain_component_demo,terrain.surface_probe.v1,surface_probe_schema_v1,2132,terrain.heightmap_mesh,analytic_heightmap_with_scm_sinkage,2.200,-2.000,0.06879,-0.11506,0.03399,0.99278,0.5709,0.5709,0.00000,0.5709,0.00000,fallback_pychrono_unavailable
environment_terrain_component_demo,terrain.surface_probe.v1,surface_probe_schema_v1,2133,terrain.heightmap_mesh,analytic_heightmap_with_scm_sinkage,2.200,-1.900,0.06470,-0.10826,0.04701,0.99301,0.5738,0.5738,0.00000,0.5738,0.00000,fallback_pychrono_unavailable
environment_terrain_component_demo,terrain.surface_probe.v1,surface_probe_schema_v1,2134,terrain.heightmap_mesh,analytic_heightmap_with_scm_sinkage,2.200,-1.800,0.05935,-0.09933,0.05912,0.99330,0.5776,0.5776,0.00000,0.5776,0.00000,fallback_pychrono_unavailable
environment_terrain_component_demo,terrain.surface_probe.v1,surface_probe_schema_v1,2135,terrain.heightmap_mesh,analytic_heightmap_with_scm_sinkage,2.200,-1.700,0.05284,-0.08846,0.07008,0.99361,0.5823,0.5823,0.00000,0.5823,0.00000,fallback_pychrono_unavailable
environment_terrain_component_demo,terrain.surface_probe.v1,surface_probe_schema_v1,2136,terrain.heightmap_mesh,analytic_heightmap_with_scm_sinkage,2.200,-1.600,0.04529,-0.07585,0.07968,0.99393,0.5876,0.5876,0.00001,0.5876,0.00001,fallback_pychrono_unavailable
environment_terrain_component_demo,terrain.surface_probe.v1,surface_probe_schema_v1,2137,terrain.heightmap_mesh,analytic_heightmap_with_scm_sinkage,2.200,-1.500,0.03686,-0.06174,0.08772,0.99423,0.5937,0.5937,0.00002,0.5937,0.00002,fallback_pychrono_unavailable
environment_terrain_component_demo,terrain.surface_probe.v1,surface_probe_schema_v1,2138,terrain.heightmap_mesh,analytic_heightmap_with_scm_sinkage,2.200,-1.400,0.02770,-0.04642,0.09404,0.99449,0.6002,0.6002,0.00004,0.6002,0.00004,fallback_pychrono_unavailable
environment_terrain_component_demo,terrain.surface_probe.v1,surface_probe_schema_v1,2139,terrain.heightmap_mesh,analytic_heightmap_with_scm_sinkage,2.200,-1.300,0.01801,-0.03018,0.09852,0.99468,0.6071,0.6071,0.00009,0.6071,0.00009,fallback_pychrono_unavailable
environment_terrain_component_demo,terrain.surface_probe.v1,surface_probe_schema_v1,2140,terrain.heightmap_mesh,analytic_heightmap_with_scm_sinkage,2.200,-1.200,0.00796,-0.01334,0.10107,0.99479,0.6143,0.6143,0.00018,0.6143,0.00018,fallback_pychrono_unavailable
environment_terrain_component_demo,terrain.surface_probe.v1,surface_probe_schema_v1,2141,terrain.heightmap_mesh,analytic_heightmap_with_scm_sinkage,2.200,-1.100,-0.00225,0.00377,0.10163,0.99482,0.6184,0.6184,0.00035,0.6184,0.00035,fallback_pychrono_unavailable
environment_terrain_component_demo,terrain.surface_probe.v1,surface_probe_schema_v1,2142,terrain.heightmap_mesh,analytic_heightmap_with_scm_sinkage,2.200,-1.000,-0.01240,0.02080,0.10019,0.99475,0.6111,0.6111,0.00064,0.6111,0.00064,fallback_pychrono_unavailable
environment_terrain_component_demo,terrain.surface_probe.v1,surface_probe_schema_v1,2143,terrain.heightmap_mesh,analytic_heightmap_with_scm_sinkage,2.200,-0.900,-0.02232,0.03742,0.09679,0.99460,0.6041,0.6041,0.00110,0.6041,0.00110,fallback_pychrono_unavailable
environment_terrain_component_demo,terrain.surface_probe.v1,surface_probe_schema_v1,2144,terrain.heightmap_mesh,analytic_heightmap_with_scm_sinkage,2.200,-0.800,-0.03180,0.05329,0.09148,0.99438,0.5973,0.5973,0.00179,0.5973,0.00179,fallback_pychrono_unavailable
environment_terrain_component_demo,terrain.surface_probe.v1,surface_probe_schema_v1,2145,terrain.heightmap_mesh,analytic_heightmap_with_scm_sinkage,2.200,-0.700,-0.04065,0.06811,0.08438,0.99410,0.5910,0.5910,0.00274,0.5910,0.00274,fallback_pychrono_unavailable
environment_terrain_component_demo,terrain.surface_probe.v1,surface_probe_schema_v1,2146,terrain.heightmap_mesh,analytic_heightmap_with_scm_sinkage,2.200,-0.600,-0.04872,0.08159,0.07564,0.99379,0.5852,0.5852,0.00397,0.5852,0.00397,fallback_pychrono_unavailable
environment_terrain_component_demo,terrain.surface_probe.v1,surface_probe_schema_v1,2147,terrain.heightmap_mesh,analytic_heightmap_with_scm_sinkage,2.200,-0.500,-0.05582,0.09347,0.06541,0.99347,0.5801,0.5801,0.00544,0.5801,0.00544,fallback_pychrono_unavailable
environment_terrain_component_demo,terrain.surface_probe.v1,surface_probe_schema_v1,2148,terrain.heightmap_mesh,analytic_heightmap_with_scm_sinkage,2.200,-0.400,-0.06184,0.10351,0.05392,0.99317,0.5758,0.5758,0.00704,0.5758,0.00704,fallback_pychrono_unavailable
environment_terrain_component_demo,terrain.surface_probe.v1,surface_probe_schema_v1,2149,terrain.heightmap_mesh,analytic_heightmap_with_scm_sinkage,2.200,-0.300,-0.06665,0.11152,0.04138,0.99290,0.5724,0.5724,0.00860,0.5724,0.00860,fallback_pychrono_unavailable
environment_terrain_component_demo,terrain.surface_probe.v1,surface_probe_schema_v1,2150,terrain.heightmap_mesh,analytic_heightmap_with_scm_sinkage,2.200,-0.200,-0.07015,0.11736,0.02804,0.99269,0.5699,0.5699,0.00992,0.5699,0.00992,fallback_pychrono_unavailable
environment_terrain_component_demo,terrain.surface_probe.v1,surface_probe_schema_v1,2151,terrain.heightmap_mesh,analytic_heightmap_with_scm_sinkage,2.200,-0.100,-0.07228,0.12090,0.01416,0.99256,0.5684,0.5684,0.01080,0.5684,0.01080,fallback_pychrono_unavailable
environment_terrain_component_demo,terrain.surface_probe.v1,surface_probe_schema_v1,2152,terrain.heightmap_mesh,analytic_heightmap_with_scm_sinkage,2.200,0.000,-0.07300,0.12209,-0.00000,0.99252,0.5679,0.5679,0.01112,0.5679,0.01112,fallback_pychrono_unavailable
environment_terrain_component_demo,terrain.surface_probe.v1,surface_probe_schema_v1,2153,terrain.heightmap_mesh,analytic_heightmap_with_scm_sinkage,2.200,0.100,-0.07229,0.12090,-0.01416,0.99256,0.5684,0.5684,0.01080,0.5684,0.01080,fallback_pychrono_unavailable
environment_terrain_component_demo,terrain.surface_probe.v1,surface_probe_schema_v1,2154,terrain.heightmap_mesh,analytic_heightmap_with_scm_sinkage,2.200,0.200,-0.07016,0.11736,-0.02804,0.99269,0.5699,0.5699,0.00992,0.5699,0.00992,fallback_pychrono_unavailable
environment_terrain_component_demo,terrain.surface_probe.v1,surface_probe_schema_v1,2155,terrain.heightmap_mesh,analytic_heightmap_with_scm_sinkage,2.200,0.300,-0.06666,0.11152,-0.04138,0.99290,0.5724,0.5724,0.00860,0.5724,0.00860,fallback_pychrono_unavailable
environment_terrain_component_demo,terrain.surface_probe.v1,surface_probe_schema_v1,2156,terrain.heightmap_mesh,analytic_heightmap_with_scm_sinkage,2.200,0.400,-0.06185,0.10351,-0.05392,0.99317,0.5758,0.5758,0.00704,0.5758,0.00704,fallback_pychrono_unavailable
environment_terrain_component_demo,terrain.surface_probe.v1,surface_probe_schema_v1,2157,terrain.heightmap_mesh,analytic_heightmap_with_scm_sinkage,2.200,0.500,-0.05584,0.09347,-0.06541,0.99347,0.5801,0.5801,0.00544,0.5801,0.00544,fallback_pychrono_unavailable
environment_terrain_component_demo,terrain.surface_probe.v1,surface_probe_schema_v1,2158,terrain.heightmap_mesh,analytic_heightmap_with_scm_sinkage,2.200,0.600,-0.04873,0.08159,-0.07564,0.99379,0.5852,0.5852,0.00397,0.5852,0.00397,fallback_pychrono_unavailable
environment_terrain_component_demo,terrain.surface_probe.v1,surface_probe_schema_v1,2159,terrain.heightmap_mesh,analytic_heightmap_with_scm_sinkage,2.200,0.700,-0.04067,0.06811,-0.08438,0.99410,0.5910,0.5910,0.00274,0.5910,0.00274,fallback_pychrono_unavailable
environment_terrain_component_demo,terrain.surface_probe.v1,surface_probe_schema_v1,2160,terrain.heightmap_mesh,analytic_heightmap_with_scm_sinkage,2.200,0.800,-0.03181,0.05329,-0.09148,0.99438,0.5973,0.5973,0.00179,0.5973,0.00179,fallback_pychrono_unavailable
environment_terrain_component_demo,terrain.surface_probe.v1,surface_probe_schema_v1,2161,terrain.heightmap_mesh,analytic_heightmap_with_scm_sinkage,2.200,0.900,-0.02233,0.03742,-0.09679,0.99460,0.6041,0.6041,0.00110,0.6041,0.00110,fallback_pychrono_unavailable
environment_terrain_component_demo,terrain.surface_probe.v1,surface_probe_schema_v1,2162,terrain.heightmap_mesh,analytic_heightmap_with_scm_sinkage,2.200,1.000,-0.01241,0.02080,-0.10019,0.99475,0.6111,0.6111,0.00064,0.6111,0.00064,fallback_pychrono_unavailable
environment_terrain_component_demo,terrain.surface_probe.v1,surface_probe_schema_v1,2163,terrain.heightmap_mesh,analytic_heightmap_with_scm_sinkage,2.200,1.100,-0.00225,0.00377,-0.10163,0.99482,0.6184,0.6184,0.00035,0.6184,0.00035,fallback_pychrono_unavailable
environment_terrain_component_demo,terrain.surface_probe.v1,surface_probe_schema_v1,2164,terrain.heightmap_mesh,analytic_heightmap_with_scm_sinkage,2.200,1.200,0.00796,-0.01334,-0.10107,0.99479,0.6143,0.6143,0.00018,0.6143,0.00018,fallback_pychrono_unavailable
environment_terrain_component_demo,terrain.surface_probe.v1,surface_probe_schema_v1,2165,terrain.heightmap_mesh,analytic_heightmap_with_scm_sinkage,2.200,1.300,0.01801,-0.03018,-0.09852,0.99468,0.6071,0.6071,0.00009,0.6071,0.00009,fallback_pychrono_unavailable
environment_terrain_component_demo,terrain.surface_probe.v1,surface_probe_schema_v1,2166,terrain.heightmap_mesh,analytic_heightmap_with_scm_sinkage,2.200,1.400,0.02770,-0.04642,-0.09404,0.99449,0.6002,0.6002,0.00004,0.6002,0.00004,fallback_pychrono_unavailable
environment_terrain_component_demo,terrain.surface_probe.v1,surface_probe_schema_v1,2167,terrain.heightmap_mesh,analytic_heightmap_with_scm_sinkage,2.200,1.500,0.03686,-0.06174,-0.08772,0.99423,0.5937,0.5937,0.00002,0.5937,0.00002,fallback_pychrono_unavailable
environment_terrain_component_demo,terrain.surface_probe.v1,surface_probe_schema_v1,2168,terrain.heightmap_mesh,analytic_heightmap_with_scm_sinkage,2.200,1.600,0.04529,-0.07585,-0.07968,0.99393,0.5876,0.5876,0.00001,0.5876,0.00001,fallback_pychrono_unavailable
environment_terrain_component_demo,terrain.surface_probe.v1,surface_probe_schema_v1,2169,terrain.heightmap_mesh,analytic_heightmap_with_scm_sinkage,2.200,1.700,0.05284,-0.08846,-0.07008,0.99361,0.5823,0.5823,0.00000,0.5823,0.00000,fallback_pychrono_unavailable
environment_terrain_component_demo,terrain.surface_probe.v1,surface_probe_schema_v1,2170,terrain.heightmap_mesh,analytic_heightmap_with_scm_sinkage,2.200,1.800,0.05935,-0.09933,-0.05912,0.99330,0.5776,0.5776,0.00000,0.5776,0.00000,fallback_pychrono_unavailable
environment_terrain_component_demo,terrain.surface_probe.v1,surface_probe_schema_v1,2171,terrain.heightmap_mesh,analytic_heightmap_with_scm_sinkage,2.200,1.900,0.06470,-0.10826,-0.04701,0.99301,0.5738,0.5738,0.00000,0.5738,0.00000,fallback_pychrono_unavailable
environment_terrain_component_demo,terrain.surface_probe.v1,surface_probe_schema_v1,2172,terrain.heightmap_mesh,analytic_heightmap_with_scm_sinkage,2.200,2.000,0.06879,-0.11506,-0.03399,0.99278,0.5709,0.5709,0.00000,0.5709,0.00000,fallback_pychrono_unavailable
environment_terrain_component_demo,terrain.surface_probe.v1,surface_probe_schema_v1,2173,terrain.heightmap_mesh,analytic_heightmap_with_scm_sinkage,2.300,-2.000,0.07920,-0.09141,0.03923,0.99504,0.5634,0.5634,0.00000,0.5634,0.00000,fallback_pychrono_unavailable
environment_terrain_component_demo,terrain.surface_probe.v1,surface_probe_schema_v1,2174,terrain.heightmap_mesh,analytic_heightmap_with_scm_sinkage,2.300,-1.900,0.07450,-0.08596,0.05423,0.99482,0.5668,0.5668,0.00000,0.5668,0.00000,fallback_pychrono_unavailable
environment_terrain_component_demo,terrain.surface_probe.v1,surface_probe_schema_v1,2175,terrain.heightmap_mesh,analytic_heightmap_with_scm_sinkage,2.300,-1.800,0.06834,-0.07883,0.06816,0.99456,0.5712,0.5712,0.00000,0.5712,0.00000,fallback_pychrono_unavailable
environment_terrain_component_demo,terrain.surface_probe.v1,surface_probe_schema_v1,2176,terrain.heightmap_mesh,analytic_heightmap_with_scm_sinkage,2.300,-1.700,0.06084,-0.07016,0.08075,0.99426,0.5765,0.5765,0.00000,0.5765,0.00000,fallback_pychrono_unavailable
environment_terrain_component_demo,terrain.surface_probe.v1,surface_probe_schema_v1,2177,terrain.heightmap_mesh,analytic_heightmap_with_scm_sinkage,2.300,-1.600,0.05215,-0.06012,0.09175,0.99397,0.5828,0.5828,0.00001,0.5828,0.00001,fallback_pychrono_unavailable
environment_terrain_component_demo,terrain.surface_probe.v1,surface_probe_schema_v1,2178,terrain.heightmap_mesh,analytic_heightmap_with_scm_sinkage,2.300,-1.500,0.04244,-0.04891,0.10095,0.99369,0.5897,0.5897,0.00001,0.5897,0.00001,fallback_pychrono_unavailable
environment_terrain_component_demo,terrain.surface_probe.v1,surface_probe_schema_v1,2179,terrain.heightmap_mesh,analytic_heightmap_with_scm_sinkage,2.300,-1.400,0.03190,-0.03675,0.10817,0.99345,0.5972,0.5972,0.00003,0.5972,0.00003,fallback_pychrono_unavailable
environment_terrain_component_demo,terrain.surface_probe.v1,surface_probe_schema_v1,2180,terrain.heightmap_mesh,analytic_heightmap_with_scm_sinkage,2.300,-1.300,0.02073,-0.02388,0.11328,0.99328,0.6052,0.6052,0.00007,0.6052,0.00007,fallback_pychrono_unavailable
environment_terrain_component_demo,terrain.surface_probe.v1,surface_probe_schema_v1,2181,terrain.heightmap_mesh,analytic_heightmap_with_scm_sinkage,2.300,-1.200,0.00916,-0.01055,0.11619,0.99317,0.6135,0.6135,0.00014,0.6135,0.00014,fallback_pychrono_unavailable
environment_terrain_component_demo,terrain.surface_probe.v1,surface_probe_schema_v1,2182,terrain.heightmap_mesh,analytic_heightmap_with_scm_sinkage,2.300,-1.100,-0.00259,0.00298,0.11682,0.99315,0.6182,0.6182,0.00027,0.6182,0.00027,fallback_pychrono_unavailable
environment_terrain_component_demo,terrain.surface_probe.v1,surface_probe_schema_v1,2183,terrain.heightmap_mesh,analytic_heightmap_with_scm_sinkage,2.300,-1.000,-0.01429,0.01646,0.11519,0.99321,0.6098,0.6098,0.00049,0.6098,0.00049,fallback_pychrono_unavailable
environment_terrain_component_demo,terrain.surface_probe.v1,surface_probe_schema_v1,2184,terrain.heightmap_mesh,analytic_heightmap_with_scm_sinkage,2.300,-0.900,-0.02571,0.02962,0.11130,0.99335,0.6016,0.6016,0.00084,0.6016,0.00084,fallback_pychrono_unavailable
environment_terrain_component_demo,terrain.surface_probe.v1,surface_probe_schema_v1,2185,terrain.heightmap_mesh,analytic_heightmap_with_scm_sinkage,2.300,-0.800,-0.03662,0.04220,0.10525,0.99355,0.5938,0.5938,0.00136,0.5938,0.00136,fallback_pychrono_unavailable
environment_terrain_component_demo,terrain.surface_probe.v1,surface_probe_schema_v1,2186,terrain.heightmap_mesh,analytic_heightmap_with_scm_sinkage,2.300,-0.700,-0.04682,0.05397,0.09713,0.99381,0.5866,0.5866,0.00209,0.5866,0.00209,fallback_pychrono_unavailable
environment_terrain_component_demo,terrain.surface_probe.v1,surface_probe_schema_v1,2187,terrain.heightmap_mesh,analytic_heightmap_with_scm_sinkage,2.300,-0.600,-0.05610,0.06469,0.08712,0.99410,0.5799,0.5799,0.00302,0.5799,0.00302,fallback_pychrono_unavailable
environment_terrain_component_demo,terrain.surface_probe.v1,surface_probe_schema_v1,2188,terrain.heightmap_mesh,analytic_heightmap_with_scm_sinkage,2.300,-0.500,-0.06429,0.07415,0.07539,0.99439,0.5741,0.5741,0.00414,0.5741,0.00414,fallback_pychrono_unavailable
environment_terrain_component_demo,terrain.surface_probe.v1,surface_probe_schema_v1,2189,terrain.heightmap_mesh,analytic_heightmap_with_scm_sinkage,2.300,-0.400,-0.07122,0.08216,0.06218,0.99468,0.5691,0.5691,0.00536,0.5691,0.00536,fallback_pychrono_unavailable
environment_terrain_component_demo,terrain.surface_probe.v1,surface_probe_schema_v1,2190,terrain.heightmap_mesh,analytic_heightmap_with_scm_sinkage,2.300,-0.300,-0.07675,0.08857,0.04774,0.99493,0.5652,0.5652,0.00654,0.5652,0.00654,fallback_pychrono_unavailable
environment_terrain_component_demo,terrain.surface_probe.v1,surface_probe_schema_v1,2191,terrain.heightmap_mesh,analytic_heightmap_with_scm_sinkage,2.300,-0.200,-0.08078,0.09324,0.03236,0.99512,0.5623,0.5623,0.00755,0.5623,0.00755,fallback_pychrono_unavailable
environment_terrain_component_demo,terrain.surface_probe.v1,surface_probe_schema_v1,2192,terrain.heightmap_mesh,analytic_heightmap_with_scm_sinkage,2.300,-0.100,-0.08324,0.09608,0.01634,0.99524,0.5605,0.5605,0.00822,0.5605,0.00822,fallback_pychrono_unavailable
environment_terrain_component_demo,terrain.surface_probe.v1,surface_probe_schema_v1,2193,terrain.heightmap_mesh,analytic_heightmap_with_scm_sinkage,2.300,0.000,-0.08406,0.09704,-0.00000,0.99528,0.5600,0.5600,0.00846,0.5600,0.00846,fallback_pychrono_unavailable
environment_terrain_component_demo,terrain.surface_probe.v1,surface_probe_schema_v1,2194,terrain.heightmap_mesh,analytic_heightmap_with_scm_sinkage,2.300,0.100,-0.08324,0.09608,-0.01634,0.99524,0.5605,0.5605,0.00822,0.5605,0.00822,fallback_pychrono_unavailable
environment_terrain_component_demo,terrain.surface_probe.v1,surface_probe_schema_v1,2195,terrain.heightmap_mesh,analytic_heightmap_with_scm_sinkage,2.300,0.200,-0.08079,0.09324,-0.03236,0.99512,0.5623,0.5623,0.00755,0.5623,0.00755,fallback_pychrono_unavailable
environment_terrain_component_demo,terrain.surface_probe.v1,surface_probe_schema_v1,2196,terrain.heightmap_mesh,analytic_heightmap_with_scm_sinkage,2.300,0.300,-0.07675,0.08857,-0.04774,0.99493,0.5652,0.5652,0.00654,0.5652,0.00654,fallback_pychrono_unavailable
environment_terrain_component_demo,terrain.surface_probe.v1,surface_probe_schema_v1,2197,terrain.heightmap_mesh,analytic_heightmap_with_scm_sinkage,2.300,0.400,-0.07122,0.08216,-0.06218,0.99468,0.5691,0.5691,0.00536,0.5691,0.00536,fallback_pychrono_unavailable
environment_terrain_component_demo,terrain.surface_probe.v1,surface_probe_schema_v1,2198,terrain.heightmap_mesh,analytic_heightmap_with_scm_sinkage,2.300,0.500,-0.06429,0.07415,-0.07539,0.99439,0.5741,0.5741,0.00414,0.5741,0.00414,fallback_pychrono_unavailable
environment_terrain_component_demo,terrain.surface_probe.v1,surface_probe_schema_v1,2199,terrain.heightmap_mesh,analytic_heightmap_with_scm_sinkage,2.300,0.600,-0.05611,0.06469,-0.08712,0.99410,0.5799,0.5799,0.00302,0.5799,0.00302,fallback_pychrono_unavailable
environment_terrain_component_demo,terrain.surface_probe.v1,surface_probe_schema_v1,2200,terrain.heightmap_mesh,analytic_heightmap_with_scm_sinkage,2.300,0.700,-0.04682,0.05397,-0.09713,0.99381,0.5866,0.5866,0.00209,0.5866,0.00209,fallback_pychrono_unavailable
environment_terrain_component_demo,terrain.surface_probe.v1,surface_probe_schema_v1,2201,terrain.heightmap_mesh,analytic_heightmap_with_scm_sinkage,2.300,0.800,-0.03662,0.04220,-0.10525,0.99355,0.5938,0.5938,0.00136,0.5938,0.00136,fallback_pychrono_unavailable
environment_terrain_component_demo,terrain.surface_probe.v1,surface_probe_schema_v1,2202,terrain.heightmap_mesh,analytic_heightmap_with_scm_sinkage,2.300,0.900,-0.02571,0.02962,-0.11130,0.99335,0.6016,0.6016,0.00084,0.6016,0.00084,fallback_pychrono_unavailable
environment_terrain_component_demo,terrain.surface_probe.v1,surface_probe_schema_v1,2203,terrain.heightmap_mesh,analytic_heightmap_with_scm_sinkage,2.300,1.000,-0.01429,0.01646,-0.11519,0.99321,0.6098,0.6098,0.00049,0.6098,0.00049,fallback_pychrono_unavailable
environment_terrain_component_demo,terrain.surface_probe.v1,surface_probe_schema_v1,2204,terrain.heightmap_mesh,analytic_heightmap_with_scm_sinkage,2.300,1.100,-0.00259,0.00298,-0.11682,0.99315,0.6182,0.6182,0.00027,0.6182,0.00027,fallback_pychrono_unavailable
environment_terrain_component_demo,terrain.surface_probe.v1,surface_probe_schema_v1,2205,terrain.heightmap_mesh,analytic_heightmap_with_scm_sinkage,2.300,1.200,0.00916,-0.01055,-0.11619,0.99317,0.6135,0.6135,0.00014,0.6135,0.00014,fallback_pychrono_unavailable
environment_terrain_component_demo,terrain.surface_probe.v1,surface_probe_schema_v1,2206,terrain.heightmap_mesh,analytic_heightmap_with_scm_sinkage,2.300,1.300,0.02073,-0.02388,-0.11328,0.99328,0.6052,0.6052,0.00007,0.6052,0.00007,fallback_pychrono_unavailable
environment_terrain_component_demo,terrain.surface_probe.v1,surface_probe_schema_v1,2207,terrain.heightmap_mesh,analytic_heightmap_with_scm_sinkage,2.300,1.400,0.03190,-0.03675,-0.10817,0.99345,0.5972,0.5972,0.00003,0.5972,0.00003,fallback_pychrono_unavailable
environment_terrain_component_demo,terrain.surface_probe.v1,surface_probe_schema_v1,2208,terrain.heightmap_mesh,analytic_heightmap_with_scm_sinkage,2.300,1.500,0.04244,-0.04891,-0.10095,0.99369,0.5897,0.5897,0.00001,0.5897,0.00001,fallback_pychrono_unavailable
environment_terrain_component_demo,terrain.surface_probe.v1,surface_probe_schema_v1,2209,terrain.heightmap_mesh,analytic_heightmap_with_scm_sinkage,2.300,1.600,0.05215,-0.06012,-0.09175,0.99397,0.5828,0.5828,0.00001,0.5828,0.00001,fallback_pychrono_unavailable
environment_terrain_component_demo,terrain.surface_probe.v1,surface_probe_schema_v1,2210,terrain.heightmap_mesh,analytic_heightmap_with_scm_sinkage,2.300,1.700,0.06084,-0.07016,-0.08075,0.99426,0.5765,0.5765,0.00000,0.5765,0.00000,fallback_pychrono_unavailable
environment_terrain_component_demo,terrain.surface_probe.v1,surface_probe_schema_v1,2211,terrain.heightmap_mesh,analytic_heightmap_with_scm_sinkage,2.300,1.800,0.06834,-0.07883,-0.06816,0.99456,0.5712,0.5712,0.00000,0.5712,0.00000,fallback_pychrono_unavailable
environment_terrain_component_demo,terrain.surface_probe.v1,surface_probe_schema_v1,2212,terrain.heightmap_mesh,analytic_heightmap_with_scm_sinkage,2.300,1.900,0.07450,-0.08596,-0.05423,0.99482,0.5668,0.5668,0.00000,0.5668,0.00000,fallback_pychrono_unavailable
environment_terrain_component_demo,terrain.surface_probe.v1,surface_probe_schema_v1,2213,terrain.heightmap_mesh,analytic_heightmap_with_scm_sinkage,2.300,2.000,0.07920,-0.09141,-0.03923,0.99504,0.5634,0.5634,0.00000,0.5634,0.00000,fallback_pychrono_unavailable
environment_terrain_component_demo,terrain.surface_probe.v1,surface_probe_schema_v1,2214,terrain.heightmap_mesh,analytic_heightmap_with_scm_sinkage,2.400,-2.000,0.08706,-0.06466,0.04320,0.99697,0.5578,0.5578,0.00000,0.5578,0.00000,fallback_pychrono_unavailable
environment_terrain_component_demo,terrain.surface_probe.v1,surface_probe_schema_v1,2215,terrain.heightmap_mesh,analytic_heightmap_with_scm_sinkage,2.400,-1.900,0.08189,-0.06078,0.05970,0.99636,0.5615,0.5615,0.00000,0.5615,0.00000,fallback_pychrono_unavailable
environment_terrain_component_demo,terrain.surface_probe.v1,surface_probe_schema_v1,2216,terrain.heightmap_mesh,analytic_heightmap_with_scm_sinkage,2.400,-1.800,0.07512,-0.05571,0.07500,0.99563,0.5663,0.5663,0.00000,0.5663,0.00000,fallback_pychrono_unavailable
environment_terrain_component_demo,terrain.surface_probe.v1,surface_probe_schema_v1,2217,terrain.heightmap_mesh,analytic_heightmap_with_scm_sinkage,2.400,-1.700,0.06687,-0.04956,0.08881,0.99482,0.5722,0.5722,0.00000,0.5722,0.00000,fallback_pychrono_unavailable
environment_terrain_component_demo,terrain.surface_probe.v1,surface_probe_schema_v1,2218,terrain.heightmap_mesh,analytic_heightmap_with_scm_sinkage,2.400,-1.600,0.05732,-0.04244,0.10085,0.99400,0.5791,0.5791,0.00000,0.5791,0.00000,fallback_pychrono_unavailable
environment_terrain_component_demo,terrain.surface_probe.v1,surface_probe_schema_v1,2219,terrain.heightmap_mesh,analytic_heightmap_with_scm_sinkage,2.400,-1.500,0.04665,-0.03451,0.11091,0.99323,0.5867,0.5867,0.00001,0.5867,0.00001,fallback_pychrono_unavailable
environment_terrain_component_demo,terrain.surface_probe.v1,surface_probe_schema_v1,2220,terrain.heightmap_mesh,analytic_heightmap_with_scm_sinkage,2.400,-1.400,0.03506,-0.02592,0.11880,0.99258,0.5950,0.5950,0.00002,0.5950,0.00002,fallback_pychrono_unavailable
environment_terrain_component_demo,terrain.surface_probe.v1,surface_probe_schema_v1,2221,terrain.heightmap_mesh,analytic_heightmap_with_scm_sinkage,2.400,-1.300,0.02279,-0.01684,0.12437,0.99209,0.6037,0.6037,0.00005,0.6037,0.00005,fallback_pychrono_unavailable
environment_terrain_component_demo,terrain.surface_probe.v1,surface_probe_schema_v1,2222,terrain.heightmap_mesh,analytic_heightmap_with_scm_sinkage,2.400,-1.200,0.01007,-0.00744,0.12754,0.99181,0.6128,0.6128,0.00010,0.6128,0.00010,fallback_pychrono_unavailable
environment_terrain_component_demo,terrain.surface_probe.v1,surface_probe_schema_v1,2223,terrain.heightmap_mesh,analytic_heightmap_with_scm_sinkage,2.400,-1.100,-0.00284,0.00210,0.12823,0.99174,0.6180,0.6180,0.00020,0.6180,0.00020,fallback_pychrono_unavailable
environment_terrain_component_demo,terrain.surface_probe.v1,surface_probe_schema_v1,2224,terrain.heightmap_mesh,analytic_heightmap_with_scm_sinkage,2.400,-1.000,-0.01570,0.01160,0.12645,0.99191,0.6088,0.6088,0.00036,0.6088,0.00036,fallback_pychrono_unavailable
environment_terrain_component_demo,terrain.surface_probe.v1,surface_probe_schema_v1,2225,terrain.heightmap_mesh,analytic_heightmap_with_scm_sinkage,2.400,-0.900,-0.02826,0.02089,0.12221,0.99228,0.5998,0.5998,0.00063,0.5998,0.00063,fallback_pychrono_unavailable
environment_terrain_component_demo,terrain.surface_probe.v1,surface_probe_schema_v1,2226,terrain.heightmap_mesh,analytic_heightmap_with_scm_sinkage,2.400,-0.800,-0.04026,0.02977,0.11560,0.99285,0.5912,0.5912,0.00102,0.5912,0.00102,fallback_pychrono_unavailable
environment_terrain_component_demo,terrain.surface_probe.v1,surface_probe_schema_v1,2227,terrain.heightmap_mesh,analytic_heightmap_with_scm_sinkage,2.400,-0.700,-0.05147,0.03809,0.10674,0.99356,0.5832,0.5832,0.00157,0.5832,0.00157,fallback_pychrono_unavailable
environment_terrain_component_demo,terrain.surface_probe.v1,surface_probe_schema_v1,2228,terrain.heightmap_mesh,analytic_heightmap_with_scm_sinkage,2.400,-0.600,-0.06167,0.04568,0.09578,0.99435,0.5759,0.5759,0.00227,0.5759,0.00227,fallback_pychrono_unavailable
environment_terrain_component_demo,terrain.surface_probe.v1,surface_probe_schema_v1,2229,terrain.heightmap_mesh,analytic_heightmap_with_scm_sinkage,2.400,-0.500,-0.07067,0.05239,0.08293,0.99518,0.5695,0.5695,0.00311,0.5695,0.00311,fallback_pychrono_unavailable
environment_terrain_component_demo,terrain.surface_probe.v1,surface_probe_schema_v1,2230,terrain.heightmap_mesh,analytic_heightmap_with_scm_sinkage,2.400,-0.400,-0.07828,0.05808,0.06844,0.99596,0.5641,0.5641,0.00402,0.5641,0.00402,fallback_pychrono_unavailable
environment_terrain_component_demo,terrain.surface_probe.v1,surface_probe_schema_v1,2231,terrain.heightmap_mesh,analytic_heightmap_with_scm_sinkage,2.400,-0.300,-0.08437,0.06264,0.05257,0.99665,0.5597,0.5597,0.00491,0.5597,0.00491,fallback_pychrono_unavailable
environment_terrain_component_demo,terrain.surface_probe.v1,surface_probe_schema_v1,2232,terrain.heightmap_mesh,analytic_heightmap_with_scm_sinkage,2.400,-0.200,-0.08880,0.06596,0.03565,0.99718,0.5566,0.5566,0.00566,0.5566,0.00566,fallback_pychrono_unavailable
environment_terrain_component_demo,terrain.surface_probe.v1,surface_probe_schema_v1,2233,terrain.heightmap_mesh,analytic_heightmap_with_scm_sinkage,2.400,-0.100,-0.09149,0.06799,0.01801,0.99752,0.5546,0.5546,0.00617,0.5546,0.00617,fallback_pychrono_unavailable
environment_terrain_component_demo,terrain.surface_probe.v1,surface_probe_schema_v1,2234,terrain.heightmap_mesh,analytic_heightmap_with_scm_sinkage,2.400,0.000,-0.09240,0.06867,-0.00000,0.99764,0.5540,0.5540,0.00635,0.5540,0.00635,fallback_pychrono_unavailable
environment_terrain_component_demo,terrain.surface_probe.v1,surface_probe_schema_v1,2235,terrain.heightmap_mesh,analytic_heightmap_with_scm_sinkage,2.400,0.100,-0.09150,0.06799,-0.01801,0.99752,0.5546,0.5546,0.00617,0.5546,0.00617,fallback_pychrono_unavailable
environment_terrain_component_demo,terrain.surface_probe.v1,surface_probe_schema_v1,2236,terrain.heightmap_mesh,analytic_heightmap_with_scm_sinkage,2.400,0.200,-0.08880,0.06596,-0.03565,0.99718,0.5566,0.5566,0.00566,0.5566,0.00566,fallback_pychrono_unavailable
environment_terrain_component_demo,terrain.surface_probe.v1,surface_probe_schema_v1,2237,terrain.heightmap_mesh,analytic_heightmap_with_scm_sinkage,2.400,0.300,-0.08437,0.06264,-0.05257,0.99665,0.5597,0.5597,0.00491,0.5597,0.00491,fallback_pychrono_unavailable
environment_terrain_component_demo,terrain.surface_probe.v1,surface_probe_schema_v1,2238,terrain.heightmap_mesh,analytic_heightmap_with_scm_sinkage,2.400,0.400,-0.07829,0.05808,-0.06844,0.99596,0.5641,0.5641,0.00402,0.5641,0.00402,fallback_pychrono_unavailable
environment_terrain_component_demo,terrain.surface_probe.v1,surface_probe_schema_v1,2239,terrain.heightmap_mesh,analytic_heightmap_with_scm_sinkage,2.400,0.500,-0.07067,0.05239,-0.08293,0.99518,0.5695,0.5695,0.00311,0.5695,0.00311,fallback_pychrono_unavailable
environment_terrain_component_demo,terrain.surface_probe.v1,surface_probe_schema_v1,2240,terrain.heightmap_mesh,analytic_heightmap_with_scm_sinkage,2.400,0.600,-0.06167,0.04568,-0.09578,0.99435,0.5759,0.5759,0.00227,0.5759,0.00227,fallback_pychrono_unavailable
environment_terrain_component_demo,terrain.surface_probe.v1,surface_probe_schema_v1,2241,terrain.heightmap_mesh,analytic_heightmap_with_scm_sinkage,2.400,0.700,-0.05147,0.03809,-0.10674,0.99356,0.5832,0.5832,0.00157,0.5832,0.00157,fallback_pychrono_unavailable
environment_terrain_component_demo,terrain.surface_probe.v1,surface_probe_schema_v1,2242,terrain.heightmap_mesh,analytic_heightmap_with_scm_sinkage,2.400,0.800,-0.04026,0.02977,-0.11560,0.99285,0.5912,0.5912,0.00102,0.5912,0.00102,fallback_pychrono_unavailable
environment_terrain_component_demo,terrain.surface_probe.v1,surface_probe_schema_v1,2243,terrain.heightmap_mesh,analytic_heightmap_with_scm_sinkage,2.400,0.900,-0.02826,0.02089,-0.12221,0.99228,0.5998,0.5998,0.00063,0.5998,0.00063,fallback_pychrono_unavailable
environment_terrain_component_demo,terrain.surface_probe.v1,surface_probe_schema_v1,2244,terrain.heightmap_mesh,analytic_heightmap_with_scm_sinkage,2.400,1.000,-0.01570,0.01160,-0.12645,0.99191,0.6088,0.6088,0.00036,0.6088,0.00036,fallback_pychrono_unavailable
environment_terrain_component_demo,terrain.surface_probe.v1,surface_probe_schema_v1,2245,terrain.heightmap_mesh,analytic_heightmap_with_scm_sinkage,2.400,1.100,-0.00285,0.00210,-0.12823,0.99174,0.6180,0.6180,0.00020,0.6180,0.00020,fallback_pychrono_unavailable
environment_terrain_component_demo,terrain.surface_probe.v1,surface_probe_schema_v1,2246,terrain.heightmap_mesh,analytic_heightmap_with_scm_sinkage,2.400,1.200,0.01007,-0.00744,-0.12754,0.99181,0.6128,0.6128,0.00010,0.6128,0.00010,fallback_pychrono_unavailable
environment_terrain_component_demo,terrain.surface_probe.v1,surface_probe_schema_v1,2247,terrain.heightmap_mesh,analytic_heightmap_with_scm_sinkage,2.400,1.300,0.02279,-0.01684,-0.12437,0.99209,0.6037,0.6037,0.00005,0.6037,0.00005,fallback_pychrono_unavailable
environment_terrain_component_demo,terrain.surface_probe.v1,surface_probe_schema_v1,2248,terrain.heightmap_mesh,analytic_heightmap_with_scm_sinkage,2.400,1.400,0.03506,-0.02592,-0.11880,0.99258,0.5950,0.5950,0.00002,0.5950,0.00002,fallback_pychrono_unavailable
environment_terrain_component_demo,terrain.surface_probe.v1,surface_probe_schema_v1,2249,terrain.heightmap_mesh,analytic_heightmap_with_scm_sinkage,2.400,1.500,0.04665,-0.03451,-0.11091,0.99323,0.5867,0.5867,0.00001,0.5867,0.00001,fallback_pychrono_unavailable
environment_terrain_component_demo,terrain.surface_probe.v1,surface_probe_schema_v1,2250,terrain.heightmap_mesh,analytic_heightmap_with_scm_sinkage,2.400,1.600,0.05732,-0.04244,-0.10085,0.99400,0.5791,0.5791,0.00000,0.5791,0.00000,fallback_pychrono_unavailable
environment_terrain_component_demo,terrain.surface_probe.v1,surface_probe_schema_v1,2251,terrain.heightmap_mesh,analytic_heightmap_with_scm_sinkage,2.400,1.700,0.06687,-0.04956,-0.08881,0.99482,0.5722,0.5722,0.00000,0.5722,0.00000,fallback_pychrono_unavailable
environment_terrain_component_demo,terrain.surface_probe.v1,surface_probe_schema_v1,2252,terrain.heightmap_mesh,analytic_heightmap_with_scm_sinkage,2.400,1.800,0.07512,-0.05571,-0.07500,0.99563,0.5663,0.5663,0.00000,0.5663,0.00000,fallback_pychrono_unavailable
environment_terrain_component_demo,terrain.surface_probe.v1,surface_probe_schema_v1,2253,terrain.heightmap_mesh,analytic_heightmap_with_scm_sinkage,2.400,1.900,0.08189,-0.06078,-0.05970,0.99636,0.5615,0.5615,0.00000,0.5615,0.00000,fallback_pychrono_unavailable
environment_terrain_component_demo,terrain.surface_probe.v1,surface_probe_schema_v1,2254,terrain.heightmap_mesh,analytic_heightmap_with_scm_sinkage,2.400,2.000,0.08706,-0.06466,-0.04320,0.99697,0.5578,0.5578,0.00000,0.5578,0.00000,fallback_pychrono_unavailable
environment_terrain_component_demo,terrain.surface_probe.v1,surface_probe_schema_v1,2255,terrain.heightmap_mesh,analytic_heightmap_with_scm_sinkage,2.500,-2.000,0.09211,-0.03569,0.04577,0.99831,0.5542,0.5542,0.00000,0.5542,0.00000,fallback_pychrono_unavailable
environment_terrain_component_demo,terrain.surface_probe.v1,surface_probe_schema_v1,2256,terrain.heightmap_mesh,analytic_heightmap_with_scm_sinkage,2.500,-1.900,0.08663,-0.03354,0.06323,0.99744,0.5581,0.5581,0.00000,0.5581,0.00000,fallback_pychrono_unavailable
environment_terrain_component_demo,terrain.surface_probe.v1,surface_probe_schema_v1,2257,terrain.heightmap_mesh,analytic_heightmap_with_scm_sinkage,2.500,-1.800,0.07947,-0.03073,0.07940,0.99637,0.5632,0.5632,0.00000,0.5632,0.00000,fallback_pychrono_unavailable
environment_terrain_component_demo,terrain.surface_probe.v1,surface_probe_schema_v1,2258,terrain.heightmap_mesh,analytic_heightmap_with_scm_sinkage,2.500,-1.700,0.07075,-0.02733,0.09399,0.99520,0.5695,0.5695,0.00000,0.5695,0.00000,fallback_pychrono_unavailable
environment_terrain_component_demo,terrain.surface_probe.v1,surface_probe_schema_v1,2259,terrain.heightmap_mesh,analytic_heightmap_with_scm_sinkage,2.500,-1.600,0.06064,-0.02340,0.10669,0.99402,0.5767,0.5767,0.00000,0.5767,0.00000,fallback_pychrono_unavailable
environment_terrain_component_demo,terrain.surface_probe.v1,surface_probe_schema_v1,2260,terrain.heightmap_mesh,analytic_heightmap_with_scm_sinkage,2.500,-1.500,0.04935,-0.01902,0.11730,0.99291,0.5847,0.5847,0.00001,0.5847,0.00001,fallback_pychrono_unavailable
environment_terrain_component_demo,terrain.surface_probe.v1,surface_probe_schema_v1,2261,terrain.heightmap_mesh,analytic_heightmap_with_scm_sinkage,2.500,-1.400,0.03709,-0.01428,0.12560,0.99198,0.5935,0.5935,0.00002,0.5935,0.00002,fallback_pychrono_unavailable
environment_terrain_component_demo,terrain.surface_probe.v1,surface_probe_schema_v1,2262,terrain.heightmap_mesh,analytic_heightmap_with_scm_sinkage,2.500,-1.300,0.02411,-0.00928,0.13147,0.99128,0.6028,0.6028,0.00004,0.6028,0.00004,fallback_pychrono_unavailable
environment_terrain_component_demo,terrain.surface_probe.v1,surface_probe_schema_v1,2263,terrain.heightmap_mesh,analytic_heightmap_with_scm_sinkage,2.500,-1.200,0.01065,-0.00410,0.13480,0.99086,0.6124,0.6124,0.00008,0.6124,0.00008,fallback_pychrono_unavailable
environment_terrain_component_demo,terrain.surface_probe.v1,surface_probe_schema_v1,2264,terrain.heightmap_mesh,analytic_heightmap_with_scm_sinkage,2.500,-1.100,-0.00301,0.00116,0.13553,0.99077,0.6179,0.6179,0.00015,0.6179,0.00015,fallback_pychrono_unavailable
environment_terrain_component_demo,terrain.surface_probe.v1,surface_probe_schema_v1,2265,terrain.heightmap_mesh,analytic_heightmap_with_scm_sinkage,2.500,-1.000,-0.01661,0.00639,0.13365,0.99101,0.6081,0.6081,0.00027,0.6081,0.00027,fallback_pychrono_unavailable
environment_terrain_component_demo,terrain.surface_probe.v1,surface_probe_schema_v1,2266,terrain.heightmap_mesh,analytic_heightmap_with_scm_sinkage,2.500,-0.900,-0.02989,0.01151,0.12920,0.99155,0.5986,0.5986,0.00046,0.5986,0.00046,fallback_pychrono_unavailable
environment_terrain_component_demo,terrain.surface_probe.v1,surface_probe_schema_v1,2267,terrain.heightmap_mesh,analytic_heightmap_with_scm_sinkage,2.500,-0.800,-0.04259,0.01640,0.12224,0.99236,0.5896,0.5896,0.00076,0.5896,0.00076,fallback_pychrono_unavailable
environment_terrain_component_demo,terrain.surface_probe.v1,surface_probe_schema_v1,2268,terrain.heightmap_mesh,analytic_heightmap_with_scm_sinkage,2.500,-0.700,-0.05445,0.02100,0.11291,0.99338,0.5811,0.5811,0.00116,0.5811,0.00116,fallback_pychrono_unavailable
environment_terrain_component_demo,terrain.surface_probe.v1,surface_probe_schema_v1,2269,terrain.heightmap_mesh,analytic_heightmap_with_scm_sinkage,2.500,-0.600,-0.06525,0.02519,0.10135,0.99453,0.5734,0.5734,0.00168,0.5734,0.00168,fallback_pychrono_unavailable
environment_terrain_component_demo,terrain.surface_probe.v1,surface_probe_schema_v1,2270,terrain.heightmap_mesh,analytic_heightmap_with_scm_sinkage,2.500,-0.500,-0.07477,0.02890,0.08779,0.99572,0.5666,0.5666,0.00230,0.5666,0.00230,fallback_pychrono_unavailable
environment_terrain_component_demo,terrain.surface_probe.v1,surface_probe_schema_v1,2271,terrain.heightmap_mesh,analytic_heightmap_with_scm_sinkage,2.500,-0.400,-0.08282,0.03205,0.07247,0.99686,0.5608,0.5608,0.00298,0.5608,0.00298,fallback_pychrono_unavailable
environment_terrain_component_demo,terrain.surface_probe.v1,surface_probe_schema_v1,2272,terrain.heightmap_mesh,analytic_heightmap_with_scm_sinkage,2.500,-0.300,-0.08926,0.03457,0.05568,0.99785,0.5562,0.5562,0.00364,0.5562,0.00364,fallback_pychrono_unavailable
environment_terrain_component_demo,terrain.surface_probe.v1,surface_probe_schema_v1,2273,terrain.heightmap_mesh,analytic_heightmap_with_scm_sinkage,2.500,-0.200,-0.09395,0.03642,0.03777,0.99862,0.5529,0.5529,0.00420,0.5529,0.00420,fallback_pychrono_unavailable
environment_terrain_component_demo,terrain.surface_probe.v1,surface_probe_schema_v1,2274,terrain.heightmap_mesh,analytic_heightmap_with_scm_sinkage,2.500,-0.100,-0.09680,0.03754,0.01908,0.99911,0.5509,0.5509,0.00457,0.5509,0.00457,fallback_pychrono_unavailable
environment_terrain_component_demo,terrain.surface_probe.v1,surface_probe_schema_v1,2275,terrain.heightmap_mesh,analytic_heightmap_with_scm_sinkage,2.500,0.000,-0.09775,0.03792,-0.00000,0.99928,0.5502,0.5502,0.00470,0.5502,0.00470,fallback_pychrono_unavailable
environment_terrain_component_demo,terrain.surface_probe.v1,surface_probe_schema_v1,2276,terrain.heightmap_mesh,analytic_heightmap_with_scm_sinkage,2.500,0.100,-0.09680,0.03754,-0.01908,0.99911,0.5509,0.5509,0.00457,0.5509,0.00457,fallback_pychrono_unavailable
environment_terrain_component_demo,terrain.surface_probe.v1,surface_probe_schema_v1,2277,terrain.heightmap_mesh,analytic_heightmap_with_scm_sinkage,2.500,0.200,-0.09395,0.03642,-0.03777,0.99862,0.5529,0.5529,0.00420,0.5529,0.00420,fallback_pychrono_unavailable
environment_terrain_component_demo,terrain.surface_probe.v1,surface_probe_schema_v1,2278,terrain.heightmap_mesh,analytic_heightmap_with_scm_sinkage,2.500,0.300,-0.08926,0.03457,-0.05568,0.99785,0.5562,0.5562,0.00364,0.5562,0.00364,fallback_pychrono_unavailable
environment_terrain_component_demo,terrain.surface_probe.v1,surface_probe_schema_v1,2279,terrain.heightmap_mesh,analytic_heightmap_with_scm_sinkage,2.500,0.400,-0.08282,0.03205,-0.07247,0.99686,0.5608,0.5608,0.00298,0.5608,0.00298,fallback_pychrono_unavailable
environment_terrain_component_demo,terrain.surface_probe.v1,surface_probe_schema_v1,2280,terrain.heightmap_mesh,analytic_heightmap_with_scm_sinkage,2.500,0.500,-0.07477,0.02890,-0.08779,0.99572,0.5666,0.5666,0.00230,0.5666,0.00230,fallback_pychrono_unavailable
environment_terrain_component_demo,terrain.surface_probe.v1,surface_probe_schema_v1,2281,terrain.heightmap_mesh,analytic_heightmap_with_scm_sinkage,2.500,0.600,-0.06525,0.02519,-0.10135,0.99453,0.5734,0.5734,0.00168,0.5734,0.00168,fallback_pychrono_unavailable
environment_terrain_component_demo,terrain.surface_probe.v1,surface_probe_schema_v1,2282,terrain.heightmap_mesh,analytic_heightmap_with_scm_sinkage,2.500,0.700,-0.05445,0.02100,-0.11291,0.99338,0.5811,0.5811,0.00116,0.5811,0.00116,fallback_pychrono_unavailable
environment_terrain_component_demo,terrain.surface_probe.v1,surface_probe_schema_v1,2283,terrain.heightmap_mesh,analytic_heightmap_with_scm_sinkage,2.500,0.800,-0.04259,0.01640,-0.12224,0.99236,0.5896,0.5896,0.00076,0.5896,0.00076,fallback_pychrono_unavailable
environment_terrain_component_demo,terrain.surface_probe.v1,surface_probe_schema_v1,2284,terrain.heightmap_mesh,analytic_heightmap_with_scm_sinkage,2.500,0.900,-0.02989,0.01151,-0.12920,0.99155,0.5986,0.5986,0.00046,0.5986,0.00046,fallback_pychrono_unavailable
environment_terrain_component_demo,terrain.surface_probe.v1,surface_probe_schema_v1,2285,terrain.heightmap_mesh,analytic_heightmap_with_scm_sinkage,2.500,1.000,-0.01661,0.00639,-0.13365,0.99101,0.6081,0.6081,0.00027,0.6081,0.00027,fallback_pychrono_unavailable
environment_terrain_component_demo,terrain.surface_probe.v1,surface_probe_schema_v1,2286,terrain.heightmap_mesh,analytic_heightmap_with_scm_sinkage,2.500,1.100,-0.00301,0.00116,-0.13553,0.99077,0.6179,0.6179,0.00015,0.6179,0.00015,fallback_pychrono_unavailable
environment_terrain_component_demo,terrain.surface_probe.v1,surface_probe_schema_v1,2287,terrain.heightmap_mesh,analytic_heightmap_with_scm_sinkage,2.500,1.200,0.01065,-0.00410,-0.13480,0.99086,0.6124,0.6124,0.00008,0.6124,0.00008,fallback_pychrono_unavailable
environment_terrain_component_demo,terrain.surface_probe.v1,surface_probe_schema_v1,2288,terrain.heightmap_mesh,analytic_heightmap_with_scm_sinkage,2.500,1.300,0.02411,-0.00928,-0.13147,0.99128,0.6028,0.6028,0.00004,0.6028,0.00004,fallback_pychrono_unavailable
environment_terrain_component_demo,terrain.surface_probe.v1,surface_probe_schema_v1,2289,terrain.heightmap_mesh,analytic_heightmap_with_scm_sinkage,2.500,1.400,0.03709,-0.01428,-0.12560,0.99198,0.5935,0.5935,0.00002,0.5935,0.00002,fallback_pychrono_unavailable
environment_terrain_component_demo,terrain.surface_probe.v1,surface_probe_schema_v1,2290,terrain.heightmap_mesh,analytic_heightmap_with_scm_sinkage,2.500,1.500,0.04935,-0.01902,-0.11730,0.99291,0.5847,0.5847,0.00001,0.5847,0.00001,fallback_pychrono_unavailable
environment_terrain_component_demo,terrain.surface_probe.v1,surface_probe_schema_v1,2291,terrain.heightmap_mesh,analytic_heightmap_with_scm_sinkage,2.500,1.600,0.06064,-0.02340,-0.10669,0.99402,0.5767,0.5767,0.00000,0.5767,0.00000,fallback_pychrono_unavailable
environment_terrain_component_demo,terrain.surface_probe.v1,surface_probe_schema_v1,2292,terrain.heightmap_mesh,analytic_heightmap_with_scm_sinkage,2.500,1.700,0.07075,-0.02733,-0.09399,0.99520,0.5695,0.5695,0.00000,0.5695,0.00000,fallback_pychrono_unavailable
environment_terrain_component_demo,terrain.surface_probe.v1,surface_probe_schema_v1,2293,terrain.heightmap_mesh,analytic_heightmap_with_scm_sinkage,2.500,1.800,0.07947,-0.03073,-0.07940,0.99637,0.5632,0.5632,0.00000,0.5632,0.00000,fallback_pychrono_unavailable
environment_terrain_component_demo,terrain.surface_probe.v1,surface_probe_schema_v1,2294,terrain.heightmap_mesh,analytic_heightmap_with_scm_sinkage,2.500,1.900,0.08663,-0.03354,-0.06323,0.99744,0.5581,0.5581,0.00000,0.5581,0.00000,fallback_pychrono_unavailable
environment_terrain_component_demo,terrain.surface_probe.v1,surface_probe_schema_v1,2295,terrain.heightmap_mesh,analytic_heightmap_with_scm_sinkage,2.500,2.000,0.09211,-0.03569,-0.04577,0.99831,0.5542,0.5542,0.00000,0.5542,0.00000,fallback_pychrono_unavailable
environment_terrain_component_demo,terrain.surface_probe.v1,surface_probe_schema_v1,2296,terrain.heightmap_mesh,analytic_heightmap_with_scm_sinkage,2.600,-2.000,0.09417,-0.00549,0.04682,0.99889,0.5527,0.5527,0.00000,0.5527,0.00000,fallback_pychrono_unavailable
environment_terrain_component_demo,terrain.surface_probe.v1,surface_probe_schema_v1,2297,terrain.heightmap_mesh,analytic_heightmap_with_scm_sinkage,2.600,-1.900,0.08858,-0.00516,0.06468,0.99789,0.5567,0.5567,0.00000,0.5567,0.00000,fallback_pychrono_unavailable
environment_terrain_component_demo,terrain.surface_probe.v1,surface_probe_schema_v1,2298,terrain.heightmap_mesh,analytic_heightmap_with_scm_sinkage,2.600,-1.800,0.08125,-0.00472,0.08121,0.99669,0.5620,0.5620,0.00000,0.5620,0.00000,fallback_pychrono_unavailable
environment_terrain_component_demo,terrain.surface_probe.v1,surface_probe_schema_v1,2299,terrain.heightmap_mesh,analytic_heightmap_with_scm_sinkage,2.600,-1.700,0.07234,-0.00420,0.09611,0.99536,0.5683,0.5683,0.00000,0.5683,0.00000,fallback_pychrono_unavailable
environment_terrain_component_demo,terrain.surface_probe.v1,surface_probe_schema_v1,2300,terrain.heightmap_mesh,analytic_heightmap_with_scm_sinkage,2.600,-1.600,0.06200,-0.00359,0.10909,0.99403,0.5757,0.5757,0.00000,0.5757,0.00000,fallback_pychrono_unavailable
environment_terrain_component_demo,terrain.surface_probe.v1,surface_probe_schema_v1,2301,terrain.heightmap_mesh,analytic_heightmap_with_scm_sinkage,2.600,-1.500,0.05046,-0.00292,0.11991,0.99278,0.5840,0.5840,0.00001,0.5840,0.00001,fallback_pychrono_unavailable
environment_terrain_component_demo,terrain.surface_probe.v1,surface_probe_schema_v1,2302,terrain.heightmap_mesh,analytic_heightmap_with_scm_sinkage,2.600,-1.400,0.03793,-0.00219,0.12839,0.99172,0.5929,0.5929,0.00001,0.5929,0.00001,fallback_pychrono_unavailable
environment_terrain_component_demo,terrain.surface_probe.v1,surface_probe_schema_v1,2303,terrain.heightmap_mesh,analytic_heightmap_with_scm_sinkage,2.600,-1.300,0.02465,-0.00142,0.13437,0.99093,0.6024,0.6024,0.00003,0.6024,0.00003,fallback_pychrono_unavailable
environment_terrain_component_demo,terrain.surface_probe.v1,surface_probe_schema_v1,2304,terrain.heightmap_mesh,analytic_heightmap_with_scm_sinkage,2.600,-1.200,0.01089,-0.00063,0.13777,0.99046,0.6122,0.6122,0.00006,0.6122,0.00006,fallback_pychrono_unavailable
environment_terrain_component_demo,terrain.surface_probe.v1,surface_probe_schema_v1,2305,terrain.heightmap_mesh,analytic_heightmap_with_scm_sinkage,2.600,-1.100,-0.00308,0.00018,0.13851,0.99036,0.6178,0.6178,0.00011,0.6178,0.00011,fallback_pychrono_unavailable
environment_terrain_component_demo,terrain.surface_probe.v1,surface_probe_schema_v1,2306,terrain.heightmap_mesh,analytic_heightmap_with_scm_sinkage,2.600,-1.000,-0.01699,0.00098,0.13660,0.99063,0.6079,0.6079,0.00020,0.6079,0.00020,fallback_pychrono_unavailable
environment_terrain_component_demo,terrain.surface_probe.v1,surface_probe_schema_v1,2307,terrain.heightmap_mesh,analytic_heightmap_with_scm_sinkage,2.600,-0.900,-0.03057,0.00177,0.13206,0.99124,0.5982,0.5982,0.00034,0.5982,0.00034,fallback_pychrono_unavailable
environment_terrain_component_demo,terrain.surface_probe.v1,surface_probe_schema_v1,2308,terrain.heightmap_mesh,analytic_heightmap_with_scm_sinkage,2.600,-0.800,-0.04355,0.00252,0.12496,0.99216,0.5889,0.5889,0.00055,0.5889,0.00055,fallback_pychrono_unavailable
environment_terrain_component_demo,terrain.surface_probe.v1,surface_probe_schema_v1,2309,terrain.heightmap_mesh,analytic_heightmap_with_scm_sinkage,2.600,-0.700,-0.05567,0.00323,0.11543,0.99331,0.5802,0.5802,0.00085,0.5802,0.00085,fallback_pychrono_unavailable
environment_terrain_component_demo,terrain.surface_probe.v1,surface_probe_schema_v1,2310,terrain.heightmap_mesh,analytic_heightmap_with_scm_sinkage,2.600,-0.600,-0.06671,0.00387,0.10363,0.99461,0.5723,0.5723,0.00123,0.5723,0.00123,fallback_pychrono_unavailable
environment_terrain_component_demo,terrain.surface_probe.v1,surface_probe_schema_v1,2311,terrain.heightmap_mesh,analytic_heightmap_with_scm_sinkage,2.600,-0.500,-0.07644,0.00444,0.08978,0.99595,0.5654,0.5654,0.00168,0.5654,0.00168,fallback_pychrono_unavailable
environment_terrain_component_demo,terrain.surface_probe.v1,surface_probe_schema_v1,2312,terrain.heightmap_mesh,analytic_heightmap_with_scm_sinkage,2.600,-0.400,-0.08468,0.00493,0.07412,0.99724,0.5595,0.5595,0.00218,0.5595,0.00218,fallback_pychrono_unavailable
environment_terrain_component_demo,terrain.surface_probe.v1,surface_probe_schema_v1,2313,terrain.heightmap_mesh,analytic_heightmap_with_scm_sinkage,2.600,-0.300,-0.09126,0.00531,0.05696,0.99836,0.5548,0.5548,0.00266,0.5548,0.00266,fallback_pychrono_unavailable
environment_terrain_component_demo,terrain.surface_probe.v1,surface_probe_schema_v1,2314,terrain.heightmap_mesh,analytic_heightmap_with_scm_sinkage,2.600,-0.200,-0.09606,0.00560,0.03864,0.99924,0.5514,0.5514,0.00307,0.5514,0.00307,fallback_pychrono_unavailable
environment_terrain_component_demo,terrain.surface_probe.v1,surface_probe_schema_v1,2315,terrain.heightmap_mesh,analytic_heightmap_with_scm_sinkage,2.600,-0.100,-0.09897,0.00577,0.01952,0.99979,0.5493,0.5493,0.00334,0.5493,0.00334,fallback_pychrono_unavailable
environment_terrain_component_demo,terrain.surface_probe.v1,surface_probe_schema_v1,2316,terrain.heightmap_mesh,analytic_heightmap_with_scm_sinkage,2.600,0.000,-0.09995,0.00583,-0.00000,0.99998,0.5486,0.5486,0.00344,0.5486,0.00344,fallback_pychrono_unavailable
environment_terrain_component_demo,terrain.surface_probe.v1,surface_probe_schema_v1,2317,terrain.heightmap_mesh,analytic_heightmap_with_scm_sinkage,2.600,0.100,-0.09897,0.00577,-0.01952,0.99979,0.5493,0.5493,0.00334,0.5493,0.00334,fallback_pychrono_unavailable
environment_terrain_component_demo,terrain.surface_probe.v1,surface_probe_schema_v1,2318,terrain.heightmap_mesh,analytic_heightmap_with_scm_sinkage,2.600,0.200,-0.09606,0.00560,-0.03864,0.99924,0.5514,0.5514,0.00307,0.5514,0.00307,fallback_pychrono_unavailable
environment_terrain_component_demo,terrain.surface_probe.v1,surface_probe_schema_v1,2319,terrain.heightmap_mesh,analytic_heightmap_with_scm_sinkage,2.600,0.300,-0.09126,0.00531,-0.05696,0.99836,0.5548,0.5548,0.00266,0.5548,0.00266,fallback_pychrono_unavailable
environment_terrain_component_demo,terrain.surface_probe.v1,surface_probe_schema_v1,2320,terrain.heightmap_mesh,analytic_heightmap_with_scm_sinkage,2.600,0.400,-0.08468,0.00493,-0.07412,0.99724,0.5595,0.5595,0.00218,0.5595,0.00218,fallback_pychrono_unavailable
environment_terrain_component_demo,terrain.surface_probe.v1,surface_probe_schema_v1,2321,terrain.heightmap_mesh,analytic_heightmap_with_scm_sinkage,2.600,0.500,-0.07644,0.00444,-0.08978,0.99595,0.5654,0.5654,0.00168,0.5654,0.00168,fallback_pychrono_unavailable
environment_terrain_component_demo,terrain.surface_probe.v1,surface_probe_schema_v1,2322,terrain.heightmap_mesh,analytic_heightmap_with_scm_sinkage,2.600,0.600,-0.06671,0.00387,-0.10363,0.99461,0.5723,0.5723,0.00123,0.5723,0.00123,fallback_pychrono_unavailable
environment_terrain_component_demo,terrain.surface_probe.v1,surface_probe_schema_v1,2323,terrain.heightmap_mesh,analytic_heightmap_with_scm_sinkage,2.600,0.700,-0.05567,0.00323,-0.11543,0.99331,0.5802,0.5802,0.00085,0.5802,0.00085,fallback_pychrono_unavailable
environment_terrain_component_demo,terrain.surface_probe.v1,surface_probe_schema_v1,2324,terrain.heightmap_mesh,analytic_heightmap_with_scm_sinkage,2.600,0.800,-0.04355,0.00252,-0.12496,0.99216,0.5889,0.5889,0.00055,0.5889,0.00055,fallback_pychrono_unavailable
environment_terrain_component_demo,terrain.surface_probe.v1,surface_probe_schema_v1,2325,terrain.heightmap_mesh,analytic_heightmap_with_scm_sinkage,2.600,0.900,-0.03057,0.00177,-0.13206,0.99124,0.5982,0.5982,0.00034,0.5982,0.00034,fallback_pychrono_unavailable
environment_terrain_component_demo,terrain.surface_probe.v1,surface_probe_schema_v1,2326,terrain.heightmap_mesh,analytic_heightmap_with_scm_sinkage,2.600,1.000,-0.01699,0.00098,-0.13660,0.99063,0.6079,0.6079,0.00020,0.6079,0.00020,fallback_pychrono_unavailable
environment_terrain_component_demo,terrain.surface_probe.v1,surface_probe_schema_v1,2327,terrain.heightmap_mesh,analytic_heightmap_with_scm_sinkage,2.600,1.100,-0.00308,0.00018,-0.13851,0.99036,0.6178,0.6178,0.00011,0.6178,0.00011,fallback_pychrono_unavailable
environment_terrain_component_demo,terrain.surface_probe.v1,surface_probe_schema_v1,2328,terrain.heightmap_mesh,analytic_heightmap_with_scm_sinkage,2.600,1.200,0.01089,-0.00063,-0.13777,0.99046,0.6122,0.6122,0.00006,0.6122,0.00006,fallback_pychrono_unavailable
environment_terrain_component_demo,terrain.surface_probe.v1,surface_probe_schema_v1,2329,terrain.heightmap_mesh,analytic_heightmap_with_scm_sinkage,2.600,1.300,0.02465,-0.00142,-0.13437,0.99093,0.6024,0.6024,0.00003,0.6024,0.00003,fallback_pychrono_unavailable
environment_terrain_component_demo,terrain.surface_probe.v1,surface_probe_schema_v1,2330,terrain.heightmap_mesh,analytic_heightmap_with_scm_sinkage,2.600,1.400,0.03793,-0.00219,-0.12839,0.99172,0.5929,0.5929,0.00001,0.5929,0.00001,fallback_pychrono_unavailable
environment_terrain_component_demo,terrain.surface_probe.v1,surface_probe_schema_v1,2331,terrain.heightmap_mesh,analytic_heightmap_with_scm_sinkage,2.600,1.500,0.05046,-0.00292,-0.11991,0.99278,0.5840,0.5840,0.00001,0.5840,0.00001,fallback_pychrono_unavailable
environment_terrain_component_demo,terrain.surface_probe.v1,surface_probe_schema_v1,2332,terrain.heightmap_mesh,analytic_heightmap_with_scm_sinkage,2.600,1.600,0.06200,-0.00359,-0.10909,0.99403,0.5757,0.5757,0.00000,0.5757,0.00000,fallback_pychrono_unavailable
environment_terrain_component_demo,terrain.surface_probe.v1,surface_probe_schema_v1,2333,terrain.heightmap_mesh,analytic_heightmap_with_scm_sinkage,2.600,1.700,0.07234,-0.00420,-0.09611,0.99536,0.5683,0.5683,0.00000,0.5683,0.00000,fallback_pychrono_unavailable
environment_terrain_component_demo,terrain.surface_probe.v1,surface_probe_schema_v1,2334,terrain.heightmap_mesh,analytic_heightmap_with_scm_sinkage,2.600,1.800,0.08125,-0.00472,-0.08121,0.99669,0.5620,0.5620,0.00000,0.5620,0.00000,fallback_pychrono_unavailable
environment_terrain_component_demo,terrain.surface_probe.v1,surface_probe_schema_v1,2335,terrain.heightmap_mesh,analytic_heightmap_with_scm_sinkage,2.600,1.900,0.08858,-0.00516,-0.06468,0.99789,0.5567,0.5567,0.00000,0.5567,0.00000,fallback_pychrono_unavailable
environment_terrain_component_demo,terrain.surface_probe.v1,surface_probe_schema_v1,2336,terrain.heightmap_mesh,analytic_heightmap_with_scm_sinkage,2.600,2.000,0.09417,-0.00549,-0.04682,0.99889,0.5527,0.5527,0.00000,0.5527,0.00000,fallback_pychrono_unavailable
environment_terrain_component_demo,terrain.surface_probe.v1,surface_probe_schema_v1,2337,terrain.heightmap_mesh,analytic_heightmap_with_scm_sinkage,2.700,-2.000,0.09320,0.02491,0.04632,0.99862,0.5534,0.5534,0.00000,0.5534,0.00000,fallback_pychrono_unavailable
environment_terrain_component_demo,terrain.surface_probe.v1,surface_probe_schema_v1,2338,terrain.heightmap_mesh,analytic_heightmap_with_scm_sinkage,2.700,-1.900,0.08766,0.02341,0.06399,0.99768,0.5574,0.5574,0.00000,0.5574,0.00000,fallback_pychrono_unavailable
environment_terrain_component_demo,terrain.surface_probe.v1,surface_probe_schema_v1,2339,terrain.heightmap_mesh,analytic_heightmap_with_scm_sinkage,2.700,-1.800,0.08041,0.02145,0.08036,0.99654,0.5626,0.5626,0.00000,0.5626,0.00000,fallback_pychrono_unavailable
environment_terrain_component_demo,terrain.surface_probe.v1,surface_probe_schema_v1,2340,terrain.heightmap_mesh,analytic_heightmap_with_scm_sinkage,2.700,-1.700,0.07159,0.01907,0.09511,0.99528,0.5689,0.5689,0.00000,0.5689,0.00000,fallback_pychrono_unavailable
environment_terrain_component_demo,terrain.surface_probe.v1,surface_probe_schema_v1,2341,terrain.heightmap_mesh,analytic_heightmap_with_scm_sinkage,2.700,-1.600,0.06136,0.01633,0.10796,0.99402,0.5762,0.5762,0.00000,0.5762,0.00000,fallback_pychrono_unavailable
environment_terrain_component_demo,terrain.surface_probe.v1,surface_probe_schema_v1,2342,terrain.heightmap_mesh,analytic_heightmap_with_scm_sinkage,2.700,-1.500,0.04994,0.01327,0.11868,0.99284,0.5843,0.5843,0.00000,0.5843,0.00000,fallback_pychrono_unavailable
environment_terrain_component_demo,terrain.surface_probe.v1,surface_probe_schema_v1,2343,terrain.heightmap_mesh,analytic_heightmap_with_scm_sinkage,2.700,-1.400,0.03753,0.00996,0.12708,0.99184,0.5932,0.5932,0.00001,0.5932,0.00001,fallback_pychrono_unavailable
environment_terrain_component_demo,terrain.surface_probe.v1,surface_probe_schema_v1,2344,terrain.heightmap_mesh,analytic_heightmap_with_scm_sinkage,2.700,-1.300,0.02440,0.00647,0.13300,0.99109,0.6026,0.6026,0.00002,0.6026,0.00002,fallback_pychrono_unavailable
environment_terrain_component_demo,terrain.surface_probe.v1,surface_probe_schema_v1,2345,terrain.heightmap_mesh,analytic_heightmap_with_scm_sinkage,2.700,-1.200,0.01078,0.00286,0.13637,0.99065,0.6123,0.6123,0.00004,0.6123,0.00004,fallback_pychrono_unavailable
environment_terrain_component_demo,terrain.surface_probe.v1,surface_probe_schema_v1,2346,terrain.heightmap_mesh,analytic_heightmap_with_scm_sinkage,2.700,-1.100,-0.00305,-0.00081,0.13710,0.99056,0.6178,0.6178,0.00008,0.6178,0.00008,fallback_pychrono_unavailable
environment_terrain_component_demo,terrain.surface_probe.v1,surface_probe_schema_v1,2347,terrain.heightmap_mesh,analytic_heightmap_with_scm_sinkage,2.700,-1.000,-0.01681,-0.00446,0.13521,0.99081,0.6080,0.6080,0.00014,0.6080,0.00014,fallback_pychrono_unavailable
environment_terrain_component_demo,terrain.surface_probe.v1,surface_probe_schema_v1,2348,terrain.heightmap_mesh,analytic_heightmap_with_scm_sinkage,2.700,-0.900,-0.03025,-0.00803,0.13071,0.99139,0.5984,0.5984,0.00025,0.5984,0.00025,fallback_pychrono_unavailable
environment_terrain_component_demo,terrain.surface_probe.v1,surface_probe_schema_v1,2349,terrain.heightmap_mesh,analytic_heightmap_with_scm_sinkage,2.700,-0.800,-0.04309,-0.01144,0.12368,0.99226,0.5892,0.5892,0.00040,0.5892,0.00040,fallback_pychrono_unavailable
environment_terrain_component_demo,terrain.surface_probe.v1,surface_probe_schema_v1,2350,terrain.heightmap_mesh,analytic_heightmap_with_scm_sinkage,2.700,-0.700,-0.05510,-0.01465,0.11424,0.99335,0.5806,0.5806,0.00061,0.5806,0.00061,fallback_pychrono_unavailable
environment_terrain_component_demo,terrain.surface_probe.v1,surface_probe_schema_v1,2351,terrain.heightmap_mesh,analytic_heightmap_with_scm_sinkage,2.700,-0.600,-0.06602,-0.01757,0.10256,0.99457,0.5728,0.5728,0.00089,0.5728,0.00089,fallback_pychrono_unavailable
environment_terrain_component_demo,terrain.surface_probe.v1,surface_probe_schema_v1,2352,terrain.heightmap_mesh,analytic_heightmap_with_scm_sinkage,2.700,-0.500,-0.07565,-0.02016,0.08884,0.99584,0.5660,0.5660,0.00121,0.5660,0.00121,fallback_pychrono_unavailable
environment_terrain_component_demo,terrain.surface_probe.v1,surface_probe_schema_v1,2353,terrain.heightmap_mesh,analytic_heightmap_with_scm_sinkage,2.700,-0.400,-0.08380,-0.02236,0.07334,0.99706,0.5601,0.5601,0.00157,0.5601,0.00157,fallback_pychrono_unavailable
environment_terrain_component_demo,terrain.surface_probe.v1,surface_probe_schema_v1,2354,terrain.heightmap_mesh,analytic_heightmap_with_scm_sinkage,2.700,-0.300,-0.09032,-0.02413,0.05636,0.99812,0.5555,0.5555,0.00192,0.5555,0.00192,fallback_pychrono_unavailable
environment_terrain_component_demo,terrain.surface_probe.v1,surface_probe_schema_v1,2355,terrain.heightmap_mesh,analytic_heightmap_with_scm_sinkage,2.700,-0.200,-0.09506,-0.02542,0.03823,0.99895,0.5521,0.5521,0.00221,0.5521,0.00221,fallback_pychrono_unavailable
environment_terrain_component_demo,terrain.surface_probe.v1,surface_probe_schema_v1,2356,terrain.heightmap_mesh,analytic_heightmap_with_scm_sinkage,2.700,-0.100,-0.09794,-0.02620,0.01931,0.99947,0.5500,0.5500,0.00241,0.5500,0.00241,fallback_pychrono_unavailable
environment_terrain_component_demo,terrain.surface_probe.v1,surface_probe_schema_v1,2357,terrain.heightmap_mesh,analytic_heightmap_with_scm_sinkage,2.700,0.000,-0.09891,-0.02646,-0.00000,0.99965,0.5493,0.5493,0.00248,0.5493,0.00248,fallback_pychrono_unavailable
environment_terrain_component_demo,terrain.surface_probe.v1,surface_probe_schema_v1,2358,terrain.heightmap_mesh,analytic_heightmap_with_scm_sinkage,2.700,0.100,-0.09794,-0.02620,-0.01931,0.99947,0.5500,0.5500,0.00241,0.5500,0.00241,fallback_pychrono_unavailable
environment_terrain_component_demo,terrain.surface_probe.v1,surface_probe_schema_v1,2359,terrain.heightmap_mesh,analytic_heightmap_with_scm_sinkage,2.700,0.200,-0.09506,-0.02542,-0.03823,0.99895,0.5521,0.5521,0.00221,0.5521,0.00221,fallback_pychrono_unavailable
environment_terrain_component_demo,terrain.surface_probe.v1,surface_probe_schema_v1,2360,terrain.heightmap_mesh,analytic_heightmap_with_scm_sinkage,2.700,0.300,-0.09032,-0.02413,-0.05636,0.99812,0.5555,0.5555,0.00192,0.5555,0.00192,fallback_pychrono_unavailable
environment_terrain_component_demo,terrain.surface_probe.v1,surface_probe_schema_v1,2361,terrain.heightmap_mesh,analytic_heightmap_with_scm_sinkage,2.700,0.400,-0.08380,-0.02236,-0.07334,0.99706,0.5601,0.5601,0.00157,0.5601,0.00157,fallback_pychrono_unavailable
environment_terrain_component_demo,terrain.surface_probe.v1,surface_probe_schema_v1,2362,terrain.heightmap_mesh,analytic_heightmap_with_scm_sinkage,2.700,0.500,-0.07565,-0.02016,-0.08884,0.99584,0.5660,0.5660,0.00121,0.5660,0.00121,fallback_pychrono_unavailable
environment_terrain_component_demo,terrain.surface_probe.v1,surface_probe_schema_v1,2363,terrain.heightmap_mesh,analytic_heightmap_with_scm_sinkage,2.700,0.600,-0.06602,-0.01757,-0.10256,0.99457,0.5728,0.5728,0.00089,0.5728,0.00089,fallback_pychrono_unavailable
environment_terrain_component_demo,terrain.surface_probe.v1,surface_probe_schema_v1,2364,terrain.heightmap_mesh,analytic_heightmap_with_scm_sinkage,2.700,0.700,-0.05510,-0.01465,-0.11424,0.99335,0.5806,0.5806,0.00061,0.5806,0.00061,fallback_pychrono_unavailable
environment_terrain_component_demo,terrain.surface_probe.v1,surface_probe_schema_v1,2365,terrain.heightmap_mesh,analytic_heightmap_with_scm_sinkage,2.700,0.800,-0.04309,-0.01144,-0.12368,0.99226,0.5892,0.5892,0.00040,0.5892,0.00040,fallback_pychrono_unavailable
environment_terrain_component_demo,terrain.surface_probe.v1,surface_probe_schema_v1,2366,terrain.heightmap_mesh,analytic_heightmap_with_scm_sinkage,2.700,0.900,-0.03025,-0.00803,-0.13071,0.99139,0.5984,0.5984,0.00025,0.5984,0.00025,fallback_pychrono_unavailable
environment_terrain_component_demo,terrain.surface_probe.v1,surface_probe_schema_v1,2367,terrain.heightmap_mesh,analytic_heightmap_with_scm_sinkage,2.700,1.000,-0.01681,-0.00446,-0.13521,0.99081,0.6080,0.6080,0.00014,0.6080,0.00014,fallback_pychrono_unavailable
environment_terrain_component_demo,terrain.surface_probe.v1,surface_probe_schema_v1,2368,terrain.heightmap_mesh,analytic_heightmap_with_scm_sinkage,2.700,1.100,-0.00305,-0.00081,-0.13710,0.99056,0.6178,0.6178,0.00008,0.6178,0.00008,fallback_pychrono_unavailable
environment_terrain_component_demo,terrain.surface_probe.v1,surface_probe_schema_v1,2369,terrain.heightmap_mesh,analytic_heightmap_with_scm_sinkage,2.700,1.200,0.01078,0.00286,-0.13637,0.99065,0.6123,0.6123,0.00004,0.6123,0.00004,fallback_pychrono_unavailable
environment_terrain_component_demo,terrain.surface_probe.v1,surface_probe_schema_v1,2370,terrain.heightmap_mesh,analytic_heightmap_with_scm_sinkage,2.700,1.300,0.02440,0.00647,-0.13300,0.99109,0.6026,0.6026,0.00002,0.6026,0.00002,fallback_pychrono_unavailable
environment_terrain_component_demo,terrain.surface_probe.v1,surface_probe_schema_v1,2371,terrain.heightmap_mesh,analytic_heightmap_with_scm_sinkage,2.700,1.400,0.03753,0.00996,-0.12708,0.99184,0.5932,0.5932,0.00001,0.5932,0.00001,fallback_pychrono_unavailable
environment_terrain_component_demo,terrain.surface_probe.v1,surface_probe_schema_v1,2372,terrain.heightmap_mesh,analytic_heightmap_with_scm_sinkage,2.700,1.500,0.04994,0.01327,-0.11868,0.99284,0.5843,0.5843,0.00000,0.5843,0.00000,fallback_pychrono_unavailable
environment_terrain_component_demo,terrain.surface_probe.v1,surface_probe_schema_v1,2373,terrain.heightmap_mesh,analytic_heightmap_with_scm_sinkage,2.700,1.600,0.06136,0.01633,-0.10796,0.99402,0.5762,0.5762,0.00000,0.5762,0.00000,fallback_pychrono_unavailable
environment_terrain_component_demo,terrain.surface_probe.v1,surface_probe_schema_v1,2374,terrain.heightmap_mesh,analytic_heightmap_with_scm_sinkage,2.700,1.700,0.07159,0.01907,-0.09511,0.99528,0.5689,0.5689,0.00000,0.5689,0.00000,fallback_pychrono_unavailable
environment_terrain_component_demo,terrain.surface_probe.v1,surface_probe_schema_v1,2375,terrain.heightmap_mesh,analytic_heightmap_with_scm_sinkage,2.700,1.800,0.08041,0.02145,-0.08036,0.99654,0.5626,0.5626,0.00000,0.5626,0.00000,fallback_pychrono_unavailable
environment_terrain_component_demo,terrain.surface_probe.v1,surface_probe_schema_v1,2376,terrain.heightmap_mesh,analytic_heightmap_with_scm_sinkage,2.700,1.900,0.08766,0.02341,-0.06399,0.99768,0.5574,0.5574,0.00000,0.5574,0.00000,fallback_pychrono_unavailable
environment_terrain_component_demo,terrain.surface_probe.v1,surface_probe_schema_v1,2377,terrain.heightmap_mesh,analytic_heightmap_with_scm_sinkage,2.700,2.000,0.09320,0.02491,-0.04632,0.99862,0.5534,0.5534,0.00000,0.5534,0.00000,fallback_pychrono_unavailable
environment_terrain_component_demo,terrain.surface_probe.v1,surface_probe_schema_v1,2378,terrain.heightmap_mesh,analytic_heightmap_with_scm_sinkage,2.800,-2.000,0.08921,0.05444,0.04429,0.99753,0.5563,0.5563,0.00000,0.5563,0.00000,fallback_pychrono_unavailable
environment_terrain_component_demo,terrain.surface_probe.v1,surface_probe_schema_v1,2379,terrain.heightmap_mesh,analytic_heightmap_with_scm_sinkage,2.800,-1.900,0.08391,0.05117,0.06120,0.99681,0.5601,0.5601,0.00000,0.5601,0.00000,fallback_pychrono_unavailable
environment_terrain_component_demo,terrain.surface_probe.v1,surface_probe_schema_v1,2380,terrain.heightmap_mesh,analytic_heightmap_with_scm_sinkage,2.800,-1.800,0.07697,0.04690,0.07688,0.99594,0.5650,0.5650,0.00000,0.5650,0.00000,fallback_pychrono_unavailable
environment_terrain_component_demo,terrain.surface_probe.v1,surface_probe_schema_v1,2381,terrain.heightmap_mesh,analytic_heightmap_with_scm_sinkage,2.800,-1.700,0.06852,0.04171,0.09101,0.99498,0.5711,0.5711,0.00000,0.5711,0.00000,fallback_pychrono_unavailable
environment_terrain_component_demo,terrain.surface_probe.v1,surface_probe_schema_v1,2382,terrain.heightmap_mesh,analytic_heightmap_with_scm_sinkage,2.800,-1.600,0.05874,0.03572,0.10334,0.99400,0.5780,0.5780,0.00000,0.5780,0.00000,fallback_pychrono_unavailable
environment_terrain_component_demo,terrain.surface_probe.v1,surface_probe_schema_v1,2383,terrain.heightmap_mesh,analytic_heightmap_with_scm_sinkage,2.800,-1.500,0.04780,0.02904,0.11363,0.99310,0.5859,0.5859,0.00000,0.5859,0.00000,fallback_pychrono_unavailable
environment_terrain_component_demo,terrain.surface_probe.v1,surface_probe_schema_v1,2384,terrain.heightmap_mesh,analytic_heightmap_with_scm_sinkage,2.800,-1.400,0.03593,0.02181,0.12170,0.99233,0.5943,0.5943,0.00001,0.5943,0.00001,fallback_pychrono_unavailable
environment_terrain_component_demo,terrain.surface_probe.v1,surface_probe_schema_v1,2385,terrain.heightmap_mesh,analytic_heightmap_with_scm_sinkage,2.800,-1.300,0.02335,0.01417,0.12740,0.99175,0.6033,0.6033,0.00001,0.6033,0.00001,fallback_pychrono_unavailable
environment_terrain_component_demo,terrain.surface_probe.v1,surface_probe_schema_v1,2386,terrain.heightmap_mesh,analytic_heightmap_with_scm_sinkage,2.800,-1.200,0.01032,0.00626,0.13063,0.99141,0.6126,0.6126,0.00003,0.6126,0.00003,fallback_pychrono_unavailable
environment_terrain_component_demo,terrain.surface_probe.v1,surface_probe_schema_v1,2387,terrain.heightmap_mesh,analytic_heightmap_with_scm_sinkage,2.800,-1.100,-0.00292,-0.00177,0.13134,0.99134,0.6179,0.6179,0.00006,0.6179,0.00006,fallback_pychrono_unavailable
environment_terrain_component_demo,terrain.surface_probe.v1,surface_probe_schema_v1,2388,terrain.heightmap_mesh,analytic_heightmap_with_scm_sinkage,2.800,-1.000,-0.01609,-0.00976,0.12952,0.99153,0.6085,0.6085,0.00010,0.6085,0.00010,fallback_pychrono_unavailable
environment_terrain_component_demo,terrain.surface_probe.v1,surface_probe_schema_v1,2389,terrain.heightmap_mesh,analytic_heightmap_with_scm_sinkage,2.800,-0.900,-0.02896,-0.01757,0.12519,0.99198,0.5993,0.5993,0.00017,0.5993,0.00017,fallback_pychrono_unavailable
environment_terrain_component_demo,terrain.surface_probe.v1,surface_probe_schema_v1,2390,terrain.heightmap_mesh,analytic_heightmap_with_scm_sinkage,2.800,-0.800,-0.04125,-0.02505,0.11843,0.99265,0.5905,0.5905,0.00028,0.5905,0.00028,fallback_pychrono_unavailable
environment_terrain_component_demo,terrain.surface_probe.v1,surface_probe_schema_v1,2391,terrain.heightmap_mesh,analytic_heightmap_with_scm_sinkage,2.800,-0.700,-0.05274,-0.03205,0.10937,0.99348,0.5823,0.5823,0.00044,0.5823,0.00044,fallback_pychrono_unavailable
environment_terrain_component_demo,terrain.surface_probe.v1,surface_probe_schema_v1,2392,terrain.heightmap_mesh,analytic_heightmap_with_scm_sinkage,2.800,-0.600,-0.06320,-0.03844,0.09816,0.99443,0.5749,0.5749,0.00063,0.5749,0.00063,fallback_pychrono_unavailable
environment_terrain_component_demo,terrain.surface_probe.v1,surface_probe_schema_v1,2393,terrain.heightmap_mesh,analytic_heightmap_with_scm_sinkage,2.800,-0.500,-0.07242,-0.04410,0.08500,0.99540,0.5683,0.5683,0.00086,0.5683,0.00086,fallback_pychrono_unavailable
environment_terrain_component_demo,terrain.surface_probe.v1,surface_probe_schema_v1,2394,terrain.heightmap_mesh,analytic_heightmap_with_scm_sinkage,2.800,-0.400,-0.08022,-0.04889,0.07015,0.99634,0.5627,0.5627,0.00112,0.5627,0.00112,fallback_pychrono_unavailable
environment_terrain_component_demo,terrain.surface_probe.v1,surface_probe_schema_v1,2395,terrain.heightmap_mesh,analytic_heightmap_with_scm_sinkage,2.800,-0.300,-0.08645,-0.05274,0.05390,0.99715,0.5582,0.5582,0.00137,0.5582,0.00137,fallback_pychrono_unavailable
environment_terrain_component_demo,terrain.surface_probe.v1,surface_probe_schema_v1,2396,terrain.heightmap_mesh,analytic_heightmap_with_scm_sinkage,2.800,-0.200,-0.09099,-0.05554,0.03655,0.99779,0.5550,0.5550,0.00157,0.5550,0.00157,fallback_pychrono_unavailable
environment_terrain_component_demo,terrain.surface_probe.v1,surface_probe_schema_v1,2397,terrain.heightmap_mesh,analytic_heightmap_with_scm_sinkage,2.800,-0.100,-0.09376,-0.05725,0.01846,0.99819,0.5530,0.5530,0.00172,0.5530,0.00172,fallback_pychrono_unavailable
environment_terrain_component_demo,terrain.surface_probe.v1,surface_probe_schema_v1,2398,terrain.heightmap_mesh,analytic_heightmap_with_scm_sinkage,2.800,0.000,-0.09468,-0.05782,-0.00000,0.99833,0.5524,0.5524,0.00177,0.5524,0.00177,fallback_pychrono_unavailable
environment_terrain_component_demo,terrain.surface_probe.v1,surface_probe_schema_v1,2399,terrain.heightmap_mesh,analytic_heightmap_with_scm_sinkage,2.800,0.100,-0.09376,-0.05725,-0.01846,0.99819,0.5530,0.5530,0.00172,0.5530,0.00172,fallback_pychrono_unavailable
environment_terrain_component_demo,terrain.surface_probe.v1,surface_probe_schema_v1,2400,terrain.heightmap_mesh,analytic_heightmap_with_scm_sinkage,2.800,0.200,-0.09099,-0.05554,-0.03655,0.99779,0.5550,0.5550,0.00157,0.5550,0.00157,fallback_pychrono_unavailable
environment_terrain_component_demo,terrain.surface_probe.v1,surface_probe_schema_v1,2401,terrain.heightmap_mesh,analytic_heightmap_with_scm_sinkage,2.800,0.300,-0.08645,-0.05274,-0.05390,0.99715,0.5582,0.5582,0.00137,0.5582,0.00137,fallback_pychrono_unavailable
environment_terrain_component_demo,terrain.surface_probe.v1,surface_probe_schema_v1,2402,terrain.heightmap_mesh,analytic_heightmap_with_scm_sinkage,2.800,0.400,-0.08022,-0.04889,-0.07015,0.99634,0.5627,0.5627,0.00112,0.5627,0.00112,fallback_pychrono_unavailable
environment_terrain_component_demo,terrain.surface_probe.v1,surface_probe_schema_v1,2403,terrain.heightmap_mesh,analytic_heightmap_with_scm_sinkage,2.800,0.500,-0.07242,-0.04410,-0.08500,0.99540,0.5683,0.5683,0.00086,0.5683,0.00086,fallback_pychrono_unavailable
environment_terrain_component_demo,terrain.surface_probe.v1,surface_probe_schema_v1,2404,terrain.heightmap_mesh,analytic_heightmap_with_scm_sinkage,2.800,0.600,-0.06320,-0.03844,-0.09816,0.99443,0.5749,0.5749,0.00063,0.5749,0.00063,fallback_pychrono_unavailable
environment_terrain_component_demo,terrain.surface_probe.v1,surface_probe_schema_v1,2405,terrain.heightmap_mesh,analytic_heightmap_with_scm_sinkage,2.800,0.700,-0.05274,-0.03205,-0.10937,0.99348,0.5823,0.5823,0.00044,0.5823,0.00044,fallback_pychrono_unavailable
environment_terrain_component_demo,terrain.surface_probe.v1,surface_probe_schema_v1,2406,terrain.heightmap_mesh,analytic_heightmap_with_scm_sinkage,2.800,0.800,-0.04125,-0.02505,-0.11843,0.99265,0.5905,0.5905,0.00028,0.5905,0.00028,fallback_pychrono_unavailable
environment_terrain_component_demo,terrain.surface_probe.v1,surface_probe_schema_v1,2407,terrain.heightmap_mesh,analytic_heightmap_with_scm_sinkage,2.800,0.900,-0.02896,-0.01757,-0.12519,0.99198,0.5993,0.5993,0.00017,0.5993,0.00017,fallback_pychrono_unavailable
environment_terrain_component_demo,terrain.surface_probe.v1,surface_probe_schema_v1,2408,terrain.heightmap_mesh,analytic_heightmap_with_scm_sinkage,2.800,1.000,-0.01609,-0.00976,-0.12952,0.99153,0.6085,0.6085,0.00010,0.6085,0.00010,fallback_pychrono_unavailable
environment_terrain_component_demo,terrain.surface_probe.v1,surface_probe_schema_v1,2409,terrain.heightmap_mesh,analytic_heightmap_with_scm_sinkage,2.800,1.100,-0.00292,-0.00177,-0.13134,0.99134,0.6179,0.6179,0.00006,0.6179,0.00006,fallback_pychrono_unavailable
environment_terrain_component_demo,terrain.surface_probe.v1,surface_probe_schema_v1,2410,terrain.heightmap_mesh,analytic_heightmap_with_scm_sinkage,2.800,1.200,0.01032,0.00626,-0.13063,0.99141,0.6126,0.6126,0.00003,0.6126,0.00003,fallback_pychrono_unavailable
environment_terrain_component_demo,terrain.surface_probe.v1,surface_probe_schema_v1,2411,terrain.heightmap_mesh,analytic_heightmap_with_scm_sinkage,2.800,1.300,0.02335,0.01417,-0.12740,0.99175,0.6033,0.6033,0.00001,0.6033,0.00001,fallback_pychrono_unavailable
environment_terrain_component_demo,terrain.surface_probe.v1,surface_probe_schema_v1,2412,terrain.heightmap_mesh,analytic_heightmap_with_scm_sinkage,2.800,1.400,0.03593,0.02181,-0.12170,0.99233,0.5943,0.5943,0.00001,0.5943,0.00001,fallback_pychrono_unavailable
environment_terrain_component_demo,terrain.surface_probe.v1,surface_probe_schema_v1,2413,terrain.heightmap_mesh,analytic_heightmap_with_scm_sinkage,2.800,1.500,0.04780,0.02904,-0.11363,0.99310,0.5859,0.5859,0.00000,0.5859,0.00000,fallback_pychrono_unavailable
environment_terrain_component_demo,terrain.surface_probe.v1,surface_probe_schema_v1,2414,terrain.heightmap_mesh,analytic_heightmap_with_scm_sinkage,2.800,1.600,0.05874,0.03572,-0.10334,0.99400,0.5780,0.5780,0.00000,0.5780,0.00000,fallback_pychrono_unavailable
environment_terrain_component_demo,terrain.surface_probe.v1,surface_probe_schema_v1,2415,terrain.heightmap_mesh,analytic_heightmap_with_scm_sinkage,2.800,1.700,0.06852,0.04171,-0.09101,0.99498,0.5711,0.5711,0.00000,0.5711,0.00000,fallback_pychrono_unavailable
environment_terrain_component_demo,terrain.surface_probe.v1,surface_probe_schema_v1,2416,terrain.heightmap_mesh,analytic_heightmap_with_scm_sinkage,2.800,1.800,0.07697,0.04690,-0.07688,0.99594,0.5650,0.5650,0.00000,0.5650,0.00000,fallback_pychrono_unavailable
environment_terrain_component_demo,terrain.surface_probe.v1,surface_probe_schema_v1,2417,terrain.heightmap_mesh,analytic_heightmap_with_scm_sinkage,2.800,1.900,0.08391,0.05117,-0.06120,0.99681,0.5601,0.5601,0.00000,0.5601,0.00000,fallback_pychrono_unavailable
environment_terrain_component_demo,terrain.surface_probe.v1,surface_probe_schema_v1,2418,terrain.heightmap_mesh,analytic_heightmap_with_scm_sinkage,2.800,2.000,0.08921,0.05444,-0.04429,0.99753,0.5563,0.5563,0.00000,0.5563,0.00000,fallback_pychrono_unavailable
environment_terrain_component_demo,terrain.surface_probe.v1,surface_probe_schema_v1,2419,terrain.heightmap_mesh,analytic_heightmap_with_scm_sinkage,2.900,-2.000,0.08234,0.08209,0.04081,0.99579,0.5612,0.5612,0.00000,0.5612,0.00000,fallback_pychrono_unavailable
environment_terrain_component_demo,terrain.surface_probe.v1,surface_probe_schema_v1,2420,terrain.heightmap_mesh,analytic_heightmap_with_scm_sinkage,2.900,-1.900,0.07745,0.07719,0.05641,0.99542,0.5647,0.5647,0.00000,0.5647,0.00000,fallback_pychrono_unavailable
environment_terrain_component_demo,terrain.surface_probe.v1,surface_probe_schema_v1,2421,terrain.heightmap_mesh,analytic_heightmap_with_scm_sinkage,2.900,-1.800,0.07104,0.07077,0.07089,0.99497,0.5693,0.5693,0.00000,0.5693,0.00000,fallback_pychrono_unavailable
environment_terrain_component_demo,terrain.surface_probe.v1,surface_probe_schema_v1,2422,terrain.heightmap_mesh,analytic_heightmap_with_scm_sinkage,2.900,-1.700,0.06325,0.06297,0.08396,0.99448,0.5748,0.5748,0.00000,0.5748,0.00000,fallback_pychrono_unavailable
environment_terrain_component_demo,terrain.surface_probe.v1,surface_probe_schema_v1,2423,terrain.heightmap_mesh,analytic_heightmap_with_scm_sinkage,2.900,-1.600,0.05421,0.05395,0.09538,0.99398,0.5813,0.5813,0.00000,0.5813,0.00000,fallback_pychrono_unavailable
environment_terrain_component_demo,terrain.surface_probe.v1,surface_probe_schema_v1,2424,terrain.heightmap_mesh,analytic_heightmap_with_scm_sinkage,2.900,-1.500,0.04412,0.04389,0.10493,0.99351,0.5885,0.5885,0.00000,0.5885,0.00000,fallback_pychrono_unavailable
environment_terrain_component_demo,terrain.surface_probe.v1,surface_probe_schema_v1,2425,terrain.heightmap_mesh,analytic_heightmap_with_scm_sinkage,2.900,-1.400,0.03316,0.03297,0.11242,0.99311,0.5963,0.5963,0.00000,0.5963,0.00000,fallback_pychrono_unavailable
environment_terrain_component_demo,terrain.surface_probe.v1,surface_probe_schema_v1,2426,terrain.heightmap_mesh,analytic_heightmap_with_scm_sinkage,2.900,-1.300,0.02155,0.02142,0.11772,0.99282,0.6046,0.6046,0.00001,0.6046,0.00001,fallback_pychrono_unavailable
environment_terrain_component_demo,terrain.surface_probe.v1,surface_probe_schema_v1,2427,terrain.heightmap_mesh,analytic_heightmap_with_scm_sinkage,2.900,-1.200,0.00952,0.00947,0.12072,0.99264,0.6132,0.6132,0.00002,0.6132,0.00002,fallback_pychrono_unavailable
environment_terrain_component_demo,terrain.surface_probe.v1,surface_probe_schema_v1,2428,terrain.heightmap_mesh,analytic_heightmap_with_scm_sinkage,2.900,-1.100,-0.00269,-0.00267,0.12138,0.99260,0.6181,0.6181,0.00004,0.6181,0.00004,fallback_pychrono_unavailable
environment_terrain_component_demo,terrain.surface_probe.v1,surface_probe_schema_v1,2429,terrain.heightmap_mesh,analytic_heightmap_with_scm_sinkage,2.900,-1.000,-0.01485,-0.01476,0.11969,0.99270,0.6094,0.6094,0.00007,0.6094,0.00007,fallback_pychrono_unavailable
environment_terrain_component_demo,terrain.surface_probe.v1,surface_probe_schema_v1,2430,terrain.heightmap_mesh,analytic_heightmap_with_scm_sinkage,2.900,-0.900,-0.02673,-0.02657,0.11566,0.99293,0.6009,0.6009,0.00012,0.6009,0.00012,fallback_pychrono_unavailable
environment_terrain_component_demo,terrain.surface_probe.v1,surface_probe_schema_v1,2431,terrain.heightmap_mesh,analytic_heightmap_with_scm_sinkage,2.900,-0.800,-0.03807,-0.03786,0.10938,0.99328,0.5928,0.5928,0.00020,0.5928,0.00020,fallback_pychrono_unavailable
environment_terrain_component_demo,terrain.surface_probe.v1,surface_probe_schema_v1,2432,terrain.heightmap_mesh,analytic_heightmap_with_scm_sinkage,2.900,-0.700,-0.04868,-0.04843,0.10097,0.99371,0.5852,0.5852,0.00031,0.5852,0.00031,fallback_pychrono_unavailable
environment_terrain_component_demo,terrain.surface_probe.v1,surface_probe_schema_v1,2433,terrain.heightmap_mesh,analytic_heightmap_with_scm_sinkage,2.900,-0.600,-0.05833,-0.05806,0.09058,0.99420,0.5783,0.5783,0.00044,0.5783,0.00044,fallback_pychrono_unavailable
environment_terrain_component_demo,terrain.surface_probe.v1,surface_probe_schema_v1,2434,terrain.heightmap_mesh,analytic_heightmap_with_scm_sinkage,2.900,-0.500,-0.06684,-0.06657,0.07840,0.99470,0.5723,0.5723,0.00061,0.5723,0.00061,fallback_pychrono_unavailable
environment_terrain_component_demo,terrain.surface_probe.v1,surface_probe_schema_v1,2435,terrain.heightmap_mesh,analytic_heightmap_with_scm_sinkage,2.900,-0.400,-0.07404,-0.07377,0.06468,0.99518,0.5671,0.5671,0.00079,0.5671,0.00079,fallback_pychrono_unavailable
environment_terrain_component_demo,terrain.surface_probe.v1,surface_probe_schema_v1,2436,terrain.heightmap_mesh,analytic_heightmap_with_scm_sinkage,2.900,-0.300,-0.07980,-0.07954,0.04967,0.99559,0.5630,0.5630,0.00096,0.5630,0.00096,fallback_pychrono_unavailable
environment_terrain_component_demo,terrain.surface_probe.v1,surface_probe_schema_v1,2437,terrain.heightmap_mesh,analytic_heightmap_with_scm_sinkage,2.900,-0.200,-0.08399,-0.08375,0.03367,0.99592,0.5600,0.5600,0.00111,0.5600,0.00111,fallback_pychrono_unavailable
environment_terrain_component_demo,terrain.surface_probe.v1,surface_probe_schema_v1,2438,terrain.heightmap_mesh,analytic_heightmap_with_scm_sinkage,2.900,-0.100,-0.08654,-0.08630,0.01701,0.99612,0.5582,0.5582,0.00121,0.5582,0.00121,fallback_pychrono_unavailable
environment_terrain_component_demo,terrain.surface_probe.v1,surface_probe_schema_v1,2439,terrain.heightmap_mesh,analytic_heightmap_with_scm_sinkage,2.900,0.000,-0.08739,-0.08716,-0.00000,0.99619,0.5576,0.5576,0.00124,0.5576,0.00124,fallback_pychrono_unavailable
environment_terrain_component_demo,terrain.surface_probe.v1,surface_probe_schema_v1,2440,terrain.heightmap_mesh,analytic_heightmap_with_scm_sinkage,2.900,0.100,-0.08654,-0.08630,-0.01701,0.99612,0.5582,0.5582,0.00121,0.5582,0.00121,fallback_pychrono_unavailable
environment_terrain_component_demo,terrain.surface_probe.v1,surface_probe_schema_v1,2441,terrain.heightmap_mesh,analytic_heightmap_with_scm_sinkage,2.900,0.200,-0.08399,-0.08375,-0.03367,0.99592,0.5600,0.5600,0.00111,0.5600,0.00111,fallback_pychrono_unavailable
environment_terrain_component_demo,terrain.surface_probe.v1,surface_probe_schema_v1,2442,terrain.heightmap_mesh,analytic_heightmap_with_scm_sinkage,2.900,0.300,-0.07980,-0.07954,-0.04967,0.99559,0.5630,0.5630,0.00096,0.5630,0.00096,fallback_pychrono_unavailable
environment_terrain_component_demo,terrain.surface_probe.v1,surface_probe_schema_v1,2443,terrain.heightmap_mesh,analytic_heightmap_with_scm_sinkage,2.900,0.400,-0.07404,-0.07377,-0.06468,0.99518,0.5671,0.5671,0.00079,0.5671,0.00079,fallback_pychrono_unavailable
environment_terrain_component_demo,terrain.surface_probe.v1,surface_probe_schema_v1,2444,terrain.heightmap_mesh,analytic_heightmap_with_scm_sinkage,2.900,0.500,-0.06684,-0.06657,-0.07840,0.99470,0.5723,0.5723,0.00061,0.5723,0.00061,fallback_pychrono_unavailable
environment_terrain_component_demo,terrain.surface_probe.v1,surface_probe_schema_v1,2445,terrain.heightmap_mesh,analytic_heightmap_with_scm_sinkage,2.900,0.600,-0.05833,-0.05806,-0.09058,0.99420,0.5783,0.5783,0.00044,0.5783,0.00044,fallback_pychrono_unavailable
environment_terrain_component_demo,terrain.surface_probe.v1,surface_probe_schema_v1,2446,terrain.heightmap_mesh,analytic_heightmap_with_scm_sinkage,2.900,0.700,-0.04868,-0.04843,-0.10097,0.99371,0.5852,0.5852,0.00031,0.5852,0.00031,fallback_pychrono_unavailable
environment_terrain_component_demo,terrain.surface_probe.v1,surface_probe_schema_v1,2447,terrain.heightmap_mesh,analytic_heightmap_with_scm_sinkage,2.900,0.800,-0.03807,-0.03786,-0.10938,0.99328,0.5928,0.5928,0.00020,0.5928,0.00020,fallback_pychrono_unavailable
environment_terrain_component_demo,terrain.surface_probe.v1,surface_probe_schema_v1,2448,terrain.heightmap_mesh,analytic_heightmap_with_scm_sinkage,2.900,0.900,-0.02673,-0.02657,-0.11566,0.99293,0.6009,0.6009,0.00012,0.6009,0.00012,fallback_pychrono_unavailable
environment_terrain_component_demo,terrain.surface_probe.v1,surface_probe_schema_v1,2449,terrain.heightmap_mesh,analytic_heightmap_with_scm_sinkage,2.900,1.000,-0.01485,-0.01476,-0.11969,0.99270,0.6094,0.6094,0.00007,0.6094,0.00007,fallback_pychrono_unavailable
environment_terrain_component_demo,terrain.surface_probe.v1,surface_probe_schema_v1,2450,terrain.heightmap_mesh,analytic_heightmap_with_scm_sinkage,2.900,1.100,-0.00269,-0.00267,-0.12138,0.99260,0.6181,0.6181,0.00004,0.6181,0.00004,fallback_pychrono_unavailable
environment_terrain_component_demo,terrain.surface_probe.v1,surface_probe_schema_v1,2451,terrain.heightmap_mesh,analytic_heightmap_with_scm_sinkage,2.900,1.200,0.00952,0.00947,-0.12072,0.99264,0.6132,0.6132,0.00002,0.6132,0.00002,fallback_pychrono_unavailable
environment_terrain_component_demo,terrain.surface_probe.v1,surface_probe_schema_v1,2452,terrain.heightmap_mesh,analytic_heightmap_with_scm_sinkage,2.900,1.300,0.02155,0.02142,-0.11772,0.99282,0.6046,0.6046,0.00001,0.6046,0.00001,fallback_pychrono_unavailable
environment_terrain_component_demo,terrain.surface_probe.v1,surface_probe_schema_v1,2453,terrain.heightmap_mesh,analytic_heightmap_with_scm_sinkage,2.900,1.400,0.03316,0.03297,-0.11242,0.99311,0.5963,0.5963,0.00000,0.5963,0.00000,fallback_pychrono_unavailable
environment_terrain_component_demo,terrain.surface_probe.v1,surface_probe_schema_v1,2454,terrain.heightmap_mesh,analytic_heightmap_with_scm_sinkage,2.900,1.500,0.04412,0.04389,-0.10493,0.99351,0.5885,0.5885,0.00000,0.5885,0.00000,fallback_pychrono_unavailable
environment_terrain_component_demo,terrain.surface_probe.v1,surface_probe_schema_v1,2455,terrain.heightmap_mesh,analytic_heightmap_with_scm_sinkage,2.900,1.600,0.05421,0.05395,-0.09538,0.99398,0.5813,0.5813,0.00000,0.5813,0.00000,fallback_pychrono_unavailable
environment_terrain_component_demo,terrain.surface_probe.v1,surface_probe_schema_v1,2456,terrain.heightmap_mesh,analytic_heightmap_with_scm_sinkage,2.900,1.700,0.06325,0.06297,-0.08396,0.99448,0.5748,0.5748,0.00000,0.5748,0.00000,fallback_pychrono_unavailable
environment_terrain_component_demo,terrain.surface_probe.v1,surface_probe_schema_v1,2457,terrain.heightmap_mesh,analytic_heightmap_with_scm_sinkage,2.900,1.800,0.07104,0.07077,-0.07089,0.99497,0.5693,0.5693,0.00000,0.5693,0.00000,fallback_pychrono_unavailable
environment_terrain_component_demo,terrain.surface_probe.v1,surface_probe_schema_v1,2458,terrain.heightmap_mesh,analytic_heightmap_with_scm_sinkage,2.900,1.900,0.07745,0.07719,-0.05641,0.99542,0.5647,0.5647,0.00000,0.5647,0.00000,fallback_pychrono_unavailable
environment_terrain_component_demo,terrain.surface_probe.v1,surface_probe_schema_v1,2459,terrain.heightmap_mesh,analytic_heightmap_with_scm_sinkage,2.900,2.000,0.08234,0.08209,-0.04081,0.99579,0.5612,0.5612,0.00000,0.5612,0.00000,fallback_pychrono_unavailable
environment_terrain_component_demo,terrain.surface_probe.v1,surface_probe_schema_v1,2460,terrain.heightmap_mesh,analytic_heightmap_with_scm_sinkage,3.000,-2.000,0.07281,0.10696,0.03601,0.99361,0.5680,0.5680,0.00000,0.5680,0.00000,fallback_pychrono_unavailable
environment_terrain_component_demo,terrain.surface_probe.v1,surface_probe_schema_v1,2461,terrain.heightmap_mesh,analytic_heightmap_with_scm_sinkage,3.000,-1.900,0.06849,0.10061,0.04979,0.99368,0.5711,0.5711,0.00000,0.5711,0.00000,fallback_pychrono_unavailable
environment_terrain_component_demo,terrain.surface_probe.v1,surface_probe_schema_v1,2462,terrain.heightmap_mesh,analytic_heightmap_with_scm_sinkage,3.000,-1.800,0.06282,0.09230,0.06261,0.99376,0.5751,0.5751,0.00000,0.5751,0.00000,fallback_pychrono_unavailable
environment_terrain_component_demo,terrain.surface_probe.v1,surface_probe_schema_v1,2463,terrain.heightmap_mesh,analytic_heightmap_with_scm_sinkage,3.000,-1.700,0.05593,0.08217,0.07420,0.99385,0.5801,0.5801,0.00000,0.5801,0.00000,fallback_pychrono_unavailable
environment_terrain_component_demo,terrain.surface_probe.v1,surface_probe_schema_v1,2464,terrain.heightmap_mesh,analytic_heightmap_with_scm_sinkage,3.000,-1.600,0.04794,0.07044,0.08434,0.99394,0.5858,0.5858,0.00000,0.5858,0.00000,fallback_pychrono_unavailable
environment_terrain_component_demo,terrain.surface_probe.v1,surface_probe_schema_v1,2465,terrain.heightmap_mesh,analytic_heightmap_with_scm_sinkage,3.000,-1.500,0.03901,0.05733,0.09283,0.99403,0.5921,0.5921,0.00000,0.5921,0.00000,fallback_pychrono_unavailable
environment_terrain_component_demo,terrain.surface_probe.v1,surface_probe_schema_v1,2466,terrain.heightmap_mesh,analytic_heightmap_with_scm_sinkage,3.000,-1.400,0.02932,0.04309,0.09951,0.99410,0.5991,0.5991,0.00000,0.5991,0.00000,fallback_pychrono_unavailable
environment_terrain_component_demo,terrain.surface_probe.v1,surface_probe_schema_v1,2467,terrain.heightmap_mesh,analytic_heightmap_with_scm_sinkage,3.000,-1.300,0.01906,0.02801,0.10423,0.99416,0.6064,0.6064,0.00001,0.6064,0.00001,fallback_pychrono_unavailable
environment_terrain_component_demo,terrain.surface_probe.v1,surface_probe_schema_v1,2468,terrain.heightmap_mesh,analytic_heightmap_with_scm_sinkage,3.000,-1.200,0.00842,0.01238,0.10692,0.99419,0.6140,0.6140,0.00001,0.6140,0.00001,fallback_pychrono_unavailable
environment_terrain_component_demo,terrain.surface_probe.v1,surface_probe_schema_v1,2469,terrain.heightmap_mesh,analytic_heightmap_with_scm_sinkage,3.000,-1.100,-0.00238,-0.00350,0.10751,0.99420,0.6183,0.6183,0.00003,0.6183,0.00003,fallback_pychrono_unavailable
environment_terrain_component_demo,terrain.surface_probe.v1,surface_probe_schema_v1,2470,terrain.heightmap_mesh,analytic_heightmap_with_scm_sinkage,3.000,-1.000,-0.01313,-0.01930,0.10599,0.99418,0.6106,0.6106,0.00005,0.6106,0.00005,fallback_pychrono_unavailable
environment_terrain_component_demo,terrain.surface_probe.v1,surface_probe_schema_v1,2471,terrain.heightmap_mesh,analytic_heightmap_with_scm_sinkage,3.000,-0.900,-0.02363,-0.03473,0.10240,0.99414,0.6031,0.6031,0.00008,0.6031,0.00008,fallback_pychrono_unavailable
environment_terrain_component_demo,terrain.surface_probe.v1,surface_probe_schema_v1,2472,terrain.heightmap_mesh,analytic_heightmap_with_scm_sinkage,3.000,-0.800,-0.03367,-0.04948,0.09680,0.99407,0.5960,0.5960,0.00014,0.5960,0.00014,fallback_pychrono_unavailable
environment_terrain_component_demo,terrain.surface_probe.v1,surface_probe_schema_v1,2473,terrain.heightmap_mesh,analytic_heightmap_with_scm_sinkage,3.000,-0.700,-0.04304,-0.06325,0.08931,0.99399,0.5893,0.5893,0.00021,0.5893,0.00021,fallback_pychrono_unavailable
environment_terrain_component_demo,terrain.surface_probe.v1,surface_probe_schema_v1,2474,terrain.heightmap_mesh,analytic_heightmap_with_scm_sinkage,3.000,-0.600,-0.05158,-0.07579,0.08007,0.99390,0.5832,0.5832,0.00031,0.5832,0.00031,fallback_pychrono_unavailable
environment_terrain_component_demo,terrain.surface_probe.v1,surface_probe_schema_v1,2475,terrain.heightmap_mesh,analytic_heightmap_with_scm_sinkage,3.000,-0.500,-0.05910,-0.08684,0.06926,0.99381,0.5778,0.5778,0.00042,0.5778,0.00042,fallback_pychrono_unavailable
environment_terrain_component_demo,terrain.surface_probe.v1,surface_probe_schema_v1,2476,terrain.heightmap_mesh,analytic_heightmap_with_scm_sinkage,3.000,-0.400,-0.06547,-0.09619,0.05711,0.99372,0.5732,0.5732,0.00054,0.5732,0.00054,fallback_pychrono_unavailable
environment_terrain_component_demo,terrain.surface_probe.v1,surface_probe_schema_v1,2477,terrain.heightmap_mesh,analytic_heightmap_with_scm_sinkage,3.000,-0.300,-0.07056,-0.10365,0.04383,0.99365,0.5696,0.5696,0.00066,0.5696,0.00066,fallback_pychrono_unavailable
environment_terrain_component_demo,terrain.surface_probe.v1,surface_probe_schema_v1,2478,terrain.heightmap_mesh,analytic_heightmap_with_scm_sinkage,3.000,-0.200,-0.07427,-0.10909,0.02971,0.99359,0.5670,0.5670,0.00077,0.5670,0.00077,fallback_pychrono_unavailable
environment_terrain_component_demo,terrain.surface_probe.v1,surface_probe_schema_v1,2479,terrain.heightmap_mesh,analytic_heightmap_with_scm_sinkage,3.000,-0.100,-0.07652,-0.11240,0.01500,0.99355,0.5653,0.5653,0.00084,0.5653,0.00084,fallback_pychrono_unavailable
environment_terrain_component_demo,terrain.surface_probe.v1,surface_probe_schema_v1,2480,terrain.heightmap_mesh,analytic_heightmap_with_scm_sinkage,3.000,0.000,-0.07728,-0.11351,-0.00000,0.99354,0.5648,0.5648,0.00086,0.5648,0.00086,fallback_pychrono_unavailable
environment_terrain_component_demo,terrain.surface_probe.v1,surface_probe_schema_v1,2481,terrain.heightmap_mesh,analytic_heightmap_with_scm_sinkage,3.000,0.100,-0.07652,-0.11240,-0.01500,0.99355,0.5653,0.5653,0.00084,0.5653,0.00084,fallback_pychrono_unavailable
environment_terrain_component_demo,terrain.surface_probe.v1,surface_probe_schema_v1,2482,terrain.heightmap_mesh,analytic_heightmap_with_scm_sinkage,3.000,0.200,-0.07427,-0.10909,-0.02971,0.99359,0.5670,0.5670,0.00077,0.5670,0.00077,fallback_pychrono_unavailable
environment_terrain_component_demo,terrain.surface_probe.v1,surface_probe_schema_v1,2483,terrain.heightmap_mesh,analytic_heightmap_with_scm_sinkage,3.000,0.300,-0.07056,-0.10365,-0.04383,0.99365,0.5696,0.5696,0.00066,0.5696,0.00066,fallback_pychrono_unavailable
environment_terrain_component_demo,terrain.surface_probe.v1,surface_probe_schema_v1,2484,terrain.heightmap_mesh,analytic_heightmap_with_scm_sinkage,3.000,0.400,-0.06547,-0.09619,-0.05711,0.99372,0.5732,0.5732,0.00054,0.5732,0.00054,fallback_pychrono_unavailable
environment_terrain_component_demo,terrain.surface_probe.v1,surface_probe_schema_v1,2485,terrain.heightmap_mesh,analytic_heightmap_with_scm_sinkage,3.000,0.500,-0.05910,-0.08684,-0.06926,0.99381,0.5778,0.5778,0.00042,0.5778,0.00042,fallback_pychrono_unavailable
environment_terrain_component_demo,terrain.surface_probe.v1,surface_probe_schema_v1,2486,terrain.heightmap_mesh,analytic_heightmap_with_scm_sinkage,3.000,0.600,-0.05158,-0.07579,-0.08007,0.99390,0.5832,0.5832,0.00031,0.5832,0.00031,fallback_pychrono_unavailable
environment_terrain_component_demo,terrain.surface_probe.v1,surface_probe_schema_v1,2487,terrain.heightmap_mesh,analytic_heightmap_with_scm_sinkage,3.000,0.700,-0.04304,-0.06325,-0.08931,0.99399,0.5893,0.5893,0.00021,0.5893,0.00021,fallback_pychrono_unavailable
environment_terrain_component_demo,terrain.surface_probe.v1,surface_probe_schema_v1,2488,terrain.heightmap_mesh,analytic_heightmap_with_scm_sinkage,3.000,0.800,-0.03367,-0.04948,-0.09680,0.99407,0.5960,0.5960,0.00014,0.5960,0.00014,fallback_pychrono_unavailable
environment_terrain_component_demo,terrain.surface_probe.v1,surface_probe_schema_v1,2489,terrain.heightmap_mesh,analytic_heightmap_with_scm_sinkage,3.000,0.900,-0.02363,-0.03473,-0.10240,0.99414,0.6031,0.6031,0.00008,0.6031,0.00008,fallback_pychrono_unavailable
environment_terrain_component_demo,terrain.surface_probe.v1,surface_probe_schema_v1,2490,terrain.heightmap_mesh,analytic_heightmap_with_scm_sinkage,3.000,1.000,-0.01313,-0.01930,-0.10599,0.99418,0.6106,0.6106,0.00005,0.6106,0.00005,fallback_pychrono_unavailable
environment_terrain_component_demo,terrain.surface_probe.v1,surface_probe_schema_v1,2491,terrain.heightmap_mesh,analytic_heightmap_with_scm_sinkage,3.000,1.100,-0.00238,-0.00350,-0.10751,0.99420,0.6183,0.6183,0.00003,0.6183,0.00003,fallback_pychrono_unavailable
environment_terrain_component_demo,terrain.surface_probe.v1,surface_probe_schema_v1,2492,terrain.heightmap_mesh,analytic_heightmap_with_scm_sinkage,3.000,1.200,0.00842,0.01238,-0.10692,0.99419,0.6140,0.6140,0.00001,0.6140,0.00001,fallback_pychrono_unavailable
environment_terrain_component_demo,terrain.surface_probe.v1,surface_probe_schema_v1,2493,terrain.heightmap_mesh,analytic_heightmap_with_scm_sinkage,3.000,1.300,0.01906,0.02801,-0.10423,0.99416,0.6064,0.6064,0.00001,0.6064,0.00001,fallback_pychrono_unavailable
environment_terrain_component_demo,terrain.surface_probe.v1,surface_probe_schema_v1,2494,terrain.heightmap_mesh,analytic_heightmap_with_scm_sinkage,3.000,1.400,0.02932,0.04309,-0.09951,0.99410,0.5991,0.5991,0.00000,0.5991,0.00000,fallback_pychrono_unavailable
environment_terrain_component_demo,terrain.surface_probe.v1,surface_probe_schema_v1,2495,terrain.heightmap_mesh,analytic_heightmap_with_scm_sinkage,3.000,1.500,0.03901,0.05733,-0.09283,0.99403,0.5921,0.5921,0.00000,0.5921,0.00000,fallback_pychrono_unavailable
environment_terrain_component_demo,terrain.surface_probe.v1,surface_probe_schema_v1,2496,terrain.heightmap_mesh,analytic_heightmap_with_scm_sinkage,3.000,1.600,0.04794,0.07044,-0.08434,0.99394,0.5858,0.5858,0.00000,0.5858,0.00000,fallback_pychrono_unavailable
environment_terrain_component_demo,terrain.surface_probe.v1,surface_probe_schema_v1,2497,terrain.heightmap_mesh,analytic_heightmap_with_scm_sinkage,3.000,1.700,0.05593,0.08217,-0.07420,0.99385,0.5801,0.5801,0.00000,0.5801,0.00000,fallback_pychrono_unavailable
environment_terrain_component_demo,terrain.surface_probe.v1,surface_probe_schema_v1,2498,terrain.heightmap_mesh,analytic_heightmap_with_scm_sinkage,3.000,1.800,0.06282,0.09230,-0.06261,0.99376,0.5751,0.5751,0.00000,0.5751,0.00000,fallback_pychrono_unavailable
environment_terrain_component_demo,terrain.surface_probe.v1,surface_probe_schema_v1,2499,terrain.heightmap_mesh,analytic_heightmap_with_scm_sinkage,3.000,1.900,0.06849,0.10061,-0.04979,0.99368,0.5711,0.5711,0.00000,0.5711,0.00000,fallback_pychrono_unavailable
environment_terrain_component_demo,terrain.surface_probe.v1,surface_probe_schema_v1,2500,terrain.heightmap_mesh,analytic_heightmap_with_scm_sinkage,3.000,2.000,0.07281,0.10696,-0.03601,0.99361,0.5680,0.5680,0.00000,0.5680,0.00000,fallback_pychrono_unavailable
