time,x,y,z,roll_deg,pitch_deg,yaw_deg,target_x,target_y,speed_cmd,steering_cmd,turn_mode,wheel_omega,steer_left_deg,steer_right_deg
0.0005,-5.3517440946425365e-09,-4.047685165554717e-12,0.5399975476988909,5.6187983170885025e-09,-2.189331000549177e-06,1.3987739442288574e-09,1.4,0.0,0.9,0.0,0.0,0.0025,0.0,0.0
0.05000000000000004,-4.728135173362604e-05,-4.371913516096113e-11,0.5276128266636815,2.245093525050947e-08,-0.01904117101439562,4.910578814166218e-09,1.4,0.0,0.9,-7.892997417976627e-11,0.0,0.2500000000000006,0.0,0.0
0.10000000000000007,-0.00018829773412062752,-4.369596694356071e-11,0.49069649091728135,2.246023896675909e-08,-0.07583226166125186,4.916481891559262e-09,1.4,0.0,0.9,-7.916917687977972e-11,0.0,0.500000000000002,0.0,0.0
0.1500000000000001,-0.00042299875917888036,-4.374459503493507e-11,0.429250718508841,2.2513188153091046e-08,-0.1703582652979304,4.934393612007068e-09,1.4,0.0,0.9,-7.957792199285396e-11,0.0,0.7499999999999981,0.0,0.0
0.20000000000000015,-0.000751362644799241,-4.381304205048444e-11,0.34327504574811524,2.2587391839451395e-08,-0.3026192003377976,4.959363490532229e-09,1.4,0.0,0.9,-8.014807349381109e-11,0.0,0.9999999999999938,0.0,0.0
0.25000000000000017,-0.0011733567088161986,-4.3900650099493574e-11,0.23276882394903545,2.2682538580772217e-08,-0.4726150669086035,4.9912329289890504e-09,1.4,0.0,0.9,-8.087584788970484e-11,0.0,1.2499999999999893,0.0,0.0
0.3000000000000002,-0.001688935279040547,-4.400779002876494e-11,0.0977312195391851,2.279859120799014e-08,-0.6803458650041022,5.02980767974556e-09,1.4,0.0,0.9,-8.175655178359118e-11,0.0,1.499999999999985,0.0,0.0
0.35000000000000026,0.040274095336101656,0.008349974149525728,0.07055529500909045,0.2351171508798609,-0.6741493793598055,-0.06249876631024366,1.4,0.0,0.9,-0.007326758554765687,0.0,1.7499999999999805,-0.204820490728464,-0.20547904535237915
0.4000000000000003,0.07331801056655733,0.014098857098073379,0.05738605743376966,5.431969939672072e-05,-1.7310696686554816,-0.3937702804058974,1.4,0.0,0.9,-0.005437256505373355,0.0,1.9999999999999762,-0.15206205631024677,-0.15242473999344766
0.45000000000000034,0.09852032787105416,0.014089653974270006,0.05735970557706234,-2.630185097937586e-05,-1.728668996852636,-0.3726680081834405,1.4,0.0,0.9,-0.0062654227013957745,0.0,2.249999999999987,-0.17519137583017835,-0.17567295644182063
0.5000000000000003,0.12702557645535095,0.013868781037196328,0.05736231852900084,-7.567852856495822e-05,-1.7290368964232283,-0.3766425036367228,1.4,0.0,0.9,-0.006265086454072422,0.0,2.500000000000006,-0.17518198669624613,-0.1756635156192304
0.5504999999999948,0.15887219301044744,0.013623747281004144,0.05736104424808973,-0.00022607874099218932,-1.7285808179653999,-0.38077014247213276,1.4,0.0,0.9,-0.006279722333906641,0.0,2.752500000000025,-0.17559066743972954,-0.17607444878896938
0.6004999999999893,0.1934049832233431,0.013346236604785252,0.057360873916437474,-5.7198860649925795e-05,-1.7289095283343614,-0.38586579617579625,1.4,0.0,0.9,-0.006272177923975645,0.0,3.0025000000000435,-0.17538000362508846,-0.17586262325167973
0.6504999999999838,0.23093915235738308,0.013033030154457873,0.05736077728108256,-7.355150700531516e-05,-1.7289020881850965,-0.39185969641626145,1.4,0.0,0.9,-0.006247340174012837,0.0,3.2525000000000626,-0.17468645008424716,-0.17516525494778848
0.7004999999999783,0.2715080729757712,0.012723706730340508,0.057345496016343936,6.840307382040689e-05,-1.727228847808387,-0.39506153181820125,1.4,0.0,0.9,-0.0063482465016405564,0.0,3.502500000000081,-0.17750404734387218,-0.17799844430314954
0.7504999999999727,0.31501537870671187,0.012419903295395579,0.05736098923895732,-6.870256870343257e-05,-1.7289335688884964,-0.3959647874388577,1.4,0.0,0.9,-0.0065761899466611476,0.0,3.7500000000000004,-0.1838684314237831,-0.18439896989828095
0.8004999999999672,0.3600238033024337,0.012042782700839982,0.0573591783740301,-0.00023034621512852267,-1.728663238568791,-0.4023247849825014,1.4,0.0,0.9,-0.006607628300480261,0.0,3.7500000000000004,-0.18474616846868586,-0.18528179168131859
0.8504999999999617,0.40502792675682625,0.01165591171129782,0.05735497855277694,-0.0005979358199529972,-1.7276392664686635,-0.4093896546676834,1.4,0.0,0.9,-0.006627258690392234,0.0,3.7500000000000004,-0.18529422922430716,-0.18583303969142567
0.9004999999999562,0.4500191366124768,0.01126882781608215,0.05735956628706977,-0.0006884515632233981,-1.728015923961729,-0.4158365359480219,1.4,0.0,0.9,-0.006679408369687627,0.0,3.7500000000000004,-0.1867501729931924,-0.1872974965752575
0.9504999999999507,0.4950425692374919,0.010860197648922067,0.05737980910738078,0.0011446634082007414,-1.729627727720419,-0.4253486228488841,1.4,0.0,0.9,-0.006634789844350704,0.0,3.7500000000000004,-0.18550449022391094,-0.1860445259833503
1.0004999999999453,0.5401104931787603,0.010665076151367662,0.057350150384959483,0.00036013885229757635,-1.7275206811509154,-0.41636743374947327,1.4,0.0,0.9,-0.007446964573397291,0.0,3.7500000000000004,-0.20817539254255482,-0.20885573346500927
1.0504999999999398,0.585124969792749,0.010256665201455357,0.05735771665570308,-0.0001297599114907043,-1.728472913800457,-0.42303817831669965,1.4,0.0,0.9,-0.007541656443232858,0.0,3.7500000000000004,-0.21081808047877565,-0.21151583311860173
1.1004999999999343,0.6301450428788234,0.009859175063133621,0.05736271937921916,-0.001388062258746906,-1.7275558139537772,-0.42965607793683264,1.4,0.0,0.9,-0.007696355448273688,0.0,3.7500000000000004,-0.21513522933040122,-0.21586190095314167
1.1504999999999288,0.6753135297784583,0.009554806353972404,0.057199553425970454,-0.006260444676062204,-1.7069016517947884,-0.4326261896560474,1.4,0.0,0.9,-0.008173030592036501,0.0,3.7500000000000004,-0.22843585419036364,-0.22925532617737235
1.2004999999999233,0.7234750812180651,0.009048874141042109,0.053839739059438445,-0.0019779911434186837,-1.3737345767437381,-0.442941842611959,1.4,0.0,0.9,-0.008187927526635946,0.0,3.7500000000000004,-0.2288514773730391,-0.2296739393696746
1.2504999999999178,0.7758703816334269,0.007986745446379393,0.04550776423386338,-0.000727945242093324,-0.5451872924935036,-0.5030606665841847,1.4,0.0,0.9,-0.005873304158792378,0.0,3.7500000000000004,-0.16424119471986245,-0.1646643826678304
1.3004999999999123,0.820718046612694,0.0038006399690451477,0.04831665594574949,0.12683160443180533,-0.6527529205152379,-0.4368343080514992,1.4,0.0,0.9,0.0015561938762561182,0.0,3.7500000000000004,0.04358828837701217,0.043558578821720983
1.3504999999999068,0.8635193875777376,0.003667429080503219,0.049552176996386824,0.0464248655269357,-0.9019565792604084,-0.4319408992198383,1.4,0.0,0.9,0.001015143703964618,0.0,3.7500000000000004,0.028430346233629826,0.02841770399984953
1.4004999999999013,0.9059106452528937,0.003784679411782448,0.05181843083679002,0.006791110629594542,-1.1674384709520504,-0.4256477501675828,1.4,0.0,0.9,-0.0003158947510569436,0.0,3.7500000000000004,-0.008844440970229569,-0.00884566517367748
1.4504999999998958,0.9488128834571555,0.003353020027783898,0.054095238429577044,0.021594999971950652,-1.3801050261819456,-0.4225153750601633,1.4,0.0,0.9,-8.790064101959334e-05,0.0,3.7500000000000004,-0.0024611705555152904,-0.002461265343407202
1.5004999999998903,0.9906082321338804,0.00288426158676084,0.05624553827491318,0.013840585446027204,-1.5984930972978897,-0.2356472494684303,2.8,0.55,0.9,0.4317098472872134,0.0,3.7500000000000004,2.9755486310125856,2.843277256273674
1.5504999999998847,1.0328753175801753,0.0031241972315825964,0.06699876366854181,-0.05221878653097575,-1.0198603657291103,0.042698981601104316,2.8,0.55,0.9,0.43408447044345755,0.0,3.7500000000000004,6.193112183083118,5.647739537314974
1.6004999999998792,1.0611552439160479,-0.00477568887624152,0.09193373948311093,0.9195154588271363,-1.2809503797579702,0.46131979054301886,2.8,0.55,0.9,0.43608602419637743,0.0,3.7500000000000004,9.569070158684022,8.331606359596039
1.6504999999998737,1.0842043940001058,-0.016194279425595818,0.10929777877307659,1.859102718311792,-1.739128484723919,0.9621913705667813,2.8,0.55,0.9,0.437832371492485,0.0,3.7500000000000004,13.110088009898599,10.905237985762367
1.7004999999998682,1.1134620477325066,-0.021152451164237345,0.11110305295262743,1.8598200576355355,-1.5888264005572854,1.5615465030132423,2.8,0.55,0.9,0.4339999915984948,0.0,3.7500000000000004,13.40560557910733,11.110098826522131
1.7504999999998627,1.1486094799640318,-0.020441630407040078,0.10482656000711414,1.6359973381651471,-1.3623944035395705,2.1853271006493453,2.8,0.55,0.9,0.42702796678990734,0.0,3.7500000000000004,13.169167519915558,10.946308693562083
1.8004999999998572,1.1881780605421457,-0.017073327313612507,0.11156409708756222,1.912046173463258,-1.770139374307349,2.6426213325684964,2.8,0.55,0.9,0.42367786489849024,0.0,3.7500000000000004,13.055812976660032,10.867456219306366
1.8504999999998517,1.2309599627914298,-0.010190601520476255,0.11231846085425011,1.8466413354324172,-1.9098930946010297,3.053240949815672,2.8,0.55,0.9,0.42001038018889997,0.0,3.7500000000000004,12.931909401120215,10.781021060474954
1.9004999999998462,1.274508800752729,-0.002431222610856141,0.11166120919134809,1.7498453984691327,-1.9399358869908874,3.4858394500519556,2.8,0.55,0.9,0.4156184965450611,0.0,3.7500000000000004,12.783793602478585,10.677358244436796
1.9504999999998407,1.3182525771235372,0.0039056083798469036,0.1125198512104675,1.7248042326273558,-2.048613751128543,3.822438282477684,2.8,0.55,0.9,0.4152597616199007,0.0,3.7500000000000004,12.7717078726915,10.668883442496588
2.0004999999998354,1.3649501533720527,0.017501058373080185,0.10343677192049491,0.7523891218528455,-2.050923438449471,4.118998492455947,2.8,0.55,0.9,0.41106975829108083,0.0,3.7500000000000004,12.63068771203723,10.56981430587224
2.050499999999852,1.4125655948304616,0.035808683669840406,0.09899099292016315,-0.47531183079222317,-1.8182007113064345,4.428861529218746,2.8,0.55,0.9,0.40262953796049505,0.0,3.7500000000000004,12.34740589559136,10.369780971001667
2.100499999999869,1.4548205112890056,0.044996359016310626,0.10073082447759688,-0.4277441238877008,-2.1426916644529523,4.779435939048908,2.8,0.55,0.9,0.399786948099034,0.0,3.7500000000000004,12.252235120349434,10.302269062350517
2.1504999999998855,1.4956388524191393,0.05042860170805663,0.10303531725479186,-0.24275870578773587,-2.5611421633389986,5.136769709692714,2.8,0.55,0.9,0.4003512338545334,0.0,3.7500000000000004,12.27111812670997,10.315676658867199
2.200499999999902,1.5360724262239454,0.055676722245401225,0.10529705938213758,-0.019342241070870646,-3.0176253003238576,5.4910046424427,2.8,0.55,0.9,0.4016007235353204,0.0,3.7500000000000004,12.312947153384647,10.3453547983735
2.250499999999919,1.5784160625511474,0.06373973926918952,0.10764926031040271,-0.04500070185179133,-3.2299840710913865,5.851830812450294,2.8,0.55,0.9,0.40121896293657633,0.0,3.7500000000000004,12.300164560637826,10.33628861741283
2.3004999999999356,1.620851469085549,0.07211994052641153,0.1100293887289458,-0.07303429277282035,-3.4443737670536385,6.210822357399882,2.8,0.55,0.9,0.40113544255504935,0.0,3.7500000000000004,12.297368311004686,10.334304973739645
2.3504999999999523,1.6628463914186906,0.0802663928862366,0.11235494062015354,-0.055715326438991006,-3.6999986613730353,6.566945175353254,2.8,0.55,0.9,0.40180363324536256,0.0,3.7500000000000004,12.319742106146121,10.350173038896036
2.400499999999969,1.7044629437121046,0.08823269387744268,0.11464861771907804,0.0019375125426975735,-3.9946565741559836,6.923607729841871,2.8,0.55,0.9,0.4031759758929798,0.0,3.7500000000000004,12.365714423100787,10.382750701156546
2.4504999999999857,1.7464850700415138,0.09708296408737829,0.11697344738785886,0.005429735245683621,-4.237388404805746,7.286779142063087,2.8,0.55,0.9,0.4043131760805636,0.0,3.7500000000000004,12.403830659000786,10.409733686251366
2.500000000000002,1.7878076266577694,0.10592034873150666,0.11924662854353016,0.025498842873935473,-4.488418692871329,7.658438961594054,2.8,0.55,0.9,0.4056580892390657,0.0,3.7500000000000004,12.448933499055846,10.441630360652592
2.550000000000019,1.8293946143937116,0.11529562684391514,0.12152114788588529,0.03645036947630667,-4.739532380802287,8.026111154676943,2.8,0.55,0.9,0.4074206916140398,0.0,3.7500000000000004,12.508084222764298,10.483408868911967
2.6000000000000356,1.8720683051951261,0.12392176846249438,0.12540939148820954,0.10312094981397145,-4.899557546292859,8.434840492726684,2.8,0.55,0.9,0.4106522446987541,0.0,3.7500000000000004,12.61664990814481,10.559934059993363
2.6500000000000523,1.9133025675456656,0.1344489894871275,0.12479500287891188,-0.08292778870491213,-5.238063751218128,8.896660139326311,2.8,0.55,0.9,0.41027310609325957,0.0,3.7500000000000004,12.60390458775519,10.55096060429361
2.700000000000069,1.9539867634881511,0.1456340351680051,0.12329214050141053,-0.27590419742684,-5.649794335534743,9.306270149370745,2.8,0.55,0.9,0.41098062503241783,0.0,3.7500000000000004,12.62769062344631,10.56770514211044
2.7500000000000857,1.9950776634892364,0.16255108156451464,0.11817279953828137,-1.038322149646939,-5.916300775558105,9.678023663382218,2.8,0.55,0.9,0.40549005524156606,0.0,3.7500000000000004,12.44329687665375,10.437646055221407
2.8000000000001024,2.039289905375819,0.1749529807907213,0.12249767962873702,-1.044129910837652,-5.909770448318493,10.040557053050422,2.8,0.55,0.9,0.41004088815998896,0.0,3.7500000000000004,12.596099274695494,10.545463840950168
2.850000000000119,2.0823159793735893,0.18701250630729255,0.12701696471393145,-1.0857753198396403,-5.901258066705402,10.443566815501653,2.8,0.55,0.9,0.4146479428479286,0.0,3.7500000000000004,12.751100160571628,10.65442714164065
2.900000000000136,2.1250059395333287,0.19950857589394982,0.13150709368755736,-1.127815470164924,-5.892976675768117,10.862294210709516,2.8,0.55,0.9,0.41950033168829914,0.0,3.7500000000000004,12.914693467842326,10.768990931988206
2.9500000000001525,2.167950282676607,0.2123076951462472,0.1360273528106953,-1.1722026632253173,-5.88671854308611,11.275639036818667,2.8,0.55,0.9,0.4260697021419008,0.0,3.7500000000000004,13.136726611535348,10.923763681972137
3.000000000000169,2.210424886265989,0.2250698354065472,0.14173061311565993,-1.1572481778980535,-5.816673744819378,11.735110788643073,2.8,0.55,0.9,0.43330699420839397,0.0,3.7500000000000004,13.382072220700723,11.093837455045582
3.050000000000186,2.2517823735029943,0.23270855209151825,0.15836663632737755,-0.507210314262383,-5.2961148191851075,12.372187098405437,2.8,0.55,0.9,0.447471051294883,0.0,3.7500000000000004,13.864477934821696,11.425379432896253
3.1000000000002026,2.2931609864088447,0.2400147989474102,0.17109805535106393,0.1364691995631998,-5.139460292631033,12.915030493701853,2.8,0.55,0.9,0.4688323368499439,0.0,3.7500000000000004,14.597630757171986,11.922157434803463
3.1500000000002193,2.338020087511764,0.2429705356605355,0.19154556376600715,1.378206438682852,-4.8135037329567245,13.40887795651313,2.8,0.55,0.9,0.510808138764609,0.0,3.7500000000000004,16.05803811330715,12.887301135788665
3.200000000000236,2.3762271608097687,0.25039126098006587,0.197214516862728,1.8971446030191663,-5.175614181771336,14.014884214613005,2.8,0.55,0.9,0.5374991491870419,0.0,3.7500000000000004,17.00027689383947,13.49360810970766
3.2500000000002527,2.411503084832348,0.2656379441542179,0.19296653757798862,1.5767818003723924,-5.760197548016041,14.668955747093069,2.8,0.55,0.9,0.5447960951214408,0.0,3.7500000000000004,17.25971303186095,13.658387873627012
3.3000000000002694,2.457114092922546,0.28487561756023116,0.19824018692131148,1.3003266834859282,-5.44397093547824,15.111987999914444,4.1,0.15,0.9,-0.5009822916574659,0.0,3.7500000000000004,16.38996649110475,13.102312907106928
3.350000000000286,2.506283940928005,0.30245983025873135,0.20514608588917616,1.0488799616765923,-5.037059432614118,15.306124539611211,4.1,0.15,0.9,-0.5253738371134797,0.0,3.7500000000000004,12.69905823907609,10.617887828818187
3.400000000000303,2.54737309126808,0.32499868563988693,0.19789212922308255,0.05242651017852796,-5.256457984540345,15.559295219601577,4.1,0.15,0.9,-0.5562191222791356,0.0,3.7500000000000004,9.17706931018119,8.03224096826704
3.4500000000003195,2.5929501087238376,0.34595314181034903,0.19619909388344453,-0.7074563582824719,-5.163203526399216,15.632661148629417,4.1,0.15,0.9,-0.5828617171749125,0.0,3.7500000000000004,5.819492601852182,5.3351886376565165
3.500000000000336,2.6380618437670895,0.3678898217660966,0.19052507876361252,-1.6236991274410346,-5.3083640846721165,15.658240538539001,4.1,0.15,0.9,-0.6105059180387284,0.0,3.7500000000000004,2.6194298477743505,2.5163577336270584
3.550000000000353,2.6796356397670285,0.38229352238392,0.18984879896918527,-1.6080187289172982,-5.781232927291718,15.588621634622738,4.1,0.15,0.9,-0.6294406925300123,0.0,3.7500000000000004,-0.4316769587983262,-0.4346126180433013
3.6000000000003696,2.723242204790061,0.39327240184804113,0.1944070300741723,-1.580205474922609,-5.788522220772067,15.29953261664293,4.1,0.15,0.9,-0.6406770941686093,0.0,3.7500000000000004,-3.343437995415099,-3.527781337113646
3.6500000000003863,2.767501849883056,0.40324402335757864,0.19905377331990404,-1.5484464496397452,-5.799502830567307,14.955418610759718,4.1,0.15,0.9,-0.6507189061355425,0.0,3.7500000000000004,-6.126035013466984,-6.772509627442716
3.700000000000403,2.8122890341452713,0.4115376855743264,0.2037615447212672,-1.5023614493471806,-5.809311485898387,14.53477845307398,4.1,0.15,0.9,-0.6583122418163257,0.0,3.7500000000000004,-8.789857937031558,-10.176944290348278
3.7500000000004197,2.8566373940716,0.41832745735522225,0.20841028069596018,-1.4555357028631413,-5.821441344251233,14.067338447732407,4.1,0.15,0.9,-0.6641472463615943,0.0,3.7500000000000004,-11.345242457109585,-13.74737330552042
3.8000000000004364,2.9007380700817738,0.42368731873985277,0.21305453855554882,-1.4011698819015992,-5.835057514380124,13.525679725688361,4.1,0.15,0.9,-0.6676160875321356,0.0,3.7500000000000004,-13.802290437911143,-17.48746199748508
3.850000000000453,2.9449903811068765,0.42764331053856425,0.21769672885258737,-1.3386071416581877,-5.850271119492249,12.903355484675766,4.1,0.15,0.9,-0.6686132755401236,0.0,3.7500000000000004,-16.1707556472745,-21.397401778258047
3.9000000000004698,2.988907766085417,0.43034123161292315,0.22234174875635587,-1.2692988220217105,-5.866066894487466,12.246935252273321,4.1,0.15,0.9,-0.6682917430847121,0.0,3.7500000000000004,-16.38687788674038,-21.76958927900011
3.9500000000004865,3.0334329766244306,0.4327630889184565,0.22698252031462635,-1.2071431581450238,-5.8789023038698565,11.604998702279069,4.1,0.15,0.9,-0.6694504503871027,0.0,3.7500000000000004,-16.411963143646698,-21.81295800752796
4.000000000000503,3.0779845105340957,0.4346472462380228,0.23168319718350458,-1.1394586886786444,-5.890321162639964,10.97532314018123,4.1,0.15,0.9,-0.6716012246655736,0.0,3.7500000000000004,-16.458501749309047,-21.893509636411906
4.050000000000475,3.1225530323821924,0.4361581262936983,0.23636342875913988,-1.070811187807672,-5.8998719286754175,10.34756957164178,4.1,0.15,0.9,-0.6748032294864768,0.0,3.7500000000000004,-16.527728690947622,-22.013555720827306
4.100000000000447,3.1674681829602336,0.4373077065136589,0.24110467847486203,-1.0096131581017338,-5.917383308773331,9.708319829225792,4.1,0.15,0.9,-0.6789872623222528,0.0,3.7500000000000004,-16.618082263056476,-22.170641069548864
4.15000000000042,3.211724900985613,0.4375420965720199,0.245746396029773,-0.9441810942749743,-5.927221414688898,9.067609715178536,4.1,0.15,0.9,-0.6833611341568528,0.0,3.7500000000000004,-16.712409114072255,-22.335122348460292
4.200000000000392,3.2560999772120764,0.437155786505555,0.2504122597347814,-0.8722566786652256,-5.93552608600438,8.399684455303628,4.1,0.15,0.9,-0.6880809088878734,0.0,3.7500000000000004,-16.814051617174854,-22.512918860169624
4.250000000000364,3.3005414164052325,0.43641586207615557,0.2550914289115622,-0.8032192339754607,-5.945722521557727,7.7411832322521885,4.1,0.15,0.9,-0.694645157310063,0.0,3.7500000000000004,-16.95516845858261,-22.760726992313643
4.300000000000336,3.345554223576072,0.4353048475473504,0.2597926641372319,-0.7389887219208295,-5.954663644340607,7.081742964990643,4.1,0.15,0.9,-0.7033515416868311,0.0,3.7500000000000004,-17.14189594146353,-23.090350342383946
4.350000000000309,3.390601689579467,0.4338162261701474,0.2647987250417435,-0.6933527495084348,-5.960034332879652,6.429764473114735,4.1,0.15,0.9,-0.7144499717348326,0.0,3.7500000000000004,-17.379204775604972,-23.512095383246688
4.400000000000281,3.435087201137925,0.43077035020612114,0.2693169172854567,-0.5945606440643089,-5.9703657446680705,5.740208082317787,4.1,0.15,0.9,-0.7245294349706559,0.0,3.7500000000000004,-17.594033062951162,-23.896625366539446
4.450000000000253,3.4787752716492135,0.42691347996902024,0.2738339553387734,-0.5207635248125126,-5.9751300012443105,5.006823680337141,4.1,0.15,0.9,-0.7346101928998433,0.0,3.7500000000000004,-17.808236991434217,-24.282630394890617
4.500000000000226,3.522970790343451,0.4230126703328743,0.278457101956998,-0.4501108326794787,-5.984298371844232,4.301965488778123,4.1,0.15,0.9,-0.7494979690240228,0.0,3.7500000000000004,-18.123407346290012,-24.85529187558678
4.550000000000198,3.5668160933886854,0.41820955289583356,0.2830667075196486,-0.37396130231294283,-5.9877851991069715,3.5774451867961665,4.1,0.15,0.45,-0.7662081221133039,0.0,3.642499999999992,-18.475511403006916,-25.501697330023998
4.60000000000017,3.607510753483472,0.4128306418636903,0.2873524821532143,-0.2990228992623409,-5.993437811880474,2.8804613132829977,4.1,0.15,0.45,-0.7835013378920341,0.0,3.3924999999999734,-18.838102647789825,-26.174672418536286
4.6500000000001425,3.6455571582754867,0.4072256327177667,0.29135457327630926,-0.22920597618752786,-5.996865009401591,2.197445336726414,4.1,0.15,0.45,-0.8022349565882385,0.0,3.1424999999999548,-19.228872399154813,-26.90824883386946
4.700000000000115,3.6814871213765317,0.4015308103878617,0.295208600939364,-0.1566246404115894,-5.996361968098131,1.566197764065032,4.1,0.15,0.45,-0.824095477518175,0.0,2.892499999999936,-19.682267005221018,-27.770153534109813
4.750000000000087,3.7141536831645667,0.39551167305596946,0.29858209254529944,-0.09961510454419557,-6.001888815200453,0.968411664834169,4.1,0.15,0.45,-0.8459753318069713,0.0,2.642499999999917,-20.133327231143593,-28.63904702835326
4.800000000000059,3.7439845872824513,0.39007954521537685,0.30166078281392444,-0.04437176409275482,-5.999330972378043,0.43926343039559096,5.3,-0.55,0.45,-0.7991925564147929,0.0,2.3924999999998984,-19.165551376250647,-26.78879484486112
4.850000000000032,3.770728058563292,0.3851349320115901,0.30448742742174517,0.004763532995533761,-6.000644872454675,-0.032291375620995585,5.3,-0.55,0.45,-0.7950260104356693,0.0,2.1424999999998797,-19.078745205483333,-26.62540338148231
4.900000000000004,3.794455528882744,0.38075120048874767,0.30698645879473563,0.04811056228750616,-6.000747889269652,-0.4621703723518854,5.3,-0.55,0.45,-0.7912127261514444,0.0,1.8924999999998788,-18.999208904563677,-26.4760682959848
4.950499999999976,3.816461488983439,0.3761938581255229,0.3092879549036564,0.09145299181057923,-5.998725212632468,-0.8830836813947898,5.3,-0.55,0.45,-0.7869566015589738,0.0,1.8750000000000002,-18.910333894743165,-26.309620890607338
5.000499999999948,3.837733941955006,0.3715902608451327,0.31152241287714877,0.1341197355071149,-5.998025977455735,-1.2869691342702885,5.3,-0.55,0.45,-0.7828980770635842,0.0,1.8750000000000002,-18.825484327919117,-26.15112800815043
5.0504999999999205,3.8593416920617067,0.36689442291888597,0.3137896946810378,0.17476008112793623,-5.997440834849624,-1.6818113013754077,5.3,-0.55,0.45,-0.7793199451140564,0.0,1.8750000000000002,-18.7505961078232,-26.01157959475257
5.100499999999893,3.880434144916993,0.3620048999471951,0.3160132588373786,0.21786916637974296,-5.995558061059182,-2.091457215497512,5.3,-0.55,0.45,-0.775141801865848,0.0,1.8750000000000002,-18.663052323359043,-25.84884971717512
5.150499999999865,3.9014307847787455,0.3569802598268342,0.31821385084171655,0.2611963306317529,-5.993575090022331,-2.508442296816272,5.3,-0.55,0.45,-0.7707785651786913,0.0,1.8750000000000002,-18.57151745639505,-25.67916368532659
5.200499999999837,3.922624490974229,0.351785060655075,0.3204415244081456,0.30454752106936356,-5.99148311840562,-2.9218465881311544,5.3,-0.55,0.45,-0.7666400754409303,0.0,1.8750000000000002,-18.4845904096676,-25.518457511432864
5.25049999999981,3.9438408536335836,0.3464464339116835,0.32267819399519854,0.3419154635000672,-5.983353612831987,-3.3444150990802184,5.3,-0.55,0.45,-0.7623299297418651,0.0,1.8750000000000002,-18.39394644701917,-25.351334189207638
5.300499999999782,3.9651918543757927,0.3410636481906174,0.3249199595162417,0.37005141387816415,-5.965073657928954,-3.7621880573716804,5.3,-0.55,0.9,-0.7583251093398492,0.0,1.929999999999999,-18.309621264056684,-25.19627769169341
5.350499999999754,3.9885580093865642,0.3351555151574759,0.3273080494930332,0.4056013627491611,-5.945515214664252,-4.198200917397017,5.3,-0.55,0.9,-0.7546883324623279,0.0,2.1800000000000037,-18.232959789093467,-25.05566173279584
5.4004999999997265,4.013628977053289,0.3290139298115587,0.3298090956155999,0.45782371191456545,-5.928808192425483,-4.69331530401408,5.3,-0.55,0.9,-0.7504816004247615,0.0,2.4300000000000224,-18.14418162279055,-24.893235638283198
5.450499999999699,4.042143808028248,0.32101310566914876,0.3327835847870192,0.5437826135702208,-5.953343671843691,-5.210265046149477,5.3,-0.55,0.9,-0.7463397956647938,0.0,2.6800000000000415,-18.05666595758611,-24.73355516134986
5.500499999999671,4.078459623299199,0.3128213223735936,0.3331846447818708,0.5143021262479264,-5.52804804608482,-5.758539765584225,5.3,-0.55,0.9,-0.7459956943230409,0.0,2.93000000000006,-18.049390327488243,-24.720299576244468
5.550499999999643,4.11694442588708,0.30162626447291185,0.3320505155252354,0.6158726998029774,-5.045212314248209,-6.434041502693411,5.3,-0.55,0.9,-0.7419082461361248,0.0,3.1800000000000788,-17.962909104557944,-24.562967072175496
5.600499999999616,4.162863631653342,0.28925435750932715,0.3278014718422937,0.735656076772564,-4.210853532622716,-7.048622329525638,5.3,-0.55,0.9,-0.7434756556638554,0.0,3.4300000000000974,-17.996084368325224,-24.623271816763886
5.650499999999588,4.2214942048899555,0.27498606373970647,0.31586329135311364,0.8028300979060883,-2.462811308491756,-7.685846920986166,5.3,-0.55,0.9,-0.7522079511988243,0.0,3.680000000000116,-18.180627548587406,-24.959862230509593
5.70049999999956,4.290589488428943,0.2582591109946535,0.29408848312193264,0.8713282377340139,0.2938319877342739,-8.334382592069774,5.3,-0.55,0.45,-0.7678894811204515,0.0,3.627499999999991,-18.510844608510414,-25.56694992496639
5.7504999999995325,4.3661535532124205,0.24041296421139363,0.259357825356412,0.9395639150601902,4.243489067418728,-8.901375108757444,5.3,-0.55,0.45,-0.7929205580133681,0.0,3.3774999999999724,-19.034840994752457,-26.54292601771511
5.800499999999505,4.445921806384519,0.221519899025422,0.20981609354787142,1.0069575407525408,9.484019085142979,-9.407262548140169,5.3,-0.55,0.45,-0.8267897027386666,0.0,3.1274999999999538,-19.737955612744607,-27.876813028844744
5.850499999999477,4.517956713226199,0.21200153160940038,0.18084079897690683,-0.2832876357874361,14.313747183756487,-10.350480453732395,5.3,-0.55,0.45,-0.857925398130174,0.0,2.8774999999999347,-20.37855185640167,-29.116190584201874
5.900499999999449,4.569959737817611,0.20753828896833365,0.19525134375550443,-0.6904986795680982,15.594870909940951,-11.562788960600107,5.3,-0.55,0.45,-0.8728627009699658,0.0,2.627499999999916,-20.683976567980853,-29.715129622999843
5.950499999999422,4.610735883395253,0.19653223518491508,0.19808526890413294,-0.13837923757849896,16.52829419221477,-12.42169539221699,5.3,-0.55,0.45,-0.8822432332730809,0.0,2.3774999999998974,-20.875165684503095,-30.092671625443387
6.000499999999394,4.637969877811033,0.18588467689499677,0.1973785274460632,-0.05200436712120668,16.54777309922295,-13.310214043139075,5.3,-0.55,0.45,-0.8786051423065249,0.0,2.1274999999998787,-20.801071915943776,-29.94611967082658
6.050499999999366,4.6513252342602,0.17746238028363465,0.19208994989833306,-0.05306269931766262,15.923046626766945,-13.881273756501116,5.3,-0.55,0.45,-0.8705602797139186,0.0,1.8774999999998792,-20.636977597951358,-29.62262884489447
6.100499999999339,4.655986908649074,0.16663885637334291,0.18515630963105859,0.2832729820938528,14.788719668549506,-14.304335857316001,5.3,-0.55,0.45,-0.8543633753402262,0.0,1.8750000000000002,-20.305538866378665,-28.97377693175975
6.150499999999311,4.663894203757951,0.14842474809195813,0.1864618780384612,1.4012815175760944,13.881138202296022,-14.79034757688823,5.3,-0.55,0.45,-0.8324135343066384,0.0,1.8750000000000002,-19.854064953133726,-28.099753648981874
6.200499999999283,4.679660590267662,0.13364615863064408,0.18755599992632227,1.673891581235114,13.764294374777503,-15.324514532415744,5.3,-0.55,0.45,-0.8213888922230811,0.0,1.8750000000000002,-19.62628114009907,-27.663099844608762
6.250499999999255,4.7004093640510005,0.12316621753597705,0.18877697614750266,1.593509780222009,13.970780623503547,-15.762365309819561,5.3,-0.55,0.45,-0.8236315881998384,0.0,1.8750000000000002,-19.672674406513053,-27.75179852263159
6.300499999999228,4.720675919879635,0.11251660327289964,0.1899513883527538,1.5663208995950983,14.129525440208164,-16.191834947790838,5.3,-0.55,0.45,-0.8260268569741228,0.0,1.8750000000000002,-19.722192085011105,-27.84660377432757
6.3504999999992,4.740468458017684,0.10143613097887534,0.1911157272168621,1.572636813473302,14.255697186542518,-16.623374805355848,5.3,-0.55,0.45,-0.8279527408006725,0.0,1.8750000000000002,-19.76198237744684,-27.922884728649922
6.400499999999172,4.759789137254456,0.08997268913717199,0.19228976955071458,1.6139887220900666,14.350238504499263,-17.05748224938771,5.3,-0.55,0.45,-0.8294161145793092,0.0,1.8750000000000002,-19.792202731600685,-27.98087861172249
6.450499999999145,4.7786438493914565,0.07811403957792191,0.1934529443393539,1.6892414761450032,14.412839635250222,-17.493272701274023,5.3,-0.55,0.45,-0.8303977620399894,0.0,1.8750000000000002,-19.81246806490875,-28.019797095770755
6.500499999999117,4.796972521371392,0.0659717142052919,0.19461974208833507,1.7994362679294191,14.442447962052281,-17.933538226834557,5.3,-0.55,0.45,-0.830836358553639,0.0,1.8750000000000002,-19.821520774789473,-28.03718976219005
6.550499999999089,4.814751690530741,0.05354678036397968,0.19577076161386903,1.9455762616073802,14.437834005356168,-18.3775121976335,5.3,-0.55,0.45,-0.830675667724671,0.0,1.8750000000000002,-19.818204214195788,-28.030817234043873
6.6004999999990615,4.832953932563814,0.041107650993616095,0.19691687579182046,2.0506359378921553,14.471927010287146,-18.819660610671942,5.3,-0.55,0.45,-0.8317491334543471,0.0,1.8750000000000002,-19.840357114386507,-28.073394076935436
6.650499999999034,4.8516345468896604,0.028914193872924546,0.198075087729082,2.1017436463640577,14.555804748948505,-19.258272673820525,5.3,-0.55,0.45,-0.834716034624873,0.0,1.8750000000000002,-19.90155054631403,-28.191147575178775
6.700499999999006,4.87038837311385,0.01655221717485435,0.19922359512344057,2.145540163078911,14.646204762126485,-19.70098920336843,5.3,-0.55,0.45,-0.8382982079164072,0.0,1.8750000000000002,-19.975368010427154,-28.33347168557157
6.750499999998978,4.889022365784524,0.004134132864596545,0.20038067212060462,2.180952157592835,14.743816112976543,-20.138216272000562,5.3,-0.55,0.45,-0.8426567686172254,0.0,1.8750000000000002,-20.065087198089934,-28.50686462935925
6.800499999998951,4.907380381455206,-0.008489419504469017,0.20154077205369986,2.2237955711407325,14.835542414899255,-20.57207708828593,5.3,-0.55,0.45,-0.8473425794625099,0.0,1.8750000000000002,-20.161424270120186,-28.693546971840465
6.850499999998923,4.925599809196954,-0.021264303263930723,0.20267638286361983,2.2731267475320074,14.918105660279238,-21.0171835474967,5.3,-0.55,0.45,-0.8522981887736545,0.0,1.8750000000000002,-20.26317545919356,-28.891281736868343
6.900499999998895,4.943850160270449,-0.0340058829178627,0.20376170731150708,2.2971687675814567,15.017998447027267,-21.45660105066305,5.3,-0.55,0.45,-0.8585897102921768,0.0,1.8750000000000002,-20.39216096428383,-29.142768188153802
6.9504999999988675,4.962112964902419,-0.04678121512498063,0.20484690472889464,2.3163317849292078,15.12229021382257,-21.909540601930097,5.3,-0.55,0.45,-0.8657076887320084,0.0,1.8750000000000002,-20.537828545178925,-29.427889145669354
7.00049999999884,4.98069213003547,-0.059295936927714316,0.20567532476745795,2.258609865976838,15.268522281462245,-22.34716279577486,5.3,-0.55,0.45,-0.8755217537726552,0.0,1.8750000000000002,-20.7382198826379,-29.82203970752312
7.050499999998812,4.999108240420453,-0.06924548463300727,0.2043345179529421,1.9939792277298218,15.357548452528272,-22.82578033597143,5.3,-0.55,0.45,-0.8889610816868884,0.0,1.8750000000000002,-21.011797222573698,-30.36370870533635
7.100499999998784,5.018445415025156,-0.07773683672043342,0.20229170618735604,1.5975878685583418,15.487839362416416,-23.32958023837081,5.3,-0.55,0.45,-0.9075059933848963,0.0,1.8750000000000002,-21.387744248841017,-31.114741028963095
7.150499999998757,5.038478492935925,-0.08417447855707733,0.19860279266644343,0.9725724085578065,15.65236146618202,-23.857428658787068,5.3,-0.55,0.45,-0.9318445232471116,0.0,1.8750000000000002,-21.87845716010861,-32.10655371623049
7.200499999998729,5.0640503492444955,-0.0946254175120983,0.1990900522396443,0.4632296303140174,16.206991083564713,-24.52653035977081,5.3,-0.55,0.45,-0.963417447667201,0.0,1.8750000000000002,-22.51063393968171,-33.403204244813104
7.250499999998701,5.083639366479777,-0.09574295819422962,0.19234238218636193,-0.07210352206601064,15.872417056684121,-25.215859000908594,5.3,-0.55,0.45,-0.994817889861407,0.0,1.8750000000000002,-23.134619084265264,-34.70348558024356
7.3004999999986735,5.097803424303503,-0.10027043669360869,0.1921653505005578,-0.7365570403742503,15.158070492532767,-25.732194966279106,5.3,-0.55,0.45,-1.0,0.6,1.8750000000000002,-23.23715676447456,-34.91906087527131
7.350499999998646,5.108826311325091,-0.10740746220982496,0.193730530297391,-1.4670486086460026,14.57049238748636,-26.61030174042154,5.3,-0.55,0.45,-1.0,0.6,1.8750000000000002,-23.23715676447456,-34.91906087527131
7.400499999998618,5.120555380351945,-0.11610205230873202,0.19508963773794952,-2.106292938620186,14.059442934517524,-27.529299123565536,5.3,-0.55,0.45,-1.0,0.6,1.8750000000000002,-23.23715676447456,-34.91906087527131
7.45049999999859,5.133079159051021,-0.1262706497509535,0.1963138991755777,-2.6821841569760196,13.606581413653045,-28.49409952250218,5.3,-0.55,0.45,-1.0,0.6,1.8750000000000002,-23.23715676447456,-34.91906087527131
7.500499999998563,5.146481693284274,-0.13713763696008274,0.19732593645197305,-3.1025281238025593,13.30505961113007,-29.20532926370423,6.6,-0.1,0.45,0.775970443295985,0.0,1.8750000000000002,-21.891631522491775,-32.13335943419695
7.550499999998535,5.157676089785179,-0.14966197161679462,0.19799585082322904,-3.34021416839212,13.162087493418394,-29.367094072159386,6.6,-0.1,0.45,0.7929238052763462,0.0,1.8750000000000002,-19.708350304113598,-27.82008883282316
7.600499999998507,5.1709730167349965,-0.1631836488603288,0.19870138895965295,-3.508950664141558,13.088291160138612,-29.487758877031396,6.6,-0.1,0.45,0.8101395527658859,0.0,1.8750000000000002,-17.459512077841726,-23.655536108053948
7.6504999999984795,5.184920518876613,-0.1777680997874984,0.19931703684304036,-3.5868799691188396,13.10163865410104,-29.59916410163634,6.6,-0.1,0.45,0.828487497977579,0.0,1.8750000000000002,-15.136462686804997,-19.652155733594697
7.700499999998452,5.199724962968151,-0.19334203289075036,0.19982129101380255,-3.5641005808183253,13.209573454125964,-29.700566914139557,6.6,-0.1,0.45,0.8479540148959185,0.0,1.8750000000000002,-12.73010519101155,-15.816893096162397
7.750499999998424,5.215571222852534,-0.20991774534484986,0.20023818499932855,-3.4384421040140314,13.41815459464847,-29.79169649588725,6.6,-0.1,0.45,0.8686164340501219,0.0,1.8750000000000002,-10.230911074712646,-12.151881824766207
7.800499999998396,5.232235067582561,-0.22762040976827677,0.2004996451918194,-3.204227879633324,13.732199686856074,-29.872100875638033,6.6,-0.1,0.45,0.8906565374625377,0.0,1.8750000000000002,-7.628962481022893,-8.65529001840846
7.850499999998369,5.249936036905128,-0.2464967586313891,0.2005840870711119,-2.854175238334091,14.160878420640488,-29.940665957338464,6.6,-0.1,0.45,0.914200703761035,0.0,1.8750000000000002,-4.914036847518261,-5.32219480739191
7.900499999998341,5.268578761084428,-0.2666873442058416,0.20039693191319422,-2.3774827488602925,14.715075592928605,-29.993524950468554,6.6,-0.1,0.45,0.9393868074326345,0.0,1.8750000000000002,-2.075747944110707,-2.1454008752330296
7.950499999998313,5.288298279954464,-0.2883359097659896,0.19985858979403778,-1.76057141832911,15.409674985341674,-30.027691519052276,6.6,-0.1,0.45,0.9664183261435841,0.0,1.8750000000000002,0.8962402501258853,0.8838460401224061
8.000499999998286,5.309056979358301,-0.31162401675803303,0.19898536848856377,-0.9742942705140336,16.257807020479884,-30.030945982955657,6.6,-0.1,0.45,0.9953345480114886,0.0,1.8750000000000002,4.011908801053284,3.7752711186059327
8.050499999998348,5.327335805770657,-0.3355847168050213,0.19969500210195978,0.029392214166610815,17.197929269107487,-29.784403326607514,6.6,-0.1,0.45,1.0,0.6,1.8750000000000002,7.280470470957762,6.539108562711272
8.100499999998409,5.345125425368476,-0.353340072033134,0.20023651243595225,-0.004486320289847206,17.202222320599,-29.23760286858081,6.6,-0.1,0.45,1.0,0.6,1.8750000000000002,10.709833734646397,9.185754712658163
8.15049999999847,5.3587735641381435,-0.36750396305809746,0.20095808054162764,-0.03504716965985663,17.218598395081287,-28.38162665038309,6.6,-0.1,0.45,1.0,0.6,1.8750000000000002,14.305939153705758,11.725519431370769
8.20049999999853,5.366931021174456,-0.38099512003918845,0.20121650828316856,-0.03925185395299748,17.21769473581436,-27.433148623991617,6.6,-0.1,0.45,1.0,0.6,1.8750000000000002,18.071979458659094,14.168457546808677
8.250499999998592,5.372872197873566,-0.3944907690966946,0.20153975807446678,-0.07771008857938212,17.15819270641042,-26.546419997436526,6.6,-0.1,0.45,1.0,0.6,1.8750000000000002,22.007539706801367,16.524263116145132
8.300499999998653,5.383581897958415,-0.40675077562722073,0.20174375900632352,-0.025731367610559164,17.171420263098636,-25.92806240537589,6.6,-0.1,0.45,1.0,0.6,1.8750000000000002,26.107726945929993,18.802211467943447
8.350499999998714,5.394069601224298,-0.417646817733668,0.20188275511716935,-0.03279824147605471,17.147742379952113,-25.174195376866457,6.6,-0.1,0.45,1.0,0.0,1.8750000000000002,30.36239573246809,21.011136585090846
8.400499999998775,5.4099597368348045,-0.4251019331054007,0.2023105800432295,-0.1576642358328476,17.02375940070849,-24.733956781605205,6.6,-0.1,0.45,1.0,0.6,1.8750000000000002,34.75560759389533,23.159433949757364
8.450499999998836,5.425131641725297,-0.43301662657473866,0.20199041280060248,-0.18174708584889157,16.91508214385465,-24.201904299492547,6.6,-0.1,0.45,1.0,0.6,1.8750000000000002,34.91906087527131,23.23715676447456
8.500499999998897,5.442686478322053,-0.44060977108108745,0.2021482615288937,-0.20535624677103972,16.89826537470204,-23.56822325625486,6.6,-0.1,0.45,1.0,0.0,1.8750000000000002,34.91906087527131,23.23715676447456
8.550499999998959,5.458523334695673,-0.44870090567863585,0.1980646317548116,0.03746286431745306,16.607334107421828,-23.01652512513436,6.6,-0.1,0.45,1.0,0.6,1.8750000000000002,34.91906087527131,23.23715676447456
8.60049999999902,5.475926423669075,-0.4517714277595084,0.1947005144486792,0.04139108165736562,16.20613448080787,-22.524172754356552,6.6,-0.1,0.45,1.0,0.0,1.8750000000000002,34.91906087527131,23.23715676447456
8.65049999999908,5.4930148763873285,-0.45271154764904287,0.19044870346214055,0.053014475863284054,15.693238822333878,-22.06417555427989,6.6,-0.1,0.45,1.0,0.0,1.8750000000000002,34.91906087527131,23.23715676447456
8.700499999999142,5.508458542724694,-0.45273107505387067,0.1852255514313492,0.060925910252235135,15.075232156907076,-21.614774010179403,6.6,-0.1,0.45,1.0,0.0,1.8750000000000002,34.91906087527131,23.23715676447456
8.750499999999203,5.525456902354838,-0.4496677475291448,0.18050069152908083,-0.028949449650503268,14.431927489558204,-21.090541453200906,6.6,-0.1,0.45,0.9900224731859972,0.0,1.8750000000000002,34.504241330549824,23.039623028156225
8.800499999999264,5.547814244125458,-0.4460745934268001,0.17533686297894646,-0.04133754191685823,13.84479696924438,-20.469289327563143,6.6,-0.1,0.45,0.9788893267357004,0.0,1.8750000000000002,34.042590589443975,22.818667060841246
8.850499999999325,5.55689044722093,-0.44370953877456204,0.16260040099882606,0.056986531862292404,12.511067024084253,-19.905843086889348,6.6,-0.1,0.45,0.9654817372237855,0.0,1.8750000000000002,33.48836399992019,22.551798135774302
8.900499999999386,5.559114872781584,-0.4354587608933508,0.1484602318971756,-0.15949495657257803,10.762436614015169,-19.44137662180059,6.6,-0.1,0.45,0.9442709499391504,0.0,1.8750000000000002,32.615561237109965,22.12785138470497
8.950499999999447,5.56477081958384,-0.42726163199112077,0.1358906801227302,-0.4681294387349788,9.147864283986117,-18.99446024557668,6.6,-0.1,0.45,0.9248440529765679,0.0,1.8750000000000002,31.820576256618327,21.737621155667995
9.000499999999509,5.56786095145935,-0.4219820050937923,0.11907354629335727,-0.47658619833180466,7.389801151197751,-18.52558399865309,6.6,-0.1,0.45,0.9074548170926693,0.0,1.8750000000000002,31.112662850358994,21.38670924939128
9.05049999999957,5.564440127967258,-0.4203755512635096,0.09245262567476324,0.039529795382635916,5.10456400904631,-18.054073472821287,6.6,-0.1,0.45,0.8921411187181367,0.0,1.8750000000000002,30.492200793606127,21.076391490188286
9.10049999999963,5.553926538975462,-0.41453074049437316,0.05576202840033677,0.011804990030473497,1.5092877927661328,-17.53620880580508,6.6,-0.1,0.45,0.8676221168698229,0.0,1.8750000000000002,29.504682262909,20.576959740498214
9.150499999999692,5.562068656713669,-0.4130973164936126,0.04076676757030294,3.815978772208261e-05,-0.07594180943836717,-17.09743908343174,6.6,-0.1,0.45,0.8574597607718818,0.0,1.8750000000000002,29.097564808808702,20.369011360109166
9.200499999999753,5.5855900315710345,-0.41581894878286635,0.03999981421915234,0.00019475268513407168,-0.00028786414353796817,-16.690543321020535,6.6,-0.1,0.45,0.8600130193448992,0.0,1.8750000000000002,29.199730166652444,20.42131075146972
9.250499999999814,5.606375761812474,-0.41808797189701763,0.0416716666764258,0.0834999461215058,-0.08093292714366628,-16.23112919280505,6.6,-0.1,0.45,0.8600022961739116,0.0,1.8750000000000002,29.199300921672048,20.42109117924758
9.300499999999875,5.621505695762868,-0.42101307865680804,0.046058021163106075,0.15712137091130216,-0.44003962773704114,-15.783752348109225,6.6,-0.1,0.45,0.8591268751482248,0.0,1.8750000000000002,29.164262973075566,20.403163561783998
9.350499999999936,5.636200691765666,-0.4218877197119571,0.05018073584530467,0.09111558290783402,-0.9121184249800047,-15.315751205298975,6.6,-0.1,0.45,0.8550453090275746,0.0,1.8750000000000002,29.001029031944302,20.31952228565569
9.400499999999997,5.652744295168349,-0.42112143277143294,0.05369737000272389,0.009685345915175995,-1.3528771700500384,-14.804095255905596,6.6,-0.1,0.45,0.8486498915447787,0.0,1.8750000000000002,28.74568004527289,20.18827991235194
9.450000000000058,5.671116081201932,-0.4208537002873818,0.05659293213154395,0.018991520348357417,-1.632144865053998,-14.292940749475981,6.6,-0.1,0.45,0.8439987060647617,0.0,1.8750000000000002,28.560298710217715,20.092689025980086
9.500000000000119,5.688829162720151,-0.42148905472547327,0.060519267965115565,0.1285234416007783,-1.9112437473841444,-13.74941934225861,6.6,-0.1,0.45,0.8398746315072869,0.0,1.8750000000000002,28.396157130967804,20.007830337408713
9.55000000000018,5.7082109840546345,-0.41912842123466343,0.060307419408111004,0.020553301274433947,-2.004557567108876,-13.12396084240031,6.6,-0.1,0.45,0.8304907339540111,0.0,1.8750000000000002,28.023483715029126,19.81438711284222
9.600000000000241,5.72939389614585,-0.4195146679367546,0.06134573461030869,0.032374165163486845,-2.092069037638132,-12.67966168975489,6.6,-0.1,0.45,0.8309036925833502,0.0,1.8750000000000002,28.039860132069915,19.82291046451891
9.650000000000302,5.750091402412104,-0.41936549423093106,0.06197992512580198,0.0007724297785226069,-2.1930158855789728,-12.226112018389285,6.6,-0.1,0.45,0.8305876913931023,0.0,1.8750000000000002,28.027328491569115,19.816388374397853
9.700000000000363,5.771322726719745,-0.41959683198320613,0.06240918379770938,0.0118440403367672,-2.2258110737100565,-11.765757922085832,6.6,-0.1,0.45,0.8314864563238568,0.0,1.8750000000000002,28.062974144673824,19.834936901792336
9.750000000000425,5.7928193490243265,-0.4194078020936367,0.06272527601850238,0.012443553754293473,-2.257321133959906,-11.311713916897567,6.6,-0.1,0.45,0.8326190009430776,0.0,1.8750000000000002,28.107906527120274,19.85830361031617
9.800000000000486,5.814806560130353,-0.4191419523588794,0.06273250215112824,0.02123359313574718,-2.248254688393221,-10.856101625015402,6.6,-0.1,0.45,0.8344909152749321,0.0,1.8750000000000002,28.18220882231677,19.896909120541483
9.850000000000547,5.83700943783219,-0.4190010524823322,0.06273782638408278,0.06181054672853445,-2.2079345354916176,-10.402268674181462,6.6,-0.1,0.45,0.8374260242941899,0.0,1.8750000000000002,28.298803578460888,19.95740166795106
9.900000000000608,5.859356893012661,-0.41891498160578483,0.06274643310358265,0.1266594297995927,-2.143241381791681,-9.947274941188958,6.6,-0.1,0.45,0.8412598331785772,0.0,1.8750000000000002,28.451265045264165,20.036343443358398
9.950000000000669,5.882023480507444,-0.4187416603854869,0.06276497783306291,0.21767246363318662,-2.0535659748288753,-9.493813840079495,6.6,-0.1,0.45,0.8460211434898239,0.0,1.8750000000000002,28.640872745516596,20.134268832971536
10.00000000000073,5.904749505635154,-0.41876357268488157,0.06275637558330581,0.3301770415464679,-1.9407610722128246,-9.034216783967505,6.6,-0.1,0.45,0.8519057612652239,0.0,1.8750000000000002,28.87561206384415,20.25512288704917
10.050000000000791,5.927686843640269,-0.41887944379067593,0.06275138559398676,0.46981689663795717,-1.8014163384022108,-8.567016045600532,6.6,-0.1,0.45,0.8589054066446258,0.0,1.8750000000000002,29.15540041710759,20.398627475929008
10.100000000000852,5.95093308868853,-0.4190493240176688,0.06274455097923386,0.6401865572106242,-1.6312017656105244,-8.093478943598136,6.6,-0.1,0.45,0.8671894258710995,0.0,1.8750000000000002,29.487321817194534,20.568117211647273
10.150000000000913,5.974492997561338,-0.4192947228787265,0.06275190827816694,0.8477975696950966,-1.4263375860622316,-7.611253071955684,6.6,-0.1,0.45,0.8768925637679461,0.0,1.8750000000000002,29.87718863260272,20.76616886997909
10.200000000000975,5.997324431346053,-0.4191599427747519,0.06295559953314471,1.0375495093456055,-1.2599688382024548,-7.1143921816349645,6.6,-0.1,0.45,0.8861465119204371,0.0,1.8750000000000002,30.25008579202857,20.954581962029582
10.250000000001036,6.019485872091105,-0.41775635912520276,0.06302649056827392,1.1263156794732336,-1.180482487777203,-6.616112200852322,6.6,-0.1,0.45,0.8935615124372343,0.0,1.8750000000000002,30.54963244514664,21.105225944502525
10.300000000001097,6.040970594305699,-0.4151016220365967,0.06302694489447361,1.118406555538081,-1.1877061478767432,-6.1170882968564,6.6,-0.1,0.45,0.899004601901018,0.0,1.8750000000000002,30.76994073997308,21.215624576362494
10.350000000001158,6.0617149189372865,-0.41124197686878483,0.06290749918841385,1.0116073155010998,-1.280999673517837,-5.618115557776565,6.6,-0.1,0.45,0.9023088059501595,0.0,1.8750000000000002,30.903850870434262,21.282566209760283
10.400000000001219,6.081687076531683,-0.40626510085844203,0.06275930637346412,0.8082971083888447,-1.4658530940719914,-5.1244712332121125,6.6,-0.1,0.45,0.9035287870887643,0.0,1.8750000000000002,30.953326164569226,21.307268124303036
10.45000000000128,6.101547275404019,-0.401093710404367,0.0627762803937628,0.6101491412642865,-1.6642570183513252,-4.629285244655471,6.6,-0.1,0.45,0.9050570060683425,0.0,1.8750000000000002,31.015326730694465,21.33820029261726
10.500000000001341,6.121612912017396,-0.39610561317878595,0.06278902742748942,0.4453499118927457,-1.8290759811417796,-4.132521401219944,6.6,-0.1,0.45,0.9082038891619106,0.0,1.8750000000000002,31.143084428914023,21.4018572838247
10.550000000001402,6.141931770717075,-0.39118773025961917,0.06278631657910246,0.3123561967770555,-1.96266966276327,-3.6354189443589195,6.6,-0.1,0.45,0.9130053736077635,0.0,1.8750000000000002,31.33824104692392,21.49888630216625
10.600000000001463,6.162494457424493,-0.3862830702451934,0.06281674964211025,0.20792187907230184,-2.064596434737812,-3.137853992090928,6.6,-0.1,0.45,0.9195073255698207,0.0,1.8750000000000002,31.602943907469765,21.630090611661856
10.650000000001524,6.183212462796089,-0.38146283271944914,0.06279346659315628,0.13266385159082886,-2.1423702992086726,-2.6345243266478398,6.6,-0.1,0.45,0.9278317474852895,0.0,1.8750000000000002,31.942558323142116,21.797757916533254
10.700000000001586,6.204102142379144,-0.3767024041398057,0.06278987542705639,0.08215755625653831,-2.1940771577292955,-2.1215727580737767,6.6,-0.1,0.45,0.9380828379801179,0.0,1.8750000000000002,32.361867548951494,22.003753695302866
10.750000000001647,6.225204795281459,-0.371929485843125,0.06280450610343853,0.058807753567292044,-2.2173942318982385,-1.6022103191458716,6.6,-0.1,0.45,0.9505225926562945,0.0,1.8750000000000002,32.87229461249104,22.253032017951025
10.800000000001708,6.246395897458455,-0.3672432502470264,0.06279541522605335,0.06382819173125785,-2.2119649578546565,-1.0806540585643265,7.9,0.6,0.45,0.7948605673426704,0.0,1.8750000000000002,31.771163219634623,21.713233444350656
10.850000000001769,6.267388218685376,-0.3629771948852759,0.06277225669136446,0.08427358469414518,-2.189048246693087,-0.5956867260260176,7.9,0.6,0.45,0.787865832719299,0.0,1.8750000000000002,27.469585259472026,19.52484470776235
10.90000000000183,6.288614444948317,-0.3588659503841208,0.06272941812563626,0.10756268354851439,-2.1611826191661456,-0.141287340383118,7.9,0.6,0.45,0.781952880218867,0.0,1.8750000000000002,26.114248193565157,18.80570938901665
10.950000000001891,6.310207763717354,-0.35478499120223145,0.06273360938849507,0.13658409864648782,-2.1277432498258686,0.2823233767115413,7.9,0.6,0.45,0.7771147355821934,0.0,1.8750000000000002,25.925661858665666,18.704403944549217
11.000000000001952,6.332107461665477,-0.3507269179144547,0.06269142923320752,0.1859218876549679,-2.081206868749387,0.692931000091308,7.9,0.6,0.45,0.7728908064129227,0.0,1.8750000000000002,25.761276319441983,18.61584388505643
11.050000000002013,6.354167260516737,-0.3467722367990267,0.06272080809127202,0.25503518668379777,-2.0100215410729243,1.1078598145554477,7.9,0.6,0.45,0.7688325313094199,0.0,1.8750000000000002,25.603566055003288,18.530654937944593
11.100000000002074,6.376494467868336,-0.3427904113350974,0.0627449227786569,0.3497478216854839,-1.9139603431390804,1.5158515309976224,7.9,0.6,0.45,0.76518371109019,0.0,1.8750000000000002,25.46195944176226,18.453975264721027
11.150000000002136,6.398960962295891,-0.33907137411321026,0.06270102646535329,0.4655546400444984,-1.800563027706913,1.9274630314194015,7.9,0.6,0.45,0.7618591687874884,0.0,1.8750000000000002,25.333096113135966,18.38403926304229
11.200000000002197,6.421702234800341,-0.33545207157998475,0.06269171239936139,0.6045871527648393,-1.661224485173992,2.33745626589055,7.9,0.6,0.9,0.7589293336930458,0.0,1.9099999999999995,25.219657632511513,18.322350096897875
11.250000000002258,6.446039596666558,-0.33097415564329397,0.06268474575812485,0.7255089506122966,-1.540535898301366,2.7860691328984712,7.9,0.6,0.9,0.7553554382062825,0.0,2.1600000000000024,25.081441747937415,18.247028183095242
11.300000000002319,6.471770425517296,-0.3247854949097853,0.06268872864994071,0.7300017854122035,-1.5362595892016584,3.2867109569520476,7.9,0.6,0.9,0.7500826873372319,0.0,2.410000000000021,24.877845881572508,18.1357573129562
11.35000000000238,6.49949210289588,-0.31664190675505494,0.06268636731695318,0.6290757705135401,-1.6361421618865581,3.830139326549253,7.9,0.6,0.9,0.743466651851104,0.0,2.6600000000000397,24.62292530540404,17.995893840734546
11.400000000002441,6.529523068693493,-0.307130025355787,0.06268348718454629,0.4827130707485837,-1.7818405592567579,4.422039878901738,7.9,0.6,0.9,0.7359849983551386,0.0,2.9100000000000583,24.335383461172995,17.837399830128252
11.450000000002502,6.561488038361779,-0.2961588179265949,0.06280549593928555,0.22344519157126808,-2.0322041377289977,5.043236974345487,7.9,0.6,0.9,0.7279050674257062,0.0,3.1600000000000774,24.025724254602363,17.66583341877987
11.500000000002563,6.596667944735242,-0.28394450063776533,0.0629579826911326,0.0005638919440641334,-2.292148104059296,5.6968782534470295,7.9,0.6,0.9,0.7199934934604673,0.0,3.410000000000096,23.723403009508257,17.497437537334356
11.550000000002624,6.63762032505289,-0.2726893917903736,0.0626544167435166,0.0042063356587500435,-2.258000469468571,6.3950544093534045,7.9,0.6,0.9,0.7152830042799235,0.0,3.6600000000001147,23.543821217428476,17.39698447384138
11.600000000002685,6.67974925087096,-0.25999752095344875,0.06265895376197278,0.013258434346400852,-2.2493767766709376,7.171050163042132,7.9,0.6,0.9,0.7087594358814702,0.0,3.7500000000000004,23.295634872285923,17.257629070915687
11.650000000002747,6.7238361654322905,-0.2480092994413157,0.0626955300235259,0.03878432186685999,-2.222459732953651,7.829412680563303,7.9,0.6,0.9,0.7076768714209992,0.0,3.7500000000000004,23.254507382521474,17.234476676321552
11.700000000002808,6.767387025020815,-0.23502666276446413,0.06271967085242497,0.18188633511825103,-2.074973437570145,8.57558962042187,7.9,0.6,0.9,0.7041811734075586,0.0,3.7500000000000004,23.12181637322282,17.159663150401446
11.750000000002869,6.8113426937622785,-0.22142924199959418,0.06280059129364315,0.37530534277054406,-1.8759289207733072,9.299658341961674,7.9,0.6,0.9,0.7019258321850673,0.0,3.7500000000000004,23.036299264230227,17.111352699454148
11.80000000000293,6.855309315946737,-0.20832116189486954,0.06264844232800389,0.6029203260401872,-1.6580921226090688,10.04379348822109,7.9,0.6,0.9,0.7006865234596114,0.0,3.7500000000000004,22.98933840820942,17.084791891875636
11.850000000002991,6.899446748650448,-0.19483275639469483,0.06253534098791026,0.8616501829935538,-1.3910082772685228,10.805742746375365,7.9,0.6,0.9,0.6999481271620266,0.0,3.7500000000000004,22.96136889258423,17.068961806684943
11.900000000003052,6.944388364883657,-0.17999223084078197,0.06058893627479876,1.056797150224596,-1.0048672047522114,11.568440434267183,7.9,0.6,0.9,0.6998533435607583,0.0,3.7500000000000004,22.957779171168628,17.066929531210167
11.950000000003113,6.991576267126647,-0.1631289455525253,0.05540842523872686,1.0638394950858212,-0.4425174113051713,12.241942743643765,7.9,0.6,0.9,0.7031655730790646,0.0,3.7500000000000004,23.08329831904473,17.137912658807316
12.000000000003174,7.0434828830244385,-0.1540694823039826,0.05558818963304568,0.34713296478474964,1.0523891248346235,13.179036624331602,7.9,0.6,0.9,0.713210689587588,0.0,3.7500000000000004,23.46491575424009,17.35274602013297
12.050000000003235,7.094223693837013,-0.1491925433745668,0.06014428544141422,0.04980674980099142,1.892651879729244,14.733218934827578,7.9,0.6,0.9,0.7132406271693116,0.0,3.7500000000000004,23.466055226263514,17.353385307040334
12.100000000003297,7.136388639160396,-0.13636507909886877,0.06251107374759733,0.23042816033489316,1.9610005987074204,15.676622153836933,7.9,0.6,0.9,0.7157085631998612,0.0,3.7500000000000004,23.560032298495084,17.40606558696771
12.150000000003358,7.176690420500798,-0.11924455642684528,0.06291522476789085,0.392090323597366,1.8485596907848851,16.344102414859606,7.9,0.6,0.9,0.7210489411435861,0.0,3.7500000000000004,23.76368352600517,17.519925732268973
12.200000000003419,7.217065684229495,-0.10053554356489165,0.0629820371783883,0.4484101228938539,1.7970166389112967,17.00715133986509,7.9,0.6,0.9,0.7268039893977838,0.0,3.7500000000000004,23.98359668483348,17.64242129316616
12.25000000000348,7.259254891076069,-0.07723102607174688,0.06275876677175654,0.0050109696261963965,2.1936176211474456,17.67180776767423,7.9,0.6,0.9,0.7317126206698361,0.0,3.7500000000000004,24.171533150670985,17.746733421026413
12.300000000003541,7.29823629262325,-0.055541685599988386,0.0626414531601988,0.003890202189864129,2.1867524738455137,18.473088917295296,7.9,0.6,0.9,0.7332911035848904,0.0,3.7500000000000004,24.232040009271596,17.780244751781606
12.350000000003602,7.336827365331972,-0.03371907285782043,0.06267059889697661,0.009635440443468427,2.1926514485327195,19.28397880235303,7.9,0.6,0.9,0.7361371357349101,0.0,3.7500000000000004,24.341222788558635,17.840626283714442
12.400000000003663,7.3746674973952855,-0.01177855705340946,0.06267421484042303,0.006080759124454498,2.1904223907517513,20.12460535661691,7.9,0.6,0.9,0.7395059512401023,0.0,3.7500000000000004,24.470607039457484,17.912032929475398
12.450000000003724,7.4121979119910755,0.01083791153366674,0.062675787294822,0.008174718103592233,2.1911656422494685,20.975403899049535,7.9,0.6,0.9,0.744014014009828,0.0,3.7500000000000004,24.643992558766072,18.007475519134704
12.500000000003785,7.449328543038058,0.03399270457959424,0.06268250589913078,0.007875558792115283,2.191667186934645,21.826667433750185,7.9,0.6,0.9,0.750175869951166,0.0,3.7500000000000004,24.881440597648695,18.137725246943027
12.550000000003847,7.485547214034246,0.057001724280314414,0.06269016364273293,0.009102416322057156,2.1921677501492716,22.681133575278,7.9,0.6,0.9,0.7582564114889625,0.0,3.7500000000000004,25.193619804951965,18.30817390485228
12.600000000003908,7.5204046371214135,0.07993713855202178,0.06269785101487912,0.009526658111260605,2.191727301507139,23.525912903853396,7.9,0.6,0.45,0.7679294202342992,0.0,3.5249999999999835,25.56850040854519,18.51168370577182
12.650000000003969,7.5524519333341615,0.10171080332309171,0.0627051682267491,0.009907593658809836,2.191553478082102,24.32581231562626,7.9,0.6,0.45,0.7788200554132151,0.0,3.274999999999965,25.992097494505245,18.740127571563892
12.70000000000403,7.581765406856782,0.12231955326473913,0.06271122706683116,0.009694754677078686,2.190463867091782,25.07977950771607,7.9,0.6,0.45,0.7906864481970405,0.0,3.0249999999999457,26.455473588601958,18.988225183844392
12.750000000004091,7.608427279472201,0.14164863623976137,0.06271840248390657,0.010510273248606119,2.190450135291815,25.78580371247027,7.9,0.6,0.45,0.8034315314685819,0.0,2.774999999999927,26.955263728876705,19.253761644091963
12.800000000004152,7.632485336122385,0.1595834277369924,0.06272625854028206,0.011933959552264043,2.1907291011354713,26.442378631474526,7.9,0.6,0.45,0.8168436674853452,0.0,2.5249999999999084,27.483537520346093,19.532168334762297
12.850000000004213,7.653970935922435,0.17606926974650455,0.06273140476239232,0.012004003649195207,2.1900711254596903,27.048246305562653,7.9,0.6,0.45,0.8305238431607904,0.0,2.2749999999998898,28.024796622808708,19.815070513358776
12.900000000004274,7.673719740850194,0.19132984767235875,0.06265047085169431,0.015427860354377897,2.173755402801074,27.507139117111674,7.9,0.6,0.45,0.8480936498064421,0.0,2.0249999999998765,28.723495548626143,20.176854398200643
12.950000000004335,7.692100735837483,0.20551728939698505,0.06274138525950036,0.01936770724508171,2.1730941284853564,27.860993740079294,9.2,0.1,0.45,-0.8061828732064099,0.0,1.8750000000000002,28.557103237102904,20.091038993574358
13.000000000004396,7.7118917552332755,0.21964820322114756,0.06267995850210517,0.025083745956913067,2.1640165333444727,27.98948632954501,9.2,0.1,0.45,-0.8244771252854227,0.0,1.8750000000000002,24.365732353187845,17.854165222364482
13.050000000004458,7.734704894762644,0.23394621030139504,0.0626057292418196,0.02578666766709423,2.169599280989931,28.137066525002197,9.2,0.1,0.45,-0.8440795692923211,0.0,1.8750000000000002,20.33378663556905,15.544611168302106
13.100000000004519,7.757333733206029,0.2475069648753278,0.06256950238399565,0.02673327407900567,2.17333976856108,28.22391807667243,9.2,0.1,0.45,-0.8618377929855304,0.0,1.8750000000000002,16.469122231734747,13.153356516677405
13.15000000000458,7.780368997176786,0.26088123191713264,0.06252851517531278,0.02626112653790519,2.1776570059849973,28.292328084269634,9.2,0.1,0.45,-0.8794673403292331,0.0,1.8750000000000002,12.774648194554114,10.670945492987828
13.200000000004641,7.80330687163121,0.27397952877579596,0.06246359288993575,0.011512084662793846,2.1960378565881316,28.319379584428134,9.2,0.1,0.45,-0.8962184291857906,0.0,1.8750000000000002,9.24915648220061,8.08752298030475
13.250000000004702,7.825681547396479,0.2864514452368581,0.062398694357134264,0.011059646655250081,2.2020895704130474,28.30623707324514,9.2,0.1,0.45,-0.9117349953770075,0.0,1.8750000000000002,5.888198705002139,5.392910880435604
13.300000000004763,7.84828161300179,0.2983715063443375,0.062351834298000335,0.013304682809972301,2.202940680286742,28.260164634161924,9.2,0.1,0.45,-0.9263210747653978,0.0,1.8750000000000002,2.684918787708205,2.576738265603984
13.350000000004824,7.871016441556832,0.3100675860976583,0.06230502150796326,0.01644473385023776,2.20556160997556,28.198854812129532,9.2,0.1,0.45,-0.9408244919772306,0.0,1.8750000000000002,-0.3692131820103312,-0.37135862701769057
13.400000000004885,7.89215592845051,0.32039491087606425,0.06232503204898502,0.0014222644975567216,2.2191447453480513,28.004524489278065,9.2,0.1,0.45,-0.9507145859540541,0.0,1.8750000000000002,-3.2837906983536707,-3.4614487036277968
13.450000000004946,7.910076341068774,0.32972117463727824,0.06230374216234331,0.027539001742386077,2.1976923409232585,27.725994034298534,9.2,0.1,0.45,-0.9571650553916295,0.0,1.8750000000000002,-6.068987647936352,-6.702912644713788
13.500000000005008,7.927033135351415,0.33854553640509866,0.062407049183786305,0.06997956672439186,2.159564896759695,27.431749875173903,9.2,0.1,0.45,-0.9627733894596836,0.0,1.8750000000000002,-8.735192605889338,-10.10392886089804
13.550000000005069,7.943573916523048,0.34757648014259773,0.062431294401027716,0.08230385062117393,2.1478873582124254,27.114566630870918,9.2,0.1,0.45,-0.968245556989932,0.0,1.8750000000000002,-11.292744499291782,-13.670831731714275
13.60000000000513,7.959975553671497,0.35677650263059174,0.062499464248309704,0.06125615944180296,2.157812207006665,26.785239672194372,9.2,0.1,0.45,-0.9738771002586071,0.0,1.8750000000000002,-13.751751463263089,-17.407350044028092
13.65000000000519,7.976831072575931,0.36586133449986236,0.0625166461244344,0.002792884976493349,2.1895373522077652,26.427761109134703,9.2,0.1,0.45,-0.9791160520249409,0.0,1.8750000000000002,-16.121975369409803,-21.313757034006407
13.700000000005252,7.996241722774889,0.37299989108198767,0.06368515507794013,0.03829066940329353,2.271282738065042,26.057873586470773,9.2,0.1,0.45,-0.982781328373766,0.0,1.8750000000000002,-18.412766555899065,-25.385995284366004
13.750000000005313,8.014492150055561,0.3777811716410392,0.06262991672142945,0.18044500540089362,2.047638358294471,25.64930725717976,9.2,0.1,0.45,-0.9828642403410204,0.0,1.8750000000000002,-20.633035864342684,-29.614876481609407
13.800000000005374,8.033256372562851,0.3816505388154028,0.06259892073995903,0.3788273773188823,1.89360219519665,25.1868930198979,9.2,0.1,0.45,-0.9808906788269697,0.0,1.8750000000000002,-22.791253677333835,-33.98548954217265
13.850000000005435,8.051397344474188,0.38560809770016924,0.06260912480174045,0.5474142953643713,1.7579610221781328,24.704644454031623,9.2,0.1,0.45,-0.9786168925543162,0.0,1.8750000000000002,-22.813252892609345,-34.03131001454609
13.900000000005496,8.069722679249095,0.3895816156109651,0.06270585154225716,0.7018504448851978,1.624214819481649,24.2302540667563,9.2,0.1,0.45,-0.9769003597665518,0.0,1.8750000000000002,-22.779131689984105,-33.9602522411389
13.950000000005558,8.087557014329445,0.3934421977312793,0.06259398183631262,0.8213397076085822,1.5051529755319029,23.722927437508456,9.2,0.1,0.45,-0.9743542550431546,0.0,1.8750000000000002,-22.72849473046241,-33.854910874985556
14.000000000005619,8.10552154335513,0.3967697964200554,0.062073618628338094,0.906648907367506,1.380209552747683,23.182316280936686,9.2,0.1,0.45,-0.9706646896924482,0.0,1.8750000000000002,-22.655062270355806,-33.70238287845764
14.05000000000568,8.129888675121371,0.39759504839692705,0.06577255103776053,1.1720671705028212,1.4975783519129535,22.68653191874162,9.2,0.1,0.45,-0.9674703162120664,0.0,1.8750000000000002,-22.591433323964065,-33.57044393307855
14.10000000000574,8.149894601084439,0.4007456238959714,0.06217026606304154,0.9367669870105725,1.3605812681677714,22.215038678429345,9.2,0.1,0.45,-0.9666351271463413,0.0,1.8750000000000002,-22.57478912441137,-33.53596575092952
14.150000000005802,8.168197024054514,0.40463938863541066,0.05716634863666226,0.633307044793243,1.127065083668484,21.702599417845303,9.2,0.1,0.45,-0.9655319263562239,0.0,1.8750000000000002,-22.552798708300966,-33.490435065313704
14.200000000005863,8.186422538052113,0.40761495890451077,0.05313527932208314,0.44209117112458973,0.8964150439462881,21.212349107713255,9.2,0.1,0.45,-0.9640926278802009,0.0,1.8750000000000002,-22.524100017365278,-33.43105290823832
14.250000000005924,8.203248010782238,0.4104391622136618,0.04798339925627412,0.20758464547431246,0.5924738077255035,20.752214671153588,9.2,0.1,0.45,-0.9629783985518968,0.0,1.8750000000000002,-22.501876187854368,-33.38509775870254
14.300000000005985,8.218756129062177,0.41264347782126914,0.041530834147461844,0.0003891408806583626,0.14333889538291067,20.30719100772313,9.2,0.1,0.45,-0.9612491461419838,0.0,1.8750000000000002,-22.467373642286937,-33.313803345174605
14.350000000006046,8.239243655949458,0.41494284414222465,0.040008884365592724,-0.00010321458593015226,-0.0005922694887191323,19.839947622805997,9.2,0.1,0.45,-0.9613783956513993,0.0,1.8750000000000002,-22.469952962462273,-33.31913097958324
14.400000000006107,8.26159992369002,0.4176501977889957,0.04001015389915509,-0.0004362279787097543,-0.0004136792410862352,19.357913163527407,9.2,0.1,0.45,-0.9631455132525215,0.0,1.8750000000000002,-22.50520974858993,-33.39198936084892
14.450000000006169,8.283908252809859,0.42008061244358114,0.040001582851491815,-0.00027787450427833117,0.0002956463047265235,18.878255345293283,9.2,0.1,0.45,-0.9651278712030855,0.0,1.8750000000000002,-22.544743107152733,-33.473762414404504
14.50000000000623,8.30627504074126,0.4223420713871791,0.04001904861293219,-0.0011128605370387542,-0.0012103862664454533,18.39096284534985,9.2,0.1,0.45,-0.9673348906956326,0.0,1.8750000000000002,-22.588734700697877,-33.564852801691494
14.55000000000629,8.328666434960478,0.4244427027189819,0.04002276389768026,-0.0003849167251251898,-0.0019874478574596764,17.909480938244045,9.2,0.1,0.45,-0.9700544646484077,0.0,1.8750000000000002,-22.64291090324303,-33.67716996419583
14.600000000006352,8.35104114118348,0.42629211571951664,0.040004007893561816,-3.0069226310740614e-05,-0.0002174487622022793,17.421216463541022,9.2,0.1,0.45,-0.9729057285035256,0.0,1.8750000000000002,-22.699672764669074,-33.795010942436235
14.650000000006413,8.373456148917702,0.4279790432059149,0.04000688310073905,-0.000823025838917839,-0.00010437468139895339,16.933276565983583,9.2,0.1,0.45,-0.9762432801879347,0.0,1.8750000000000002,-22.766066608355793,-33.9330599522975
14.700000000006474,8.395741234259658,0.42939009441733383,0.040006333783664486,-0.0003208066661231773,-0.0005317873324740467,16.447413279374512,9.2,0.1,0.45,-0.9798268627211214,0.0,1.8750000000000002,-22.837296340818813,-34.08141675086803
14.750000000006535,8.418156996424798,0.4306436722607223,0.040017727997874994,-0.0002753517422854609,-0.0014943063922214941,15.962212433578868,9.2,0.1,0.45,-0.9840406302244553,0.0,1.8750000000000002,-22.920975088337528,-34.2560354355447
14.800000000006596,8.440765646039864,0.43182499638444577,0.040001665131360116,-0.00017577562316344742,-0.00011437505587781686,15.482140595609739,9.2,0.1,0.45,-0.989189617267422,0.0,1.8750000000000002,-23.023113538777515,-34.4696612264581
14.850000000006657,8.463428208282426,0.43282386992780847,0.040014600318262226,-0.0001350109301482273,-0.001477281634973839,15.000457792396361,9.2,0.1,0.45,-0.9949339523907462,0.0,1.8750000000000002,-23.136916943692114,-34.70831077398967
14.900000000006719,8.486153524331492,0.43361357210461715,0.04000374204613527,0.00021362622818447093,-0.00021428131571857127,14.520888314766056,9.2,0.1,0.45,-1.0,0.0,1.8750000000000002,-23.23715676447456,-34.91906087527131
14.95000000000678,8.508893465139325,0.4342869510614267,0.04000663660388087,0.0003459586879843736,-0.00048716837673751955,14.049246071726474,9.2,0.1,0.45,-1.0,0.0,1.8750000000000002,-23.23715676447456,-34.91906087527131
15.00000000000684,8.531216907784005,0.43493653877740535,0.04017737670365627,-0.0064751597072755665,0.00947298687372224,13.453308302882029,9.2,0.1,0.45,-1.0,0.6,1.8750000000000002,-23.23715676447456,-34.91906087527131
15.050000000006902,8.553892145810464,0.4356332341762401,0.04006770813428729,-0.001482721929569898,0.0014646101975661198,12.576794019348885,9.2,0.1,0.45,-1.0,0.6,1.8750000000000002,-23.23715676447456,-34.91906087527131
15.100000000006963,8.576893820711538,0.43717554709232587,0.04009020461600594,-0.0026541390054116002,0.001205875513051524,11.708988286817528,9.2,0.1,0.45,-1.0,0.6,1.8750000000000002,-23.23715676447456,-34.91906087527131
15.150000000007024,8.599627824392151,0.43868059783745406,0.04009428535464279,-0.0017897521031801386,2.364470208247699e-05,10.848899997190752,9.2,0.1,0.45,-1.0,0.6,1.8750000000000002,-23.23715676447456,-34.91906087527131
15.200000000007085,8.62212157568773,0.43997440601152293,0.04010077240180075,-0.0016683779896129636,-0.0004315424334499972,9.983805706770077,9.2,0.1,0.45,-1.0,0.6,1.8750000000000002,-23.23715676447456,-34.91906087527131
15.250000000007146,8.644492794568258,0.4410586996573152,0.0400759468708469,-0.00012251326251360405,-0.00013433438143319574,9.122336187624578,9.2,0.1,0.45,-1.0,0.6,1.8750000000000002,-23.23715676447456,-34.91906087527131
15.300000000007207,8.666836135753496,0.44181635042028816,0.040069923420769434,-0.0009628580702780523,0.0017823595049846989,8.256554670021599,9.2,0.1,0.45,-1.0,0.6,1.8750000000000002,-23.23715676447456,-34.91906087527131
15.350000000007268,8.689077838371968,0.44230926994685504,0.0400940399390975,-0.0021854082335392468,0.0008903800275882789,7.392703756617425,9.2,0.1,0.45,-1.0,0.6,1.8750000000000002,-23.23715676447456,-34.91906087527131
15.40000000000733,8.711178278293653,0.44256083176565736,0.0400980370686993,-3.8133943773277427e-05,-0.0018099392015093014,6.527995213947108,9.2,0.1,0.45,-1.0,0.6,1.8750000000000002,-23.23715676447456,-34.91906087527131
15.45000000000739,8.73343325155205,0.44231324746805195,0.040060798415566666,-7.48521466883832e-05,0.0014573040054926812,5.658244808678574,9.2,0.1,0.45,-1.0,0.6,1.8750000000000002,-23.23715676447456,-34.91906087527131
15.500000000007452,8.755872413027262,0.4416846936340883,0.04007758262254039,-0.0005501785772910837,0.00032416825805289194,4.7905774860383605,9.2,0.1,0.45,-1.0,0.6,1.8750000000000002,-23.23715676447456,-34.91906087527131
15.550000000007513,8.778240283458135,0.44082567031314984,0.04009269466232253,-0.0018036660034292662,0.00021583621557122944,3.9276382462196757,9.2,0.1,0.45,-1.0,0.6,1.8750000000000002,-23.23715676447456,-34.91906087527131
15.600000000007574,8.800562028274518,0.4396544746115925,0.04009864084092925,-0.002732692530519031,0.0004921193235431034,3.065797508134061,9.2,0.1,0.45,-1.0,0.6,1.8750000000000002,-23.23715676447456,-34.91906087527131
15.650000000007635,8.822808151374943,0.43818824146455854,0.0401032259233723,-0.0038570735881708136,0.0011035834391465971,2.2033669732240284,9.2,0.1,0.45,-1.0,0.6,1.8750000000000002,-23.23715676447456,-34.91906087527131
15.700000000007696,8.845121203129514,0.43626604773749045,0.04008671198935397,-0.0007344874118100902,-0.00044880989200116276,1.3371655994874758,9.2,0.1,0.45,-1.0,0.6,1.8750000000000002,-23.23715676447456,-34.91906087527131
15.750000000007757,8.867478454385022,0.4339524153603011,0.040057423768378675,-0.0004662761101147876,0.002197646181201892,0.4712831459125088,9.2,0.1,0.45,-1.0,0.6,1.8750000000000002,-23.23715676447456,-34.91906087527131
15.800000000007818,8.89000341445128,0.43113431974171107,0.0400814905934146,-0.0021077895219445033,0.001404757755945437,-0.39774080642561876,9.2,0.1,0.45,-1.0,0.6,1.8750000000000002,-23.23715676447456,-34.91906087527131
15.85000000000788,8.912591654668589,0.4267675347504222,0.04001281837189919,-0.0010358598111499901,-0.0006269612107494291,-0.9924090836929925,10.5,-0.5,0.9,-0.7411926309936011,0.0,2.0724999999999967,-21.546368055106303,-31.433927612148164
15.90000000000794,8.93785917216613,0.42094133856919747,0.04002483144686225,-0.001127996057413137,-0.0020308333688017427,-1.4869578071916965,10.5,-0.5,0.9,-0.7348329621079069,0.0,2.3225000000000144,-19.353161226143126,-27.14337343274115
15.950000000008002,8.966243873156742,0.4146706320135339,0.04001228417136088,-0.0016045025429583123,-0.00010439088597297431,-2.0077019458322494,10.5,-0.5,0.9,-0.7289710384687607,0.0,2.572500000000033,-17.688491685202578,-24.066524794346908
16.00000000000806,8.997626319361618,0.4079256098772098,0.04001767128554275,-0.00019557249585652726,-0.0009332988399793693,-2.5312833827901744,10.5,-0.5,0.9,-0.7241953942385727,0.0,2.8225000000000517,-17.586923981206795,-23.883858881957142
16.050000000007945,9.03204322681884,0.40044639981840247,0.04000236355417262,-0.0005974934842959935,0.000190276270890844,-3.0879898203815688,10.5,-0.5,0.9,-0.71970822773102,0.0,3.072500000000071,-17.491358209489626,-23.712518706601568
16.100000000007828,9.069373259739015,0.3919065107722894,0.040025017239186236,-0.0006662949981535162,-0.0023636018133557884,-3.6956458411692497,10.5,-0.5,0.9,-0.7148535046477497,0.0,3.3225000000000895,-17.387818078474723,-23.527462609959056
16.15000000000771,9.109576829762815,0.38238504494359926,0.040003641202884334,-0.0005614563842853311,-0.0003162566278605871,-4.3377177896659465,10.5,-0.5,0.9,-0.7102152833441229,0.0,3.572500000000108,-17.288752663352707,-23.350969829339718
16.200000000007595,9.152501532959894,0.37175525008291177,0.04002790469488269,-0.0009820082665546437,-0.001982573528721012,-5.019095270923252,10.5,-0.5,0.9,-0.705651152668734,0.0,3.7500000000000004,-17.191132810193736,-23.177593292338667
16.25000000000748,9.196073707173365,0.36045115869754507,0.04001249226345111,-0.0012781048937740799,-0.0006002017211504706,-5.704243428453034,10.5,-0.5,0.9,-0.7014740056198655,0.0,3.7500000000000004,-17.101670344515114,-23.019175771324896
16.300000000007362,9.239712406174085,0.34872831729820836,0.04001707619369111,-0.0003668957524266594,-0.0012805463810547956,-6.383741918193592,10.5,-0.5,0.9,-0.6978570082927659,0.0,3.7500000000000004,-17.024111905466143,-22.882202024442197
16.350000000007245,9.283071444256926,0.3365185534501517,0.04002689774191268,-0.0006161589031377727,-0.001967596333199819,-7.065480078616033,10.5,-0.5,0.9,-0.6944482644885697,0.0,3.7500000000000004,-16.950939865619954,-22.75328511268737
16.40000000000713,9.326311351891627,0.32383931815500805,0.04000133042503141,-0.00018413002655621262,0.000131356825016136,-7.738983603964791,10.5,-0.5,0.9,-0.6915902947040538,0.0,3.7500000000000004,-16.889531337815875,-22.645325811333606
16.450000000007012,9.36911436077362,0.31056533274025494,0.0400043979272216,-0.00039912681924895787,7.4510859594494375e-06,-8.424753024144945,10.5,-0.5,0.9,-0.6885375841939887,0.0,3.7500000000000004,-16.8238784199988,-22.53013897787466
16.500000000006896,9.411810092053537,0.2968215815197294,0.0400045905275917,4.4992562566229006e-05,-0.00021262720031171316,-9.104736970774866,10.5,-0.5,0.9,-0.6860535781290694,0.0,3.7500000000000004,-16.770410401163748,-22.43650913981767
16.55000000000678,9.45456602644524,0.28270787316014356,0.04003149545696003,-0.0004886384090858478,-0.002644012120512693,-9.76852400030101,10.5,-0.5,0.9,-0.6846640029381639,0.0,3.7500000000000004,-16.74048190190256,-22.384170273801555
16.600000000006663,9.496091783727627,0.2688151918976685,0.04287014527168644,-0.13601138446827946,0.12024044435558537,-10.549362065503793,10.5,-0.5,0.9,-0.6809016697948777,0.0,3.7500000000000004,-16.659384192127398,-22.24259940385063
16.650000000006546,9.531074938031512,0.25990440333683784,0.055732499990728795,-0.8116023210708324,0.7577906300789237,-12.026611007060344,10.5,-0.5,0.9,-0.6601904091435281,0.0,3.7500000000000004,-16.21123261976296,-21.466909372070518
16.70000000000643,9.565238158764128,0.25458483303319357,0.07327128716457051,-1.8337585505280631,1.4686306637818296,-13.568082561002356,10.5,-0.5,0.9,-0.6416343430402572,0.0,3.7500000000000004,-15.807208534987556,-20.777203654303683
16.750000000006313,9.597237718465541,0.2508039709013312,0.08579219998093082,-2.6382811176639414,1.9595572156538221,-15.290990538899221,10.5,-0.5,0.9,-0.6191814558618184,0.0,3.7500000000000004,-15.315100146783044,-19.949360938124773
16.800000000006197,9.62683713973977,0.24510113914765605,0.08013849227698364,-2.399106321840201,1.6308228371746176,-16.998053578073737,10.5,-0.5,0.9,-0.594448831434875,0.0,3.7500000000000004,-14.76882552263165,-19.046013044987657
16.85000000000608,9.656656678761683,0.2388967473798213,0.08637074879629865,-3.287020196278351,1.4205043935042063,-18.327702026074846,10.5,-0.5,0.9,-0.5794482911431532,0.0,3.7500000000000004,-14.435313407745554,-18.50251262135809
16.900000000005964,9.691931659809661,0.23540773615881683,0.09408052100881104,-4.524360032306521,1.0474394129667481,-19.284946984060422,10.5,-0.5,0.9,-0.5824671693339686,0.0,3.7500000000000004,-14.502567874539588,-18.61162587418465
16.950000000005847,9.731582499210164,0.23488430903556398,0.10811461604593281,-6.3368965033370905,0.8148535430910938,-20.09081600679751,10.5,-0.5,0.9,-0.5978711842908598,0.0,3.7500000000000004,-14.844682265194804,-19.17047673986131
17.00000000000573,9.768103428012193,0.23394816648790123,0.1142817556097427,-7.7164866920165816,0.23074855053353566,-21.021089806255755,10.5,-0.5,0.9,-0.6088286587531098,0.0,3.7500000000000004,-15.086977737772477,-19.57013611314776
17.050000000005614,9.802672535616068,0.21808865485583384,0.11462647380407917,-7.935003968191283,-0.07126641635488074,-21.801882277307165,10.5,-0.5,0.9,-0.6083785690133939,0.0,3.7500000000000004,-15.077042458754256,-19.55368492444877
17.100000000005497,9.83946875866828,0.18917789936908963,0.1072811341036058,-7.1282413298525285,0.0448191546784862,-22.47933966470955,10.5,-0.5,0.9,-0.6007128048024597,0.0,3.7500000000000004,-14.907601560958376,-19.273951476297018
17.15000000000538,9.883165652642978,0.1596012790734933,0.10915028716202713,-6.572857640726206,0.7112627259456481,-23.153811066727272,10.5,-0.5,0.9,-0.6013674893218357,0.0,3.7500000000000004,-14.922089218169475,-19.297807994075676
17.200000000005264,9.92605651457277,0.13012294694522894,0.108643280907714,-5.856948281424513,1.288672491305595,-23.95438279395132,10.5,-0.5,0.9,-0.6002855786201607,0.0,3.7500000000000004,-14.898145684642122,-19.258386876295656
17.250000000005148,9.972218621530915,0.10050420092572394,0.11057216146591418,-5.335815012726292,1.9379768591089856,-24.639494178019728,10.5,-0.5,0.9,-0.6084307004551547,0.0,3.7500000000000004,-15.078193283423838,-19.555590223616267
17.30000000000503,10.016403964698462,0.0694068917169564,0.10838001459378942,-4.596867364809133,2.3819974958432697,-25.265161629490574,10.5,-0.5,0.9,-0.6173306324549137,0.0,3.7500000000000004,-15.274374348493158,-19.881449558635204
17.350000000004915,10.051409549762905,0.03426282321737077,0.09141003305657824,-3.086182085199061,2.098750431609858,-25.975638882620736,10.5,-0.5,0.9,-0.6077123647632768,0.0,3.7500000000000004,-15.06233396386067,-19.529340016328742
17.4000000000048,10.082124811042238,-0.0038291093742361705,0.07082207010739831,-1.2900816836156213,1.738652155859738,-26.639149517297376,10.5,-0.5,0.9,-0.588480929632199,0.0,3.7500000000000004,-14.636339492827684,-18.829386052379633
17.45000000000468,10.119760328398097,-0.04160963877695404,0.05434445258857546,0.004946634822666009,1.3682677384313575,-27.11585584128432,10.5,-0.5,0.9,-0.5874278846539631,0.0,3.7500000000000004,-14.612934734701566,-18.791216414485174
17.500000000004565,10.150781765655912,-0.0695266918179266,0.040000865043588046,0.00014045324755271,-9.516543260069447e-05,-27.730458825579028,10.5,-0.5,0.9,-0.5874251405125368,0.0,3.7500000000000004,-14.612873733221301,-18.791116969178777
17.55000000000445,10.187559922032229,-0.09569426818974444,0.04001452715241884,-0.00022304324523161109,-0.001355849845897632,-28.29412025999775,10.5,-0.5,0.9,-0.6073920540602482,0.0,3.7500000000000004,-15.055260976178467,-19.517637316635216
17.600000000004332,10.223854568503905,-0.12244595584269759,0.040003867954114466,7.666574304311117e-05,-0.0001002530634597573,-28.882651957933966,10.5,-0.5,0.9,-0.6307811752832699,0.0,3.7500000000000004,-15.569782938584407,-20.376125784009613
17.650000000004216,10.259722533792795,-0.14993329637427102,0.04051797459558449,0.0005639917782221279,0.035689488522249666,-29.34208790426743,11.8,0.0,0.45,0.8829183699052464,0.0,3.6049999999999893,-14.442185481432025,-18.513650585586223
17.7000000000041,10.293705227815643,-0.17641916302043148,0.04013176889869376,-0.004400179922306924,-0.00046401300570576354,-29.432267546002738,11.8,0.0,0.45,0.9136181494955986,0.0,3.3549999999999707,-12.009698433560327,-14.72812032932035
17.750000000003983,10.325209897071774,-0.20118150360882786,0.04011487300394885,-0.0034784693789347942,-1.318101103278625e-07,-29.429602579623545,11.8,0.0,0.45,0.9411076606925868,0.0,3.104999999999952,-9.481513472813539,-11.112676851677096
17.800000000003866,10.355287696408627,-0.22386427913212553,0.04010190760867016,-0.0023985622582416016,-0.0004119476527090451,-29.365318825763357,11.8,0.0,0.45,0.9658367231429072,0.0,2.8549999999999334,-6.847612708596964,-7.664495617476236
17.85000000000375,10.383649988198226,-0.2439349792031388,0.040047986059057364,0.002692841007844607,0.0017163890977138683,-29.242176523347375,11.8,0.0,0.45,0.9871542964202645,0.0,2.6049999999999143,-4.0977082426801825,-4.377908959657036
17.900000000003633,10.41009838484083,-0.26131571883159205,0.04004267764962502,0.000981531775789196,-9.8962954563826e-05,-29.062886491059224,11.8,0.0,0.45,1.0,0.0,2.3549999999998956,-1.2214027014796318,-1.2451975409531573
17.950000000003516,10.434265362948445,-0.27619243379701913,0.04051188349712463,-0.00019259400552691056,0.034983038060880975,-28.740134439265276,11.8,0.0,0.45,1.0,0.6,2.104999999999877,1.7915722274832093,1.7427317507223181
18.0000000000034,10.45686647821093,-0.2897286619009887,0.04006812730047496,0.0023738922953113663,0.0034786249923490975,-28.085440598360442,11.8,0.0,0.45,1.0,0.6,1.8750000000000002,4.9510210576410545,4.595795234649436
18.050000000003283,10.478549902580365,-0.3016742521319786,0.04012440117548009,0.0021102526957702513,-0.002279769531956586,-27.360498869824568,11.8,0.0,0.45,1.0,0.6,1.8750000000000002,8.26583648064356,7.3243056558957775
18.100000000003167,10.500530380190552,-0.3123996327970945,0.04007062903650108,0.0008603464713579984,0.0030072425259553065,-26.639735127105862,11.8,0.0,0.45,1.0,0.6,1.8750000000000002,11.743426021073226,9.938655881247877
18.15000000000305,10.523051686316936,-0.32205028402579206,0.04012902798935391,0.0024572215544597605,-0.003669794696225562,-25.891418254232004,11.8,0.0,0.45,1.0,0.6,1.8750000000000002,15.389012303323492,12.449095556712134
18.200000000002934,10.545980800884035,-0.3305890357411966,0.04035845674433701,0.005674954286793716,0.02217362557303197,-25.253019528517306,11.8,0.0,0.45,1.0,0.6,1.8750000000000002,19.204824673486964,14.865582610393247
18.250000000002817,10.567975169339995,-0.33760329699609165,0.04025806008229859,-0.00358352942507545,0.021185410214600808,-24.662382185868392,11.8,0.0,0.45,1.0,0.0,1.8750000000000002,23.18922747954565,17.197692923330308
18.3000000000027,10.589276522625457,-0.3432843319712877,0.040038534063734546,2.258318002231168e-05,-0.003746701032855882,-24.16998188120796,11.8,0.0,0.45,1.0,0.0,1.8750000000000002,27.335865135588115,19.454573869439113
18.350000000002584,10.611351424602411,-0.3487978516919409,0.04048946062002529,-0.0003132145828137275,0.042619727076210735,-23.64101577265291,11.8,0.0,0.45,1.0,0.0,1.8750000000000002,31.6329406634941,21.64493005393805
18.400000000002468,10.63329294187535,-0.35366751532443885,0.04047645816167297,-0.005551282179869439,0.041758972079454205,-23.125579592243458,11.8,0.0,0.45,1.0,0.0,1.8750000000000002,34.91906087527131,23.23715676447456
18.45000000000235,10.655292154416772,-0.3578490882468775,0.040003266379891066,0.00038578209008422923,3.220761336610008e-05,-22.620615570733605,11.8,0.0,0.45,1.0,0.0,1.8750000000000002,34.91906087527131,23.23715676447456
18.500000000002235,10.67766552614248,-0.36149524673813677,0.04002725432160286,0.0005015899085881966,-0.0022373186493482274,-22.125660352903065,11.8,0.0,0.45,1.0,0.0,1.8750000000000002,34.91906087527131,23.23715676447456
18.550000000002118,10.700025643301743,-0.36495183650968843,0.04002532629020924,0.00020579453177327497,-0.002349759672657739,-21.63223196870172,11.8,0.0,0.45,1.0,0.0,1.8750000000000002,34.91906087527131,23.23715676447456
18.600000000002,10.72274696230252,-0.36832958458214604,0.040482745835199986,-0.005897869962674153,0.04029473363815724,-21.110754691932186,11.8,0.0,0.45,1.0,0.0,1.8750000000000002,34.91906087527131,23.23715676447456
18.650000000001885,10.74465586969957,-0.37148985018715824,0.040024128838279355,1.744942374054105e-05,-0.0018947114205396342,-20.57899154668429,11.8,0.0,0.45,1.0,0.0,1.8750000000000002,34.91906087527131,23.23715676447456
18.70000000000177,10.767334568791341,-0.37443655032860024,0.04057269514902454,-0.0036698008774245813,0.05203180043173256,-20.04753201345537,11.8,0.0,0.45,1.0,0.0,1.8750000000000002,34.91906087527131,23.23715676447456
18.750000000001652,10.788982377589335,-0.37713456698953673,0.04000033930830731,0.00015118341198294878,8.769239442902442e-05,-19.501990434696754,11.8,0.0,0.45,1.0,0.0,1.8750000000000002,34.91906087527131,23.23715676447456
18.800000000001535,10.811616905388567,-0.3797033588756688,0.04054821622303731,0.00018107868032843081,0.050451143406484884,-18.985457046218777,11.8,0.0,0.45,1.0,0.6,1.8750000000000002,34.91906087527131,23.23715676447456
18.85000000000142,10.833813844428622,-0.3824042309520834,0.04059383318471698,-0.002435785405652871,0.0533141025439503,-18.405800466659702,11.8,0.0,0.45,1.0,0.0,1.8750000000000002,34.91906087527131,23.23715676447456
18.900000000001302,10.855863607963869,-0.3845036386235336,0.04047936303264663,-0.0013224801474986225,0.03919951718499902,-17.845237357783905,11.8,0.0,0.45,1.0,0.6,1.8750000000000002,34.91906087527131,23.23715676447456
18.950000000001186,10.877504001090347,-0.38685668016671226,0.04017547531805838,2.2057025809092604e-05,0.016480188229312267,-17.23104246831157,11.8,0.0,0.45,1.0,0.0,1.8750000000000002,34.91906087527131,23.23715676447456
19.00000000000107,10.900014322220834,-0.3886828173806172,0.04018669513944766,-0.0021538343863041574,0.01700441633042169,-16.64626905088512,11.8,0.0,0.45,1.0,0.6,1.8750000000000002,34.91906087527131,23.23715676447456
19.050000000000953,10.922500608239643,-0.39071981979291204,0.04029831398883068,-0.004816867784052981,0.023216899782134752,-15.996223279462079,11.8,0.0,0.45,1.0,0.0,1.8750000000000002,34.91906087527131,23.23715676447456
19.100000000000836,10.944462029932406,-0.3921524371026901,0.04052205488513868,-0.003631913395192203,0.03592817675580588,-15.391112203442505,11.8,0.0,0.45,1.0,0.6,1.8750000000000002,34.91906087527131,23.23715676447456
19.15000000000072,10.966616054419456,-0.3935182418544858,0.04022964637215218,-0.0006173828837943495,0.014834439540248375,-14.710575987693316,11.8,0.0,0.45,1.0,0.0,1.8750000000000002,34.91906087527131,23.23715676447456
19.200000000000603,10.988918539370314,-0.39511298520690846,0.040016774638409996,0.0003823557158322927,2.7744710716142185e-05,-14.024649766722561,11.8,0.0,0.45,1.0,0.0,1.8750000000000002,34.91906087527131,23.23715676447456
19.250000000000487,11.010404075743889,-0.3960055334286556,0.04043916879315559,0.007550838625527348,0.032113663390109404,-13.372091592076723,11.8,0.0,0.45,1.0,0.6,1.8750000000000002,34.91906087527131,23.23715676447456
19.30000000000037,11.032003644648729,-0.3962161838562155,0.04042664365897981,-0.002437571774657298,0.03311049345139551,-12.727216686291992,11.8,0.0,0.45,1.0,0.6,1.8750000000000002,34.91906087527131,23.23715676447456
19.350000000000254,11.054329158929205,-0.3963257617972253,0.04052948288951812,-0.005908386672781978,0.03628593427054736,-12.019349119635471,11.8,0.0,0.45,1.0,0.6,1.8750000000000002,34.91906087527131,23.23715676447456
19.400500000000136,11.076431121996796,-0.3961684701280481,0.04011282851897301,0.006180168543904945,0.00016361359062866954,-11.308292867768522,11.8,0.0,0.45,1.0,0.6,1.8750000000000002,34.91906087527131,23.23715676447456
19.45050000000002,11.098607431836912,-0.3955380756051006,0.040050653262344416,-0.0017917057512829165,0.0025244700700597497,-10.581544004032356,11.8,0.0,0.45,1.0,0.6,1.8750000000000002,34.91906087527131,23.23715676447456
19.500499999999903,11.120602561265304,-0.39463836776578143,0.040492988318589974,-0.0075199326641825,0.029822371455669617,-9.870910724509129,11.8,0.0,0.45,1.0,0.6,1.8750000000000002,34.91906087527131,23.23715676447456
19.550499999999786,11.142879571994143,-0.39390105262220054,0.04006000545098579,0.0010373958192827794,0.0019074754675212345,-9.065102115104095,11.8,0.0,0.45,1.0,0.6,1.8750000000000002,34.91906087527131,23.23715676447456
19.60049999999967,11.166229336262864,-0.39397750962336664,0.040063356062581934,0.001713654532731738,0.002103693786577275,-8.205641326546193,11.8,0.0,0.45,1.0,0.6,1.8750000000000002,34.91906087527131,23.23715676447456
19.650499999999553,11.189854633871255,-0.393740097846492,0.04009520616383823,0.0027826567321876383,-0.0002716942203965726,-7.34208604758901,11.8,0.0,0.45,1.0,0.6,1.8750000000000002,34.91906087527131,23.23715676447456
19.700499999999437,11.21385032523247,-0.39294290167579965,0.04009784205975895,0.005161602511689755,0.0014344995909015017,-6.478396423992886,11.8,0.0,0.45,1.0,0.6,1.8750000000000002,34.91906087527131,23.23715676447456
19.75049999999932,11.23795698548645,-0.39160689881566796,0.04010121985291722,0.005148278903529483,0.0009253024097809228,-5.61336116455768,11.8,0.0,0.45,1.0,0.6,1.8750000000000002,34.91906087527131,23.23715676447456
19.800499999999204,11.262198972225216,-0.38975180612544913,0.040102236899762854,0.004605337729837716,0.00013407699953396843,-4.7461733557054995,11.8,0.0,0.45,1.0,0.6,1.8750000000000002,34.91906087527131,23.23715676447456
19.850499999999087,11.28659172929517,-0.3874273933299836,0.04010258884291269,0.00598896621609045,0.00114778339221471,-3.879560955206989,11.8,0.0,0.45,1.0,0.6,1.8750000000000002,34.91906087527131,23.23715676447456
19.90049999999897,11.311135837793872,-0.3844763733675091,0.04008518551355479,0.005751824315091257,0.002321517357738344,-3.007315311738153,11.8,0.0,0.45,1.0,0.6,1.8750000000000002,34.91906087527131,23.23715676447456
19.950499999998854,11.33575873519182,-0.380987795530491,0.04005900153107093,0.0030784205264066367,0.0021827040848871023,-2.133872535545071,11.8,0.0,0.45,1.0,0.6,1.8750000000000002,34.91906087527131,23.23715676447456
20.000499999998738,11.360396961112512,-0.3771248653935616,0.04006354548644499,0.0023099410265659385,0.0010541657951583763,-1.2653134735117306,11.8,0.0,0.45,1.0,0.6,1.8750000000000002,34.91906087527131,23.23715676447456
20.05049999999862,11.384985221436166,-0.3727628270810143,0.04007388296333505,0.002390812462554486,0.00012367615565770547,-0.3896358129057621,11.8,0.0,0.45,1.0,0.6,1.8750000000000002,34.91906087527131,23.23715676447456
20.100499999998505,11.40949737520005,-0.36814584294575103,0.04007212755904371,0.002475230162724552,0.0005456215006313161,0.476802170709119,11.8,0.0,0.45,1.0,0.6,1.8750000000000002,34.91906087527131,23.23715676447456
20.150499999998388,11.433826006771273,-0.36327849262293194,0.040070098086122954,0.0023091365201630375,0.00041674610060237903,1.343492068896207,11.8,0.0,0.45,1.0,0.6,1.8750000000000002,34.91906087527131,23.23715676447456
20.20049999999827,11.45807806187127,-0.35801704885578167,0.04008257433664698,0.0018984575298307198,-0.0009780699593818054,2.210486294099846,11.8,0.0,0.45,1.0,0.6,1.8750000000000002,34.91906087527131,23.23715676447456
20.250499999998155,11.482175138627104,-0.3524478804044742,0.04008698837761712,0.0046744926850270626,0.0014074973648857845,3.0781631416660553,11.8,0.0,0.45,1.0,0.6,1.8750000000000002,34.91906087527131,23.23715676447456
20.30049999999804,11.506031787579156,-0.346597705513467,0.040097028935649495,0.00491676700982143,0.000649050292222232,3.9488888757667975,11.8,0.0,0.45,1.0,0.6,1.8750000000000002,34.91906087527131,23.23715676447456
20.350499999997922,11.529778137506351,-0.3405087175263806,0.040097841311032695,0.0056362881255230925,0.0010743559049693854,4.814208254923358,11.8,0.0,0.45,1.0,0.6,1.8750000000000002,34.91906087527131,23.23715676447456
20.400499999997805,11.553583876214828,-0.3339205257018092,0.040104241940733046,0.005849293457637711,0.00035677556702086785,5.68447553222835,11.8,0.0,0.45,1.0,0.6,1.8750000000000002,34.91906087527131,23.23715676447456
20.45049999999769,11.57753398849469,-0.3267836063687139,0.04008361403421882,0.005974597269943746,0.0023056494310756816,6.552451270388398,11.8,0.0,0.45,1.0,0.6,1.8750000000000002,34.91906087527131,23.23715676447456
20.500499999997572,11.601435953605183,-0.31907050122704744,0.040062999625353264,0.00388626420407407,0.0020180477279554076,7.4209230648691396,11.8,0.0,0.45,1.0,0.6,1.8750000000000002,34.91906087527131,23.23715676447456
20.550499999997456,11.625258160953496,-0.3109429806852753,0.04007115597978195,0.0028043955060319662,0.0001729358002208999,8.288999506432848,11.8,0.0,0.45,1.0,0.6,1.8750000000000002,34.91906087527131,23.23715676447456
20.60049999999734,11.6490226384487,-0.3024489107418709,0.040082448521519,0.0037932615384354633,7.12105472421923e-05,9.155530417616001,11.8,0.0,0.45,1.0,0.6,1.8750000000000002,34.91906087527131,23.23715676447456
20.650499999997223,11.67236299773334,-0.2935453720358912,0.040087139976451164,0.007086872771465461,0.0015574977649170424,10.00138915103021,11.8,0.0,0.25,1.0,0.6,1.7075000000000031,34.91906087527131,23.23715676447456
20.700499999997106,11.693268625821574,-0.2846246409444064,0.0400768312262285,0.004773071239286867,-0.0006858928602652727,10.728224501472882,11.8,0.0,0.25,1.0,0.6,1.4575000000000073,34.91906087527131,23.23715676447456
20.75049999999699,11.711110663101971,-0.2765634069411564,0.040066342392470276,0.0036739242470176883,-0.0018196256919082606,11.328381315820078,11.8,0.0,0.25,1.0,0.6,1.2075000000000118,34.91906087527131,23.23715676447456
20.800499999996873,11.725798812880193,-0.2697063518976677,0.04003629722311099,0.001918215829009551,-0.0003179993936571538,11.82410790966114,11.8,0.0,0.25,1.0,0.6,1.0416666666666667,34.91906087527131,23.23715676447456
20.850499999996757,11.738996953505882,-0.26372182482627354,0.040052383632106114,0.0026596167270514196,-0.00041247931603457014,12.305272757507693,11.8,0.0,0.25,1.0,0.6,1.0416666666666667,34.91906087527131,23.23715676447456
20.90049999999664,11.751894867897578,-0.2579908522649602,0.040033589386044934,0.0011193056203504057,0.00022749289739587802,12.784499183215999,11.8,0.0,0.25,1.0,0.6,1.0416666666666667,34.91906087527131,23.23715676447456
20.950499999996524,11.764633125376841,-0.2523016824136449,0.040053543640623884,0.0021162748504345193,-0.000872760813128372,13.266536242106651,11.8,0.0,0.25,1.0,0.6,1.0416666666666667,34.91906087527131,23.23715676447456
21.000499999996407,11.777372981307025,-0.24667054208050296,0.04005752145627921,0.001951266200951905,0.001262306479687366,13.785939088710649,11.8,0.0,0.25,1.0,1.0,1.0416666666666667,34.91906087527131,23.23715676447456
21.05049999999629,11.79074410566959,-0.24130889280338136,0.04008062392485405,0.0030553286106292975,-0.0004461435648447503,14.38589295996688,11.8,0.0,0.25,1.0,1.0,1.0416666666666667,34.91906087527131,23.23715676447456
21.100499999996174,11.80442672242013,-0.2354681959291085,0.04009162814626818,0.002367155977874606,-0.0021260942398541585,14.987579308215604,11.8,0.0,0.25,1.0,1.0,1.0416666666666667,34.91906087527131,23.23715676447456
21.150499999996057,11.818344212812065,-0.2289923109825471,0.040045265884542686,0.0026289991218411924,0.0018522432354627263,15.594092819404024,11.8,0.0,0.25,1.0,1.0,1.0416666666666667,34.91906087527131,23.23715676447456
21.20049999999594,11.832057718053619,-0.2220705123788364,0.040057824492179005,0.004070771531021813,0.0003755867070790325,16.166596935278136,11.8,0.0,0.15,1.0,1.0,0.8741666666666696,34.91906087527131,23.23715676447456
21.250499999995824,11.842944980185845,-0.21599604586121215,0.04005918339552963,0.005392864439994949,-1.094285147831509e-05,16.59351853148925,11.8,0.0,0.15,1.0,1.0,0.625,34.91906087527131,23.23715676447456
21.300499999995708,11.851494063717738,-0.21124554193038725,0.040045793013076196,0.0020274537744012226,-0.0005563365915581432,16.951082597582438,11.8,0.0,0.15,1.0,1.0,0.625,34.91906087527131,23.23715676447456
21.35049999999559,11.859752878115387,-0.20694530381386114,0.040031374107868646,0.0017890960784961872,0.0009074247589117639,17.31315385669301,11.8,0.0,0.15,1.0,1.0,0.625,34.91906087527131,23.23715676447456
21.400499999995475,11.867656981269926,-0.20265211273685796,0.040087468959426366,0.004022606714503386,0.0026328677789534114,17.570510383167488,11.8,0.0,-0.2,-1.0,1.0,0.5225000000000019,33.10052895489112,22.363980258815136
21.45049999999536,11.872679303017625,-0.19904012519361616,0.040051093322448335,0.00038834556517114183,0.0017449957958143001,17.395920668078883,11.8,0.0,-0.2,-1.0,1.0,0.2725000000000004,28.756796065756024,20.19400350629193
21.50049999999524,11.87454511287207,-0.19733182270371785,0.040069853364398236,0.0020153720208955926,0.000544772634056722,17.153822932901296,11.8,0.0,-0.2,-1.0,1.0,0.022499999999999663,24.558254200823896,17.960314985529568
21.550499999995125,11.873516515326967,-0.197166629712023,0.0400626091952301,0.0020010725213206997,0.0008894091866773776,16.869211253723595,11.8,0.0,-0.2,-1.0,1.0,-0.22750000000000087,20.51863705479205,15.65435711508024
21.60049999999501,11.87012828921482,-0.19814257058770612,0.04007356656894923,0.003034785521687357,0.0008517349557373804,16.540103853954303,11.8,0.0,-0.2,-1.0,1.0,-0.47750000000000226,16.646050105588603,13.267130299796808
21.650499999994892,11.86407006872832,-0.2002338300396623,0.04006635591217213,0.0013359570248437766,0.0010815237033700723,16.166636896603112,11.8,0.0,-0.2,-1.0,1.0,-0.7274999999999989,12.943616054375104,10.789198588218195
21.700499999994776,11.85588060167315,-0.20285003766845328,0.04015871045919233,-0.006183079119343164,0.0027178956648457446,15.710851379712679,11.8,0.0,0.15,1.0,1.0,-0.7958333333333341,10.452739709081799,8.995423086679248
21.75049999999466,11.847582177577673,-0.20646092020664936,0.04005987186079081,-0.0004001483777975882,-0.0009519764050908687,15.865433978142077,11.8,0.0,0.15,1.0,1.0,-0.5458333333333385,14.036470580243828,11.542680283451109
21.800499999994543,11.843176614326971,-0.20787449364398036,0.040044910904924846,0.0002718343364207341,-4.603870768328158e-05,16.12957399379354,11.8,0.0,0.15,1.0,1.0,-0.29583333333333767,17.790014058333703,13.992384808973645
21.850499999994426,11.842058528115123,-0.2082005860420443,0.04006409662157641,0.0010789640953189996,-0.001714419528065725,16.38395536950093,11.8,0.0,0.15,1.0,1.0,-0.04583333333333676,21.713249741050067,16.354259647768515
21.90049999999431,11.843773092482998,-0.20728143969519228,0.04006385696179902,0.0007231203015387323,-0.002329528368851116,16.66637712863519,11.8,0.0,0.15,1.0,1.0,0.2041666666666636,25.801641289713377,18.63761196946156
21.950499999994193,11.848183554107527,-0.20477192289309262,0.04002546744667298,0.00045490291823428893,0.0009290279699239316,16.997637225058334,11.8,0.0,0.15,1.0,1.0,0.454166666666665,30.045450539286577,20.85130828553576
22.000499999994076,11.85501562771827,-0.20079622518682838,0.04002662729993414,0.001160063017955777,0.000852559411668069,17.375017452371182,11.8,0.0,0.15,1.0,1.0,0.625,34.42917466619622,23.003775710944847
22.05049999999396,11.863204380575754,-0.19625579338078164,0.04009763657071297,0.00035492790542329846,0.008917944374061501,17.74465640317782,11.8,0.0,-0.2,-1.0,1.0,0.6150000000000002,34.74075599480093,23.152364737224904
22.100499999993843,11.869253565581333,-0.191989458828013,0.04009479023342108,-0.0006652486559708593,-0.0035255572594244033,17.702091844666082,11.8,0.0,-0.2,-1.0,1.0,0.36500000000000093,30.347972854788825,21.00387875595389
22.150499999993727,11.872125210626443,-0.1893057791647584,0.0400902443652381,0.0027256002685805475,-0.0013414604685970757,17.493505986773204,11.8,0.0,-0.2,-1.0,1.0,0.11499999999999964,26.09379584360552,18.79473774668087
22.20049999999361,11.872294204738393,-0.18844423412252684,0.04009549181509754,0.0040663304641152765,-0.0008159365846606735,17.222814198350104,11.8,0.0,-0.2,-1.0,1.0,-0.13500000000000034,21.99414361071406,16.516544791808833
22.250499999993494,11.869732116157506,-0.18906220272770546,0.040095532421427896,0.004234172617818552,-0.0012653072555153077,16.902880142937907,11.8,0.0,-0.2,-1.0,1.0,-0.38500000000000173,18.05914302153952,14.160464430219903
22.300499999993377,11.864506353173917,-0.19078927967279097,0.04006056609170896,-0.0002801462811969695,-0.0011920866722897301,16.556282227830863,11.8,0.0,-0.2,-1.0,1.0,-0.6350000000000006,14.293670726391666,11.717219883397373
22.35049999999326,11.857116032188687,-0.19311550017234477,0.040093272881735496,0.0019124656233779937,-0.0008246010368198226,16.115327298613682,11.8,0.0,-0.2,-1.0,1.0,-0.8333333333333334,10.698128177102747,9.177115772524983
22.400499999993144,11.849038627506157,-0.1957532069826434,0.0400954745239173,-0.00024194898786021485,-0.004343756958072759,16.0551863351418,11.8,0.0,0.15,1.0,1.0,-0.628333333333337,12.979798525874642,10.814458892804799
22.450499999993028,11.84377693690662,-0.19773364446689384,0.040034018639215775,0.00029192852282771087,0.0011622024061807602,16.308455307894977,11.8,0.0,0.15,1.0,1.0,-0.37833333333333813,16.683935183506964,13.291435481787127
22.50049999999291,11.84173861768365,-0.19855585428491393,0.04006983670724967,0.0010388961747648936,-0.0021280732478914243,16.554236280179786,11.8,0.0,0.15,1.0,1.0,-0.12833333333333674,20.558215548258744,15.677803609461765
22.550499999992795,11.842534183578827,-0.198076535643228,0.04006539139718193,0.000766943275056193,-0.002311618502780519,16.82767717689454,11.8,0.0,0.15,1.0,1.0,0.12166666666666322,24.599470991924374,17.982994978398033
22.600499999992678,11.845976459982618,-0.19610478927738237,0.040029111077721245,0.0007122801651133058,0.0008752735364551689,17.142257318664775,11.8,0.0,0.15,1.0,1.0,0.37166666666666454,28.799542528659863,20.21600475129522
22.65049999999256,11.85198561123766,-0.1926496075158663,0.040033307011437425,0.0010403268096948976,0.00031140619119639495,17.498143861050792,11.8,0.0,0.15,1.0,1.0,0.6216666666666636,33.14463790708664,22.385386136049608
22.700499999992445,11.859806687760168,-0.18806765487190075,0.040053712329659714,0.0016368651280764916,-0.001389492138849501,17.89638855981091,11.8,0.0,0.15,1.0,1.0,0.625,34.91906087527131,23.23715676447456
22.75049999999233,11.86619200926383,-0.1836353364131734,0.04003870853107641,-0.0005509954874457176,0.0019857638798887376,17.959246741986956,11.8,0.0,-0.2,-1.0,1.0,0.40500000000000114,31.042001396871925,21.351500353964276
22.800499999992212,11.869360058503208,-0.18079741713559408,0.040053043067130985,-0.00032519254676001544,-0.0005251625272750485,17.757900678911785,11.8,0.0,-0.2,-1.0,1.0,0.15499999999999975,26.764422587797313,19.152617241808883
22.850499999992095,11.86993012823626,-0.179791464495628,0.040079993575292135,0.0023513855560034808,-0.00127320964753372,17.48880624349597,11.8,0.0,-0.2,-1.0,1.0,-0.09500000000000032,22.639220226777315,16.886054804326218
22.90049999999198,11.86774475531255,-0.18037309102461013,0.0400763440091503,0.0022553159380950833,-0.0012755393754959215,17.178325523027638,11.8,0.0,-0.2,-1.0,1.0,-0.3450000000000015,18.677419665598993,14.543048478576196
22.950499999991862,11.862988391581498,-0.18211691742735758,0.04005495934240542,0.0005295179504773378,-0.0009216212698145312,16.836552593533245,11.8,0.0,-0.2,-1.0,1.0,-0.5950000000000012,14.88468979401646,12.114391338158613
23.000499999991746,11.85535995542335,-0.1848964823818768,0.04008346892807782,0.0011143311031397856,-0.0009693209210289932,16.427016616374704,11.8,0.0,-0.2,-1.0,1.0,-0.8333333333333334,11.26209062152888,9.5904521306615
23.05049999999163,11.84758880769573,-0.1877490011876604,0.040066111242159294,-0.00022740014018302575,-0.0016376954153265659,16.420480864951504,11.8,0.0,0.15,1.0,1.0,-0.6108333333333373,14.07316241150775,11.567643689469287
23.100499999991513,11.842852942278556,-0.18969164025410917,0.04006132594031079,0.0010520104440819938,-0.0011218844571419535,16.65245666580911,11.8,0.0,0.15,1.0,1.0,-0.360833333333338,17.828410052291062,14.016422445687885
23.150499999991396,11.841024691454383,-0.19054326467748037,0.04007756329126687,0.0006003229362280073,-0.0031439809242099596,16.89319148417742,11.8,0.0,0.15,1.0,1.0,-0.11083333333333674,21.753327815604344,16.37746671277641
23.20049999999128,11.842042762418586,-0.18998404618664688,0.04002988555141553,0.0005768123682474983,0.0010807483857558052,17.167595116634082,11.8,0.0,0.15,1.0,1.0,0.13916666666666325,25.843330984845807,18.660079325733474
23.250499999991163,11.845680406899985,-0.18786938092624736,0.04005645204007615,0.001211179414822051,-0.0017316983255466622,17.484953549814872,11.8,0.0,0.15,1.0,1.0,0.38916666666666466,30.088626036682868,20.873122359532037
23.300499999991047,11.851967393281278,-0.18411271439620572,0.0400640889528659,0.001307955437915199,-0.0026558378785007364,17.853282485649583,11.8,0.0,0.15,1.0,1.0,0.625,34.473650800299225,23.025018609070933
23.35049999999093,11.859894596637824,-0.17956154411070907,0.040195461615175156,-0.0015920035378283687,0.013139070505695885,18.223327318351828,11.8,0.0,-0.2,-1.0,1.0,0.6025000000000004,34.51813880343677,23.046256196082215
23.400499999990814,11.865284326370421,-0.17534404153061278,0.04010474375776773,0.0016633676213086087,-0.002543436574250602,18.190028848590146,11.8,0.0,-0.2,-1.0,1.0,0.35250000000000087,30.131815557228318,20.8949303223591
23.450499999990697,11.867821647164954,-0.17270336394450767,0.040078540094718555,0.002729790087497594,0.000608638237406857,17.973399344688488,11.8,0.0,-0.2,-1.0,1.0,0.10249999999999965,25.88503625765395,18.682539728727736
23.50049999999058,11.867750259773363,-0.17190387235537063,0.04006821068273157,0.002284127269065281,0.000940092404899698,17.701967336685303,11.8,0.0,-0.2,-1.0,1.0,-0.1475000000000004,21.793422442347918,16.400665938320017
23.550499999990464,11.865209607915242,-0.1725018177217438,0.040069806948795,0.00332195061246256,0.0013127742289005195,17.38308645481054,11.8,0.0,-0.2,-1.0,1.0,-0.3975000000000018,17.866823050218823,14.040451312460975
23.600499999990348,11.859890416572155,-0.17442675329124063,0.0400681512807311,0.0020033664795297574,0.0006352392537030447,17.028856030702357,11.8,0.0,-0.2,-1.0,1.0,-0.6475000000000003,14.109871255385057,11.592597353149618
23.65049999999023,11.852407934845743,-0.1768671166588804,0.04011206204662264,-0.0002673006605151158,0.008671254969923452,16.588402523561925,11.8,0.0,0.15,1.0,1.0,-0.8258333333333335,10.733250415579835,9.203029031317428
23.700499999990114,11.845181836755595,-0.17951575210134837,0.04006143954464124,0.0003104712179379406,-0.001019740162166528,16.70453792620515,11.8,0.0,0.15,1.0,1.0,-0.575833333333338,14.330481682900855,11.742115301147699
23.750499999989998,11.840647246052574,-0.1811613302914296,0.040073067115864155,0.0010820769068134559,-0.0023826749160106124,16.96601107167585,11.8,0.0,0.15,1.0,1.0,-0.3258333333333378,18.097657995940686,14.184440877093271
23.80049999998988,11.839279041372444,-0.1816597405425165,0.040065754490020526,0.000529180007671286,-0.0020272648430043325,17.216434720878365,11.8,0.0,0.15,1.0,1.0,-0.07583333333333675,22.034337400941677,16.539697171145445
23.850499999989765,11.84064023565162,-0.18087867008537298,0.04002908246881405,0.0008993683369759153,0.001172515077950518,17.496634699349983,11.8,0.0,0.15,1.0,1.0,0.17416666666666344,26.135594315715068,18.817156611235305
23.90049999998965,11.844625150839665,-0.1784918680897078,0.04005789872186225,0.0009980777525225248,-0.0020876130786853524,17.82389036836878,11.8,0.0,0.15,1.0,1.0,0.42416666666666486,30.391246121941418,21.025650223905323
23.950499999989532,11.851082522763468,-0.17450404802783726,0.040045168145987145,0.0008636333777373776,-0.0010829020097105893,18.202411637441035,11.8,0.0,0.15,1.0,1.0,0.625,34.78531469544105,23.173570621178065
24.000499999989415,11.858965525637666,-0.16994099965822468,0.04021468716797054,-0.002712326184265306,0.009962752622369687,18.53841716938957,11.8,0.0,-0.2,-1.0,1.0,0.567500000000001,33.89639568482833,22.74844382254411
24.0504999999893,11.863882282634087,-0.16594487318730186,0.0400531705583977,-0.00041945770695293134,0.0006170439902095685,18.457526694603217,11.8,0.0,-0.2,-1.0,1.0,0.31750000000000067,29.528445056741308,20.589059734313075
24.100499999989182,11.86591797431829,-0.16366949749334644,0.04007013235604375,-0.00015027249494319053,-0.00202186754497967,18.229517125652798,11.8,0.0,-0.2,-1.0,1.0,0.06749999999999966,25.302584515644046,18.36745818856809
24.150499999989066,11.865442936660642,-0.16320555940237777,0.04006895256870112,0.0002729467215532953,-0.0018706113696779828,17.9438733062293,11.8,0.0,-0.2,-1.0,1.0,-0.1825000000000006,21.233606407831093,16.075160077321517
24.20049999998895,11.862596886822356,-0.16390549021287476,0.040077849834134746,0.002597663519383046,-0.0008357941304295918,17.627548216523568,11.8,0.0,-0.2,-1.0,1.0,-0.432500000000002,17.330589173905892,13.703245642393227
24.250499999988833,11.856946898994819,-0.16595856984998925,0.04006254298221623,-0.0006675090165453332,-0.0008613476024900426,17.262823880064207,11.8,0.0,-0.2,-1.0,1.0,-0.6824999999999997,13.597494878627586,11.242355894709505
24.300499999988716,11.849455015668621,-0.1683081264919024,0.04027120959603887,0.0009360150944424271,0.00972539655343291,16.85675219017138,11.8,0.0,0.15,1.0,1.0,-0.7858333333333343,11.368310929498861,9.667651442306568
24.3504999999886,11.842447935295182,-0.17096770081488766,0.04006642916498278,0.0003244561073929624,-0.0018112824213934048,17.059693347632603,11.8,0.0,0.15,1.0,1.0,-0.5358333333333386,14.995991484270517,12.188588305350777
24.400499999988483,11.838506064162962,-0.17244726977116534,0.04004201970724324,0.00024011957676090906,0.0003014797804334396,17.311243298208073,11.8,0.0,0.15,1.0,1.0,-0.2858333333333376,18.79382985193076,14.614537818183967
24.450499999988367,11.837586781076908,-0.1727958702980598,0.04005846109529325,0.0011672300703423801,-0.0011829984197282639,17.564989135427883,11.8,0.0,0.15,1.0,1.0,-0.03583333333333676,22.760640050618957,16.95511906024208
24.50049999998825,11.83938017922937,-0.1717695770510688,0.040065081490252986,0.0005756091984395723,-0.0023463663176632116,17.84876822035544,11.8,0.0,0.15,1.0,1.0,0.21416666666666367,26.89060245915785,19.219525807951257
24.550499999988133,11.843698988399149,-0.16909409681926305,0.04003511179822623,0.001045126982756705,0.0003388010536595799,18.187240921526918,11.8,0.0,0.15,1.0,1.0,0.46416666666666506,31.17252178532351,21.416509347416707
24.600499999988017,11.850471122490868,-0.16491990644357138,0.04004567490009417,0.001515336501180928,-0.0009062334287131086,18.56914882596297,11.8,0.0,0.15,1.0,1.0,0.625,34.91906087527131,23.23715676447456
24.6504999999879,11.85814572714187,-0.16040583797351893,0.0400862144613843,0.001116420670954262,-0.0003994879242082026,18.841889611328515,11.8,0.0,-0.2,-1.0,1.0,0.5225000000000019,33.10052895489112,22.363980258815136
24.700499999987784,11.86259459824076,-0.15686615353305347,0.04006292453520097,0.0018409155093792981,0.0015030731044608254,18.687247828658663,11.8,0.0,-0.2,-1.0,1.0,0.2725000000000004,28.756796065756024,20.19400350629193
24.750499999987667,11.86416023604772,-0.15515481345963206,0.040028270591565704,-0.0002982259768243862,0.0021199797146292504,18.450962453573396,11.8,0.0,-0.2,-1.0,1.0,0.022499999999999663,24.558254200823896,17.960314985529568
24.80049999998755,11.863188998108672,-0.15497800458065022,0.04003908619517753,0.0005019627764315836,0.0015614798423257909,18.164569932642696,11.8,0.0,-0.2,-1.0,1.0,-0.22750000000000087,20.51863705479205,15.65435711508024
24.850499999987434,11.859622877352404,-0.15603695965238684,0.040034750174741236,-0.00038188206153766965,0.001336952580773202,17.834154678516384,11.8,0.0,-0.2,-1.0,1.0,-0.47750000000000226,16.646050105588603,13.267130299796808
24.900499999987318,11.853622435767772,-0.15821754251106718,0.04005656672482988,-0.0011531397085441323,-0.00024024851779365697,17.45718240015176,11.8,0.0,-0.2,-1.0,1.0,-0.7274999999999989,12.943616054375104,10.789198588218195
24.9504999999872,11.845866566427356,-0.16120567138704472,0.04006747461410908,0.0010468150485594182,-0.0004135470235757241,17.16589715680202,11.8,0.0,0.15,1.0,1.0,-0.7158333333333354,12.726876842760236,10.637425328544008
25.000499999987085,11.839885840936157,-0.16369324670190905,0.0400811899812816,0.0007248960424061187,-0.003031959631452831,17.419832637039228,11.8,0.0,0.15,1.0,1.0,-0.4658333333333386,16.41909771445702,13.12110846084668
25.050499999986968,11.836835834688532,-0.16505106088341112,0.040070273729611056,0.0005546531133551217,-0.0024016980575337537,17.654763007091503,11.8,0.0,0.15,1.0,1.0,-0.2158333333333372,20.281517920541578,15.513507238016182
25.10049999998685,11.83672426879399,-0.16501316620203324,0.040032261641050414,0.0010035676414528122,0.0011321429706101804,17.916384485578153,11.8,0.0,0.15,1.0,1.0,0.03416666666666323,24.31128856334061,17.824083033069044
25.150499999986735,11.839160691183992,-0.16353028534148611,0.04006677626848523,0.0008700642387632737,-0.002585274531231416,18.21683826316351,11.8,0.0,0.15,1.0,1.0,0.28416666666666407,28.50062382146864,20.06186202457434
25.20049999998662,11.844184419163422,-0.16042698356155857,0.0400408220935803,0.000556212241310224,-0.0007518409609807191,18.565238986292364,11.8,0.0,0.15,1.0,1.0,0.5341666666666651,32.83614063551935,22.235428066876537
25.250499999986502,11.851567732976104,-0.15583546374466603,0.04005584651108654,0.0013545655835119675,-0.001726984976614234,18.957322279268627,11.8,0.0,0.15,1.0,1.0,0.625,34.91906087527131,23.23715676447456
25.300499999986386,11.85817290007459,-0.15166076612556084,0.04011662366778625,0.004158328891592517,-0.0019498659138627763,19.057310764964974,11.8,0.0,-0.2,-1.0,1.0,0.43500000000000133,31.56481195770584,21.611218206168164
25.35049999998627,11.861452548611211,-0.14879675174340815,0.0400940327970303,0.0031567559454534796,-0.0007334137312139425,18.861052768922523,11.8,0.0,-0.2,-1.0,1.0,0.18499999999999991,27.269963766861462,19.419888538063375
25.400499999986152,11.862201606503863,-0.14756935293291823,0.04009120084844424,0.0029655830660337943,-0.0011274071454337837,18.612472931984023,11.8,0.0,-0.2,-1.0,1.0,-0.06500000000000032,23.125782062007687,17.161901654109712
25.450499999986036,11.860366714056553,-0.14804900654745295,0.0400575758483376,-0.00042761094975489434,-0.0015087386431877662,18.31745366909128,11.8,0.0,-0.2,-1.0,1.0,-0.31500000000000133,19.14397458175738,14.828546057223619
25.50049999998592,11.855991190948226,-0.14975930526024997,0.04005453089938872,0.0013009327238167148,-0.00026365369450779636,17.972051299741956,11.8,0.0,-0.2,-1.0,1.0,-0.5650000000000017,15.330817193473049,12.410667506492429
25.550499999985803,11.848791355079793,-0.1525609272017616,0.04007811029688449,0.0009653719157753477,-5.972977698076244e-05,17.568564669295554,11.8,0.0,-0.2,-1.0,1.0,-0.8149999999999974,11.687878493889135,9.89868370458222
25.600499999985686,11.84103913159411,-0.1557621519994219,0.04004560902259965,-0.00022781490697370774,0.0002773927796858717,17.59910767769954,11.8,0.0,0.15,1.0,1.0,-0.6000000000000011,14.810573890198098,12.064879084490276
25.65049999998557,11.836413640791777,-0.1577816199635955,0.04007675009193448,0.0010373318638528361,-0.0026710043769375127,17.833011045296104,11.8,0.0,0.15,1.0,1.0,-0.35000000000000153,18.599897597312175,14.49534612699457
25.700499999985453,11.834741051879618,-0.15852850353579195,0.04006184904683741,0.0005639727791173026,-0.0016525007579989814,18.075945666697745,11.8,0.0,0.15,1.0,1.0,-0.10000000000000034,22.55835558925866,16.839973778633617
25.750499999985337,11.835878485985333,-0.15782816605459377,0.04003093893916379,0.0009481845864282617,0.0010256159481848892,18.354520716703366,11.8,0.0,0.15,1.0,1.0,0.14999999999999974,26.680379084391028,19.10797772387917
25.80049999998522,11.839523251843486,-0.15562463916208158,0.040067319570042365,0.0010049772292570066,-0.0028037690268057263,18.67339668304062,11.8,0.0,0.15,1.0,1.0,0.40000000000000113,30.955055773567903,21.308131380274787
25.850499999985104,11.845774208596286,-0.15169361984573498,0.040063872852064995,0.0012016577143036547,-0.0025366422895614963,19.04601871767128,11.8,0.0,0.15,1.0,1.0,0.625,34.91906087527131,23.23715676447456
25.900499999984987,11.853470593770833,-0.14701368895475092,0.040249304251353854,-0.0015014118493386845,0.011079231417382965,19.39956810256518,11.8,0.0,-0.2,-1.0,1.0,0.5775000000000008,34.07379580085226,22.83364038871126
25.95049999998487,11.85863091459384,-0.14320751441214152,0.04009665667385878,0.0037188192102337136,-1.8661702137192957e-05,19.308755999134938,11.8,0.0,-0.2,-1.0,1.0,0.32750000000000073,29.70055360312171,20.67657470558499
26.000499999984754,11.8608031977689,-0.14088827652813868,0.040034879168053275,-0.0002725202068378941,0.0017929910908634852,19.082538062064295,11.8,0.0,-0.2,-1.0,1.0,0.07749999999999965,25.46868601837711,18.457621763369342
26.050499999984638,11.860466996918591,-0.14024602369810268,0.040041073074029605,-0.0004761509058927318,0.0004653526691019054,18.79817850750218,11.8,0.0,-0.2,-1.0,1.0,-0.17250000000000054,21.393221850786045,16.168319815610936
26.10049999998452,11.857718803178441,-0.14111898012670265,0.040040028555372226,8.382332864672732e-05,6.301071255194985e-06,18.47359740126037,11.8,0.0,-0.2,-1.0,1.0,-0.42250000000000193,17.483458496659086,13.799766853729071
26.150499999984405,11.852264213046452,-0.14324891280438948,0.040044676646455585,-0.000609806651553595,0.00035599095717688684,18.11898677627196,11.8,0.0,-0.2,-1.0,1.0,-0.6724999999999999,13.74354815426244,11.342621120090213
26.200499999984288,11.844336208744588,-0.14623751553534864,0.040210210283613934,-0.0014346125759906242,0.0037605149183469358,17.722690434537853,11.8,0.0,0.15,1.0,1.0,-0.7683333333333345,12.008808329006813,10.128873210805953
26.25049999998417,11.836542931757714,-0.15002935763099864,0.04003886677727922,-0.0003795035655932523,0.001009487743326822,17.90461518214874,11.8,0.0,0.15,1.0,1.0,-0.5183333333333389,15.667024253410375,12.631984714084776
26.300499999984055,11.832831213295838,-0.1517940946082769,0.040078633719450564,0.0011432853967664912,-0.0028406609653658234,18.13848078868582,11.8,0.0,0.15,1.0,1.0,-0.2683333333333375,19.49548854026642,15.041869949781706
26.35049999998394,11.83210910207812,-0.15210301571705628,0.0400712334674914,0.0007913814675754678,-0.0026409189152321586,18.39300597445466,11.8,0.0,0.15,1.0,1.0,-0.018333333333336765,23.492242965871654,17.36807405986475
26.400499999983822,11.83405717715088,-0.15092585548046966,0.04002621409699816,0.0007680404796454893,0.0012735920182666502,18.683961325537645,11.8,0.0,0.15,1.0,1.0,0.23166666666666377,27.65054944882113,19.619711636904757
26.450499999983705,11.838516057079929,-0.14812975828344832,0.04006019131244874,0.0011851324026342952,-0.002135833399499283,19.021997563363627,11.8,0.0,0.15,1.0,1.0,0.48166666666666513,31.958184063948465,21.80545446215481
26.50049999998359,11.84557991242542,-0.14390834961847618,0.04002553169706507,0.0013651604411697108,0.0012412890426343115,19.3942670619309,11.8,0.0,0.15,1.0,1.0,0.625,34.91906087527131,23.23715676447456
26.550499999983472,11.85314643628539,-0.1394213285100148,0.04005907740801647,0.0012449912254061744,0.0029023247830089875,19.676754663308518,11.8,0.0,-0.2,-1.0,1.0,0.5275000000000017,33.18875943672183,22.406786466393637
26.600499999983356,11.857828654542633,-0.13574475967441507,0.040049506340301425,-0.00030432428146078455,0.000535511157304712,19.536016414288603,11.8,0.0,-0.2,-1.0,1.0,0.27750000000000047,28.84230354402458,20.23799963703287
26.65049999998324,11.859479048222363,-0.133802188553781,0.040039888895611796,-0.0002450220659028142,0.0007868585901460711,19.307956015780828,11.8,0.0,-0.2,-1.0,1.0,0.02749999999999966,24.640703711941246,18.00566775681176
26.700499999983123,11.858625194247178,-0.13361467758425571,0.040036818691711044,3.7687636632249854e-05,0.0013876295453619186,19.03505621484106,11.8,0.0,-0.2,-1.0,1.0,-0.22250000000000084,20.597810781012154,15.70124198983642
26.750499999983006,11.855186800092328,-0.13469911696403436,0.0400491875935838,-0.0006291298604708802,-0.0005054434737225281,18.701166008789198,11.8,0.0,-0.2,-1.0,1.0,-0.4725000000000022,16.721837310565633,13.315731606327416
26.80049999998289,11.849288706949558,-0.13699625055717096,0.04007957319373201,0.0014974151755098699,-0.0010771333427121489,18.32567535372902,11.8,0.0,-0.2,-1.0,1.0,-0.722499999999999,13.015997939317726,10.83970915593607
26.850499999982773,11.841115889320843,-0.14030426457786488,0.040080759654222385,4.795594205197444e-05,-0.0015031689496232527,18.02037900627668,11.8,0.0,0.15,1.0,1.0,-0.7133333333333355,12.871301925663536,10.738647814578655
26.900499999982657,11.83491337240843,-0.1431616477278045,0.040081455320716816,0.001019487929653108,-0.0029277125515812085,18.250695824389705,11.8,0.0,0.15,1.0,1.0,-0.4633333333333386,16.570331100512778,13.218492724871108
26.95049999998254,11.831954399364587,-0.1445372715304206,0.04006276379269623,0.0004418407299806411,-0.0016026721051258083,18.48441526428979,11.8,0.0,0.15,1.0,1.0,-0.2133333333333372,20.43953030745675,15.607439747412023
27.000499999982424,11.831743204358103,-0.14452153411268762,0.0400573079267568,0.001099900540693459,-0.0011240502390526092,18.745612556394196,11.8,0.0,0.15,1.0,1.0,0.03666666666666323,24.47586844859033,17.91493332132479
27.050499999982307,11.834244364672935,-0.14300501160507176,0.04005995618157551,0.0007698930385476732,-0.001980462868711881,19.043680326182983,11.8,0.0,0.15,1.0,1.0,0.28666666666666407,28.671346864104542,20.14998190513995
27.10049999998219,11.839341938446449,-0.13974693586372877,0.04002720550255812,0.0005303688966221214,0.0006062412753025174,19.392622371698515,11.8,0.0,0.15,1.0,1.0,0.5366666666666651,33.01234887359526,22.32115183198854
27.150499999982074,11.846773143292587,-0.13501872435688195,0.040056967271382055,0.0016273712135333588,-0.0017513311168791863,19.776479061313083,11.8,0.0,0.15,1.0,1.0,0.625,34.91906087527131,23.23715676447456
27.200499999981957,11.85350599020264,-0.13058791899818503,0.04010653214825722,0.0032178303188169686,-0.001557177908723234,19.848353883218916,11.8,0.0,-0.2,-1.0,1.0,0.42500000000000127,31.390326307940303,21.524739631277004
27.25049999998184,11.856762740481281,-0.12781020718906033,0.04010011750974449,0.003112709466838841,-0.0020335133368098554,19.632012082761282,11.8,0.0,-0.2,-1.0,1.0,0.17499999999999988,27.101206954643985,19.330905425020084
27.300499999981724,11.857211707910192,-0.1267208161205767,0.04009825672773742,0.003154839326010577,-0.0016536603831979603,19.37564378545394,11.8,0.0,-0.2,-1.0,1.0,-0.07500000000000033,22.96333351684256,17.07007399822108
27.350499999981608,11.855370955762764,-0.12711116193680583,0.04009777698752636,0.005270028451161603,-0.0001937873222066356,19.074628320203253,11.8,0.0,-0.2,-1.0,1.0,-0.3250000000000014,18.98818550222388,14.733516177990703
27.40049999998149,11.850812308515462,-0.12882236891676735,0.040081078384405874,0.002836897499681123,-0.0010023832902997364,18.731587222207278,11.8,0.0,-0.2,-1.0,1.0,-0.5750000000000016,15.18183525675988,12.312060136966487
27.450499999981375,11.843993975134998,-0.1314497567010266,0.04009448032533759,0.003314089054069895,0.0005033000478019435,18.31962676253944,11.8,0.0,-0.2,-1.0,1.0,-0.8249999999999972,11.545680457694965,9.796107182498911
27.50049999998126,11.836188328357158,-0.13486215292530868,0.04004693761374284,-0.00042019646579817554,0.0001886625960012169,18.333976370661457,11.8,0.0,0.15,1.0,1.0,-0.5983333333333375,14.736526154876728,12.015328651899221
27.55049999998114,11.831668772741148,-0.1369634363046424,0.04007374954818483,0.0010942669187813045,-0.002345247901407859,18.564697565292693,11.8,0.0,0.15,1.0,1.0,-0.34833333333333794,18.522443336234474,14.447609453921398
27.600499999981025,11.830018896684667,-0.13767610529409033,0.04005767195032549,0.00045300197734651055,-0.0012959700848984988,18.808492514255647,11.8,0.0,0.15,1.0,1.0,-0.09833333333333674,22.477556557109207,16.79386211830112
27.65049999998091,11.831092756704594,-0.13701124332641895,0.04003561815377176,0.0010400599900143974,0.0007874348463309476,19.08630434247289,11.8,0.0,0.15,1.0,1.0,0.1516666666666633,26.59639683867796,19.06331108045484
27.700499999980792,11.834713277782182,-0.13471451562833425,0.040065783944468754,0.0012285703292431384,-0.002581445488266453,19.409643824733173,11.8,0.0,0.15,1.0,1.0,0.40166666666666473,30.86816471055386,21.264738615046756
27.750499999980676,11.840888484530959,-0.13064861391905502,0.040059410452957356,0.0009058964047245161,-0.0023273018739897607,19.784214301405623,11.8,0.0,0.15,1.0,1.0,0.625,34.91906087527131,23.23715676447456
27.80049999998056,11.84847014564867,-0.1258995653476266,0.040177855674405356,-0.006859809284016143,0.008663855042605128,20.11221187520574,11.8,0.0,-0.2,-1.0,1.0,0.5600000000000012,33.76347342962634,22.684489590442126
27.850499999980443,11.853439593067401,-0.12178681529674343,0.040111393249353415,0.003303252697592381,-0.0020164899346875086,19.996196878586346,11.8,0.0,-0.2,-1.0,1.0,0.3100000000000006,29.39951330563336,20.523358243548874
27.900499999980326,11.855568735078979,-0.11974805649882221,0.040085213934302324,0.002113030531572336,-0.0016665752157864397,19.76966324464538,11.8,0.0,-0.2,-1.0,1.0,0.05999999999999965,25.17817357725926,18.299761345239176
27.95049999998021,11.855040165458414,-0.11925672529625744,0.04006585767595454,-4.09420743121519e-05,-0.0018243291945205995,19.49319706823106,11.8,0.0,-0.2,-1.0,1.0,-0.19000000000000064,21.114069511809056,16.00520674715861
28.000499999980093,11.852027628135746,-0.1203267119967044,0.040042835093912064,-0.0006153259781176336,0.00012567522701902904,19.183123612289425,11.8,0.0,-0.2,-1.0,1.0,-0.44000000000000206,17.21611597307544,13.630761379642632
28.050499999979976,11.84647690621815,-0.12257528831553606,0.04004859687849748,-0.000804152604786457,5.924308848071524e-05,18.815082534167164,11.8,0.0,-0.2,-1.0,1.0,-0.6899999999999995,13.488133280137825,11.167053359057572
28.10049999997986,11.83865586647222,-0.1257858135280402,0.040083586556781445,-3.995197570324618e-05,-0.000992599599272619,18.452530781570236,11.8,0.0,0.15,1.0,1.0,-0.740833333333335,12.546726189869615,10.510669632387012
28.150499999979743,11.831637966633897,-0.12935552670928735,0.04006277974402445,0.00012723751333144475,-0.0015123173001429012,18.691713529426146,11.8,0.0,0.15,1.0,1.0,-0.49083333333333873,16.23043970386618,12.999172744042276
28.200499999979627,11.82818734506663,-0.1307816900313525,0.0400448151795057,0.0009646595547339902,0.0003499132030874825,18.941647018766773,11.8,0.0,0.15,1.0,1.0,-0.24083333333333734,20.08437994169224,15.395907512348561
28.25049999997951,11.827697677404718,-0.13100005646494048,0.04007942500901792,0.0007805184611363959,-0.0033405388912463043,19.196651934783116,11.8,0.0,0.15,1.0,1.0,0.00916666666666323,24.105923860800583,17.710356397187592
28.300499999979394,11.82991736689254,-0.12960749032592858,0.04004076179738829,0.0004627926024532458,-0.00017875748952252005,19.49300217203722,11.8,0.0,0.15,1.0,1.0,0.25916666666666394,28.28755017179257,19.95156771253994
28.350499999979277,11.834689593440181,-0.12652655035204247,0.040034734607251765,0.0011472567682190291,0.00012630953849515316,19.837861615831297,11.8,0.0,0.15,1.0,1.0,0.5091666666666653,32.61616704432677,22.128147246318157
28.40049999997916,11.841799066738787,-0.12189707098066463,0.04002812274573512,0.0016744270953211243,0.001035229510870267,20.225221800528594,11.8,0.0,0.15,1.0,1.0,0.625,34.91906087527131,23.23715676447456
28.450499999979044,11.848850487921856,-0.11711046897964199,0.04006017440564724,0.0013460364262921902,0.002199642740678495,20.4067917960834,11.8,0.0,-0.2,-1.0,1.0,0.46500000000000147,32.08954591117573,21.87009587256828
28.500499999978928,11.852491887415168,-0.1135317468260819,0.04005375477658716,-0.0004817012281326463,-3.217745462495641e-06,20.232528979724567,11.8,0.0,-0.2,-1.0,1.0,0.2150000000000001,27.77768156627074,19.686200486533547
28.55049999997881,11.85361835956986,-0.11204228215886818,0.040069944001061335,0.0006356640185673031,-0.0014315539604141082,19.98216491835939,11.8,0.0,-0.2,-1.0,1.0,-0.03500000000000033,23.614688553562914,17.436663721650667
28.600499999978695,11.85229270761717,-0.11194054455867125,0.0400793805905552,0.0011677186150311502,-0.0018833896310971392,19.682505524464357,11.8,0.0,-0.2,-1.0,1.0,-0.2850000000000012,19.61296364649504,15.112827016627657
28.650499999978578,11.848428718784977,-0.1134591763504162,0.04004917441166138,-0.0005019039974449677,-0.000723863918904587,19.346155483617636,11.8,0.0,-0.2,-1.0,1.0,-0.5350000000000023,15.779400298443015,12.70558901669237
28.70049999997846,11.841924226598618,-0.11606017644695625,0.04006883513850032,-0.0003956144421812065,-0.0007509947497296074,18.95072706034349,11.8,0.0,-0.2,-1.0,1.0,-0.7849999999999979,12.116088158435437,10.205417043257473
28.750499999978345,11.834009195482436,-0.11953958641255966,0.04003712545742044,-7.344632368360488e-06,0.0017798555246602051,18.81271370915888,11.8,0.0,0.15,1.0,1.0,-0.6508333333333366,13.78010395434359,11.367662822202853
28.80049999997823,11.82875717988006,-0.1221514875176459,0.040069579170585144,0.0012436516753496728,-0.0017898151436233011,19.047973505845164,11.8,0.0,0.15,1.0,1.0,-0.40083333333333826,17.52171838566409,13.823874993155673
28.850499999978112,11.826602646551935,-0.12318261618702817,0.04007927697768,0.0008826373752045544,-0.0032323584500000913,19.291377635817287,11.8,0.0,0.15,1.0,1.0,-0.15083333333333684,21.433167260715713,16.19158992384053
28.900499999977995,11.82712242814839,-0.12279665359142476,0.04003389870771629,0.0003107807875351679,0.000807825135832063,19.561662094228048,11.8,0.0,0.15,1.0,1.0,0.09916666666666323,25.510250645306186,18.480145057331878
28.95049999997788,11.830221314115436,-0.12088535231926767,0.04003575612784979,0.0011608234705050994,0.00041040691810962623,19.870501148590044,11.8,0.0,0.15,1.0,1.0,0.3491666666666644,29.743616253702406,20.698437964790386
29.000499999977762,11.835946984965537,-0.11714865673241033,0.04003466583472195,0.0010848812596183483,6.347924571198024e-05,20.230400869825132,11.8,0.0,0.15,1.0,1.0,0.599166666666664,34.11817610721503,22.854926056965255
29.050499999977646,11.8435526352489,-0.1125105184464926,0.04021018314654891,-0.00017467675752784603,0.008233420838007205,20.576413122232488,11.8,0.0,-0.2,-1.0,1.0,0.5900000000000006,34.29581772233207,22.94001507183549
29.10049999997753,11.849207600667246,-0.10850522232115034,0.04004359361490097,0.0003774078332068614,0.0019938716357900967,20.462669493325212,11.8,0.0,-0.2,-1.0,1.0,0.3400000000000008,29.91600837088394,20.78582931442706
29.150499999977413,11.851338487855253,-0.10620148763448857,0.04005548023846546,-0.00030303356931408906,-0.0006142334932192703,20.23762322855559,11.8,0.0,-0.2,-1.0,1.0,0.08999999999999965,25.676665795547752,18.570168094541796
29.200499999977296,11.851099403328707,-0.10553262715852771,0.04005870493769576,-0.00012152308355364462,-0.0013255171034405407,19.96671322575685,11.8,0.0,-0.2,-1.0,1.0,-0.16000000000000048,21.593114900122675,16.284591325066344
29.25049999997718,11.848324204323003,-0.1063485574560825,0.040072117328259084,0.0012410631378235403,-0.0014440543845907039,19.643893003666328,11.8,0.0,-0.2,-1.0,1.0,-0.41000000000000186,17.67492812142347,13.920219183932579
29.300499999977063,11.843283556493395,-0.1082809436758821,0.04009042502933731,0.0030056290637626424,-0.000910225152700487,19.2813263859643,11.8,0.0,-0.2,-1.0,1.0,-0.66,13.92649714341033,11.467731512160277
29.350499999976947,11.83559701616518,-0.11119673820388647,0.04010786171181932,-9.509882783912268e-05,-0.0022769177545300173,18.891011093240493,11.8,0.0,0.15,1.0,1.0,-0.7658333333333346,12.259364043836715,10.307331572379383
29.40049999997683,11.827928329832856,-0.11507566436421815,0.04006071642983212,-0.00020726717574363066,-0.0014700814950490567,19.100411625110794,11.8,0.0,0.15,1.0,1.0,-0.5158333333333389,15.929473838706558,12.803598070682954
29.450499999976714,11.824135980866798,-0.11641262095784793,0.04004600566480095,0.0012631846317908567,0.00015935482983265036,19.367456836705806,11.8,0.0,0.15,1.0,1.0,-0.2658333333333375,19.769833089562113,15.207319771517144
29.500499999976597,11.823393153123469,-0.11663370665075659,0.04007857057284419,0.0008087180238056446,-0.003268670787406714,19.62381999858004,11.8,0.0,0.15,1.0,1.0,-0.015833333333336766,23.778175713948265,17.52801267748524
29.55049999997648,11.825297572670884,-0.11539395476841907,0.04002846606734058,0.0004533362403915726,0.0012688111997869401,19.91453407780726,11.8,0.0,0.15,1.0,1.0,0.23416666666666378,27.94740010011225,19.774760478060855
29.600499999976364,11.829667642829781,-0.11251661269942671,0.04005721367426448,0.0010574303518487765,-0.0020005967433154898,20.250548758075894,11.8,0.0,0.15,1.0,1.0,0.4841666666666652,32.26487842626172,21.956204123807
29.650499999976248,11.836582350550222,-0.10803227372584319,0.04002882227874271,0.0016595500723977621,0.0010871689089427315,20.628192236032287,11.8,0.0,0.15,1.0,1.0,0.625,34.91906087527131,23.23715676447456
29.70049999997613,11.84378272831706,-0.10354798743992871,0.040089230341904994,-0.0012711746043428446,-0.002819031366401759,20.836294848001753,11.8,0.0,-0.2,-1.0,1.0,0.4900000000000016,32.52826737537867,22.08519547840563
29.750499999976014,11.847809811132711,-0.10009884043963477,0.04009049384857369,0.0029013226046406314,-0.00029752169673833817,20.654198666709704,11.8,0.0,-0.2,-1.0,1.0,0.24000000000000024,28.202423842099993,19.90740482930448
29.800499999975898,11.848966923604447,-0.09858719698976366,0.04008508094741317,0.002994153842629465,-0.00015438557505910365,20.405984505859024,11.8,0.0,-0.2,-1.0,1.0,-0.010000000000000332,24.0238902930321,17.664814564246136
29.85049999997578,11.84775011436579,-0.09854179662951316,0.04007656859263314,0.0024771282795259227,0.00015089149125618452,20.116306068394227,11.8,0.0,-0.2,-1.0,1.0,-0.26000000000000106,20.005642325028706,15.348810112363877
29.900499999975665,11.8442133588498,-0.0996590016297352,0.04006012101012314,0.00237497119687885,0.0016283529829867788,19.778788433793412,11.8,0.0,-0.2,-1.0,1.0,-0.5100000000000025,16.155095892489175,12.950334310702052
29.95049999997555,11.838016044041618,-0.10212992358771787,0.0400522483146888,0.0007611221598923818,0.001914386494059293,19.391114532508894,11.8,0.0,-0.2,-1.0,1.0,-0.7599999999999983,12.47478428801963,10.459896290563263
30.000499999975432,11.830570062479467,-0.10521151873086061,0.0400748615639901,0.0005453764625427016,-0.002170652720656971,19.323162751220327,11.8,0.0,0.15,1.0,1.0,-0.6350000000000006,14.293670726391666,11.717219883397373
30.050499999975315,11.82541409736209,-0.10744579630735691,0.04003313569845378,0.00025707324763676734,0.0011819721145145245,19.593273437868827,11.8,0.0,0.15,1.0,1.0,-0.38500000000000173,18.05914302153952,14.160464430219903
30.1004999999752,11.823371826584035,-0.1083850343013799,0.04007419697822678,0.0010465922783920677,-0.002558922599095761,19.836301065709552,11.8,0.0,0.15,1.0,1.0,-0.13500000000000034,21.99414361071406,16.516544791808833
30.150499999975082,11.82403041601715,-0.10795397302708223,0.040068302520269196,0.000575710241299244,-0.002575763812442937,20.107105766332815,11.8,0.0,0.15,1.0,1.0,0.11499999999999963,26.09379584360552,18.79473774668087
30.200499999974966,11.827248140171415,-0.1058391286262833,0.040025956370859074,0.0007153090865547307,0.0012691600309239427,20.423653432272665,11.8,0.0,0.15,1.0,1.0,0.36500000000000093,30.347972854788825,21.00387875595389
30.25049999997485,11.83300729460381,-0.10189076628818156,0.04003484350733289,0.0011328973859595628,0.00016444808816317013,20.791037394305782,11.8,0.0,0.15,1.0,1.0,0.6150000000000002,34.74075599480093,23.152364737224904
30.300499999974733,11.840440640608783,-0.09705887596865291,0.040052613340014136,-0.0012695683643423603,0.0013013534884049023,21.09106825103392,11.8,0.0,-0.2,-1.0,1.0,0.5425000000000014,33.4537514616677,22.53507240680778
30.350499999974616,11.845505067868979,-0.09327937342185126,0.04013728295510396,0.007235873967716173,-0.0007442790020280301,20.914140185877,11.8,0.0,-0.2,-1.0,1.0,0.29250000000000054,29.099174294622845,20.369835873158515
30.4004999999745,11.847260137889466,-0.09139122509427021,0.0400927251048847,0.0033822713193675026,-0.00043133236819313466,20.669697401550444,11.8,0.0,-0.2,-1.0,1.0,0.042499999999999656,24.888433926262174,18.141553414572105
30.450499999974383,11.846542276356098,-0.09105410831976415,0.040082928368094094,0.0014155618288820577,-0.001944414494404257,20.395044200296336,11.8,0.0,-0.2,-1.0,1.0,-0.20750000000000074,20.83573339118647,15.841702393705642
30.500499999974267,11.84334584610208,-0.09210095155735366,0.04008891046658569,0.0040722741869606395,-0.00013852571546891468,20.076339769272472,11.8,0.0,-0.2,-1.0,1.0,-0.4575000000000021,16.949608052250266,13.46131868687424
30.55049999997415,11.837675473684136,-0.09448564826928021,0.04008047951805909,0.00360954101518176,0.0013250664460268068,19.70480049036893,11.8,0.0,-0.2,-1.0,1.0,-0.7074999999999992,13.23355035779073,10.99100042509317
30.600499999974033,11.829862012579456,-0.0977355874731821,0.04009318003099392,0.00048648990781379684,-0.0034180362451168723,19.461861493668913,11.8,0.0,0.15,1.0,1.0,-0.6924999999999996,13.451713374619123,11.141932724187185
30.650499999973917,11.824254021802728,-0.10042114456162979,0.040079333618742954,0.0007623715565638248,-0.003008694868277888,19.700339527704976,11.8,0.0,0.15,1.0,1.0,-0.44250000000000206,17.177992303239034,13.606582125878298
30.7004999999738,11.821597302888792,-0.10174630862637514,0.04003784436124187,0.0008133209527785909,0.000946895532233902,19.934788870374753,11.8,0.0,0.15,1.0,1.0,-0.19250000000000067,21.07425718695221,15.98187301186019
30.750499999973684,11.821608287890339,-0.10168587606534248,0.040076546069363735,0.0008992580825177548,-0.0031327869604085234,20.19598819000129,11.8,0.0,0.15,1.0,1.0,0.057499999999999635,25.13673479178987,18.27718155825585
30.800499999973567,11.824286754343703,-0.09991745997730736,0.040036860071071684,0.0004954152010939031,-5.075967139834893e-06,20.50323140436019,11.8,0.0,0.15,1.0,1.0,0.3075000000000006,29.356564656180325,20.501445271634058
30.85049999997345,11.829548985324992,-0.09641019476927701,0.04002415576464439,0.000779615248744513,0.0010315821963702166,20.852594752257954,11.8,0.0,0.15,1.0,1.0,0.5575000000000012,33.719190486478986,22.66316065071436
30.900499999973334,11.83685929930777,-0.09159598806693867,0.04024129705382616,-0.0007788109583749064,0.01074202727025779,21.213673051748103,11.8,0.0,-0.2,-1.0,1.0,0.5900000000000006,34.29581772233207,22.94001507183549
30.950499999973218,11.842040884902616,-0.08733313627119071,0.040033532545642875,6.100780714661625e-05,0.0027117278357853404,21.142536858803346,11.8,0.0,-0.2,-1.0,1.0,0.3400000000000008,29.91600837088394,20.78582931442706
31.0004999999731,11.844291993345326,-0.08499438573794017,0.040041560491033065,-0.0003678687144836857,0.000626120275895251,20.90734791960278,11.8,0.0,-0.2,-1.0,1.0,0.08999999999999965,25.676665795547752,18.570168094541796
31.050499999972985,11.844056004097226,-0.0845183781576525,0.04003366776155671,-0.0003247041761574795,0.0010475381901537777,20.637930444946708,11.8,0.0,-0.2,-1.0,1.0,-0.16000000000000048,21.593114900122675,16.284591325066344
31.100499999972868,11.841492318995405,-0.08541765985568474,0.040037842744523974,-0.0006151586189346709,0.0006587078701565093,20.318911993255448,11.8,0.0,-0.2,-1.0,1.0,-0.41000000000000186,17.67492812142347,13.920219183932579
31.15049999997275,11.836204541795105,-0.08761865513294062,0.040040105173551326,2.0904705384729795e-05,0.0016173129562102693,19.96078075328321,11.8,0.0,-0.2,-1.0,1.0,-0.66,13.92649714341033,11.467731512160277
31.200499999972635,11.828500192984462,-0.09085080791788626,0.0400741434574105,-0.0005530472129463201,-0.00089840895224394,19.656655717017365,11.8,0.0,0.15,1.0,1.0,-0.6999999999999994,13.342555506255803,11.066511310950526
31.25049999997252,11.821909036681,-0.09441978164359761,0.040046599044030975,0.0008377364474293372,0.00031252573145174197,19.88697615558018,11.8,0.0,0.15,1.0,1.0,-0.4500000000000021,17.063723505181738,13.5339907317825
31.300499999972402,11.819115731434216,-0.09577515543433941,0.04008108257485663,0.0007262767215429008,-0.0033074123015357135,20.125600572085247,11.8,0.0,0.15,1.0,1.0,-0.2000000000000007,20.954920220029116,15.911823802018937
31.350499999972286,11.819109297617796,-0.0956789335088484,0.04005294787728762,0.00048596511144148054,-0.0010817040364684046,20.391822371356977,11.8,0.0,0.15,1.0,1.0,0.049999999999999635,25.01251318003623,18.209399557709453
31.40049999997217,11.821722450544796,-0.09392367701154355,0.04003110831811905,0.000863937547905239,0.0007825251708356416,20.698679120833386,11.8,0.0,0.15,1.0,1.0,0.30000000000000054,29.227804756311883,20.435668815042977
31.450499999972052,11.826679281045672,-0.0905604681785288,0.04005967735493792,0.0006904754256375848,-0.0022369781681154236,21.043974887957187,11.8,0.0,0.15,1.0,1.0,0.5500000000000013,33.58641541219118,22.599141134340165
31.500499999971936,11.833952696363419,-0.08589598457269038,0.040063817525000545,0.0007538659663870859,0.0053810470614617,21.419186114279924,11.8,0.0,-0.2,-1.0,1.0,0.6200000000000001,34.82988509234825,23.194771248523836
31.55049999997182,11.839816361551984,-0.08147537616687611,0.04006868063896398,-0.0003255174309348382,-0.0014053866226157862,21.370284106725848,11.8,0.0,-0.2,-1.0,1.0,0.37000000000000094,30.43453328091704,21.047415638028166
31.600499999971703,11.842541332340867,-0.0786456872864482,0.0401020027474247,0.002829942881882161,-0.0020001024497493893,21.153933229806036,11.8,0.0,-0.2,-1.0,1.0,0.11999999999999963,26.17740827603704,18.83956858287953
31.650499999971586,11.84267860537479,-0.07763920903136073,0.04008708059985146,0.0023463530265025487,-0.001663836659874765,20.888908857141125,11.8,0.0,-0.2,-1.0,1.0,-0.1300000000000003,22.074547692982723,16.562841774502452
31.70049999997147,11.84043162423638,-0.078139581658281,0.040092690858229536,0.004074625018508361,-0.0006213705878334124,20.57305796638221,11.8,0.0,-0.2,-1.0,1.0,-0.3800000000000017,18.136189958112194,14.208408620568346
31.750499999971353,11.835659231922456,-0.08007559292301468,0.04008990938193099,0.0042449399219190356,0.0002525061203037939,20.21312113056557,11.8,0.0,-0.2,-1.0,1.0,-0.6300000000000006,14.367309664006543,11.767001045891668
31.800499999971237,11.828326813511895,-0.08310363052040619,0.040147282448224075,-0.005647900961652953,0.001276325868919486,19.820213061295167,11.8,0.0,0.15,1.0,1.0,-0.7883333333333342,12.044551414210002,10.154398121407906
31.85049999997112,11.820500304940907,-0.08728796021423178,0.04006036699321653,-0.0005076942445818739,-0.0011530900871358583,19.98386822439625,11.8,0.0,0.15,1.0,1.0,-0.5383333333333385,15.704465877216455,12.656528787975205
31.900499999971004,11.816516599285235,-0.08920675275642917,0.04005112417620728,0.0012610550809052086,-4.455746222849288e-05,20.2235060070601,11.8,0.0,0.15,1.0,1.0,-0.2883333333333376,19.534630045588887,15.065530657443556
31.950499999970887,11.81552213443985,-0.08967624373830857,0.04007764490473434,0.0011237730469781486,-0.0029874030121695267,20.474046864170695,11.8,0.0,0.25,1.0,1.0,-0.03833333333333676,23.533041973029295,17.390944721546248
32.00049999997077,11.817118731165436,-0.08860643676871749,0.040043364509372494,0.0004645068031720958,-0.0001382364663975323,20.760083497138865,11.8,0.0,0.15,1.0,1.0,0.21166666666666367,27.692911859032634,19.641881161371057
32.05049999997101,11.821446298960852,-0.08574284917542002,0.04002763523488074,0.000639800649914916,0.000996774643154778,21.094257389078642,11.8,0.0,0.15,1.0,1.0,0.46166666666666506,32.00195820479563,21.827007350419322
32.10049999997125,11.82807961761935,-0.08123342397465838,0.040027627522894516,0.0012052194491800675,0.0010147588180633312,21.470174914098077,11.8,0.0,0.15,1.0,1.0,0.625,34.91906087527131,23.23715676447456
32.15049999997149,11.83501862075631,-0.07650629655999122,0.04007849217932427,-0.0005956486734607322,-0.0016766067017202854,21.69089636107672,11.8,0.0,-0.2,-1.0,1.0,0.4850000000000016,32.44041926633621,22.042221077914494
32.200499999971726,11.838706782245666,-0.07266135123982559,0.04010899869567582,0.003634756562530875,-0.0015180490580755026,21.535655790774083,11.8,0.0,-0.2,-1.0,1.0,0.2350000000000002,28.117356635955353,19.863216040616642
32.250499999971964,11.839892922443367,-0.07113801727683766,0.040096716254889024,0.002643219731082398,-0.0021385462726438826,21.2877180383041,11.8,0.0,-0.2,-1.0,1.0,-0.01500000000000033,23.941921026116074,17.619243380470785
32.3004999999722,11.838596060949149,-0.07123342404661957,0.040081123334404174,0.002292686355953293,-0.001479109688748815,20.99582055034331,11.8,0.0,-0.2,-1.0,1.0,-0.26500000000000107,19.92697195236673,15.301679738422434
32.35049999997244,11.834776172076946,-0.07298750378012296,0.0400269766390533,-0.00020819975958028122,0.0013635874810224609,20.67075111265458,11.8,0.0,-0.2,-1.0,1.0,-0.5150000000000025,16.079820309943468,12.901459105806959
32.40049999997268,11.82832573568335,-0.0758186196590087,0.04006519881988944,-0.0007919527710583696,-0.0007596618232774773,20.293875483909247,11.8,0.0,-0.2,-1.0,1.0,-0.7649999999999982,12.402909980980304,10.409082220346953
32.45049999997292,11.821815797315821,-0.07899230112757352,0.040050659415181336,0.0006839848461765506,-4.090124579018209e-05,20.357284142271475,11.8,0.0,0.15,1.0,1.0,-0.5350000000000023,15.779400298443015,12.70558901669237
32.50049999997316,11.818100879633139,-0.08087928201527991,0.040081227048497474,0.0007001480242649331,-0.0032727107563255108,20.591773455948797,11.8,0.0,0.15,1.0,1.0,-0.2850000000000012,19.61296364649504,15.112827016627657
32.5504999999734,11.817197269566655,-0.08128359005006834,0.04002939964762361,0.0006923894627804687,0.0014765368541487846,20.847051794007044,11.8,0.0,0.15,1.0,1.0,-0.03500000000000035,23.614688553562914,17.436663721650667
32.600499999973636,11.818860432212617,-0.08021446916441896,0.04006094164161358,0.0011692815836313395,-0.001787401297198927,21.13428522217523,11.8,0.0,0.15,1.0,1.0,0.2150000000000001,27.77768156627074,19.686200486533547
32.650499999973874,11.823204633646897,-0.07729203952453599,0.04006565203664749,0.0014132485093340998,-0.0025927079848403465,21.468024383407048,11.8,0.0,0.15,1.0,1.0,0.46500000000000147,32.08954591117573,21.87009587256828
32.70049999997411,11.829958774784696,-0.07282209997985127,0.040145008522222816,3.7999316503976456e-05,0.012436537436161113,21.82155824787911,11.8,0.0,-0.2,-1.0,1.0,0.6050000000000003,34.56263865109912,23.06748847977711
32.75049999997435,11.835773017784817,-0.06863207752391011,0.04011933288336195,0.00538921026440868,-0.0010299675050608928,21.722773805207748,11.8,0.0,-0.2,-1.0,1.0,0.35500000000000087,30.17501908234319,20.91673218222111
32.80049999997459,11.83823194500994,-0.0662078531264689,0.0401074613908756,0.0038389017378820975,-0.001899489290343945,21.489172904533028,11.8,0.0,-0.2,-1.0,1.0,0.10499999999999965,25.926757095532626,18.70499318708153
32.85049999997483,11.838179038483185,-0.06535212947344253,0.04009341201227105,0.004369306665490864,0.0001875041995974081,21.220241518538437,11.8,0.0,-0.2,-1.0,1.0,-0.1450000000000004,21.83353361424219,16.42385733348193
32.90049999997507,11.835726209849364,-0.06607533957860134,0.04009749030015047,0.004723842516024015,-0.0006840932857582092,20.90045878849579,11.8,0.0,-0.2,-1.0,1.0,-0.3950000000000018,17.905253049936544,14.064471418811738
32.95049999997531,11.830670221998275,-0.06827305631353768,0.04007765171749433,0.0023071354730798527,-0.0008098845280033366,20.570969061789842,11.8,0.0,-0.2,-1.0,1.0,-0.6450000000000004,14.146597113694785,11.617541284407578
33.000499999975546,11.823341690214155,-0.07143867141653944,0.04007109409463191,0.0001549878630366317,3.487601625841225e-05,20.23239042445947,11.8,0.0,0.15,1.0,1.0,-0.719999999999999,13.052214297549162,10.864949387632885
33.050499999975784,11.817381746023825,-0.07442398416167176,0.04003851935553269,0.00020939373137492047,0.0008278832617370019,20.45952715731629,11.8,0.0,0.15,1.0,1.0,-0.4700000000000022,16.759756485877446,13.340018683061277
33.10049999997602,11.814459471798225,-0.07591665562023796,0.040069567331995945,0.0010507386890616993,-0.002082741717633894,20.694951174257028,11.8,0.0,0.15,1.0,1.0,-0.2200000000000008,20.637422747555078,15.724672265419816
33.15049999997626,11.814249166068604,-0.07597801156588584,0.0400667727495518,0.0007504178161714593,-0.002237018685813449,20.955178731212268,11.8,0.0,0.25,1.0,1.0,0.029999999999999635,24.68195234999887,18.028333329541095
33.2004999999765,11.816459605835973,-0.07441528600774874,0.04004127042295043,0.0008580960176415795,2.4914558682092605e-05,21.25588434133575,11.8,0.0,0.15,1.0,1.0,0.28000000000000047,28.88507909508144,20.259988171836646
33.25049999997674,11.821313346531117,-0.0711650601741685,0.040055631462628624,0.0009794546964981038,-0.0017528792042073933,21.59595899958973,11.8,0.0,0.15,1.0,1.0,0.5300000000000017,33.23289352102906,22.4281812577638
33.30049999997698,11.82837891864697,-0.06653419943415194,0.040243936418092,0.0001523405658826055,0.010490412320036415,21.94151591812796,11.8,0.0,-0.2,-1.0,1.0,0.5825000000000008,34.162568476623065,22.876206351577043
33.35049999997722,11.833190061766924,-0.06235480471954409,0.04005279003560789,0.0008287510293864453,0.001772528473234568,21.865076624741867,11.8,0.0,-0.2,-1.0,1.0,0.33250000000000074,29.786693073895705,20.720295047041468
33.400499999977455,11.835331415344234,-0.05998036210369515,0.04004100615843379,-0.0004275742795417159,0.0010884758763546163,21.64562873902059,11.8,0.0,-0.2,-1.0,1.0,0.08249999999999964,25.551830948656658,18.502661328760013
33.450499999977694,11.835088195953876,-0.0591939736230846,0.040055496347450384,-0.0007306827858020537,-0.000720878417693641,21.370073771651423,11.8,0.0,-0.2,-1.0,1.0,-0.16750000000000054,21.47312927726118,16.214852119784915
33.50049999997793,11.832407822566285,-0.06013170305917422,0.04003351503535239,-0.0001372573960306385,0.001451215844604449,21.05724924455112,11.8,0.0,-0.2,-1.0,1.0,-0.4175000000000019,17.559995294492776,13.847974286338943
33.55049999997817,11.827179644853052,-0.062398950974186,0.040043588193156815,-0.0005196659852372006,0.000829962797011533,20.699685329954985,11.8,0.0,-0.2,-1.0,1.0,-0.6675,13.816676751216,11.392694702523633
33.60049999997841,11.819892448204971,-0.06579531473244342,0.04008912055184641,0.00014482445909848595,-0.0030517507374030113,20.465094827248286,11.8,0.0,0.15,1.0,1.0,-0.6525000000000002,14.036470580243828,11.542680283451109
33.65049999997865,11.814524130275428,-0.06865471056765594,0.04007317235041877,0.0006615788201881128,-0.0024934727420187026,20.70024365846365,11.8,0.0,0.15,1.0,1.0,-0.40250000000000186,17.790014058333703,13.992384808973645
33.70049999997889,11.812377052122459,-0.06976144621373757,0.040040704709239636,0.0011919792772400659,0.0007265111526437837,20.940096013398882,11.8,0.0,0.25,1.0,1.0,-0.15250000000000044,21.713249741050067,16.354259647768515
33.75049999997913,11.812860495220791,-0.06940449126602453,0.04007373689588885,0.0007325001678460248,-0.002924238391006235,21.208905156713776,11.8,0.0,0.25,1.0,1.0,0.09749999999999963,25.801641289713377,18.63761196946156
33.800499999979365,11.815901146182377,-0.06739501459590505,0.04004443762259155,0.0004828083126548195,-0.0005649084065656116,21.51789181355207,11.8,0.0,0.15,1.0,1.0,0.3475000000000008,30.045450539286577,20.85130828553576
33.850499999979604,11.821451582238284,-0.06347186513929289,0.040021261778898864,0.0008037728176336435,0.001235153239216868,21.878855794442334,11.8,0.0,0.15,1.0,1.0,0.5975000000000005,34.42917466619622,23.003775710944847
33.90049999997984,11.828555219365432,-0.058488566194934685,0.04008036413255435,-0.0013607779109348292,-0.002429549653952623,22.072815767137005,11.8,0.0,-0.2,-1.0,1.0,0.4875000000000016,32.48433686492127,22.063711111220318
33.95049999998008,11.832860949051641,-0.05492396001790148,0.040111500636997116,0.004124190627494545,-0.0014071507122913112,21.868154966446767,11.8,0.0,-0.2,-1.0,1.0,0.2375000000000002,28.159882840643508,19.885313677339763
34.00049999998032,11.83413541043135,-0.05342221769348242,0.04010268973695737,0.003279052050471769,-0.0019681547973945837,21.62204116385311,11.8,0.0,-0.2,-1.0,1.0,-0.012500000000000332,23.98289761694646,17.64203264563074
34.05049999998056,11.832963434005194,-0.05327708408530495,0.040064855730164335,0.002522933754703585,0.0015468675598560248,21.326316171821116,11.8,0.0,-0.2,-1.0,1.0,-0.26250000000000107,19.966298730815122,15.325249051778018
34.1004999999808,11.829448161489578,-0.05455256411168765,0.040028978396086004,-0.0006173616958098961,0.0017299713411864758,20.98359367792741,11.8,0.0,-0.2,-1.0,1.0,-0.5125000000000024,16.117449572472164,12.92590130955057
34.15049999998104,11.82311759295951,-0.05735757690738679,0.04007045461078752,0.0013044592241472914,0.0006360407351808097,20.61848966984429,11.8,0.0,-0.2,-1.0,1.0,-0.7624999999999983,12.438838686808607,10.434494351538998
34.200499999981275,11.815971859185847,-0.06081371310595454,0.0400859100534733,0.0003154498737375771,-0.0034497510697409505,20.580198489549517,11.8,0.0,0.15,1.0,1.0,-0.602500000000001,14.773541502034572,12.040108645482068
34.250499999981514,11.811476600277972,-0.06306889587566138,0.040046319027128977,0.000235320151198587,0.00010734124413197291,20.815955666568367,11.8,0.0,0.25,1.0,1.0,-0.35250000000000153,18.561161989346367,14.471482085362846
34.30049999998175,11.809773772940208,-0.0639354683067344,0.040060620245288954,0.001055064492659629,-0.0013371066336795273,21.06089087617514,11.8,0.0,0.25,1.0,1.0,-0.10250000000000034,22.517947868481688,16.816921782295758
34.35049999998199,11.810727927417737,-0.06322098327124621,0.04006623414415039,0.0006758848155119299,-0.002447344775380403,21.341682186433605,11.8,0.0,0.25,1.0,1.0,0.14749999999999971,26.638380297455075,19.08564779712999
34.40049999998223,11.814257770460967,-0.060797003603592616,0.04002785198017296,0.0009261045738189471,0.0009076421963294557,21.658567883856673,11.8,0.0,0.15,1.0,1.0,0.39750000000000113,30.911603412154133,21.28643797566486
34.45049999998247,11.820335963227564,-0.056604595409025515,0.04002610939149345,0.0007767615932383513,0.0011066038825535316,22.023360235194172,11.8,0.0,0.15,1.0,1.0,0.625,34.91906087527131,23.23715676447456
34.50049999998271,11.827190453118673,-0.05207517451674269,0.040092238057806574,0.0023061053375773946,0.00012258806934642856,22.121707107551646,11.8,0.0,-0.2,-1.0,1.0,0.4475000000000014,31.783219409361607,21.71918520718375
34.55049999998295,11.830913088151318,-0.048560014382341095,0.04003760101632922,-0.0004637506428673148,0.001589440119405186,21.918271139524908,11.8,0.0,-0.2,-1.0,1.0,0.1975,27.481249783434293,19.530967595957886
34.600499999983185,11.831868148689852,-0.046953724538777344,0.040069812138251525,0.00025553112827758493,-0.0017034240185319805,21.661207567221172,11.8,0.0,-0.2,-1.0,1.0,-0.052500000000000324,23.32920904237523,17.276516794773748
34.650499999983424,11.830385164485268,-0.04710236939446884,0.040064637202353794,0.0015327341128263793,-0.0005084831944747077,21.357371343989456,11.8,0.0,-0.2,-1.0,1.0,-0.30250000000000127,19.339091249916468,14.947143380822721
34.70049999998366,11.826373588750878,-0.04877422981984099,0.04004062626438588,-0.0004414720726926296,0.0003268989908689454,21.01623379575319,11.8,0.0,-0.2,-1.0,1.0,-0.552500000000002,15.51742833157495,12.533715127381587
34.7504999999839,11.819858131602022,-0.051531929249877,0.04006741317294348,-0.000994579060319191,-0.00046483535281993714,20.613924957317465,11.8,0.0,-0.2,-1.0,1.0,-0.8024999999999975,11.866004480900258,10.026670334650479
34.80049999998414,11.812814653157004,-0.054577098813509646,0.04005783087643454,0.00023493676695867164,-0.0006962862649329008,20.674676608590534,11.8,0.0,0.15,1.0,1.0,-0.5825000000000015,15.070277845536623,12.238005455951955
34.85049999998438,11.808217898753947,-0.05642646108330987,0.04008735755499224,0.000864750277895671,-0.004188693614177651,20.961114767260458,11.8,0.0,0.25,1.0,1.0,-0.33250000000000146,18.871521327793733,14.662154695987807
34.90049999998462,11.806709996625873,-0.05696873958032508,0.04002882913142492,0.0004003869549213722,0.0014658390503048426,21.21573778861019,11.8,0.0,0.25,1.0,1.0,-0.08250000000000034,22.841668415135477,17.001123813871303
34.95049999998486,11.807836169114887,-0.05614960385043995,0.04006487740505199,0.001008259115782934,-0.0021081576077945853,21.496526569558565,11.8,0.0,0.25,1.0,1.0,0.16749999999999984,26.974798621396754,19.26409781112963
35.000499999985095,11.811577952253508,-0.053655405464603026,0.0400708996731065,0.0011532845585062654,-0.0031712617847329725,21.817523380782543,11.8,0.0,0.15,1.0,1.0,0.4175000000000012,31.25960311367622,21.459819126256814
35.050499999985334,11.8178901332259,-0.049344095992996245,0.040032643970854896,0.0013630953733600256,0.000488492831884482,22.186260996635763,11.8,0.0,0.15,1.0,1.0,0.625,34.91906087527131,23.23715676447456
35.10049999998557,11.824594894951302,-0.04464632994026206,0.04012331803988922,0.004343280513128817,-0.001674853349507101,22.27312792502916,11.8,0.0,-0.2,-1.0,1.0,0.43750000000000133,31.608466815511136,21.63282324328267
35.15049999998581,11.827802895509503,-0.041283665338548235,0.040067857777389165,0.002062606220051228,0.001094521779326649,22.07470836964847,11.8,0.0,-0.2,-1.0,1.0,0.18749999999999994,27.312190796539735,19.442117639875274
35.20049999998605,11.82849347908508,-0.03979279730605056,0.0400526009211846,-0.0005710048367843728,-0.00038928983784384993,21.819156024503876,11.8,0.0,-0.2,-1.0,1.0,-0.06250000000000032,23.166434927723273,17.184839712845744
35.25049999998629,11.826894556396875,-0.03983331327315466,0.04006887847764601,0.0003836592856669538,-0.0015172765156138347,21.516634189468206,11.8,0.0,-0.2,-1.0,1.0,-0.31250000000000133,19.182964121747432,14.852282381849815
35.30049999998653,11.822870486791816,-0.04150571180799684,0.04007083934066213,0.002483183274163361,-0.0006788107073569105,21.172272329610667,11.8,0.0,-0.2,-1.0,1.0,-0.5625000000000018,15.368105311032567,12.435295806136224
35.350499999986766,11.81610491462761,-0.04443006765514556,0.04013673111641127,-0.007278072913088398,0.005015714739607171,20.79042122438405,11.8,0.0,0.15,1.0,1.0,-0.7674999999999982,12.366998167175375,10.383659886913456
35.400499999987005,11.808696324608638,-0.04863559163645246,0.04006745495626338,-0.00017622495829329915,-0.0016143811133677987,20.89848146453779,11.8,0.0,0.25,1.0,1.0,-0.5175000000000025,16.04220810513303,12.877007689762811
35.450499999987244,11.804944011506704,-0.05049505331958886,0.04003617064015027,0.00024431043261462037,0.0009893375967519632,21.141147158967144,11.8,0.0,0.25,1.0,1.0,-0.26750000000000107,19.887661994387052,15.278102163011132
35.50049999998748,11.804204132821845,-0.050823709707501157,0.04007068783524786,0.0010096682542636791,-0.002386522244344172,21.395174158124604,11.8,0.0,0.25,1.0,1.0,-0.01750000000000036,23.900960530512965,17.59644675992461
35.55049999998772,11.80606639375323,-0.0495144576360091,0.04005292315046567,0.0005821741844831276,-0.0012449227113357551,21.687668434863948,11.8,0.0,0.25,1.0,1.0,0.23250000000000018,28.074845243841846,19.841111910734405
35.60049999998796,11.810441244100408,-0.04659714890836263,0.04003277339717012,0.0004562322842355157,0.00039774956481864176,22.017226826101293,11.8,0.0,0.15,1.0,1.0,0.4825000000000016,32.39651460144518,22.02072537050724
35.6504999999882,11.81716986930948,-0.041953670423525685,0.040058576293044955,0.0011088690961136819,-0.0019345269722539572,22.398885306976887,11.8,0.0,0.15,1.0,1.0,0.625,34.91906087527131,23.23715676447456
35.70049999998844,11.823181494324459,-0.03739704160651503,0.04005776079481275,0.0006355780910104172,0.0015811251231602006,22.354004837530418,11.8,0.0,-0.2,-1.0,1.0,0.380000000000001,30.607820454097446,21.134416919664897
35.750499999988676,11.825875918947622,-0.03469218769240074,0.04003826444026528,0.0006856297526968238,0.0023231660280446987,22.14225291613356,11.8,0.0,-0.2,-1.0,1.0,0.12999999999999964,26.344818738278143,18.929147712413453
35.800499999988915,11.825946666439172,-0.03406176889501697,0.0400697202997172,0.002299282471119352,0.0005489320577092776,21.8789283592325,11.8,0.0,-0.2,-1.0,1.0,-0.12000000000000031,22.235553730329205,16.655342609096056
35.850499999989154,11.823627848356645,-0.03479915069395407,0.0400545009962612,0.0017826891795068359,0.001198677008687658,21.561582765735608,11.8,0.0,-0.2,-1.0,1.0,-0.37000000000000166,18.290487633953916,14.304192750205212
35.90049999998939,11.818688598904334,-0.037047805440126785,0.04005410440325957,0.0017788382608148314,0.0015177962675081021,21.207558997218463,11.8,0.0,-0.2,-1.0,1.0,-0.6200000000000008,14.514791865213876,11.866447492544317
35.95049999998963,11.811319581455416,-0.04065087187630871,0.040078468626397704,-0.0011919705288498666,-0.0014279229647813018,20.90336731402372,11.8,0.0,0.15,1.0,1.0,-0.6550000000000001,13.999795759738767,11.517707125175976
36.00049999998987,11.804765377253661,-0.04436235953323611,0.04005588582604186,-9.141446896349185e-05,-0.0008941649493474634,21.125355925963785,11.8,0.0,0.25,1.0,1.0,-0.40500000000000186,17.751635070482834,13.968338392795225
36.05049999999011,11.802470623486707,-0.04539418423435638,0.04005332405281199,0.0012163443480789433,-0.0005202909093508767,21.374026125782795,11.8,0.0,0.25,1.0,1.0,-0.15500000000000044,21.67318822567124,16.331044734209275
36.10049999999035,11.802837469011212,-0.04505875639235017,0.040077172550584954,0.00048445904737187185,-0.003264566667419832,21.643489248068448,11.8,0.0,0.25,1.0,1.0,0.09499999999999963,25.75996718480354,18.6151376512704
36.150499999990586,11.80580251026727,-0.04304390281930154,0.04002672099903165,0.00047759037440157985,0.0011252874413870632,21.949497757892804,11.8,0.0,0.25,1.0,1.0,0.3450000000000008,30.00228908355877,20.82948809216193
36.200499999990825,11.81124138962219,-0.03919974572787126,0.040048888607440034,0.0014498865428466566,-0.0008785870457465285,22.306327591515867,11.8,0.0,0.15,1.0,1.0,0.5950000000000005,34.38471042558018,22.982527493901678
36.250499999991064,11.818304976895783,-0.034653846263566115,0.04011993943035375,0.004457593511014086,-0.0012621175613449522,22.542164697006406,11.8,0.0,-0.2,-1.0,1.0,0.5125000000000017,32.924219373797854,22.278301122501244
36.3004999999913,11.822471818592776,-0.031007685431795495,0.04003129044543052,-0.0005066679572277153,0.0022292660503213835,22.3569664666836,11.8,0.0,-0.2,-1.0,1.0,0.26250000000000034,28.585956072014977,20.105934766837
36.35049999999154,11.823791120552203,-0.029128463346584307,0.04005690192822303,-0.0007148938534117961,-0.0005089106459725841,22.11729738530107,11.8,0.0,-0.2,-1.0,1.0,0.012499999999999664,24.393546541108954,17.86952269394564
36.40049999999178,11.82285597303143,-0.02903053312098261,0.04003540806898471,0.00010414165720313888,0.0016130369352435738,21.834560262915712,11.8,0.0,-0.2,-1.0,1.0,-0.2375000000000009,20.360490581981356,15.560489813018574
36.45049999999202,11.819439399775504,-0.030337965514082934,0.04003627254901636,-0.0007089660334430646,0.0008574408541001705,21.504258674868137,11.8,0.0,-0.2,-1.0,1.0,-0.4875000000000023,16.49468030160213,13.169818804319677
36.50049999999226,11.813528657127549,-0.03288886923282307,0.04005329345507103,-0.001210457995132828,0.0002516640993322905,21.127097627817093,11.8,0.0,-0.2,-1.0,1.0,-0.7374999999999987,12.799055529769904,10.688056754783188
36.550499999992496,11.806397889996202,-0.03671092015805749,0.04005720161656269,-0.0006940699105676947,-0.00030768589756019477,21.113691686933507,11.8,0.0,0.25,1.0,1.0,-0.5425000000000021,15.667024253410375,12.631984714084776
36.600499999992735,11.801983076107286,-0.03864943524662767,0.04004850392910124,0.000334352877914649,-0.000478651002604744,21.397120907813477,11.8,0.0,0.25,1.0,1.0,-0.2925000000000012,19.49548854026642,15.041869949781706
36.650499999992974,11.800870361042046,-0.038863808724713095,0.04004519618429875,0.0006732968560618828,-0.0018471123378521164,21.62850657161648,11.8,0.0,0.25,1.0,0.6,-0.04250000000000035,23.492242965871654,17.36807405986475
36.70049999999321,11.802105685246982,-0.03772653703475304,0.040038979400860375,0.0009612902693722509,0.00044995799970214964,21.85632849644766,11.8,0.0,0.25,1.0,1.0,0.20750000000000005,27.65054944882113,19.619711636904757
36.75049999999345,11.806265883307336,-0.034868438582708834,0.04006890820662616,0.0010864417350353488,-0.0029071973123875887,22.18579368456987,11.8,0.0,0.25,1.0,1.0,0.45750000000000146,31.958184063948465,21.80545446215481
36.80049999999369,11.812876351176243,-0.03025283853281225,0.0400865934652772,0.0006708864948075626,0.007212001889059444,22.55628787590157,11.8,0.0,-0.2,-1.0,1.0,0.6175000000000002,34.78531469544105,23.173570621178065
36.85049999999393,11.81820836872214,-0.025577541086650543,0.04010289682016543,0.0019266131330113862,-0.0022707129895929456,22.540745455432102,11.8,0.0,-0.2,-1.0,1.0,0.36750000000000094,30.391246121941418,21.025650223905323
36.90049999999417,11.820709920173305,-0.022650144148118008,0.040100027570338606,0.0033744830407584966,-0.0010276739390691647,22.337573240257267,11.8,0.0,-0.2,-1.0,1.0,0.11749999999999965,26.135594315715068,18.817156611235305
36.950499999994406,11.820692882676056,-0.021683587928504784,0.04007482646121714,0.0018659156038324794,-0.00013280852330054723,22.080724214641965,11.8,0.0,-0.2,-1.0,1.0,-0.13250000000000034,22.034337400941677,16.539697171145445
37.000499999994645,11.818430528015512,-0.02242461180753123,0.04008772721798464,0.0036959267033372665,-0.00027238718225467285,21.77628950545362,11.8,0.0,-0.2,-1.0,1.0,-0.3825000000000017,18.097657995940686,14.184440877093271
37.050499999994884,11.813575536631701,-0.02450244304782416,0.04009147327851091,0.004866900176282272,0.0007515752682412446,21.42601416305381,11.8,0.0,-0.2,-1.0,1.0,-0.6325000000000006,14.330481682900855,11.742115301147699
37.10049999999512,11.806497120916324,-0.02787269437253901,0.04007539766481407,-0.00036379415821162183,-0.0017847595689222488,21.166690016620997,11.8,0.0,0.15,1.0,1.0,-0.6375000000000005,14.256876792874703,11.692314782747204
37.15049999999536,11.80083691869574,-0.031128799502888455,0.04007364405597267,0.00027605409969429446,-0.002578641377271501,21.406559446271448,11.8,0.0,0.25,1.0,1.0,-0.38750000000000173,18.02064503735725,14.136479270454835
37.2004999999956,11.798579651166355,-0.032030929460338246,0.0400469807127188,0.00042184422774400204,-0.0020081313353889872,21.570101809342365,11.8,0.0,0.25,1.0,0.6,-0.13750000000000037,21.953966329654737,16.49338462743674
37.25049999999584,11.7987809882248,-0.03140643520896536,0.04003719503671643,0.0005766651875919195,-0.0014738813558093724,21.756121293554706,11.8,0.0,0.25,1.0,0.6,0.11249999999999963,26.05201287266437,18.772311980605572
37.30049999999608,11.801494420270078,-0.02930923058540548,0.040065229149385095,0.0018961068152837399,-0.0005643405294700053,21.983702405270694,11.8,0.0,0.25,1.0,1.0,0.36250000000000093,30.30471349840126,20.98210122599496
37.350499999996316,11.80700209814221,-0.025667258391674302,0.04005709114036336,0.0005029064362976367,-0.0019278828591504412,22.329483245579723,11.8,0.0,0.15,1.0,1.0,0.6125000000000003,34.69620901527997,23.13115358888919
37.400499999996555,11.813668793610253,-0.02093496403565687,0.040035832946164064,-9.185484208787299e-05,0.0026677017667817086,22.51700861591396,11.8,0.0,-0.2,-1.0,1.0,0.47500000000000153,32.26487842626172,21.956204123807
37.450499999996794,11.817433067029922,-0.017450151987310203,0.040031649414762886,-0.0004498133622963715,0.0020516286247507956,22.34121133746043,11.8,0.0,-0.2,-1.0,1.0,0.22500000000000014,27.94740010011225,19.774760478060855
37.50049999999703,11.818553593828359,-0.015993747884942282,0.040036869323276526,0.00020545870744371022,0.0018530267411334964,22.09824438648384,11.8,0.0,-0.2,-1.0,1.0,-0.02500000000000033,23.778175713948265,17.52801267748524
37.55049999999727,11.817252253156408,-0.015950520036098172,0.040038995620412715,-0.0010674306109015237,0.000938904769735262,21.800585594780337,11.8,0.0,-0.2,-1.0,1.0,-0.27500000000000113,19.769833089562113,15.207319771517144
37.60049999999751,11.813539736319079,-0.017473024850149305,0.040042327381386376,-0.0007982533708995979,0.0001448898103279912,21.46543682736075,11.8,0.0,-0.2,-1.0,1.0,-0.5250000000000025,15.929473838706558,12.803598070682954
37.65049999999775,11.807296913811177,-0.020188801944978435,0.04012291669586096,-0.0058801723889030455,0.004580876717377253,21.080464497089643,11.8,0.0,0.15,1.0,1.0,-0.7449999999999986,12.690812882465783,10.612094452903538
37.70049999999799,11.800246693456062,-0.024165222462056116,0.04005484711583274,-0.00024693121825034383,-0.0020347168358359185,21.175574471190874,11.8,0.0,0.25,1.0,0.6,-0.4950000000000023,16.381332001865907,13.096739606341865
37.750499999998226,11.796715472629035,-0.025756718669885877,0.040046428340398676,0.0005582362840514267,-0.0017658627693327815,21.329960607282615,11.8,0.0,0.25,1.0,0.6,-0.24500000000000097,20.24205675179698,15.490003687178701
37.800499999998465,11.795848979067289,-0.025740366532737306,0.04005069676202202,0.0005244565038183922,-0.0025089301081397297,21.504046296284308,11.8,0.0,0.25,1.0,0.6,0.004999999999999639,24.270183574401344,17.80135229307374
37.8504999999987,11.797494946103853,-0.024325340070009773,0.04003673653622711,0.0007908303383476253,-0.0011744277925578583,21.70485479631832,11.8,0.0,0.25,1.0,0.6,0.25500000000000034,28.457979690254977,20.039816031061555
37.90049999999894,11.80169070809076,-0.021391294759073268,0.04003572401992559,0.00020197061343188446,0.00023275700783702166,21.95596268325542,11.8,0.0,0.25,1.0,1.0,0.5050000000000017,32.79212035794785,22.213983139408633
37.95049999999918,11.808266186154778,-0.017295336530047518,0.040227387462897474,-0.000223519653946916,0.010859497662022844,22.301045086480787,11.8,0.0,-0.2,-1.0,1.0,0.5925000000000006,34.340258102846235,22.96127395013525
38.00049999999942,11.813118239936506,-0.013340144175134037,0.040046952725481866,-0.0003520208924624081,0.0010429697064958418,22.220327668812658,11.8,0.0,-0.2,-1.0,1.0,0.3425000000000008,29.95914168795838,20.80766177119796
38.05049999999966,11.815346079993489,-0.011093149746048801,0.040055852196670357,0.0007482570549576083,-0.0001962097465469217,21.997403515032133,11.8,0.0,-0.2,-1.0,1.0,0.09249999999999965,25.718308682604874,18.59265636251396
38.1004999999999,11.815085900144021,-0.010312794705960783,0.04009493337904741,0.003074104173855581,-0.0013710124022294897,21.725149751782773,11.8,0.0,-0.2,-1.0,1.0,-0.15750000000000047,21.633143276401622,16.307821963007203
38.150000000000134,11.812759258101059,-0.01083274957078405,0.040088481455953194,0.00344420347321822,-0.0002932744119926474,21.40302721867576,11.8,0.0,-0.2,-1.0,1.0,-0.40500000000000186,17.751635070482834,13.968338392795225
38.20000000000037,11.807668635156213,-0.01309925343034614,0.040093520505007814,0.0039430962297076055,-0.000394123827957919,21.045987001837524,11.8,0.0,-0.2,-1.0,1.0,-0.6550000000000001,13.999795759738767,11.517707125175976
38.25000000000061,11.801175863900944,-0.016289253640322528,0.040053720622518496,0.00047785342357648723,-0.00032921284149709624,20.919248363873315,11.8,0.0,0.25,1.0,1.0,-0.5750000000000016,15.18183525675988,12.312060136966487
38.30000000000085,11.796887965605846,-0.018334435783620557,0.04005013681840562,0.0004402485766214249,-0.0020269742715645768,21.09019322999232,11.8,0.0,0.25,1.0,0.6,-0.3250000000000014,18.98818550222388,14.733516177990703
38.35000000000109,11.795266721538258,-0.01894186336836491,0.040043738599910055,0.0005749651229982509,-0.0017439263967361908,21.24737683298453,11.8,0.0,0.45,1.0,0.6,-0.07500000000000034,22.96333351684256,17.07007399822108
38.40000000000133,11.796104493846412,-0.017848078806839123,0.04004423824172917,0.0006326416785396482,-0.0021564793731653855,21.44706604019684,11.8,0.0,0.25,1.0,0.6,0.17499999999999988,27.101206954643985,19.330905425020084
38.450000000001566,11.799515141043088,-0.015314165140724579,0.040028730928164634,0.0003450316856278008,-0.0006178980160523738,21.679931969422235,11.8,0.0,0.25,1.0,0.6,0.42500000000000127,31.390326307940303,21.524739631277004
38.500000000001805,11.805399072825693,-0.01163725777865043,0.04014491977972085,0.001362855911705655,0.011194216535499171,21.99970784661962,11.8,0.0,-0.2,-1.0,1.0,0.6075000000000003,34.607150318719356,23.08871546795012
38.55000000000204,11.811099148918924,-0.007648108437080091,0.040066294584916715,-0.0006671621576327856,-0.001090693426235788,21.90730941203454,11.8,0.0,-0.2,-1.0,1.0,0.3575000000000009,30.218236593387367,20.938527947317976
38.60000000000228,11.813701139014473,-0.005086430110838379,0.04008948921559061,0.002844846584916877,-0.0012708358852432844,21.678272667489626,11.8,0.0,-0.2,-1.0,1.0,0.10749999999999964,25.96849348581829,18.72743970942761
38.65000000000252,11.813680211769801,-0.0044580108644358945,0.04008898026805948,0.002729229498921348,-0.0018784750648200414,21.40830355455338,11.8,0.0,-0.2,-1.0,1.0,-0.14250000000000038,21.873661324196018,16.447040907340305
38.70000000000276,11.811025059325825,-0.005482727057178505,0.04004725753991653,-0.00039271912528011954,-0.00035708162345926157,21.094397969379003,11.8,0.0,-0.2,-1.0,1.0,-0.3925000000000018,17.943700049219277,14.088482774254768
38.750000000003,11.80587144402575,-0.007760536416664555,0.04006426309985645,-0.00017527300898268852,-0.0018175779801998528,20.74699249714825,11.8,0.0,-0.2,-1.0,1.0,-0.6425000000000004,14.183339988220396,11.642475493154986
38.80000000000324,11.799549624822781,-0.010641159683065043,0.04002713758191661,0.00036058830099963435,0.0003800787970836319,20.599052138269276,11.8,0.0,0.25,1.0,0.6,-0.5825000000000015,15.070277845536623,12.238005455951955
38.850000000003476,11.795204652693247,-0.01253174999111722,0.0400444403974023,0.0004691817579368191,-0.0014198772029653734,20.754416183323535,11.8,0.0,0.45,1.0,0.6,-0.33250000000000146,18.871521327793733,14.662154695987807
38.900000000003715,11.793392766936797,-0.013232371505718689,0.040049466797530735,0.0004386425008757687,-0.0022041128215949655,20.90889145898311,11.8,0.0,0.45,1.0,0.6,-0.08250000000000034,22.841668415135477,17.001123813871303
38.95000000000395,11.794124523715999,-0.012153904870390041,0.04001821080092865,0.000308903106462853,0.00033370061865361004,21.110336111426683,11.8,0.0,0.45,1.0,0.6,0.16749999999999984,26.974798621396754,19.26409781112963
39.00000000000419,11.797470264359836,-0.009765866925289555,0.040020387829869865,0.00021597389168264927,0.00018282758202438327,21.33965237047232,11.8,0.0,0.45,1.0,0.6,0.4175000000000012,31.25960311367622,21.459819126256814
39.05000000000443,11.803284525929605,-0.0062012043347057216,0.0401750166923694,0.0025733906539388528,0.012118394534825296,21.620744253440236,11.8,0.0,-0.2,-1.0,1.0,0.6025000000000004,34.51813880343677,23.046256196082215
39.10000000000467,11.808303634001472,-0.0026891890955784534,0.04005286124237453,-0.0001361240362361813,0.0003257864962425337,21.52173023053646,11.8,0.0,-0.2,-1.0,1.0,0.35250000000000087,30.131815557228318,20.8949303223591
39.15000000000491,11.810421183473807,-0.00018167240700297155,0.040084010044234515,0.0011937019944673834,-0.002176333861457797,21.304643122598534,11.8,0.0,-0.2,-1.0,1.0,0.10249999999999965,25.88503625765395,18.682539728727736
39.20000000000515,11.810315062818267,0.0004941082162620123,0.0400408955566019,-2.2366033928433602e-05,0.00024447508389915034,21.03862213870176,11.8,0.0,-0.2,-1.0,1.0,-0.1475000000000004,21.793422442347918,16.400665938320017
39.250000000005386,11.807660151022237,-0.0004644687234663346,0.0400522582573615,0.0012511052229610157,0.00135899249147454,20.73051439138325,11.8,0.0,-0.2,-1.0,1.0,-0.3975000000000018,17.866823050218823,14.040451312460975
39.300000000005625,11.802581400300728,-0.0025946267429045283,0.040060668338699715,0.0018360633376658655,0.0010354965596679642,20.370374714385758,11.8,0.0,-0.2,-1.0,1.0,-0.6475000000000003,14.109871255385057,11.592597353149618
39.35000000000586,11.796288350686066,-0.0054829686427719185,0.04001226177828194,-9.775892439633195e-05,-0.000434392191128926,20.305398552896374,11.8,0.0,0.45,0.9084699590690356,0.0,-0.5025000000000024,16.268137194563884,13.02357819562777
39.4000000000061,11.792149287096889,-0.006999238354190616,0.04002043368594522,-0.00022771617566549567,-0.0013918589759358765,20.324511298638317,11.8,0.0,0.9,0.542210773761705,0.0,-0.252500000000001,17.803600930039227,14.000893028377877
39.45000000000634,11.790094323772326,-0.00807464787955428,0.04000942967542122,0.0002856637950906216,-0.00023580374990965277,20.347351743334638,11.8,0.0,0.9,0.4770412206242547,0.0,-0.0025000000000003604,14.88117290880006,12.112043814701616
39.50000000000658,11.791177058707637,-0.007482373242666051,0.04000775485195569,0.00012538390770781225,-0.0008175208076141882,20.374197156234935,11.8,0.0,0.9,0.5034866354989089,0.0,0.24750000000000028,15.801426242444277,12.719994042995898
39.55000000000682,11.79513766199204,-0.005416942992004878,0.04000410136401891,6.797819401083254e-05,-0.0006117295975942509,20.429051644591077,11.8,0.0,0.9,0.6959885621755765,0.0,0.49750000000000166,19.435644338919563,15.005658718235203
39.60000000000706,11.801736165311027,-0.00164965666964175,0.04008674818336433,-0.0006649450505793978,-0.0010186574451636259,20.61746048649849,11.8,0.0,-0.2,-1.0,1.0,0.6624999999999993,22.456165782016075,16.781643077303666
39.650000000007296,11.80760778211803,0.002535159465571903,0.04007501129493075,-0.00018303216978010736,-0.00196819062288466,20.48849471663828,11.8,0.0,-0.2,-1.0,1.0,0.4125000000000012,18.501938876528676,14.434959367006655
39.700000000007535,11.811736308718734,0.005128254497562496,0.040066105029683656,0.002576860673311149,-0.001530088088371116,20.57466148897508,11.8,0.0,-0.2,1.0,1.0,0.1624999999999998,20.85440587003667,15.852698631043454
39.75000000000777,11.814173997727087,0.006478189396144563,0.0400640632983996,0.003711372387759895,0.00013614948351920898,20.877429028532088,11.8,0.0,-0.2,1.0,1.0,-0.08750000000000033,24.90787379570701,18.15219247363158
39.80000000000801,11.814363862080397,0.006605198937993605,0.04004555168040863,0.0027052930464340655,0.0005350026956520003,21.145019444938214,11.8,0.0,-0.2,1.0,1.0,-0.33750000000000147,29.11932840840819,20.38015885853057
39.85000000000825,11.812106483919063,0.004993482359995686,0.040049108608348635,0.00209126988627081,0.0011232445477012249,21.364615268885974,11.8,0.0,-0.2,1.0,1.0,-0.5875000000000014,33.47453902433964,22.545118372272654
39.90000000000849,11.807110268950364,0.0018402572246977915,0.04006085215233649,-0.0018344580245704925,-8.398082356281409e-05,21.20066817394579,11.8,0.0,-0.2,-1.0,1.0,-0.8333333333333334,30.93203504540587,21.29663997091891
39.95000000000873,11.798808938548712,-0.002473262799054204,0.04037393801436429,-0.004841340075694632,0.020565459238008416,20.73248683492941,11.8,0.0,0.45,1.0,0.6,-0.7833333333333343,28.350166161023836,19.98401639864165
40.00000000000897,11.791549048402358,-0.006749617042023721,0.04001034980466526,-7.060424190910945e-05,1.2855833615711555e-05,20.63393986706759,11.8,0.0,0.9,0.45599649806708364,0.0,-0.5333333333333387,25.216037726955378,18.32037962350032
40.050000000009206,11.786911967050502,-0.009858062561020712,0.04001353395818295,-0.00014833468561196547,2.8951539078826186e-05,20.603957723823275,11.8,0.0,0.9,0.4146685004916585,0.0,-0.2833333333333376,21.15044881961663,16.02651290445938
40.100000000009445,11.784527791643002,-0.011474625834823051,0.040009097503225156,4.879699090140631e-05,-8.1628360565098e-05,20.610484294556404,11.8,0.0,0.9,0.4037113518556134,0.0,-0.03333333333333676,17.25095318373627,13.652839018014939
40.15000000000968,11.78534544997698,-0.011119333800328703,0.040008632355788616,3.443356567066954e-05,-0.0009641894576786764,20.622059621485803,11.8,0.0,0.9,0.41886076414616674,0.0,0.21666666666666368,13.521414217632898,11.189990003820537
40.20000000000992,11.788811038952915,-0.009186946375722049,0.040008158859840375,0.00033988248685276563,-0.0007239492055045701,20.67987803912787,11.8,0.0,0.9,0.4725557110085921,0.0,0.46666666666666506,14.726115462028117,12.008355414414119
40.25000000001016,11.79509246953625,-0.005858355891762048,0.04000836307826067,0.00017788624770342256,-0.0007255349191449392,20.767585647981434,11.8,0.0,0.9,0.735438200650725,0.0,0.7166666666666619,18.476849684760957,14.419473478285099
40.3000000000104,11.803867752545862,-0.0008543552371643759,0.04011984758557482,-0.0005980067289778936,-0.003854301207136138,20.979670960374307,11.8,0.0,-0.2,-1.0,1.0,0.7866666666666606,19.959292421147055,15.321051374446547
40.35000000001064,11.81143183569911,0.004008510699460072,0.040112790536041165,0.004410843994466856,-0.0007899981886205041,20.756743418115235,11.8,0.0,-0.2,-1.0,1.0,0.5366666666666651,16.110745615099884,12.921548218239701
40.40000000001088,11.81708572642747,0.007487130056204818,0.04003787181291296,0.0008981162544787706,0.0012947405089972822,20.843672209456635,11.8,0.0,-0.2,1.0,1.0,0.286666666666664,18.476849684760957,14.419473478285099
40.450000000011116,11.820662443815582,0.009384062220292238,0.04004887754237973,0.0014013461161559004,0.0001967928631688685,21.165989109529008,11.8,0.0,-0.2,1.0,1.0,0.03666666666666318,22.42999161223959,16.766685103627978
40.500000000011354,11.821889398316015,0.01008667620363169,0.04005887248078995,0.002163003906349205,-0.0009581584638789832,21.451754290431875,11.8,0.0,-0.2,1.0,1.0,-0.21333333333333726,26.546954765707774,19.036986914801453
40.55000000001159,11.82076422742599,0.009368811811099737,0.0400739742385484,0.00278958956282635,-0.0015631853726751107,21.69790306273852,11.8,0.0,-0.2,1.0,1.0,-0.46333333333333865,30.817006047359474,21.23916640497985
40.60000000001183,11.81750215095133,0.006992191908780508,0.0401173967171792,-0.002592660765318641,0.007443573888430434,21.89636445016134,11.8,0.0,-0.2,-1.0,1.0,-0.7133333333333355,34.74075599480093,23.152364737224904
40.65000000001207,11.811376016098295,0.0031664517867848437,0.040103991188677475,0.005016444770282343,0.0006075071169594145,21.573795370366117,11.8,0.0,-0.2,-1.0,1.0,-0.8333333333333334,30.347972854788825,21.00387875595389
40.70000000001231,11.802272809208723,-0.0013676913869340715,0.04007262009763749,0.001855495040139266,-0.0001763340830992046,21.073759500835568,11.8,0.0,-0.2,-1.0,1.0,-0.8333333333333334,26.09379584360552,18.79473774668087
40.75000000001255,11.79381816311841,-0.00611255942216675,0.04003260444959194,4.415946478242851e-05,-0.0017624479862795844,20.857178307395667,11.8,0.0,0.9,0.6054369935656674,0.0,-0.6233333333333371,25.75996718480354,18.6151376512704
40.80000000001279,11.788449891241584,-0.009562468320228801,0.04001369527482141,-0.00024927363762347745,-0.0005688586999388043,20.81848300327174,11.8,0.0,0.9,0.4765412397817749,0.0,-0.37333333333333807,21.67318822567124,16.331044734209275
40.850000000013026,11.785182836390527,-0.011706731410138456,0.040010519033516566,5.9206230637626404e-05,-0.00017074913478699603,20.82027433007013,11.8,0.0,0.9,0.442881332953832,0.0,-0.12333333333333674,17.751635070482834,13.968338392795225
40.900000000013264,11.784708728328258,-0.01203706642669494,0.0400077027152239,-3.947764546893817e-05,-0.0008186069321571252,20.83152746513896,11.8,0.0,0.9,0.4395533292402155,0.0,0.1266666666666632,13.999795759738767,11.517707125175976
40.9500000000135,11.787177157857831,-0.010564106191319925,0.04000506163762473,0.0004219783464329082,-0.0001975189164370258,20.881004186881523,11.8,0.0,0.9,0.47041066281812516,0.0,0.3766666666666646,14.652069874497881,11.958710607156007
41.00000000001374,11.792477706592495,-0.007755781225423614,0.040005062522751794,-3.211966678917402e-05,-0.0005751481175817095,20.952915469377636,11.8,0.0,0.9,0.6275714653233754,0.0,0.6266666666666635,18.075532414152406,14.170669556759403
41.05000000001398,11.800470315063459,-0.0031616620773721967,0.04009318946585337,-0.0006043477051838147,0.0017175860166497147,21.14481659770882,11.8,0.0,0.25,1.0,1.0,0.876666666666659,22.011247544462794,16.526399092598368
41.10000000001422,11.80857828740908,0.0020530035943201646,0.04006301122768727,-0.0003900075287876497,-0.0007840901786763,21.115577293218237,11.8,0.0,-0.2,-1.0,1.0,0.6366666666666633,18.61638810788509,14.505499747445244
41.15000000001446,11.814368107011406,0.0058873088083636295,0.04007653269450947,0.0010609104941322399,-0.003191707657951304,20.97627171820352,11.8,0.0,-0.2,1.0,1.0,0.38666666666666455,17.15610127102593,13.592689207721492
41.2000000000147,11.818841693753402,0.008327029764970436,0.040048049650214204,0.0018629111787614768,-0.0005315128300385256,21.28112003825174,11.8,0.0,-0.2,1.0,1.0,0.1366666666666632,21.051396001394004,15.96846619462547
41.250000000014936,11.821047211841991,0.0095486094109268,0.04003525614190527,0.0012590730869079998,0.0015259882179329463,21.57766220429827,11.8,0.0,-0.2,1.0,1.0,-0.1133333333333368,25.112938947343796,18.26420822291124
41.300000000015174,11.820934920966394,0.009297984788804418,0.040053023282138396,0.0014580174882454775,0.0006293461801687592,21.829503528036742,11.8,0.0,-0.2,1.0,1.0,-0.36333333333333806,29.331900868565906,20.48885534768947
41.35000000001541,11.818517593541635,0.007485496219999054,0.04008008575340745,0.0011162964211036126,0.0013960742656311958,22.044610996703287,11.8,0.0,-0.2,-1.0,1.0,-0.6133333333333373,33.605244440994625,22.608226081028903
41.40000000001565,11.812920029932831,0.004247866676214593,0.04008653274124333,0.002805698884131983,0.0011870404317269243,21.7664618343894,11.8,0.0,-0.2,-1.0,1.0,-0.8333333333333334,29.246063064698042,20.445003447830974
41.45000000001589,11.804436666721982,-0.00016308110331040573,0.040046156152177666,0.0010828910563577192,0.0018108876597196343,21.246896332970326,11.8,0.0,-0.2,-1.0,1.0,-0.8333333333333334,25.030126886290173,18.21901916740337
41.50000000001613,11.795384477394766,-0.0055693623063332,0.04001754186342708,-0.0002288168853838372,-0.00040622132817459103,20.901785538213588,11.8,0.0,0.9,0.7514519631155842,0.0,-0.6808333333333361,25.611134364765043,18.53474810628737
41.55000000001637,11.789510235616161,-0.00916650871614649,0.040012367577200614,-0.00023790358745901462,-0.00013233247014246706,20.86716205642832,11.8,0.0,0.9,0.5142298057525861,0.0,-0.4308333333333384,21.53012730402192,16.248000740095318
41.60000000001661,11.78562803103962,-0.011645355325935247,0.0400136190669761,-6.671548675116476e-06,-0.00032706173678775046,20.866831444855972,11.8,0.0,0.9,0.45963298300833577,0.0,-0.180833333333337,17.614591777616013,13.882314647618829
41.650000000016846,11.784488451531068,-0.012327856116668756,0.04000979133248125,3.058967083193692e-05,-0.0010233403561295356,20.879710591780803,11.8,0.0,0.9,0.44519225422871794,0.0,0.06916666666666323,13.868843842564807,11.428362861932044
41.700000000017084,11.78644592698097,-0.011206179288435697,0.040003884682075094,0.00023718882319440437,-0.00021825071239134084,20.914254759598236,11.8,0.0,0.9,0.4720748259593602,0.0,0.31916666666666427,14.709509702035591,11.997229190566845
41.75000000001732,11.791164708453017,-0.008730134710146565,0.040004680089437354,7.546979365367846e-06,-0.0005547914678998504,20.976020704069814,11.8,0.0,0.9,0.596983895174444,0.0,0.5691666666666645,18.150445366826315,14.217270924740456
41.80000000001756,11.798563869025172,-0.004504318844911593,0.040118956525165624,0.0014689647647190452,0.005623923501096877,21.123393895532942,11.8,0.0,0.45,1.0,0.6,0.81916666666666,22.08942371051093,16.571399873874608
41.8500000000178,11.806822388727506,0.0008469615437241839,0.04004011508032494,-0.00022994231142146366,0.0024249803473967526,21.249021073999476,11.8,0.0,-0.2,-1.0,1.0,0.6941666666666623,20.493705328449852,15.639578171290378
41.90000000001804,11.813023678395416,0.005273971173270021,0.04006913197917785,0.0009501856507032044,-0.0006099893385485138,21.028292855555424,11.8,0.0,-0.2,1.0,1.0,0.4441666666666649,17.842615177667152,14.025310580720387
41.95000000001828,11.817810085010796,0.008229191643888394,0.04004505555972729,0.0007228936190624706,0.0009436618239881951,21.307600517724318,11.8,0.0,-0.2,1.0,1.0,0.19416666666666352,21.76815494690575,16.386047895310035
42.00000000001852,11.820442082090668,0.009649077349783259,0.04005275499300483,0.0019944226162591765,-0.00023703878719708165,21.616092551919948,11.8,0.0,-0.2,1.0,1.0,-0.05583333333333681,25.858753929944218,18.66838715035931
42.050000000018755,11.820737077688253,0.009750392647845354,0.04006204695876352,0.0024475025636100443,-0.001026636374789933,21.887650167360796,11.8,0.0,-0.2,1.0,1.0,-0.3058333333333378,30.1045981145724,20.88118878004365
42.100000000018994,11.818932797722299,0.008416908656787698,0.04007542820066566,0.0028442092394010557,-0.0020399920481005054,22.104419352970258,11.8,0.0,-0.2,1.0,1.0,-0.5558333333333383,34.4901033753215,23.032873981994868
42.15000000001923,11.814929339818864,0.005416384015149418,0.04008557951233655,-0.00279802968005259,-0.00261305167177247,22.115743558434925,11.8,0.0,-0.2,-1.0,1.0,-0.8058333333333338,32.74811283783571,22.192532601573518
42.20000000001947,11.807384727235737,0.0009276696990930007,0.04005522123747992,0.0011301416157484796,0.0010943114279582643,21.628999824137132,11.8,0.0,-0.2,-1.0,1.0,-0.8333333333333334,28.415350243483733,20.01776361147435
42.25000000001971,11.798214330873614,-0.004557013350774535,0.04017574687700037,0.001445301063732082,0.013937444654626653,21.18671455658494,11.8,0.0,0.45,1.0,0.6,-0.7508333333333349,26.974798621396754,19.26409781112963
42.30000000001995,11.791448646287991,-0.008132467398027626,0.04001911657475734,-0.00015745263121577478,-0.0009837669150671924,21.167142300386242,11.8,0.0,0.9,0.5684633231925713,0.0,-0.5008333333333388,25.302584515644046,18.36745818856809
42.35000000002019,11.787254864412136,-0.010797408798857537,0.04001628257738428,-0.00017584119039861833,-0.0005506858915868264,21.146605500445894,11.8,0.0,0.9,0.48437031733420327,0.0,-0.2508333333333374,21.233606407831093,16.075160077321517
42.40000000002043,11.785346237002864,-0.012010925133122819,0.04000696741898919,3.849446390138804e-05,-0.00023939548475783115,21.154784899310183,11.8,0.0,0.9,0.46023536045219526,0.0,-0.0008333333333367679,17.330589173905892,13.703245642393227
42.450000000020665,11.786575229212048,-0.01143447587508651,0.040003558085874844,1.6408137686505497e-05,-0.00037423777802735205,21.168512914460567,11.8,0.0,0.9,0.4866409660074603,0.0,0.24916666666666387,15.214025816547167,12.333394340832044
42.500000000020904,11.79055320552924,-0.009335954080689627,0.04000786721733096,0.00015210356743979508,-0.0007809058003740053,21.220009256032384,11.8,0.0,0.9,0.5915773075917149,0.0,0.49916666666666526,18.441045086660647,14.397359783171293
42.55000000002114,11.79710173472839,-0.005515642373624033,0.04003763978121479,-0.0006842993454124636,0.0020728286680379094,21.33753425755523,11.8,0.0,0.45,1.0,0.6,0.7491666666666613,22.392637726753055,16.745325724572012
42.60000000002138,11.805349001505324,-0.00032442136617293104,0.040086626432591886,0.0004580187885001052,-0.0009401097249448427,21.543675880674783,11.8,0.0,-0.2,-1.0,1.0,0.714166666666662,22.311973507972763,16.699150980570376
42.65000000002162,11.81165050826463,0.004552067504271863,0.040047323141051326,0.00021220764414791224,0.0017770516724611972,21.336958040124685,11.8,0.0,-0.2,-1.0,1.0,0.464166666666665,18.36373003160886,14.349552450490023
42.70000000002186,11.816861755939792,0.008003503075687021,0.040033541845937444,0.0016454669585496138,0.0011474280250387114,21.555826598190087,11.8,0.0,-0.2,1.0,1.0,0.21416666666666362,22.311973507972763,16.699150980570376
42.7500000000221,11.819764038626666,0.009734425903370512,0.04004101172247574,0.002178214490035941,0.0005825596581098514,21.866566871725503,11.8,0.0,-0.2,1.0,1.0,-0.03583333333333681,26.42426884317554,18.97157592498166
42.80000000002234,11.820335152019089,0.010061851262777593,0.040057888407920586,0.0011582231950681943,0.00020600644543959505,22.140735155578977,11.8,0.0,-0.2,1.0,1.0,-0.28583333333333766,30.690047447251953,21.175627739203318
42.850000000022575,11.818726513088707,0.008845335542745527,0.040071219499268645,0.0030601856060970037,-0.0013001172746061776,22.362190866646365,11.8,0.0,-0.2,1.0,1.0,-0.5358333333333386,34.91906087527131,23.23715676447456
42.900000000022814,11.815325170625455,0.005946822185744014,0.04013253854353543,-0.0016694527350797066,-0.001311873847850249,22.480683773903674,11.8,0.0,-0.2,-1.0,1.0,-0.7858333333333343,33.89639568482833,22.74844382254411
42.95000000002305,11.808568020425607,0.0015914012593343295,0.040078091173400075,0.0011023805621505353,-0.0007639814425692335,22.05169209130961,11.8,0.0,-0.2,-1.0,1.0,-0.8333333333333334,29.528445056741308,20.589059734313075
43.00000000002329,11.79960747131746,-0.003346576315321186,0.04035632218307839,-0.007092097732070593,0.01668769695483642,21.584004239516073,11.8,0.0,0.25,1.0,0.6,-0.7908333333333342,26.72239318576506,19.130300869255795
43.05000000002353,11.79240380189397,-0.007619056893042791,0.04002172799570984,0.0002422694520979269,-0.0008719413091151176,21.511203570377713,11.8,0.0,0.9,0.5983301519404683,0.0,-0.5408333333333386,25.987240532654194,18.737517207968384
43.10000000002377,11.787911330881709,-0.010630619984393805,0.040014076996153496,-9.989023368277396e-05,-0.00024142945525767076,21.482749810210667,11.8,0.0,0.9,0.5026482397462347,0.0,-0.2908333333333376,21.89168630511614,16.457449095610695
43.15000000002401,11.785561337471105,-0.012210141042574311,0.04000765317895423,1.2047500255795455e-05,-0.00018881294506829045,21.488020334293942,11.8,0.0,0.9,0.47417152503714693,0.0,-0.04083333333333676,17.960970447823563,14.099262380749717
43.20000000002425,11.786436797375208,-0.011759964825436814,0.04000777788328749,0.0004721029708883357,-0.000466671144507527,21.49951235731909,11.8,0.0,0.9,0.49134186175788563,0.0,0.20916666666666364,15.377519688070192,12.441510609329654
43.250000000024485,11.789765000273132,-0.00975351522941008,0.04000507647373073,-4.547450824019081e-05,-0.0006574424410418772,21.561927007834118,11.8,0.0,0.9,0.5567218244051833,0.0,0.45916666666666506,17.4980058888879,13.808935694142724
43.300000000024724,11.795929152096631,-0.006282220954913712,0.04000965225065155,0.00017694457893519607,-0.0009140475297165516,21.657044408773967,11.8,0.0,0.45,0.8888571233262915,0.0,0.7091666666666621,21.408410258092413,16.17716986103535
43.35000000002496,11.804073342345037,-0.0011874922176782756,0.04008910628726769,0.0004900275595406649,-0.0009198760288460141,21.903892292240446,11.8,0.0,-0.2,-1.0,1.0,0.7591666666666611,22.61415642246061,16.871779365128038
43.4000000000252,11.810711158326491,0.003713582333614148,0.040104497455759475,0.003940056669541031,-0.0009139457631978483,21.710651940343205,11.8,0.0,-0.2,-1.0,1.0,0.5091666666666652,18.653391355116696,14.528271047795933
43.45000000002544,11.815502205655214,0.007010609047940869,0.04005900629390944,0.0014275932534992095,-0.0012956913819685196,21.760089267783695,11.8,0.0,-0.2,1.0,1.0,0.2591666666666639,20.29652854191016,15.52244297669789
43.50000000002568,11.818816291065293,0.009097715356927778,0.04006825341315474,0.0006601558451240137,-0.0012221433817842455,22.079576655552337,11.8,0.0,-0.2,1.0,1.0,0.009166666666663185,24.32692409097008,17.832725125637634
43.55000000002592,11.819823234516202,0.009593521244992733,0.04007295899662691,0.002298465978859814,-0.002232084751609131,22.356725878322273,11.8,0.0,-0.2,1.0,1.0,-0.2408333333333374,28.51684430107118,20.070243948323125
43.60000000002616,11.818555205197441,0.008647693850365934,0.04007233529335976,0.0031636715833296782,-0.0010783424689002263,22.58945998138833,11.8,0.0,-0.2,1.0,1.0,-0.4908333333333388,32.85288392646445,22.243581632363735
43.650000000026395,11.81551756258938,0.006261979903070711,0.040219058739552296,-0.0016539549362789366,0.008010442962268074,22.73374745932179,11.8,0.0,-0.2,-1.0,1.0,-0.740833333333335,34.29581772233207,22.94001507183549
43.700000000026634,11.808712933677603,0.00233120880013329,0.04005959244993874,0.00044461566731496016,0.000863205197304496,22.38391464421835,11.8,0.0,-0.2,-1.0,1.0,-0.8333333333333334,29.91600837088394,20.78582931442706
43.75000000002687,11.799889224713008,-0.0023708041068937567,0.04023142894499455,-0.01627557147335558,0.005974114072459764,21.881421963841262,11.8,0.0,0.25,1.0,0.6,-0.8083333333333339,26.51247596018813,19.018617243091004
43.80000000002711,11.792622959288082,-0.007251881797660751,0.04001397889228338,0.0002596849119761153,-0.00011646107070617981,21.74717249072974,11.8,0.0,0.9,0.5779004520729104,0.0,-0.5583333333333382,25.304612679080975,18.368560625761734
43.85000000002735,11.787900663511214,-0.010449185985800996,0.04001274465716611,-0.00017156574711754002,-0.00018931999596270892,21.718342474709925,11.8,0.0,0.9,0.48379678175786994,0.0,-0.30833333333333773,21.23555522681963,16.076299212281658
43.90000000002759,11.785308288320646,-0.012172303250840726,0.0400100759025825,0.00011000672586464332,-0.00012475874400269844,21.729356577511584,11.8,0.0,0.9,0.45347135413769885,0.0,-0.058333333333336755,17.33245552029476,13.70442594329356
43.95000000002783,11.785890241066621,-0.011891255038122214,0.04000243776189179,0.00027657120149634487,-0.00011339198489243344,21.740575518975888,11.8,0.0,0.9,0.4648706395110757,0.0,0.19166666666666354,14.461147990717212,11.830314820422274
44.000000000028066,11.789013527539304,-0.009988223709050259,0.04000332734598893,2.9477202011940175e-05,-0.0004602074079949691,21.799946813716268,11.8,0.0,0.9,0.5168916089319138,0.0,0.44166666666666493,16.23257511365519,13.000555753940265
44.050000000028305,11.79496844910307,-0.006655766945298074,0.040008816771268996,7.542168692065082e-05,-0.0010105209330422767,21.88690616240398,11.8,0.0,0.45,0.779699649392611,0.0,0.6916666666666623,20.08661147994554,15.397241255767087
44.100000000028544,11.803140578153767,-0.0016971253505481902,0.04015002792702003,0.0014270211315814015,-0.005422675017884174,22.12282254722682,11.8,0.0,-0.2,-1.0,1.0,0.7966666666666605,22.157298350827798,16.610417905493357
44.15000000002878,11.810110566889525,0.003111248087202812,0.04010634553154829,0.003578643763322611,-0.0013342749372943997,21.936225634596983,11.8,0.0,-0.2,-1.0,1.0,0.5466666666666649,18.21549041373249,14.257674756045757
44.20000000002902,11.814908086281902,0.006443760585749849,0.040053437532248715,0.0007744772857077786,-0.0003069007016710665,21.829735309203308,11.8,0.0,-0.2,1.0,1.0,0.2966666666666641,17.75380909386709,13.969701050180127
44.25000000002926,11.818388316193465,0.008505450082295207,0.04006603849064235,0.0007923804156875349,-0.0012095709610644228,22.137725674130373,11.8,0.0,-0.2,1.0,1.0,0.04666666666666318,21.675457589612577,16.33236025540763
44.3000000000295,11.819712125482246,0.009156865005088869,0.040071860052073915,0.00221431425064223,-0.002280305528504433,22.428058483194565,11.8,0.0,-0.2,1.0,1.0,-0.2033333333333372,25.762327940690895,18.61641118809126
44.35000000002974,11.818693389280657,0.008373026307758642,0.040068624901397,0.0025796577510419825,-0.0014690423111840764,22.675855909113583,11.8,0.0,-0.2,1.0,1.0,-0.4533333333333386,30.004734151095292,20.830724545034936
44.400000000029976,11.815395680646866,0.005880128912797394,0.04006217193864391,-0.0007402018329439428,0.0005512262785252767,22.766013726651376,11.8,0.0,-0.2,-1.0,1.0,-0.7033333333333357,30.87062549647945,21.265968217406392
44.450000000030215,11.808367720957985,0.002308842717194655,0.04007310770784496,0.0003753017998311576,-0.000193061349772639,22.328599907980873,11.8,0.0,-0.2,-1.0,1.0,-0.8333333333333334,26.598775128929447,19.06457681644685
44.500000000030454,11.799604088468984,-0.0017730624673423338,0.040195893190429245,-0.00976684809338638,0.0067102304524015765,21.84748301170589,11.8,0.0,0.25,1.0,0.6,-0.8058333333333338,23.37225159141698,17.300714596384104
44.55000000003069,11.79197472832088,-0.006592973383645762,0.04001927403837528,-4.055145795873615e-05,-0.0006303896901543407,21.749548542473764,11.8,0.0,0.9,0.4478497003164851,0.0,-0.5558333333333383,21.27574528506203,16.099781924803683
44.60000000003093,11.786946429168198,-0.009806020900249717,0.040015444582812774,2.922467309910303e-05,-0.000406570836737417,21.735577820089656,11.8,0.0,0.9,0.3844513597228182,0.0,-0.30583333333333773,17.370945347663834,13.728756926338049
44.65000000003117,11.784288183662476,-0.011418219558767108,0.04000914313401513,8.457100013364596e-05,-0.00021202092178795485,21.75151522244949,11.8,0.0,0.9,0.36088499605192037,0.0,-0.05583333333333675,13.636050550613794,11.268857733323824
44.70000000003141,11.784873887214047,-0.011151099204729675,0.040007428642968516,3.688572815414606e-05,-0.0008164271278773327,21.761215816612836,11.8,0.0,0.9,0.3700914259557135,0.0,0.19416666666666357,11.2651098269399,9.592649267066497
44.75000000003165,11.788183420667355,-0.009372098910162285,0.040007903239608004,0.00015684582647724167,-0.0007676043898450377,21.803251037555768,11.8,0.0,0.9,0.41949403687573467,0.0,0.44416666666666493,12.914481019725693,10.768842446763099
44.800000000031886,11.794209902533636,-0.006147496371966789,0.04000679987623651,0.00020323376741649703,-0.0006818155434662508,21.87775726097504,11.8,0.0,0.9,0.6243072095577223,0.0,0.6941666666666623,16.561876210597607,13.213056809083126
44.850000000032125,11.802814868151726,-0.001102124480273178,0.04011970746665599,-0.0010303114193000037,-0.002862630972401984,22.095536308376445,11.8,0.0,-0.2,-1.0,1.0,0.82416666666666,18.862838482777956,14.65683675663752
44.900000000032364,11.810951847393367,0.0038319829064366886,0.04005685025204609,0.0005540337773450208,0.0013890325663425498,21.889164159544467,11.8,0.0,-0.2,-1.0,1.0,0.5741666666666644,15.061975387700569,12.232486585816455
44.9500000000326,11.816560962948481,0.007419678618343945,0.04005382259279729,-0.0001722478483426115,0.0006325963557338313,21.894270697533127,11.8,0.0,-0.2,1.0,1.0,0.3241666666666642,16.335151316294525,13.066913479672484
45.00000000003284,11.82044612348363,0.009489007082053674,0.040063890377493167,0.002019478359509987,-0.0017655388283476393,22.216275740846317,11.8,0.0,-0.2,1.0,1.0,0.07416666666666318,20.193801415160703,15.46123749088712
