case_name,powertrain,engine_enum,transmission_enum,time,x,y,z,vx,vy,vz,speed,acceleration,roll,pitch,yaw,steering,throttle,braking,engine_speed_rad_s,engine_rpm,engine_torque_Nm,engine_reaction_torque_Nm,gear,driveshaft_torque_Nm,motorshaft_speed_rad_s,transmission_reaction_torque_Nm,is_automatic,has_torque_converter,tc_slippage,tc_input_torque_Nm,tc_output_torque_Nm,tc_output_speed_rad_s,omega_FL_rad_s,omega_FR_rad_s,omega_RL_rad_s,omega_RR_rad_s,slip_FL_est,slip_FR_est,slip_RL_est,slip_RR_est
powertrain_simple_cvt,SimpleCVT,EngineModelType_SIMPLE_MAP,TransmissionModelType_AUTOMATIC_SIMPLE_CVT,0.0,0.056,1.413,4.729550084903167e-17,0.0,0.0,0.0,0.0,0.0,-1.5707963267948963,0.0,0.0,0.0,0.45,0.0,0.0,0.0,187.35277777777776,0.0,1.0,0.0,0.0,0.0,1,0,0.0,0.0,0.0,0.0,-0.0,-0.0,-0.0,-0.0,-0.0,-0.0,-0.0,-0.0
powertrain_simple_cvt,SimpleCVT,EngineModelType_SIMPLE_MAP,TransmissionModelType_AUTOMATIC_SIMPLE_CVT,0.005,0.056016454828774424,1.4127447128849817,-5.719860702297036e-09,0.0032909657548848975,-0.05105742300364732,-1.1439721499185073e-06,-0.0067477926873188735,-1.3495585374637746,-1.5707971171757649,-2.1787425920949085e-09,-0.00023593437915152475,0.0,0.45,0.0,0.0,0.0,187.35277777777776,0.0,1.0,877.5305750715587,0.6766810038490655,0.0,1,0,0.0,0.0,0.0,0.0,-0.024039997518648493,-0.024039997518648548,-0.024039997518647882,-0.024039997518647882,-0.04548602146694052,-0.04548602146694078,-0.04548602146693766,-0.04548602146693766
powertrain_simple_cvt,SimpleCVT,EngineModelType_SIMPLE_MAP,TransmissionModelType_AUTOMATIC_SIMPLE_CVT,0.01,0.056024757957040434,1.4121961781693257,-3.173252923665128e-08,0.0016606256532017052,-0.10970694313120789,-5.202533706870848e-06,-0.0023977398887681384,0.8700105597101471,-1.5707971348979766,-3.994802219672837e-09,-0.00033205631184136453,0.0,0.45,0.0,0.6766810038490655,6.4618275995378776,187.63307684396767,0.0,1.0,877.5305750715587,0.27586533856178386,0.0,1,0,0.0,0.0,0.0,0.0,-0.009800598837293506,-0.00980059883403911,-0.009800601950335663,-0.00980060194993193,-0.022075615048760794,-0.02207561503346839,-0.022075629676945898,-0.022075629675048752
powertrain_simple_cvt,SimpleCVT,EngineModelType_SIMPLE_MAP,TransmissionModelType_AUTOMATIC_SIMPLE_CVT,0.015,0.05603637169389531,1.4114486319012578,-1.034825059411489e-07,0.0023227473709746807,-0.14950925361359524,-1.4349995340899526e-05,-0.004348822979742833,-0.390216618194939,-1.5708075170897764,-2.3008631208975895e-08,-0.0004903870033495033,0.0,0.45,0.0,0.27586533856178386,2.6343199355896294,187.4670484553248,0.0,1.0,878.8434512598018,8.282469272407804,0.0,1,0,0.0,0.0,0.0,0.0,-0.31417908610235923,-0.31417908618132895,-0.3141790888954086,-0.3141790888916427,-1.4328392957975573,-1.432839296168636,-1.4328393089220963,-1.4328393089044005
powertrain_simple_cvt,SimpleCVT,EngineModelType_SIMPLE_MAP,TransmissionModelType_AUTOMATIC_SIMPLE_CVT,0.02,0.056044272151822734,1.4104222799104886,-5.599486195203741e-07,0.0015800915854850695,-0.20527039815382808,-9.129322271584503e-05,-0.0018357692962241707,0.5026107367037325,-1.570823377555158,-8.871766804083257e-08,-0.0005733341650133255,0.0,0.45,0.0,8.282469272407804,79.09175554262615,190.7835943510186,0.0,1.0,878.0658007275166,17.232845446126106,0.0,1,0,0.0,0.0,0.0,0.0,-0.6046300225725041,-0.6046300230968535,-0.6046300219252707,-0.6046300215242963,-2.8227987831059553,-2.8227987855698733,-2.822798780064605,-2.822798778180427
powertrain_simple_cvt,SimpleCVT,EngineModelType_SIMPLE_MAP,TransmissionModelType_AUTOMATIC_SIMPLE_CVT,0.025,0.056053299466831706,1.4091754180828053,-1.1925101137518232e-06,0.001805463001794638,-0.24937236553664957,-0.00012651229884628985,-0.0024497590561631862,-0.12279795198780308,-1.5708477987253007,-1.3435596185087118e-07,-0.0006771861144101571,0.0,0.45,0.0,17.232845446126106,164.56155217737768,194.49107552644898,0.0,1.0,893.5999735410707,25.921722598998723,0.0,1,0,0.0,0.0,0.0,0.0,-0.9052804665426102,-0.9052804677952766,-0.9052804685511973,-0.9052804673554826,-4.229415321722093,-4.229415327608373,-4.229415331160443,-4.229415325541781
powertrain_simple_cvt,SimpleCVT,EngineModelType_SIMPLE_MAP,TransmissionModelType_AUTOMATIC_SIMPLE_CVT,0.030000000000000002,0.056060092264036424,1.4076665551370813,-2.138838284359003e-06,0.0013585594409435164,-0.3017725891448055,-0.00018926563412143604,-0.0008666621167228915,0.3166193878880589,-1.5708787175808,-2.1033122588878768e-07,-0.0007346253329278564,0.0,0.45,0.0,25.921722598998723,247.53421710525237,198.09023693091538,0.0,1.0,910.9652249482389,34.79492112355082,0.0,1,0,0.0,0.0,0.0,0.0,-1.1988445040337954,-1.1988445060553286,-1.1988445017382325,-1.1988445004855413,-5.624703703287574,-5.624703712786759,-5.624703692500725,-5.624703686614328
powertrain_simple_cvt,SimpleCVT,EngineModelType_SIMPLE_MAP,TransmissionModelType_AUTOMATIC_SIMPLE_CVT,0.035,0.05606704611045655,1.4059251009767249,-3.3054211772439504e-06,0.0013907692840247274,-0.34829083207127914,-0.00023331657857698945,-0.0008308098721665388,0.007170448911270531,-1.570917705578663,-2.8393094195725565e-07,-0.000793260631570373,0.0,0.45,0.0,34.79492112355082,332.2670214783431,201.76574909455292,0.0,1.0,927.8231237981985,43.686885626319395,0.0,1,0,0.0,0.0,0.0,0.0,-1.5025114681260936,-1.5025114714298589,-1.5025114696364588,-1.5025114667252675,-7.051993290002848,-7.05199330552724,-7.051993297100054,-7.051993283420366
powertrain_simple_cvt,SimpleCVT,EngineModelType_SIMPLE_MAP,TransmissionModelType_AUTOMATIC_SIMPLE_CVT,0.04,0.05607247835134586,1.403930330646716,-4.761338261164833e-06,0.0010864481778621528,-0.39895406600177763,-0.0002911834167841765,0.0002989217061870043,0.22594631567070875,-1.5709639453026492,-3.801116869478865e-07,-0.0008194211190434152,0.0,0.45,0.0,43.686885626319395,417.17902774314024,205.44903461984876,0.0,1.0,945.0386374452128,52.84780882620743,0.0,1,0,0.0,0.0,0.0,0.0,-1.8086636578830273,-1.8086636622205132,-1.808663656725284,-1.808663654093138,-8.501899745454214,-8.50189976583606,-8.501899740013979,-8.501899727645524
powertrain_simple_cvt,SimpleCVT,EngineModelType_SIMPLE_MAP,TransmissionModelType_AUTOMATIC_SIMPLE_CVT,0.045,0.056077592460102195,1.4016969117737825,-6.467160292630634e-06,0.001022821751267249,-0.4466837745866801,-0.0003411644062931602,0.0006545308918939221,0.07112183714138359,-1.571018235640863,-4.818798966228762e-07,-0.0008368411383207715,0.0,0.45,0.0,52.84780882620743,504.65940037598443,209.24372991018524,0.0,1.0,962.2905602803221,62.10881553337922,0.0,1,0,0.0,0.0,0.0,0.0,-2.1229485758890583,-2.1229485819977123,-2.122948578480501,-2.1229485737527902,-9.982280667021623,-9.982280695726189,-9.982280679198812,-9.9822806569833
powertrain_simple_cvt,SimpleCVT,EngineModelType_SIMPLE_MAP,TransmissionModelType_AUTOMATIC_SIMPLE_CVT,0.049999999999999996,0.056081547322621,1.399214516036614,-8.45679282356554e-06,0.0007909725037616843,-0.4964791474337032,-0.0003979265061869812,0.001550141378823378,0.17912209738589127,-1.5710802768166305,-6.02908825481839e-07,-0.0008286780069026611,0.0,0.45,0.0,62.10881553337922,593.0955001031997,213.0798824210925,0.0,1.0,980.0643087128115,71.58926452431841,0.0,1,0,0.0,0.0,0.0,0.0,-2.441373300628145,-2.4413733081636675,-2.4413733021506268,-2.4413732976626887,-11.487514553439887,-11.487514588849308,-11.487514560594029,-11.487514539505208
powertrain_simple_cvt,SimpleCVT,EngineModelType_SIMPLE_MAP,TransmissionModelType_AUTOMATIC_SIMPLE_CVT,0.05499999999999999,0.056084949281253106,1.3964904618014582,-1.0713599779639619e-05,0.0006803917264203266,-0.5448108470311884,-0.0004513613912148158,0.002054614172566085,0.10089455874854143,-1.5711505210884031,-7.307437463072845e-07,-0.0008067365513589567,0.0,0.45,0.0,71.58926452431841,683.6271192815123,217.00693369651756,0.0,1.0,998.0322361643676,81.20768679392094,0.0,1,0,0.0,0.0,0.0,0.0,-2.766857790853769,-2.7668578003964956,-2.766857795692907,-2.766857789130283,-13.022010900947523,-13.022010945788793,-13.022010923686631,-13.022010892848858
powertrain_simple_cvt,SimpleCVT,EngineModelType_SIMPLE_MAP,TransmissionModelType_AUTOMATIC_SIMPLE_CVT,0.05999999999999999,0.056087379233184353,1.3935196031852917,-1.3256127247181696e-05,0.00048599038624927947,-0.5941717232333267,-0.0005085054935084153,0.0028210767453428634,0.15329251455535578,-1.5712289165994053,-8.709381117648801e-07,-0.0007625581715724159,0.0,0.45,0.0,81.20768679392094,775.4762862186569,220.99113713219032,0.0,1.0,1016.4259189532439,91.02725882596778,0.0,1,0,0.0,0.0,0.0,0.0,-3.097519500553349,-3.0975195118281373,-3.097519505477324,-3.0975194989955934,-14.583454900553615,-14.583454953533845,-14.583454923691374,-14.583454893233721
powertrain_simple_cvt,SimpleCVT,EngineModelType_SIMPLE_MAP,TransmissionModelType_AUTOMATIC_SIMPLE_CVT,0.06499999999999999,0.0560891416421962,1.390305591422725,-1.6080064482520152e-05,0.00035248180236915704,-0.6428023525133613,-0.0005647874470676912,0.0033844734666507283,0.11267934426157303,-1.571315751510312,-1.0166926415344274e-06,-0.0007019768752639912,0.0,0.45,0.0,91.02725882596778,869.2462918954878,285.6368099262248,0.0,1.0,1035.0872933592052,101.0090017014723,0.0,1,0,0.0,0.0,0.0,0.0,-3.434877868264342,-3.434877881750678,-3.4348778761424352,-3.4348778677923635,-16.174335837640648,-16.17433590101294,-16.17433587465981,-16.174335835422823
powertrain_simple_cvt,SimpleCVT,EngineModelType_SIMPLE_MAP,TransmissionModelType_AUTOMATIC_SIMPLE_CVT,0.06999999999999999,0.05609002830125469,1.3868458631230218,-1.919553317855821e-05,0.00017733181169742756,-0.6919456599405985,-0.0006230937392076115,0.004068928499272113,0.13689100652427674,-1.5714110923165368,-1.1675218881398052e-06,-0.0006207067739106974,0.0,0.45,0.0,101.0090017014723,964.564915054019,373.160548007395,0.0,1.0,1337.8773298652216,111.18611238406295,0.0,1,0,0.0,0.0,0.0,0.0,-3.7780487039383797,-3.7780487194058487,-3.7780487126858535,-3.7780487042342603,-17.793740144799166,-17.793740217480803,-17.793740185903545,-17.79374014618951
powertrain_simple_cvt,SimpleCVT,EngineModelType_SIMPLE_MAP,TransmissionModelType_AUTOMATIC_SIMPLE_CVT,0.075,0.0560901914138117,1.3831422400933355,-2.2603689689340273e-05,3.262251140253215e-05,-0.740724605937259,-0.000681631302156412,0.00464134278311323,0.11448285676822341,-1.5715151599801767,-1.3189784060142837e-06,-0.0005215900641216401,0.0,0.45,0.0,111.18611238406295,1061.7491633456773,444.3194613312851,0.0,1.0,1747.82458083089,121.54080648606772,0.0,1,0,0.0,0.0,0.0,0.0,-4.127848862011095,-4.127848879819571,-4.127848873451037,-4.127848863425918,-19.44317523042126,-19.443175314103296,-19.443175284177553,-19.443175237069514
powertrain_simple_cvt,SimpleCVT,EngineModelType_SIMPLE_MAP,TransmissionModelType_AUTOMATIC_SIMPLE_CVT,0.08,0.056089289733483406,1.379193425711887,-2.6335879654373483e-05,-0.00018033606565885023,-0.7897628762897012,-0.0007464379930066422,0.005449584339179935,0.1616483112133409,-1.5716312254507314,-1.465490136549693e-06,-0.0003967882014075663,0.0,0.45,0.0,121.54080648606772,1160.6292083779904,506.16384087768387,0.0,1.0,2081.121598741382,134.93251019591415,0.0,1,0,0.0,0.0,0.0,0.0,-4.579691050246855,-4.579691070428836,-4.579691063134116,-4.5796910531437565,-21.57446408850177,-21.574464183336897,-21.574464149059008,-21.574464102114305
powertrain_simple_cvt,SimpleCVT,EngineModelType_SIMPLE_MAP,TransmissionModelType_AUTOMATIC_SIMPLE_CVT,0.085,0.05608721598291892,1.3750006579647076,-3.052178277791217e-05,-0.0004147501128965266,-0.8385535494358849,-0.0008371806247077373,0.0063758587383966414,0.18525487984334105,-1.5717626115686194,-1.6151858109596208e-06,-0.00024215058711549167,0.0,0.45,0.0,134.93251019591415,1288.5105588886383,547.5179261557274,0.0,1.0,2189.2279897161943,140.74416180840637,0.0,1,0,0.0,0.0,0.0,0.0,-5.170372654974067,-5.170372679024179,-5.170372671842572,-5.170372659750026,-24.359339693107106,-24.35933980611858,-24.359339772372213,-24.359339715549336
powertrain_simple_cvt,SimpleCVT,EngineModelType_SIMPLE_MAP,TransmissionModelType_AUTOMATIC_SIMPLE_CVT,0.09000000000000001,0.05608377938271637,1.3705631608395268,-3.526668321194844e-05,-0.0006873200405104817,-0.8874994250361854,-0.0009489800868072535,0.00745838075549321,0.21650440341931357,-1.5719119807224864,-1.7528788922520949e-06,-5.202042638886947e-05,0.0,0.45,0.0,140.74416180840637,1344.0077437880057,558.0068695739955,0.0,1.0,2109.6900134924044,142.5126525148175,0.0,1,0,0.0,0.0,0.0,0.0,-5.8737007768401455,-5.873700806067937,-5.8737007977985805,-5.87370078401306,-27.675103757926774,-27.675103895268165,-27.67510385641046,-27.675103791632296
powertrain_simple_cvt,SimpleCVT,EngineModelType_SIMPLE_MAP,TransmissionModelType_AUTOMATIC_SIMPLE_CVT,0.09500000000000001,0.05607904593615426,1.365881442950197,-4.0643068721626856e-05,-0.000946689312423268,-0.9363435778659376,-0.001075277101935683,0.00848732176897612,0.2057882026965817,-1.5720796830122057,-1.8679516817750988e-06,0.0001732434525214479,0.0,0.45,0.0,142.5126525148175,1360.8955860522499,561.1986642981332,0.0,1.0,1928.7772047795818,143.99895319281282,0.0,1,0,0.0,0.0,0.0,0.0,-6.613801038026537,-6.613801074061977,-6.613801065112682,-6.6138010476366595,-31.163124295376456,-31.163124464706986,-31.163124422654253,-31.16312434053442
powertrain_simple_cvt,SimpleCVT,EngineModelType_SIMPLE_MAP,TransmissionModelType_AUTOMATIC_SIMPLE_CVT,0.10000000000000002,0.05607306931608678,1.3609549522239943,-4.6640630416169294e-05,-0.0011953240134967233,-0.9852981452405396,-0.0011995123389084879,0.009424436967099983,0.1874230396247725,-1.5722648457730564,-1.9355833370265818e-06,0.0004325382102236273,0.0,0.45,0.0,143.99895319281282,1375.0887120416776,563.881158837296,0.0,1.0,1764.7464637141222,145.1678793251982,0.0,1,0,0.0,0.0,0.0,0.0,-7.326999308800364,-7.32699935206155,-7.326999341436164,-7.3269993211662765,-34.52381412172391,-34.52381432500822,-34.52381427507953,-34.523814179831334
powertrain_simple_cvt,SimpleCVT,EngineModelType_SIMPLE_MAP,TransmissionModelType_AUTOMATIC_SIMPLE_CVT,0.10500000000000002,0.056065990547816885,1.3557839224722463,-5.3218593850745154e-05,-0.0014157536539779047,-1.0342059503496137,-0.0013155926869151719,0.01018220693852857,0.15155399428571728,-1.5724657814946015,-1.937055236408958e-06,0.0007223272505958343,0.0,0.45,0.0,145.1678793251982,1386.251134366383,565.9908517232855,0.0,1.0,1638.0422419145411,146.0659356033735,0.0,1,0,0.0,0.0,0.0,0.0,-7.979104781300789,-7.979104831815587,-7.979104819998381,-7.979104796197706,-37.595635436717686,-37.59563567408672,-37.59563561855767,-37.5956355067183
powertrain_simple_cvt,SimpleCVT,EngineModelType_SIMPLE_MAP,TransmissionModelType_AUTOMATIC_SIMPLE_CVT,0.11000000000000003,0.056057871375938095,1.3503680877417683,-6.031657643913143e-05,-0.0016238343757573113,-1.083166946095599,-0.0014195965176772548,0.010809295338087402,0.12541767991176625,-1.572681263849546,-1.8535476693793987e-06,0.0010406450595092074,0.0,0.45,0.0,146.0659356033735,1394.8269401171617,567.6116752199923,0.0,1.0,1536.9830798162877,146.7755853342659,0.0,1,0,0.0,0.0,0.0,0.0,-8.575686134652624,-8.575686191276493,-8.575686177833306,-8.575686152321941,-40.405242100113554,-40.40524236618911,-40.40524230301957,-40.40524218314167
powertrain_simple_cvt,SimpleCVT,EngineModelType_SIMPLE_MAP,TransmissionModelType_AUTOMATIC_SIMPLE_CVT,0.11500000000000003,0.05604878967184005,1.3447076392247437,-6.789559558738566e-05,-0.0018163408196094468,-1.1320897034049056,-0.0015158038296508463,0.01129871580831032,0.09788409404458366,-1.5729102576888037,-1.6724209472244008e-06,0.0013853254223114334,0.0,0.45,0.0,146.7755853342659,1401.603595869283,568.59,0.0,1.0,1453.4361613865783,147.3561959305426,0.0,1,0,0.0,0.0,0.0,0.0,-9.129446420223978,-9.129446482169048,-9.129446467773606,-9.129446440381036,-43.01225588671557,-43.01225617779545,-43.01225611015128,-43.01225598143359
powertrain_simple_cvt,SimpleCVT,EngineModelType_SIMPLE_MAP,TransmissionModelType_AUTOMATIC_SIMPLE_CVT,0.12000000000000004,0.05603878796770246,1.3388024475864915,-7.592026356187455e-05,-0.002000340827518326,-1.1810383276504328,-0.001604933594897778,0.011677375651530767,0.07573196864408924,-1.5731519882231257,-1.376177907352635e-06,0.0017550557930094358,0.0,0.45,0.0,147.3561959305426,1407.1480186538215,568.59,0.0,1.0,1381.9502404633124,147.84382366696678,0.0,1,0,0.0,0.0,0.0,0.0,-9.649009520916158,-9.649009587183313,-9.649009571654208,-9.649009543689825,-45.45746949530033,-45.457469806689694,-45.457469733718426,-45.4574696023138
powertrain_simple_cvt,SimpleCVT,EngineModelType_SIMPLE_MAP,TransmissionModelType_AUTOMATIC_SIMPLE_CVT,0.12500000000000003,0.056027918098373465,1.3326526002983725,-8.436527680132428e-05,-0.002173973865798706,-1.2299694576238034,-0.001689002647889947,0.011940201634229269,0.05256519653970049,-1.5734057727772695,-9.451012564522923e-07,0.0021484043319606743,0.0,0.45,0.0,147.84382366696678,1411.8045205322585,568.59,0.0,1.0,1318.5831701182947,148.26143561986888,0.0,1,0,0.0,0.0,0.0,0.0,-10.140337690094533,-10.140337759995846,-10.140337743779536,-10.140337715261886,-47.7688488220965,-47.76884915056277,-47.768849074362336,-47.76884894035789
powertrain_simple_cvt,SimpleCVT,EngineModelType_SIMPLE_MAP,TransmissionModelType_AUTOMATIC_SIMPLE_CVT,0.13000000000000003,0.05601621685191939,1.3262580282904282,-9.320670849069905e-05,-0.0023402492908148596,-1.2789144015888576,-0.0017682863378749546,0.012099844749090436,0.03192862297223331,-1.5736710401980327,-3.697265803543313e-07,0.002564359231269745,0.0,0.45,0.0,148.26143561986888,1415.7924209281762,568.59,0.0,1.0,1263.495221139654,148.6244851632529,0.0,1,0,0.0,0.0,0.0,0.0,-10.60748332906888,-10.607483401722137,-10.607483384782457,-10.607483356604856,-49.96556261078557,-49.96556295218321,-49.96556287258366,-49.96556274017711
powertrain_simple_cvt,SimpleCVT,EngineModelType_SIMPLE_MAP,TransmissionModelType_AUTOMATIC_SIMPLE_CVT,0.13500000000000004,0.05600372341510811,1.3196187689882501,-0.00010242514567287564,-0.0024986873622556945,-1.327851860435597,-0.0018436874364353185,0.012152046625442177,0.010440375270348223,-1.5739472736609512,3.675529023335024e-07,0.003001840582577545,0.0,0.45,0.0,148.6244851632529,1419.2592886931857,568.59,0.0,1.0,1215.0609436066209,148.9436846010341,0.0,1,0,0.0,0.0,0.0,0.0,-11.053216944312455,-11.053217019089466,-11.053217001728553,-11.053216974005547,-52.060586887578644,-52.06058723895582,-52.06058715737689,-52.06058702710649
powertrain_simple_cvt,SimpleCVT,EngineModelType_SIMPLE_MAP,TransmissionModelType_AUTOMATIC_SIMPLE_CVT,0.14000000000000004,0.05599046762000214,1.3127347818273944,-0.00011200306533605043,-0.0026511590211935982,-1.3767974321711185,-0.0019155839326349595,0.01210388931454741,-0.009631462178953309,-1.5742340364599183,1.2951031175299312e-06,0.003460027268388125,0.0,0.45,0.0,148.9436846010341,1422.3074187944876,568.59,0.0,1.0,1172.0087210869142,149.2274143462368,0.0,1,0,0.0,0.0,0.0,0.0,-11.48031219907957,-11.480312275292858,-11.480312257543785,-11.480312230950881,-54.067025916620366,-54.0670262747466,-54.067026191343714,-54.06702606638366
powertrain_simple_cvt,SimpleCVT,EngineModelType_SIMPLE_MAP,TransmissionModelType_AUTOMATIC_SIMPLE_CVT,0.14500000000000005,0.055976480862762634,1.3056060828922906,-0.00012192514294043795,-0.0027973514479017842,-1.4257397870207609,-0.001984415520877505,0.011953921060725379,-0.029993650764406257,-1.5745309218340195,2.413477289740133e-06,0.003938099976506238,0.0,0.45,0.0,149.2274143462368,1425.0168382815602,568.59,0.0,1.0,1133.3907042827086,149.48192106916088,0.0,1,0,0.0,0.0,0.0,0.0,-11.8910444760446,-11.891044552978704,-11.891044535125374,-11.891044509784463,-55.99555720354083,-55.99555756505418,-55.995557481161384,-55.99555736208444
powertrain_simple_cvt,SimpleCVT,EngineModelType_SIMPLE_MAP,TransmissionModelType_AUTOMATIC_SIMPLE_CVT,0.15000000000000005,0.055961786426148366,1.2982326463479312,-0.00013217859113887878,-0.0029388873228541686,-1.474687308871885,-0.002050689639688163,0.011704762017015787,-0.049831808741918365,-1.5748375928640137,3.744312401530153e-06,0.004435384875610398,0.0,0.45,0.0,149.48192106916088,1427.4471984617694,568.59,0.0,1.0,1098.477537617983,149.71201148731444,0.0,1,0,0.0,0.0,0.0,0.0,-12.287219414875839,-12.287219491897726,-12.28721947396046,-12.287219450428193,-57.85469165067172,-57.85469201259757,-57.85469192831035,-57.85469181773223
powertrain_simple_cvt,SimpleCVT,EngineModelType_SIMPLE_MAP,TransmissionModelType_AUTOMATIC_SIMPLE_CVT,0.15500000000000005,0.0559464108113286,1.2906144765799727,-0.00014275118834352517,-0.003075122963954333,-1.5236339535916883,-0.002114519440929281,0.011355968789235994,-0.0697586455559586,-1.575153730851187,5.318233106310858e-06,0.004951224739983019,0.0,0.45,0.0,149.71201148731444,1429.6444001062025,568.59,0.0,1.0,1066.70164094317,149.92142615953037,0.0,1,0,0.0,0.0,0.0,0.0,-12.670342822375735,-12.670342899111555,-12.670342881357662,-12.670342859625428,-59.65150061023594,-59.65150097081755,-59.65150088739201,-59.65150078527225
powertrain_simple_cvt,SimpleCVT,EngineModelType_SIMPLE_MAP,TransmissionModelType_AUTOMATIC_SIMPLE_CVT,0.16000000000000006,0.055930374684362884,1.2827515531828249,-0.000153632160489088,-0.0032072253931430582,-1.5725846794295695,-0.002176194429112567,0.010908556652763907,-0.08948242729441723,-1.5754790474968297,7.137841503490814e-06,0.005485057467531934,0.0,0.45,0.0,149.92142615953037,1431.6441629205508,568.59,0.0,1.0,1037.6110470714923,150.11314371332742,0.0,1,0,0.0,0.0,0.0,0.0,-13.041663373715268,-13.041663449435424,-13.041663431931363,-13.041663412472534,-61.39186175961567,-61.39186211542469,-61.391862033173105,-61.391861941736074
powertrain_simple_cvt,SimpleCVT,EngineModelType_SIMPLE_MAP,TransmissionModelType_AUTOMATIC_SIMPLE_CVT,0.16500000000000006,0.055913698708352014,1.274643875649002,-0.00016481177140377403,-0.0033351952021740223,-1.6215355067645616,-0.002235922182937202,0.010361418949728283,-0.10942754060712473,-1.575813281915432,9.21860929065867e-06,0.006036335687486344,0.0,0.45,0.0,150.11314371332742,1433.474930702408,568.59,0.0,1.0,1010.841052773563,150.28956767512759,0.0,1,0,0.0,0.0,0.0,0.0,-13.402239066069955,-13.402239140281218,-13.40223912319675,-13.402239106131912,-63.080735560959994,-63.08073590967871,-63.080735829398805,-63.08073574921112
powertrain_simple_cvt,SimpleCVT,EngineModelType_SIMPLE_MAP,TransmissionModelType_AUTOMATIC_SIMPLE_CVT,0.17000000000000007,0.05589640170661923,1.2662914274655332,-0.00017628100555797924,-0.0034594003465576216,-1.670489636693743,-0.002293846830841038,0.009715299016418783,-0.12922398666189983,-1.5761562016178443,1.1580655249640844e-05,0.00660457989015008,0.0,0.45,0.0,150.28956767512759,1435.159655438429,568.59,0.0,1.0,986.0943005723317,150.45265773844392,0.0,1,0,0.0,0.0,0.0,0.0,-13.752986856927382,-13.752986929196892,-13.752986912585083,-13.75298689818413,-64.72243823086595,-64.72243857046038,-64.72243849240148,-64.72243842473141
powertrain_simple_cvt,SimpleCVT,EngineModelType_SIMPLE_MAP,TransmissionModelType_AUTOMATIC_SIMPLE_CVT,0.17500000000000007,0.05587850111137436,1.257694203664622,-0.00018803243749817794,-0.0035801190489743663,-1.7194447601822451,-0.0023502863880397393,0.008968908243902356,-0.1492781545032853,-1.5765075812322906,1.4246634392523546e-05,0.007189326300676725,0.0,0.45,0.0,150.45265773844392,1436.7170508231868,568.59,0.0,1.0,963.1242824244612,150.60403848059752,0.0,1,0,0.0,0.0,0.0,0.0,-14.09468946298629,-14.094689532908017,-14.094689516942577,-14.094689505314927,-66.3206348690116,-66.3206351975738,-66.32063512255219,-66.32063506791386
powertrain_simple_cvt,SimpleCVT,EngineModelType_SIMPLE_MAP,TransmissionModelType_AUTOMATIC_SIMPLE_CVT,0.18000000000000008,0.05586001313837999,1.248852190539927,-0.0002000582981005785,-0.0036975945988746883,-1.7684026249389688,-0.0024051721204801156,0.008122274326518903,-0.16932678347669053,-1.5768672152037355,1.7222677961376812e-05,0.007790157475219832,0.0,0.45,0.0,150.60403848059752,1438.162630427347,568.59,0.0,1.0,941.7249447190313,150.74506786954228,0.0,1,0,0.0,0.0,0.0,0.0,-14.428028264083757,-14.428028331146143,-14.428028315919512,-14.428028307258703,-67.87852755619475,-67.87852787132091,-67.87852779977096,-67.87852775907383
powertrain_simple_cvt,SimpleCVT,EngineModelType_SIMPLE_MAP,TransmissionModelType_AUTOMATIC_SIMPLE_CVT,0.18500000000000008,0.05584095275029958,1.239765380893268,-0.00021235184891776874,-0.0038120776160817677,-1.817361929331783,-0.002458710163438045,0.007174254238621016,-0.1896040175795772,-1.5772349219453334,2.053732497232337e-05,0.008406673078727623,0.0,0.45,0.0,150.74506786954228,1439.5093618896542,568.59,0.0,1.0,921.7223237480279,150.87689238914496,0.0,1,0,0.0,0.0,0.0,0.0,-14.753599485431028,-14.753599549360885,-14.753599534964366,-14.753599529390153,-69.39890652442661,-69.398906824833,-69.39890675718377,-69.39890673099053
powertrain_simple_cvt,SimpleCVT,EngineModelType_SIMPLE_MAP,TransmissionModelType_AUTOMATIC_SIMPLE_CVT,0.19000000000000009,0.05582133591373914,1.2304337618304153,-0.00022490682380579095,-0.003923367312087948,-1.8663238125705452,-0.002510994977604442,0.006124899214526439,-0.20987100481891524,-1.5776105149946869,2.4199975976501012e-05,0.009038507699440491,0.0,0.45,0.0,150.87689238914496,1440.768193324583,568.59,0.0,1.0,902.9695159665596,151.00048018699292,0.0,1,0,0.0,0.0,0.0,0.0,-15.071944448563876,-15.071944508864771,-15.071944495479286,-15.071944493087571,-70.88431595594692,-70.88431623930082,-70.88431617640242,-70.88431616516375
powertrain_simple_cvt,SimpleCVT,EngineModelType_SIMPLE_MAP,TransmissionModelType_AUTOMATIC_SIMPLE_CVT,0.1950000000000001,0.055801173970028234,1.2208573259456588,-0.00023771738003290524,-0.004032388742181686,-1.9152871769513002,-0.0025621112454228597,0.004972244871015557,-0.2305308687021761,-1.5779938355995866,2.8230335954411777e-05,0.00968530821456551,0.0,0.45,0.0,151.00048018699292,1441.9483698605839,568.59,0.0,1.0,885.3393985156806,151.11666904878606,0.0,1,0,0.0,0.0,0.0,0.0,-15.383525970231725,-15.383526026751719,-15.383526014365776,-15.383526015192855,-72.33691098282902,-72.33691124841647,-72.33691119021493,-72.33691119410138
powertrain_simple_cvt,SimpleCVT,EngineModelType_SIMPLE_MAP,TransmissionModelType_AUTOMATIC_SIMPLE_CVT,0.2000000000000001,0.055780480718889594,1.2110360609296729,-0.00025077821487819364,-0.004138650227728619,-1.964253003197172,-0.002612166969057681,0.003716387235529062,-0.2511715270972988,-1.5783847224718472,3.264419008374217e-05,0.010346749077134336,0.0,0.45,0.0,151.11666904878606,1443.0578917617795,568.59,0.0,1.0,868.7233087167538,151.22617510094761,0.0,1,0,0.0,0.0,0.0,0.0,-15.688773418040544,-15.68877347032437,-15.688773459119226,-15.688773463302148,-73.7587101637278,-73.7587104094095,-73.75871035675652,-73.75871037641207
powertrain_simple_cvt,SimpleCVT,EngineModelType_SIMPLE_MAP,TransmissionModelType_AUTOMATIC_SIMPLE_CVT,0.2050000000000001,0.05575926836062917,1.2009699572074666,-0.0002640836179727012,-0.00424247165208371,-2.013220744441244,-0.002661080618901511,0.0023562539002877905,-0.2720266670482541,-1.5787830270717942,3.7444816198004815e-05,0.011022523045355235,0.0,0.45,0.0,151.22617510094761,1444.1035975317789,568.59,0.0,1.0,853.0262834457724,151.32962418487207,0.0,1,0,0.0,0.0,0.0,0.0,-15.98806170195169,-15.988061749689987,-15.988061739693059,-15.988061747241982,-75.15146447647386,-75.15146470079611,-75.15146465382055,-75.15146468929295
powertrain_simple_cvt,SimpleCVT,EngineModelType_SIMPLE_MAP,TransmissionModelType_AUTOMATIC_SIMPLE_CVT,0.2100000000000001,0.05573754747977723,1.1906590048850323,-0.0002776292962097565,-0.004344176170388421,-2.0621904644868634,-0.002709135647411055,0.0008905266796959451,-0.2931454441183688,-1.5791886285149332,4.2680645263247177e-05,0.011712334307742192,0.0,0.45,0.0,151.32962418487207,1445.0914635156735,568.59,0.0,1.0,838.1661377226411,151.42755792935574,0.0,1,0,0.0,0.0,0.0,0.0,-16.281739816980586,-16.281739860123572,-16.28173985145854,-16.281739862428513,-76.51680066678874,-76.51680086951762,-76.51680082880063,-76.51680088034854
powertrain_simple_cvt,SimpleCVT,EngineModelType_SIMPLE_MAP,TransmissionModelType_AUTOMATIC_SIMPLE_CVT,0.2150000000000001,0.055715329599522655,1.1801031933858033,-0.0002914115959432629,-0.004443576050914821,-2.1111622998457844,-0.0027564599467012787,-0.0006812162321939556,-0.31434858237797986,-1.5796013733608976,4.835292130582274e-05,0.012415907956813481,0.0,0.45,0.0,151.42755792935574,1446.026661887478,568.59,0.0,1.0,824.0689551351554,151.5204634703366,0.0,1,0,0.0,0.0,0.0,0.0,-16.570100192931232,-16.57010023109695,-16.57010022391286,-16.57010023831721,-77.85608864426192,-77.85608882360262,-77.85608878984458,-77.85608885753062
powertrain_simple_cvt,SimpleCVT,EngineModelType_SIMPLE_MAP,TransmissionModelType_AUTOMATIC_SIMPLE_CVT,0.2200000000000001,0.05569262484805559,1.169302512908516,-0.0003054249454116348,-0.004540950293413906,-2.16013609545747,-0.0028026698936743887,-0.0023602501152024235,-0.3358067766016933,-1.5800211485410471,5.446804931438655e-05,0.01313297970758634,0.0,0.45,0.0,151.5204634703366,1446.9138444527416,568.59,0.0,1.0,810.6727462557741,151.6087493406024,0.0,1,0,0.0,0.0,0.0,0.0,-16.85345555606782,-16.853455588951483,-16.853455583253968,-16.853455601114298,-79.17078515681065,-79.17078531133099,-79.17078528455836,-79.17078536848405
powertrain_simple_cvt,SimpleCVT,EngineModelType_SIMPLE_MAP,TransmissionModelType_AUTOMATIC_SIMPLE_CVT,0.22500000000000012,0.055669442631198565,1.1582569532298799,-0.00031966580404410187,-0.0046364433714048,-2.209111935727232,-0.002848171726493404,-0.0041475123496363285,-0.3574524468867807,-1.5804478329261327,6.104721241046479e-05,0.013863300195362735,0.0,0.45,0.0,151.6087493406024,1447.75691241222,568.59,0.0,1.0,797.9196619897642,151.69279678664742,0.0,1,0,0.0,0.0,0.0,0.0,-17.13204166196657,-17.132041689455345,-17.132041685262216,-17.132041706593057,-80.46198864608456,-80.4619887752543,-80.46198875555079,-80.46198885578441
powertrain_simple_cvt,SimpleCVT,EngineModelType_SIMPLE_MAP,TransmissionModelType_AUTOMATIC_SIMPLE_CVT,0.23000000000000012,0.05564579283007714,1.146966504166298,-0.00033413078838466113,-0.004729960224284999,-2.258089812716364,-0.0028929968681118477,-0.0060438698090346105,-0.3792714918796561,-1.580881316209718,6.811186098957546e-05,0.014606630506110893,0.0,0.45,0.0,151.69279678664742,1448.559506401759,568.59,0.0,1.0,785.759293368733,151.77293802183766,0.0,1,0,0.0,0.0,0.0,0.0,-17.40609754368297,-17.406097565606554,-17.406097563108453,-17.406097587849576,-81.73081365967592,-81.73081376269484,-81.73081375095624,-81.73081386721479
powertrain_simple_cvt,SimpleCVT,EngineModelType_SIMPLE_MAP,TransmissionModelType_AUTOMATIC_SIMPLE_CVT,0.23500000000000013,0.05562168327189289,1.1354311566945203,-0.0003488153471169837,-0.00482191163684958,-2.3070694943555505,-0.0029369117464645086,-0.008050679962319222,-0.40136203065692205,-1.5813214951773726,7.569041916291819e-05,0.015362741828031818,0.0,0.45,0.0,151.77293802183766,1449.32479882532,568.59,0.0,1.0,774.1470305605404,151.84946704113017,0.0,1,0,0.0,0.0,0.0,0.0,-17.675847178111404,-17.675847194347497,-17.675847193537855,-17.675847221771765,-82.97829909032231,-82.9782991666157,-82.97829916281118,-82.97829929548233
powertrain_simple_cvt,SimpleCVT,EngineModelType_SIMPLE_MAP,TransmissionModelType_AUTOMATIC_SIMPLE_CVT,0.24000000000000013,0.05559712333880269,1.1236508997394727,-0.00036371736286641525,-0.004911986618038723,-2.3560513910095264,-0.0029804031498863064,-0.010168375640570168,-0.4235391356501888,-1.5817682497054517,8.3770141699575e-05,0.01613142074515878,0.0,0.45,0.0,151.84946704113017,1450.0555971279425,568.59,0.0,1.0,763.042424077792,151.92265042130254,0.0,1,0,0.0,0.0,0.0,0.0,-17.941487940282492,-17.94148795045183,-17.941487951455912,-17.94148798308099,-84.20536807498173,-84.20536812276745,-84.20536812748563,-84.20536827609186
powertrain_simple_cvt,SimpleCVT,EngineModelType_SIMPLE_MAP,TransmissionModelType_AUTOMATIC_SIMPLE_CVT,0.24500000000000013,0.05557212053498543,1.1116257248706527,-0.0003788325183373011,-0.005000560763453042,-2.40503497376403,-0.003023031094177173,-0.012398515492322367,-0.4460279703504394,-1.5822215097736458,9.23960365678671e-05,0.016912456722711845,0.0,0.45,0.0,151.92265042130254,1450.7544469303389,568.59,0.0,1.0,752.4096489154169,151.9927242621185,0.0,1,0,0.0,0.0,0.0,0.0,-18.203212075055177,-18.203212079324494,-18.203212082095007,-18.203212117136296,-85.41290838576106,-85.41290840582258,-85.41290841884121,-85.41290858350024
powertrain_simple_cvt,SimpleCVT,EngineModelType_SIMPLE_MAP,TransmissionModelType_AUTOMATIC_SIMPLE_CVT,0.2500000000000001,0.05554668290970545,1.0993556215415419,-0.00039415900948448583,-0.005087525055996003,-2.454020665822166,-0.0030652982294369535,-0.01474180157423585,-0.46865721638269875,-1.58268115285956,0.00010156996655115227,0.017705652036594383,0.0,0.45,0.0,151.9927242621185,1451.4236028191765,568.59,0.0,1.0,742.2146594982622,152.05991293625368,0.0,1,0,0.0,0.0,0.0,0.0,-18.461167167987714,-18.461167166032592,-18.46116717072008,-18.461167209140697,-86.60160650663191,-86.60160649744479,-86.6016065194713,-86.60160670000978
powertrain_simple_cvt,SimpleCVT,EngineModelType_SIMPLE_MAP,TransmissionModelType_AUTOMATIC_SIMPLE_CVT,0.2550000000000001,0.05552081767925125,1.0868405808459793,-0.0004096925844899841,-0.0051730460908395335,-2.5030081391124908,-0.003106715001099657,-0.017199361639292195,-0.49151201301126857,-1.5831471101498285,0.00011131126990241497,0.018510816849498075,0.0,0.45,0.0,152.05991293625368,1452.065207395681,568.59,0.0,1.0,732.42965249945,152.1243996777061,0.0,1,0,0.0,0.0,0.0,0.0,-18.715549173900392,-18.71554916237924,-18.71554917473154,-18.71554921792358,-87.77237195176501,-87.77237189762711,-87.77237195567056,-87.77237215862998
powertrain_simple_cvt,SimpleCVT,EngineModelType_SIMPLE_MAP,TransmissionModelType_AUTOMATIC_SIMPLE_CVT,0.2600000000000001,0.0554945315054294,1.0740805930438857,-0.0004254318387854816,-0.005257234764370614,-2.551997560418729,-0.003147850859099498,-0.019772318848795788,-0.514591441900718,-1.5836192831699665,0.00012163982579767321,0.019327767906043184,0.0,0.45,0.0,152.1243996777061,1452.6810104156432,568.59,0.0,1.0,723.0263480657862,152.18637086095464,0.0,1,0,0.0,0.0,0.0,0.0,-18.9664739692075,-18.96647395462655,-18.966473963186512,-18.966474008290312,-88.92573799281807,-88.9257379243022,-88.92573796452545,-88.92573817646822
powertrain_simple_cvt,SimpleCVT,EngineModelType_SIMPLE_MAP,TransmissionModelType_AUTOMATIC_SIMPLE_CVT,0.2650000000000001,0.0554678322921572,1.0610756493226348,-0.00044137245095823206,-0.005339842654439314,-2.6009887442501776,-0.0031881224345500945,-0.02246133963192068,-0.5378041566249778,-1.584097598619449,0.00013257788468979296,0.020156330307820172,0.0,0.45,0.0,152.18637086095464,1453.272791624239,568.59,0.0,1.0,713.9810638336176,152.2459825613565,0.0,1,0,0.0,0.0,0.0,0.0,-19.21409848238647,-19.214098461398258,-19.214098471979014,-19.214098520359133,-90.06243537241481,-90.06243527379121,-90.06243532351017,-90.06243555084836
powertrain_simple_cvt,SimpleCVT,EngineModelType_SIMPLE_MAP,TransmissionModelType_AUTOMATIC_SIMPLE_CVT,0.27000000000000013,0.05544072538907249,1.0478257403833182,-0.00045751346221141145,-0.005421380616941615,-2.6499817878633074,-0.003228202250635878,-0.025267967099584156,-0.5613254935326948,-1.584581961332754,0.00014412549049508202,0.020996334742806724,0.0,0.45,0.0,152.2459825613565,1453.8420414313432,568.59,0.0,1.0,705.270908451292,152.3033856412131,0.0,1,0,0.0,0.0,0.0,0.0,-19.458538891847976,-19.45853886426277,-19.458538876907,-19.458538928501554,-91.18299458179779,-91.18299445217491,-91.18299451159014,-91.18299475403295
powertrain_simple_cvt,SimpleCVT,EngineModelType_SIMPLE_MAP,TransmissionModelType_AUTOMATIC_SIMPLE_CVT,0.27500000000000013,0.055413217610509685,1.034330857079949,-0.0004738511377866841,-0.005501555712561723,-2.698976660673856,-0.0032675351150545256,-0.028192773238696452,-0.5849612278224589,-1.585072309291563,0.00015630669776472598,0.021847620517772136,0.0,0.45,0.0,152.3033856412131,1454.3902004658157,568.59,0.0,1.0,696.8760865817496,152.35871055896797,0.0,1,0,0.0,0.0,0.0,0.0,-19.69992943883137,-19.69992940468037,-19.699929419331482,-19.69992947410873,-92.28804070068162,-92.28804054020608,-92.28804060905165,-92.28804086644993
powertrain_simple_cvt,SimpleCVT,EngineModelType_SIMPLE_MAP,TransmissionModelType_AUTOMATIC_SIMPLE_CVT,0.28000000000000014,0.0553853145041665,1.0205909911323614,-0.0004903840453078483,-0.005580621268637401,-2.747973189517525,-0.00330658150423284,-0.03123710924431621,-0.6088672011239508,-1.5855685591975315,0.00016914299603318784,0.022710029782936243,0.0,0.45,0.0,152.35871055896797,1454.918514514026,568.59,0.0,1.0,688.7775898307331,152.41208258682641,0.0,1,0,0.0,0.0,0.0,0.0,-19.93837474913839,-19.938374708419964,-19.93837472517412,-19.938374783084058,-93.37805185375814,-93.37805166242224,-93.37805174115002,-93.37805201326881
powertrain_simple_cvt,SimpleCVT,EngineModelType_SIMPLE_MAP,TransmissionModelType_AUTOMATIC_SIMPLE_CVT,0.28500000000000014,0.05535702264614094,1.0066061328124434,-0.0005071093960239268,-0.005658371605112547,-2.7969716639836055,-0.0033450701432157187,-0.03440156317691791,-0.6328907865203391,-1.5860706403276323,0.00018264473701583428,0.023583414998050774,0.0,0.45,0.0,152.41208258682641,1455.4281798374168,568.59,0.0,1.0,680.9583872867544,152.46361396466588,0.0,1,0,0.0,0.0,0.0,0.0,-20.17398481545664,-20.173984768148877,-20.17398478694578,-20.17398484796334,-94.45353901606157,-94.45353879376239,-94.45353888208903,-94.45353916881055
powertrain_simple_cvt,SimpleCVT,EngineModelType_SIMPLE_MAP,TransmissionModelType_AUTOMATIC_SIMPLE_CVT,0.29000000000000015,0.055328346232619216,0.9923762738677496,-0.00052402522380261,-0.005735282704344756,-2.845971788938751,-0.0033831655557366508,-0.037687870427705175,-0.6572614501574531,-1.586578480505039,0.00019682491360968122,0.024467626674855247,0.0,0.45,0.0,152.46361396466588,1455.9202682478658,568.59,0.0,1.0,673.4025797486127,152.51340947398288,0.0,1,0,0.0,0.0,0.0,0.0,-20.406857663667004,-20.40685760951716,-20.40685763051523,-20.40685769450893,-95.5149454572942,-95.51494520284409,-95.51494530151402,-95.51494560222041
powertrain_simple_cvt,SimpleCVT,EngineModelType_SIMPLE_MAP,TransmissionModelType_AUTOMATIC_SIMPLE_CVT,0.29500000000000015,0.05529929165659082,0.9779014081059199,-0.0005411292038467343,-0.005810915205679255,-2.8949731523659565,-0.0034207960088248517,-0.04109607842737987,-0.6816415999349381,-1.5870920269911615,0.00021171942067049095,0.02536253150104533,0.0,0.45,0.0,152.51340947398288,1456.3957803349606,568.59,0.0,1.0,666.0956444938255,152.56156482478048,0.0,1,0,0.0,0.0,0.0,0.0,-20.637089460937204,-20.637089400276317,-20.637089423445893,-20.637089490405728,-96.56272259267013,-96.56272230762461,-96.56272241649845,-96.56272273114271
powertrain_simple_cvt,SimpleCVT,EngineModelType_SIMPLE_MAP,TransmissionModelType_AUTOMATIC_SIMPLE_CVT,0.30000000000000016,0.055269864276171796,0.9631815245816191,-0.0005584199290211073,-0.005885476083804292,-2.943976704860144,-0.003458145034874605,-0.04462794896048166,-0.7063741066203576,-1.5876111812369853,0.00022730860120542075,0.026267988147676884,0.0,0.45,0.0,152.56156482478048,1456.8556300619064,568.59,0.0,1.0,659.0241279188315,152.60816868118073,0.0,1,0,0.0,0.0,0.0,0.0,-20.86476639324014,-20.86476632564247,-20.8647663509429,-20.86476642078916,-97.59725779223058,-97.59725747458913,-97.59725759347586,-97.59725792168342
powertrain_simple_cvt,SimpleCVT,EngineModelType_SIMPLE_MAP,TransmissionModelType_AUTOMATIC_SIMPLE_CVT,0.30500000000000016,0.05524006808730784,0.9482166156875163,-0.000575894097452479,-0.005959237772791385,-2.9929817788205737,-0.003494833686274336,-0.04828424649017283,-0.7312595059382331,-1.5881359316506742,0.00024366232265899608,0.02718386922206312,0.0,0.45,0.0,152.60816868118073,1457.300664108701,568.59,0.0,1.0,652.175503089041,152.6533036002213,0.0,1,0,0.0,0.0,0.0,0.0,-21.089975666395397,-21.089975592430648,-21.08997561995306,-21.08997569269424,-98.61895319149023,-98.61895284392988,-98.61895297325768,-98.61895331506848
powertrain_simple_cvt,SimpleCVT,EngineModelType_SIMPLE_MAP,TransmissionModelType_AUTOMATIC_SIMPLE_CVT,0.31000000000000016,0.05520990861435902,0.9330066735247453,-0.0005935523387416216,-0.006031894589764609,-3.0419884325541857,-0.00353164825782851,-0.05206583560363593,-0.7563178226926197,-1.588666153442843,0.00026074448348872945,0.02811004851789929,0.0,0.45,0.0,152.6533036002213,1457.7316708369829,568.59,0.0,1.0,645.5379803465506,152.69704728001955,0.0,1,0,0.0,0.0,0.0,0.0,-21.31278728561385,-21.312787204663167,-21.312787234491143,-21.31278730998331,-99.62812909906312,-99.62812871867585,-99.62812885883751,-99.62812921357519
powertrain_simple_cvt,SimpleCVT,EngineModelType_SIMPLE_MAP,TransmissionModelType_AUTOMATIC_SIMPLE_CVT,0.31500000000000017,0.055179390341339556,0.9175516912349797,-0.0006113887538094683,-0.006103654603892755,-3.0909964579531275,-0.003567283013569356,-0.055973816800569134,-0.78159623938664,-1.5892018515884037,0.0002786088250162555,0.02904640372820571,0.0,0.45,0.0,152.69704728001955,1458.1493922091179,568.59,0.0,1.0,639.102170523106,152.73946159859608,0.0,1,0,0.0,0.0,0.0,0.0,-21.533310636759687,-21.533310549319474,-21.533310581231085,-21.533310659412802,-100.62528851412809,-100.62528810324652,-100.62528825319917,-100.62528862057506
powertrain_simple_cvt,SimpleCVT,EngineModelType_SIMPLE_MAP,TransmissionModelType_AUTOMATIC_SIMPLE_CVT,0.3200000000000002,0.055148517435722515,0.901851659105758,-0.000629407243460594,-0.006174581123408128,-3.140006425844328,-0.0036036979302251503,-0.06000923244840512,-0.8070831295671966,-1.5897429103333147,0.0002972458968659791,0.029992817378236038,0.0,0.45,0.0,152.73946159859608,1458.5544191166778,568.59,0.0,1.0,632.8560294435143,152.78062593142928,0.0,1,0,0.0,0.0,0.0,0.0,-21.751561991528558,-21.751561897313216,-21.751561931571334,-21.751562012414666,-101.61049747370863,-101.61049703099076,-101.61049719196964,-101.61049757185246
powertrain_simple_cvt,SimpleCVT,EngineModelType_SIMPLE_MAP,TransmissionModelType_AUTOMATIC_SIMPLE_CVT,0.3250000000000002,0.05511729476974745,0.8859065728661126,-0.0006476007419332071,-0.006244533195012907,-3.1890172479290726,-0.0036386996945225966,-0.06417298387461268,-0.8327502852415104,-1.590289321618883,0.0003166905884021314,0.030949171710934028,0.0,0.45,0.0,152.78062593142928,1458.9475095396467,568.59,0.0,1.0,626.7917511585107,152.82059172255322,0.0,1,0,0.0,0.0,0.0,0.0,-21.96765277005792,-21.967652669297554,-21.96765270573323,-21.967652789090547,-102.58427052775603,-102.58427005428307,-102.58427022549431,-102.58427061719034
powertrain_simple_cvt,SimpleCVT,EngineModelType_SIMPLE_MAP,TransmissionModelType_AUTOMATIC_SIMPLE_CVT,0.3300000000000002,0.05508572606230814,0.8697164214048917,-0.0006659719390210352,-0.0063137414878620506,-3.238030292244198,-0.003674239417565638,-0.06846595417880054,-0.8585940608375717,-1.590840993643061,0.0003369485892920726,0.03191536129433159,0.0,0.45,0.0,152.82059172255322,1459.3291547323638,568.59,0.0,1.0,620.9001519302033,152.85941949612794,0.0,1,0,0.0,0.0,0.0,0.0,-22.181630790923826,-22.181630683522094,-22.181630722313265,-22.181630808267453,-103.54682354476306,-103.54682304008232,-103.54682322236202,-103.54682362626075
powertrain_simple_cvt,SimpleCVT,EngineModelType_SIMPLE_MAP,TransmissionModelType_AUTOMATIC_SIMPLE_CVT,0.3350000000000002,0.055053815385234274,0.8532811995748761,-0.000684513683073648,-0.00638213541477374,-3.287044366003119,-0.0037083488105225473,-0.0728893224669927,-0.8846736576384315,-1.5913978913232139,0.00035802514212567157,0.03289127578407484,0.0,0.45,0.0,152.85941949612794,1459.699932657984,568.59,0.0,1.0,615.1737567704346,152.8971585150338,0.0,1,0,0.0,0.0,0.0,0.0,-22.39357259205574,-22.393572477899674,-22.3935725187055,-22.39357260707693,-104.49850438539998,-104.49850384898063,-104.49850404072721,-104.49850445598454
powertrain_simple_cvt,SimpleCVT,EngineModelType_SIMPLE_MAP,TransmissionModelType_AUTOMATIC_SIMPLE_CVT,0.3400000000000002,0.05502156699833693,0.8366009011845315,-0.0007032293362606056,-0.006449677379469099,-3.336059678068934,-0.003743130637391522,-0.07744392882341616,-0.9109212712846918,-1.5919599701097649,0.0003799758762265536,0.033876808320206106,0.0,0.45,0.0,152.8971585150338,1460.0603137423623,568.59,0.0,1.0,609.6029740739759,152.93387199142452,0.0,1,0,0.0,0.0,0.0,0.0,-22.603483527028253,-22.60348340667783,-22.60348344994471,-22.603483540693034,-105.43932980527157,-105.43932923974495,-105.43932944305602,-105.43932986948238
powertrain_simple_cvt,SimpleCVT,EngineModelType_SIMPLE_MAP,TransmissionModelType_AUTOMATIC_SIMPLE_CVT,0.3450000000000002,0.05498898452755966,0.819675516540458,-0.0007221163098916024,-0.0065164941554533866,-3.385076928814679,-0.0037773947261993436,-0.08213061127906171,-0.9373364911291086,-1.5925271535355157,0.00040277996342439855,0.03487186285068152,0.0,0.45,0.0,152.93387199142452,1460.4109016171026,568.59,0.0,1.0,604.1834452463631,152.96958865001685,0.0,1,0,0.0,0.0,0.0,0.0,-22.81150049305669,-22.811500366015235,-22.811500411604065,-22.81150050474534,-106.36993470408275,-106.36993410711494,-106.36993432133687,-106.3699347590077
powertrain_simple_cvt,SimpleCVT,EngineModelType_SIMPLE_MAP,TransmissionModelType_AUTOMATIC_SIMPLE_CVT,0.3500000000000002,0.0549560713821129,0.8025050409774008,-0.0007411717553182393,-0.006582629089352308,-3.434095112611439,-0.0038110890853273755,-0.08695064537569575,-0.9640068193268061,-1.593099417624918,0.00042646371973530995,0.03587633700600962,0.0,0.45,0.0,152.96958865001685,1460.7519705830443,568.59,0.0,1.0,598.9068557839189,153.00436328640254,0.0,1,0,0.0,0.0,0.0,0.0,-23.017620463291465,-23.01762032983965,-23.017620377548152,-23.017620472939246,-107.29029210324963,-107.29029147615955,-107.29029170034181,-107.29029214858454
powertrain_simple_cvt,SimpleCVT,EngineModelType_SIMPLE_MAP,TransmissionModelType_AUTOMATIC_SIMPLE_CVT,0.3550000000000002,0.054922831405717035,0.7850894664576814,-0.0007603954407262367,-0.006647995279173512,-3.48311490394388,-0.0038447370815994837,-0.09190461750779283,-0.990794426419416,-1.593676700035223,0.000451049739140014,0.03689013791368962,0.0,0.45,0.0,153.00436328640254,1461.0840438995444,568.59,0.0,1.0,593.7673517110303,153.0382344804019,0.0,1,0,0.0,0.0,0.0,0.0,-23.221907080289853,-23.221906940496822,-23.2219069904732,-23.221907088036197,-108.20069519520409,-108.20069453831664,-108.20069477315565,-108.20069523160416
powertrain_simple_cvt,SimpleCVT,EngineModelType_SIMPLE_MAP,TransmissionModelType_AUTOMATIC_SIMPLE_CVT,0.3600000000000002,0.05488926813448193,0.7674287881561113,-0.0007797849686980144,-0.006712654247020451,-3.532135660314032,-0.0038779055943555366,-0.09699369916683787,-1.0178163318090063,-1.5942589464828534,0.00047652538624897307,0.037913171006552435,0.0,0.45,0.0,153.0382344804019,1461.40748997675,568.59,0.0,1.0,588.7592411086557,153.07123974382375,0.0,1,0,0.0,0.0,0.0,0.0,-23.424417212627233,-23.42441706620624,-23.424417118199177,-23.424417217997835,-109.10139949046697,-109.10139880243473,-109.10139904674953,-109.10139951570345
powertrain_simple_cvt,SimpleCVT,EngineModelType_SIMPLE_MAP,TransmissionModelType_AUTOMATIC_SIMPLE_CVT,0.3650000000000002,0.05485538482026921,0.7495229967906532,-0.0007993394305579679,-0.0067766628425442055,-3.5811582730916216,-0.003910892371990694,-0.1022186423842631,-1.044988643485047,-1.5948461476684332,0.000502969520495153,0.03894534825952933,0.0,0.45,0.0,153.07123974382375,1461.7226670260484,568.59,0.0,1.0,583.8768055303021,153.10341676330236,0.0,1,0,0.0,0.0,0.0,0.0,-23.62518793841977,-23.625187786259836,-23.625187840605193,-23.625187942505633,-107.6051971863457,-107.60519648686515,-107.60519673669123,-107.60519720512845
powertrain_simple_cvt,SimpleCVT,EngineModelType_SIMPLE_MAP,TransmissionModelType_AUTOMATIC_SIMPLE_CVT,0.3700000000000002,0.05482118467206156,0.7313720893527097,-0.0008190584958144444,-0.00684002964152953,-3.6301814875886853,-0.003943813051295302,-0.1075806754261192,-1.0724066083712172,-1.5954381940957991,0.0005303259078771523,0.03998657858465109,0.0,0.45,0.0,153.10341676330236,1462.0299349282873,568.59,0.0,1.0,579.1146380856577,153.13480117220396,0.0,1,0,0.0,0.0,0.0,0.0,-23.82425849366664,-23.824258334757943,-23.824258391378127,-23.824258495265656,-103.06161721732366,-103.06161652322876,-103.06161677053922,-103.06161722430798
powertrain_simple_cvt,SimpleCVT,EngineModelType_SIMPLE_MAP,TransmissionModelType_AUTOMATIC_SIMPLE_CVT,0.3750000000000002,0.05503856103217615,0.7129999479776624,-0.0007925895876432382,0.0434752720229178,-3.6744282750094643,0.00529378163424123,-0.05995846877401631,9.524441330420569,-1.596075424130909,0.00048517425567208946,0.04110547497656792,0.0,0.45,0.0,153.13480117220396,1462.32963395705,568.59,0.0,1.0,591.923816784116,153.05038404352484,0.0,1,0,0.0,0.0,0.0,0.0,-24.165611379292557,-24.165611002376792,-19.257385048704865,-25.506343781544874,-112.95462318355555,-112.95462141242837,-89.89086765612399,-119.25472474173918
powertrain_simple_cvt,SimpleCVT,EngineModelType_SIMPLE_MAP,TransmissionModelType_AUTOMATIC_SIMPLE_CVT,0.3800000000000002,0.05560434008245568,0.6947382770670966,-0.000767105632685876,0.11315581005590622,-3.652334182113171,0.005096790991472438,-0.005367383750458839,10.918217004711485,-1.5961487738748703,0.00027658738022216903,0.041924518494326796,0.0,0.45,0.0,153.05038404352484,1461.5235097583954,568.59,0.0,1.0,612.3833738758134,152.91554814932846,0.0,1,0,0.0,0.0,0.0,0.0,-24.601813570110092,-24.601813894654924,-13.315761274279645,-27.684739644438352,-115.55024812844273,-115.5502496534789,-62.51708839033546,-130.0369177517112
powertrain_simple_cvt,SimpleCVT,EngineModelType_SIMPLE_MAP,TransmissionModelType_AUTOMATIC_SIMPLE_CVT,0.38500000000000023,0.056747563278014265,0.6765357939909485,-0.0007429663541941001,0.22864463911171645,-3.6404966152296008,0.004827855698355178,0.10362554888308452,21.798586526708654,-1.5958793898510462,4.0424960313224014e-06,0.042645018866049496,0.0,0.45,0.0,152.91554814932846,1460.235921814341,568.59,0.0,1.0,652.3960029964297,152.65185042593947,0.0,1,0,0.0,0.0,0.0,0.0,-25.15089705674685,-25.150896597157654,-8.938066438900506,-25.380679683841933,-115.04915732026139,-115.04915523621005,-41.530520367887206,-116.09112870314692
powertrain_simple_cvt,SimpleCVT,EngineModelType_SIMPLE_MAP,TransmissionModelType_AUTOMATIC_SIMPLE_CVT,0.39000000000000024,0.05857151861136594,0.658893340178377,-0.0007098609053244581,0.364791066670335,-3.5284907625143163,0.006621089773928418,0.21423633890274438,22.12215800393195,-1.595475013319148,-0.0002793366663424065,0.04265788487069406,0.0,0.45,0.0,152.65185042593947,1457.717794044775,568.59,0.0,1.0,706.6279839628794,152.29444202189248,0.0,1,0,0.0,0.0,0.0,0.0,-25.805512849437044,-25.805512233695477,-5.3336078062952765,-21.54314936493502,-57.60109087961609,-57.60108952906574,-12.698586341675226,-48.25214190286598
powertrain_simple_cvt,SimpleCVT,EngineModelType_SIMPLE_MAP,TransmissionModelType_AUTOMATIC_SIMPLE_CVT,0.39500000000000024,0.06104464952759908,0.6416715430147598,-0.0006602785394239718,0.4946261832466284,-3.4443594327234304,0.009916473180097252,0.3296098809486121,23.074708409173525,-1.5949364356978903,-0.0005312373331723538,0.04221251530258314,0.0,0.45,0.0,152.29444202189248,1454.3047951923752,568.59,0.0,1.0,764.0921024435844,151.91573266054968,0.0,1,0,0.0,0.0,0.0,0.0,-26.42345493400633,-26.42345436452569,-2.6733585459816425,-17.27665150432432,-38.66993100375335,-38.66993019188766,-4.811206075319761,-25.630021765481242
powertrain_simple_cvt,SimpleCVT,EngineModelType_SIMPLE_MAP,TransmissionModelType_AUTOMATIC_SIMPLE_CVT,0.40000000000000024,0.06408537099879243,0.6252158756630937,-0.0005906454303415694,0.6081442942386682,-3.2911334703332256,0.013926621816480467,0.41368775748605924,16.815575307489414,-1.5942874626745693,-0.0007120873480825521,0.040815793931495425,0.0,0.45,0.0,151.91573266054968,1450.6883871812024,568.59,0.0,1.0,820.0922180090338,151.54667160885992,0.0,1,0,0.0,0.0,0.0,0.0,-27.05354936922303,-27.053547909041413,-1.5546176610456683,-12.807958417858444,-31.729608547882385,-31.729606889290054,-2.7658604242113136,-15.548314644661673
powertrain_simple_cvt,SimpleCVT,EngineModelType_SIMPLE_MAP,TransmissionModelType_AUTOMATIC_SIMPLE_CVT,0.40500000000000025,0.06761892889899643,0.6093788590012192,-0.0005046105668743329,0.7067115800407999,-3.1674033323748767,0.0172069726934473,0.49358282111402674,15.979012725593487,-1.5934829351141644,-0.000789300389154369,0.038703036338398535,0.0,0.45,0.0,151.54667160885992,1447.1641137404552,568.59,0.0,1.0,871.8043222980012,151.20587010512605,0.0,1,0,0.0,0.0,0.0,0.0,-27.63880444882041,-27.638803246996833,-1.5387871558253536,-8.117660876287111,-27.31265444204016,-27.312653297881827,-2.4649539116664063,-8.728163709502557
powertrain_simple_cvt,SimpleCVT,EngineModelType_SIMPLE_MAP,TransmissionModelType_AUTOMATIC_SIMPLE_CVT,0.41000000000000025,0.07159769062368954,0.5944494562680255,-0.00040235009992222,0.7957523449386211,-2.985880546638742,0.020452093390422574,0.5515799947729538,11.599434731785408,-1.5925608692325557,-0.0007424142329732414,0.03546618631097584,0.0,0.45,0.0,151.20587010512605,1443.9096991045114,568.59,0.0,1.0,922.6667375454102,150.87066836003766,0.0,1,0,0.0,0.0,0.0,0.0,-28.2531194762312,-28.253117036496356,-2.3467878525419223,-3.385185940917914,-25.069293606897183,-25.069291528447256,-2.9992668739978052,-3.8838951533985657
powertrain_simple_cvt,SimpleCVT,EngineModelType_SIMPLE_MAP,TransmissionModelType_AUTOMATIC_SIMPLE_CVT,0.41500000000000026,0.07592733136340382,0.5802703558938741,-0.00028851550634419713,0.8659281479428577,-2.8358200748302664,0.022766918715604573,0.6007251557668842,9.829032198786072,-1.5914990378307228,-0.0005932808023502628,0.03133169127916373,0.0,0.45,0.0,150.87066836003766,1440.7087582246804,568.59,0.0,1.0,961.7666555297401,150.6129857337328,0.0,1,0,0.0,0.0,0.0,0.0,-28.814509003999238,-28.81450708672015,-3.138372244591281,0.30710412060958703,-23.53932210262477,-23.539320602888267,-3.4549015528587574,-0.7597766218226346
powertrain_simple_cvt,SimpleCVT,EngineModelType_SIMPLE_MAP,TransmissionModelType_AUTOMATIC_SIMPLE_CVT,0.42000000000000026,0.08070082580019071,0.5670821399466807,-0.00014686840409871058,0.9546988873573776,-2.637643189438688,0.02832942044909731,0.6607965189239283,12.014272631408806,-1.590343951127452,-0.0004785244919682704,0.026049173820792887,0.0,0.45,0.0,150.6129857337328,1438.2480704011614,568.59,0.0,1.0,1026.4248147288827,150.1868650374912,0.0,1,0,0.0,0.0,0.0,0.0,-26.014711547915475,-30.425734301861638,-3.67254833112888,2.4596703189209634,-19.49936040261247,-22.636089384560876,-3.6115913316367343,0.7490998359723771
powertrain_simple_cvt,SimpleCVT,EngineModelType_SIMPLE_MAP,TransmissionModelType_AUTOMATIC_SIMPLE_CVT,0.42500000000000027,0.08591720430571902,0.5548742593405562,8.86425460086318e-06,1.0432757011056624,-2.4415761212248905,0.03114653173991475,0.738211709391971,15.483038093608522,-1.5887915380289808,-0.00047443445934181613,0.02003997927390269,0.0,0.45,0.0,150.1868650374912,1434.1789174915245,568.59,0.0,1.0,1102.5819078235968,149.68496220055295,0.0,1,0,0.0,0.0,0.0,0.0,-21.580174225852126,-32.473668113855645,-3.6071087916851283,3.196386382212552,-14.73660663968629,-21.67073232862856,-3.296062768509747,1.034622238976387
powertrain_simple_cvt,SimpleCVT,EngineModelType_SIMPLE_MAP,TransmissionModelType_AUTOMATIC_SIMPLE_CVT,0.43000000000000027,0.09158997137599023,0.5438584506973071,0.00018361523345349236,1.134553414054244,-2.2031617286498233,0.034950195770525834,0.8112183965943413,14.601337440474037,-1.5868303647832718,-0.0006595099381885015,0.013133053793001852,0.0,0.45,0.0,149.68496220055295,1429.3860984444905,568.59,0.0,1.0,1190.2560707094765,149.107157700795,0.0,1,0,0.0,0.0,0.0,0.0,-15.894290025188774,-34.912093658229935,-2.9551329661812886,2.3385141329290136,-10.206801663018775,-21.222905297604886,-2.711767122932964,0.3545893383047186
powertrain_simple_cvt,SimpleCVT,EngineModelType_SIMPLE_MAP,TransmissionModelType_AUTOMATIC_SIMPLE_CVT,0.4350000000000003,0.09796021839620365,0.5339565035771319,0.00035111998336002156,1.2740494040426846,-1.9803894240350526,0.03350094998130583,0.9494363847401999,27.643597629171698,-1.584335389691231,-0.0008978346997711162,0.005784462999730362,0.0,0.45,0.0,149.107157700795,1423.8684719078574,568.59,0.0,1.0,1369.398986354436,147.92654097914863,0.0,1,0,0.0,0.0,0.0,0.0,-12.106225172086027,-31.741052595757836,-2.010478628363373,0.26823784716668797,-6.991676008835349,-16.70944705139768,-1.9950365528981275,-0.8672423277541474
powertrain_simple_cvt,SimpleCVT,EngineModelType_SIMPLE_MAP,TransmissionModelType_AUTOMATIC_SIMPLE_CVT,0.4400000000000003,0.10502322103698139,0.5255738895319045,0.0005281461784813049,1.4126005281555465,-1.6765228090454565,0.03540523902425667,1.0906428495353606,28.241292959032123,-1.5817998512491942,-0.0011934547868385193,-0.0018436464200468031,0.0,0.45,0.0,147.92654097914863,1412.5944126790394,568.59,0.0,1.0,1599.9083292431994,146.40740089074265,0.0,1,0,0.0,0.0,0.0,0.0,-8.660026759812766,-27.967338552755237,-1.0189876785160408,-2.162769033643393,-4.731144962963499,-13.049638790130446,-1.4390275976582776,-1.931822153642681
powertrain_simple_cvt,SimpleCVT,EngineModelType_SIMPLE_MAP,TransmissionModelType_AUTOMATIC_SIMPLE_CVT,0.4450000000000003,0.11274647133425937,0.5186384777143025,0.0007127910376254533,1.5446500594555967,-1.3870823635204055,0.03692897182882967,1.2363759526230271,29.146620617533276,-1.5791276273285335,-0.0015092265233695764,-0.00938260158133484,0.0,0.45,0.0,146.40740089074265,1398.087693419907,568.2279561530784,0.0,1.0,1869.290149877587,144.63207708961167,0.0,1,0,0.0,0.0,0.0,0.0,-5.7298568593358965,-24.281554925073408,-0.3364698584255841,-4.266593111617659,-3.1777030946693547,-10.2285058077079,-1.127879538694319,-2.6215715769104952
powertrain_simple_cvt,SimpleCVT,EngineModelType_SIMPLE_MAP,TransmissionModelType_AUTOMATIC_SIMPLE_CVT,0.4500000000000003,0.12106537413400768,0.5133262226348115,0.0009119759232179707,1.6637805599496625,-1.0624510158981986,0.03983697711850349,1.3661877836770797,25.962366210810494,-1.5765797729654052,-0.0017815986994325086,-0.01678122879911052,0.0,0.45,0.0,144.63207708961167,1381.1345999075859,565.0238289718928,0.0,1.0,2153.358232923714,142.75092350534254,0.0,1,0,0.0,0.0,0.0,0.0,-4.146862562488593,-20.48095522894222,-0.3256395420393332,-5.481091117702832,-2.426312503592094,-8.04442023056088,-1.1120036517911442,-2.885220133704062
powertrain_simple_cvt,SimpleCVT,EngineModelType_SIMPLE_MAP,TransmissionModelType_AUTOMATIC_SIMPLE_CVT,0.4550000000000003,0.12992128447239765,0.5095073409411114,0.0011193278789259646,1.7711820676779952,-0.7637763387400316,0.04147039114159877,1.492584097677533,25.279262800090653,-1.5740521233605944,-0.0019346871406465647,-0.023736094606669814,0.0,0.45,0.0,142.75092350534254,1363.1709064084978,561.6286988398562,0.0,1.0,2416.317181837826,140.9264632100789,0.0,1,0,0.0,0.0,0.0,0.0,-3.6996133770984585,-16.580938340484295,-1.2595787201421125,-5.53377653226525,-2.1647238695652713,-6.220062935359551,-1.396544517334561,-2.742160858177139
powertrain_simple_cvt,SimpleCVT,EngineModelType_SIMPLE_MAP,TransmissionModelType_AUTOMATIC_SIMPLE_CVT,0.4600000000000003,0.13926486072264788,0.5072649060415959,0.001334703514068125,1.8687152500500488,-0.4484869799030937,0.04307512702843204,1.6049390955733178,22.470999579156928,-1.5717301345728143,-0.0019055768040934186,-0.030228104651350635,0.0,0.45,0.0,140.9264632100789,1345.7485939405315,558.3358894834312,0.0,1.0,2619.2492184194257,139.47561773333325,0.0,1,0,0.0,0.0,0.0,0.0,-4.183121125105195,-12.63956438246666,-3.0354922826173834,-4.8348352703161375,-2.224749663154514,-4.7006583737057195,-1.888742649198396,-2.415560939220555
powertrain_simple_cvt,SimpleCVT,EngineModelType_SIMPLE_MAP,TransmissionModelType_AUTOMATIC_SIMPLE_CVT,0.4650000000000003,0.14906074863299057,0.5064587259186895,0.0015538950729676359,1.9591775820685409,-0.16123602458128544,0.04383831177990221,1.7179086689294552,22.593914671227445,-1.5695506822620002,-0.0016794962099351753,-0.0359997579089979,0.0,0.45,0.0,139.47561773333325,1331.894040183336,555.717384946524,0.0,1.0,2615.156391023097,131.3971776679796,0.0,1,0,0.0,0.0,0.0,0.0,-5.123644698686519,-8.784603079611522,-5.251317080863252,-3.7589227746108627,-2.4014718520590117,-3.4028547394675046,-2.4363941115888115,-2.028179113206499
powertrain_simple_cvt,SimpleCVT,EngineModelType_SIMPLE_MAP,TransmissionModelType_AUTOMATIC_SIMPLE_CVT,0.4700000000000003,0.15926179805848778,0.5071070772514988,0.0017758614158932967,2.0402098850994435,0.12967026656187375,0.044393268585132165,1.8173536796573264,19.889002145574235,-1.56765754591299,-0.0012812482864333792,-0.04106621979075311,0.0,0.45,0.0,131.3971776679796,1254.7506200509774,541.1373126360594,0.0,1.0,2602.8917327706044,128.46546541731934,0.0,1,0,0.0,0.0,0.0,0.0,-6.062941739474404,-5.727575429597529,-7.33660946024597,-2.78143355910559,-2.567651005563328,-2.4809377637903465,-2.896974058467048,-1.7191751633452872
powertrain_simple_cvt,SimpleCVT,EngineModelType_SIMPLE_MAP,TransmissionModelType_AUTOMATIC_SIMPLE_CVT,0.4750000000000003,0.16982277384956898,0.5090495619938067,0.001999493277979425,2.1121951582162426,0.38849694846156674,0.04472637241722561,1.9145062468933733,19.430513447209368,-1.565995362747026,-0.0007779146632072744,-0.04524245285612814,0.0,0.45,0.0,128.46546541731934,1226.7548302660384,535.8461207398144,0.0,1.0,2534.60099595344,128.2987720234613,0.0,1,0,0.0,0.0,0.0,0.0,-6.4342799081004785,-3.8045098335982885,-9.01667135224838,-1.8823862060480252,-2.5792417150492613,-1.9337860211784423,-3.2130687091236667,-1.462016396999111
powertrain_simple_cvt,SimpleCVT,EngineModelType_SIMPLE_MAP,TransmissionModelType_AUTOMATIC_SIMPLE_CVT,0.4800000000000003,0.18067257741065693,0.5122636599154605,0.002204736125636924,2.169960712217591,0.6428195843307625,0.041048569531499844,1.9932175034087847,15.742251303082252,-1.5646510525242063,-0.0003249067340389379,-0.04859609073161421,0.0,0.45,0.0,128.2987720234613,1225.1630256092424,535.5452703631989,0.0,1.0,2509.817895736836,133.3580448755784,0.0,1,0,0.0,0.0,0.0,0.0,-6.236169631365236,-2.8220457581444975,-8.47369536018562,-3.5908828465397313,-2.470173779212263,-1.665295834239991,-2.9976693175439197,-1.846548781908305
powertrain_simple_cvt,SimpleCVT,EngineModelType_SIMPLE_MAP,TransmissionModelType_AUTOMATIC_SIMPLE_CVT,0.4850000000000003,0.19178019159730966,0.5165524385623573,0.0024244020037977525,2.221522837330546,0.8577557293793517,0.04393317563216567,2.072974757907719,15.951450899786876,-1.5635507874811267,4.774138492743205e-05,-0.0509866969975595,0.0,0.45,0.0,133.3580448755784,1273.4755225811464,544.6763109385439,0.0,1.0,2499.737262926324,139.4606968348516,0.0,1,0,0.0,0.0,0.0,0.0,-5.733303107683433,-2.0660226748350965,-7.911430537072025,-5.502337058433525,-2.2996198434271404,-1.4683241082418568,-2.79335575370071,-2.247264673095943
powertrain_simple_cvt,SimpleCVT,EngineModelType_SIMPLE_MAP,TransmissionModelType_AUTOMATIC_SIMPLE_CVT,0.4900000000000003,0.20291646040406086,0.5218632511447772,0.002692187357897221,2.227253761350237,1.062162516483958,0.05355707081989368,2.1004990932459835,5.504867067652869,-1.5627786688620078,0.00023713411681707848,-0.052577869654136196,0.0,0.45,0.0,139.4606968348516,1331.7515560984125,555.690455517446,0.0,1.0,2219.3046797678944,141.68320773617867,0.0,1,0,0.0,0.0,0.0,0.0,-4.169246222850852,-4.1849110297147405,-7.925088541229052,-7.3723784790749765,-1.932696808304781,-1.9362011624694695,-2.7729115511155444,-2.649265480978544
powertrain_simple_cvt,SimpleCVT,EngineModelType_SIMPLE_MAP,TransmissionModelType_AUTOMATIC_SIMPLE_CVT,0.49500000000000033,0.2140571938267079,0.5280206199740977,0.002962190422190012,2.228146684529408,1.231473765864094,0.054000612858558186,2.130380851392881,5.976351629379456,-1.5622737827528221,0.00027333460981365516,-0.05325917462187204,0.0,0.45,0.0,141.68320773617867,1352.9749718597222,559.7016717163652,0.0,1.0,1989.0450032107774,143.53855385063332,0.0,1,0,0.0,0.0,0.0,0.0,-2.3823013116694476,-6.423939323141031,-8.451925348557785,-9.03268474794452,-1.5254663200814829,-2.4169340125125283,-2.864248694636279,-2.992347312117468
powertrain_simple_cvt,SimpleCVT,EngineModelType_SIMPLE_MAP,TransmissionModelType_AUTOMATIC_SIMPLE_CVT,0.5000000000000003,0.22531294287990347,0.5349140065646347,0.003210880131251148,2.2511498106391157,1.3786773181074237,0.0497379418122272,2.180518844919899,10.027598705403653,-1.562101925361084,0.00020016235018984578,-0.05312454000615556,0.0,0.45,0.0,143.53855385063332,1370.69222217543,563.0502241956618,0.0,1.0,1887.9675424673082,144.31139524205307,0.0,1,0,0.0,0.0,0.0,0.0,-0.18018315205796043,-9.074347464820647,-9.552713729796357,-8.490920665757697,-1.0388293196132161,-2.955514341760188,-3.058601874544314,-2.829786351140712
powertrain_simple_cvt,SimpleCVT,EngineModelType_SIMPLE_MAP,TransmissionModelType_AUTOMATIC_SIMPLE_CVT,0.5050000000000003,0.23639875163587648,0.5423802895186791,0.003460932242977945,2.2171617511946002,1.4932565908088735,0.05001042234535935,2.1709499946695923,-1.913770050061368,-1.562136732116312,0.00013188179873219858,-0.052305907461030976,0.0,0.45,0.0,144.31139524205307,1378.0723138356584,564.445058257716,0.0,1.0,1659.6533271101239,145.90604497643625,0.0,1,0,0.0,0.0,0.0,0.0,-1.8937598707990357,-10.810215743076256,-10.387921716373967,-7.928006861068033,-1.4099024691832673,-3.339860609476931,-3.2484554810149064,-2.7160093199580357
powertrain_simple_cvt,SimpleCVT,EngineModelType_SIMPLE_MAP,TransmissionModelType_AUTOMATIC_SIMPLE_CVT,0.5100000000000003,0.24758486366070168,0.5503678224064704,0.0037115638980615966,2.23722240496504,1.5975065775582658,0.050126331016730336,2.2175141784852266,9.312836763126855,-1.5624806821534396,0.00017801627708561953,-0.050796104246197314,0.0,0.45,0.0,145.90604497643625,1393.3000970992941,567.3231025644237,0.0,1.0,1592.1065933428974,146.3817661732485,0.0,1,0,0.0,0.0,0.0,0.0,-4.631717019575316,-8.192226624729436,-11.191578930390996,-7.935443728117617,-1.9814791033197179,-2.735965130824983,-3.3715397134385285,-2.68155182231558
powertrain_simple_cvt,SimpleCVT,EngineModelType_SIMPLE_MAP,TransmissionModelType_AUTOMATIC_SIMPLE_CVT,0.5150000000000003,0.2588280843685663,0.558719236692096,0.003952127706129897,2.2486441415729215,1.6702828571251138,0.04811276161366005,2.253089229101999,7.115010123354442,-1.5629771076518468,0.0003379671372324858,-0.04871798364162836,0.0,0.45,0.0,146.3817661732485,1397.8428998996696,568.1816902859432,0.0,1.0,1528.0835667226095,146.8582632423985,0.0,1,0,0.0,0.0,0.0,0.0,-7.518243537809852,-5.728279028684977,-11.8520892220191,-8.055495084808912,-2.567990558378776,-2.1946789682412593,-3.471849163136117,-2.6800387181560423
powertrain_simple_cvt,SimpleCVT,EngineModelType_SIMPLE_MAP,TransmissionModelType_AUTOMATIC_SIMPLE_CVT,0.5200000000000004,0.270122077593142,0.5673204741681849,0.004181101721082308,2.2587986449151414,1.7202474952177662,0.04579480299048206,2.285082930366699,6.39874025294,-1.5636614116183087,0.0005899147152372075,-0.04617779893044957,0.0,0.45,0.0,146.8582632423985,1402.393111735111,568.59,0.0,1.0,1466.2935221963419,147.2810265135251,0.0,1,0,0.0,0.0,0.0,0.0,-9.848547934575759,-3.6125251928844904,-12.394994577298343,-8.525989970718436,-3.025236201696407,-1.742872639578123,-3.5488825260874965,-2.7532679597749534
powertrain_simple_cvt,SimpleCVT,EngineModelType_SIMPLE_MAP,TransmissionModelType_AUTOMATIC_SIMPLE_CVT,0.5250000000000004,0.2814710792628006,0.5760266454200433,0.00437610396295343,2.2698003339317268,1.7412342503717013,0.03900044837422434,2.3163700233042457,6.2574185875093615,-1.5644222550400215,0.000931767379166843,-0.04326369442070116,0.0,0.45,0.0,147.2810265135251,1406.4302035965611,568.59,0.0,1.0,1415.277369463782,147.6241858116781,0.0,1,0,0.0,0.0,0.0,0.0,-11.70922411741573,-1.8769056150328822,-12.932572468038257,-8.98545541373825,-3.375339154547056,-1.3807500268225108,-3.6235082226035984,-2.8227940512253067
powertrain_simple_cvt,SimpleCVT,EngineModelType_SIMPLE_MAP,TransmissionModelType_AUTOMATIC_SIMPLE_CVT,0.5300000000000004,0.2929670492746055,0.5847566055297716,0.0045732049939985475,2.2991940023609745,1.7459920219456515,0.03942020620902346,2.364577896247258,9.641574588602433,-1.5652914003478002,0.0012888050095883224,-0.04004149343221394,0.0,0.45,0.0,147.6241858116781,1409.7071335107007,568.59,0.0,1.0,1406.89552827734,147.67942518202813,0.0,1,0,0.0,0.0,0.0,0.0,-11.59238400363752,-0.851290752379974,-13.493570298373152,-9.546453442248017,-3.3036928713384475,-1.1691724874778753,-3.681505520824052,-2.8971159629089533
powertrain_simple_cvt,SimpleCVT,EngineModelType_SIMPLE_MAP,TransmissionModelType_AUTOMATIC_SIMPLE_CVT,0.5350000000000004,0.30442431768046213,0.5933702808420924,0.004771050775704745,2.291453681171331,1.722735062464162,0.03956915634123943,2.3703618879912325,1.1567983487949174,-1.5661890609139262,0.0016303648799675906,-0.03666719354026269,0.0,0.45,0.0,147.67942518202813,1410.23463064137,568.59,0.0,1.0,1330.2396073072696,148.18461547540164,0.0,1,0,0.0,0.0,0.0,0.0,-11.879346186176573,-1.8818313474824286,-13.940271867079966,-9.993154359124246,-3.3549588782896507,-1.3730538170824926,-3.763516315178413,-2.981040640731839
powertrain_simple_cvt,SimpleCVT,EngineModelType_SIMPLE_MAP,TransmissionModelType_AUTOMATIC_SIMPLE_CVT,0.5400000000000004,0.3158759455560457,0.6017541151306794,0.004958991083236656,2.2903255751167144,1.6767668577173995,0.03758806150638213,2.3790648994926165,1.740602300276793,-1.5672065233256052,0.001978562022847309,-0.03324287452215496,0.0,0.45,0.0,148.18461547540164,1415.0588425849166,568.59,0.0,1.0,1272.6804701223225,148.56395104443283,0.0,1,0,0.0,0.0,0.0,0.0,-12.349933821453671,-2.352422466552211,-14.410850684560232,-10.463733385366691,-3.439291968848238,-1.4646377310970513,-3.846353093654169,-3.0667398854198713
powertrain_simple_cvt,SimpleCVT,EngineModelType_SIMPLE_MAP,TransmissionModelType_AUTOMATIC_SIMPLE_CVT,0.5450000000000004,0.3273239063339284,0.609866032595076,0.005146624450104413,2.2895921555765377,1.6223834928793002,0.03752667337355149,2.386478077400318,1.4826355815403134,-1.5681937184583945,0.0023267555312950737,-0.029806407130303966,0.0,0.45,0.0,148.56395104443283,1418.6812304390298,568.59,0.0,1.0,1223.3104731905762,148.889317212084,0.0,1,0,0.0,0.0,0.0,0.0,-12.801344388630405,-2.803834256239428,-14.86226460085154,-10.915147068127466,-3.520597941033751,-1.552077862974603,-3.926395260897529,-3.1492037391352627
powertrain_simple_cvt,SimpleCVT,EngineModelType_SIMPLE_MAP,TransmissionModelType_AUTOMATIC_SIMPLE_CVT,0.5500000000000004,0.33876820061067336,0.6177120140046406,0.005333344326429627,2.288858855348993,1.569196281912926,0.037343975265042836,2.393775444768311,1.459473473598559,-1.569210134549303,0.002678129826813565,-0.026351086713549538,0.0,0.45,0.0,148.889317212084,1421.788248472823,568.59,0.0,1.0,1179.3544799003014,149.17900313412133,0.0,1,0,0.0,0.0,0.0,0.0,-13.231310078320165,-3.233801280434987,-15.292230683048853,-11.345114087882632,-3.5973165609125948,-1.6347977313400324,-4.0018768943718355,-3.2270548064762328
powertrain_simple_cvt,SimpleCVT,EngineModelType_SIMPLE_MAP,TransmissionModelType_AUTOMATIC_SIMPLE_CVT,0.5550000000000004,0.35020913352789823,0.6252931324549216,0.005519166540539982,2.288186583444973,1.5162236900561845,0.037164442822071195,2.4006120478130044,1.3673206089387147,-1.570219848462583,0.0030310431412458013,-0.02288035825879823,0.0,0.45,0.0,149.17900313412133,1424.5545452590052,568.59,0.0,1.0,1140.0623765135242,149.43795233186145,0.0,1,0,0.0,0.0,0.0,0.0,-13.645542487302471,-3.648034684891684,-15.706463834297756,-11.759347400156372,-3.6710023473492526,-1.7140726882514297,-4.074410695580836,-3.3017952227505876
powertrain_simple_cvt,SimpleCVT,EngineModelType_SIMPLE_MAP,TransmissionModelType_AUTOMATIC_SIMPLE_CVT,0.5600000000000004,0.3616468163356197,0.6326094914169297,0.005704221981393648,2.2875365615442895,1.4632717924016119,0.03701108817073312,2.4071300330471406,1.3035970468272307,-1.5712442122323242,0.003386606037857503,-0.0193935071388279,0.0,0.45,0.0,149.43795233186145,1427.0273279488065,568.59,0.0,1.0,1104.552457356474,149.67197556515646,0.0,1,0,0.0,0.0,0.0,0.0,-14.044453382718435,-4.046946683894511,-16.105375226628098,-12.158259388437209,-3.7416419362211295,-1.7900114329738785,-4.143958039280688,-3.3734347576538917
powertrain_simple_cvt,SimpleCVT,EngineModelType_SIMPLE_MAP,TransmissionModelType_AUTOMATIC_SIMPLE_CVT,0.5650000000000004,0.37308146542534865,0.6396624885856018,0.005888449812360647,2.2869298179457918,1.4105994337344305,0.03684556619339967,2.4132431263517153,1.2226186609149525,-1.5722695798625765,0.003744191388031279,-0.015892127277436163,0.0,0.45,0.0,149.67197556515646,1429.2620852114414,568.59,0.0,1.0,1072.283765569265,149.8846379357139,0.0,1,0,0.0,0.0,0.0,0.0,-14.430319155163534,-4.432813371599204,-16.49124158294198,-12.544126050617141,-3.809831672974621,-1.8631451098188623,-4.211128764941122,-3.442557389605472
powertrain_simple_cvt,SimpleCVT,EngineModelType_SIMPLE_MAP,TransmissionModelType_AUTOMATIC_SIMPLE_CVT,0.5700000000000004,0.38451324326938224,0.6464524481171201,0.006071966748368632,2.286355568806715,1.3579919063036607,0.036703387201596986,2.419014326407806,1.1542400112181095,-1.5733038902639833,0.004104305816324646,-0.012376146163513468,0.0,0.45,0.0,149.8846379357139,1431.292861260473,568.59,0.0,1.0,1042.7548607169078,150.07924411768366,0.0,1,0,0.0,0.0,0.0,0.0,-14.803983000298208,-4.806478145173116,-16.864905905948454,-12.917790826682053,-3.87571327540265,-1.9336712295419825,-4.2760530595837345,-3.509315403051723
powertrain_simple_cvt,SimpleCVT,EngineModelType_SIMPLE_MAP,TransmissionModelType_AUTOMATIC_SIMPLE_CVT,0.5750000000000004,0.39594230316114515,0.6529804083585891,0.006254743503833114,2.285811978352584,1.305592048293791,0.03655535109289647,2.4243924151035645,1.0756177391517232,-1.574341773861548,0.004466672470583561,-0.00884654480405841,0.0,0.45,0.0,150.07924411768366,1433.1512134094767,568.59,0.0,1.0,1015.6160172806101,150.25809892894807,0.0,1,0,0.0,0.0,0.0,0.0,-15.166899759379548,-5.16939572386287,-17.227823152456505,-13.280708409923841,-3.9396751749151155,-2.0019413670453168,-4.339126970083965,-3.5740902516215094
powertrain_simple_cvt,SimpleCVT,EngineModelType_SIMPLE_MAP,TransmissionModelType_AUTOMATIC_SIMPLE_CVT,0.5800000000000004,0.40736878624802336,0.6592468464688466,0.006436860077194119,2.2852966173756406,1.2532876220515095,0.036423314672201,2.4294100830538423,1.00353359005556,-1.5753861804306506,0.004831554697370478,-0.005303479546945074,0.0,0.45,0.0,150.25809892894807,1434.8591510479866,568.59,0.0,1.0,990.5398933865616,150.42335967105893,0.0,1,0,0.0,0.0,0.0,0.0,-15.519731517794657,-5.522228290106931,-17.580655348816926,-13.633540988879908,-4.001848840210846,-2.0681173555760437,-4.400475698209236,-3.6370191493655235
powertrain_simple_cvt,SimpleCVT,EngineModelType_SIMPLE_MAP,TransmissionModelType_AUTOMATIC_SIMPLE_CVT,0.5850000000000004,0.4188033349617992,0.6652531670717752,0.006620075540675592,2.286909742755168,1.2012641205857282,0.03664309269629462,2.4362601391632035,1.370011221872235,-1.5764369540884569,0.005195688484612444,-0.0017448947204913633,0.0,0.45,0.0,150.42335967105893,1436.4372748883454,568.59,0.0,1.0,969.5468347366632,150.5617115338236,0.0,1,0,0.0,0.0,0.0,0.0,-15.870251685549523,-5.872749175070432,-17.700649054423643,-14.04703232762873,-4.061016000368979,-2.1327217455166565,-4.414058645449309,-3.7093578327887102
powertrain_simple_cvt,SimpleCVT,EngineModelType_SIMPLE_MAP,TransmissionModelType_AUTOMATIC_SIMPLE_CVT,0.5900000000000004,0.43025405331042627,0.6710254752920827,0.006803393871570232,2.2901436697254054,1.154461644061501,0.03666366617892791,2.443103226998607,1.3686175670806644,-1.5774484090378422,0.005553994423575275,0.0018005237810652542,0.0,0.45,0.0,150.5617115338236,1437.7584378590434,568.59,0.0,1.0,951.5789387158578,150.68012647877742,0.0,1,0,0.0,0.0,0.0,0.0,-16.220574468847357,-6.223072882268985,-17.675927787611638,-14.499804982431966,-4.11982230577919,-2.1969293458674897,-4.399741106151568,-3.788854063123329
powertrain_simple_cvt,SimpleCVT,EngineModelType_SIMPLE_MAP,TransmissionModelType_AUTOMATIC_SIMPLE_CVT,0.5950000000000004,0.44172781613834206,0.6765658858929212,0.006987514742701677,2.294752565583163,1.1080821201677111,0.036824174226288975,2.4511355392122205,1.6064624427227323,-1.578423267793223,0.005904166403398116,0.00533712081995412,0.0,0.45,0.0,150.68012647877742,1438.8892172885649,568.59,0.0,1.0,936.0500222994767,150.7824676644404,0.0,1,0,0.0,0.0,0.0,0.0,-16.567876258782945,-6.570375725156397,-17.499081705150388,-14.99028185395916,-4.176178929911087,-2.2595874458428633,-4.354697592893182,-3.873742936891725
powertrain_simple_cvt,SimpleCVT,EngineModelType_SIMPLE_MAP,TransmissionModelType_AUTOMATIC_SIMPLE_CVT,0.6000000000000004,0.4532300390073063,0.6818931847553981,0.007171779114909462,2.3004445737928525,1.0654597724953674,0.03685287444155692,2.458981301905673,1.5691525386904979,-1.5793304938267223,0.00624254016314678,0.00884347403022345,0.0,0.45,0.0,150.7824676644404,1439.8665036233735,568.59,0.0,1.0,922.3751282364691,150.87259017104026,0.0,1,0,0.0,0.0,0.0,0.0,-16.91475095918483,-6.917251597564947,-17.22930346303992,-15.505603245765782,-4.232330993961273,-2.3218549173906875,-4.2924405285262415,-3.963049356877475
powertrain_simple_cvt,SimpleCVT,EngineModelType_SIMPLE_MAP,TransmissionModelType_AUTOMATIC_SIMPLE_CVT,0.6050000000000004,0.46476664220763597,0.6870086343354592,0.007357040650798679,2.3073206400659374,1.0230899160122386,0.03705230717784351,2.467840877667999,1.7719151524651962,-1.5801720886246902,0.0065671319222750865,0.012323892449602886,0.0,0.45,0.0,150.87259017104026,1440.7271101679255,568.59,0.0,1.0,910.459843848622,150.95111621233426,0.0,1,0,0.0,0.0,0.0,0.0,-17.259714326909638,-7.262216162345209,-16.833406947937704,-16.052942443741244,-4.286411144092383,-2.3827939254781656,-4.205238229261583,-4.056630483178509
powertrain_simple_cvt,SimpleCVT,EngineModelType_SIMPLE_MAP,TransmissionModelType_AUTOMATIC_SIMPLE_CVT,0.6100000000000004,0.4763426693540745,0.6919293441848922,0.007542766960086683,2.3152054292877056,0.9841419698865792,0.0371452618576007,2.476572774495988,1.7463793655977595,-1.5809206735021932,0.00687448717997385,0.015759087463913482,0.0,0.45,0.0,150.95111621233426,1441.4769786259283,568.59,0.0,1.0,899.9864831171154,151.02013945429127,0.0,1,0,0.0,0.0,0.0,0.0,-17.605226636557052,-7.607729752858807,-16.3518033164627,-16.624390071625115,-4.340380739751026,-2.4434755350954234,-4.102558688173236,-4.154278757766945
powertrain_simple_cvt,SimpleCVT,EngineModelType_SIMPLE_MAP,TransmissionModelType_AUTOMATIC_SIMPLE_CVT,0.6150000000000004,0.4879691245535081,0.6966584857097152,0.007728162399572864,2.325291039886727,0.9458283049646226,0.03707908789723616,2.4873366087539783,2.1527668515981073,-1.5815754504377175,0.0071639300070609644,0.019152663868815763,0.0,0.45,0.0,151.02013945429127,1442.1361020346694,568.59,0.0,1.0,891.8792811602195,151.0735688526106,0.0,1,0,0.0,0.0,0.0,0.0,-17.953371077819895,-7.955875461630331,-15.800041272078143,-17.104639955491685,-4.391695776026749,-2.502999580460026,-3.984895316387742,-4.23135609663699
powertrain_simple_cvt,SimpleCVT,EngineModelType_SIMPLE_MAP,TransmissionModelType_AUTOMATIC_SIMPLE_CVT,0.6200000000000004,0.49965450941493794,0.7012251125361051,0.007913044752607302,2.3370769722859714,0.9133253652779795,0.03697647060688779,2.498207218721914,2.174121993587173,-1.582139258864175,0.00743493514002998,0.022472434073672897,0.0,0.45,0.0,151.0735688526106,1442.6463152056065,568.59,0.0,1.0,885.5488376382515,151.11528876908378,0.0,1,0,0.0,0.0,0.0,0.0,-18.3060751788168,-8.308580852730225,-15.203137574437353,-17.527987027705777,-4.443279109139241,-2.562801561631596,-3.8596324166747733,-4.296924707684055
powertrain_simple_cvt,SimpleCVT,EngineModelType_SIMPLE_MAP,TransmissionModelType_AUTOMATIC_SIMPLE_CVT,0.6250000000000004,0.5114072744308179,0.7056332264528672,0.008097171850042509,2.3505530031759987,0.8816227833524223,0.03682541948704146,2.5106482821472915,2.4882126850754616,-1.5826108923121351,0.00768706628078301,0.025722201737585715,0.0,0.45,0.0,151.11528876908378,1443.0447110615316,568.59,0.0,1.0,880.8570671352027,151.14620923663387,0.0,1,0,0.0,0.0,0.0,0.0,-18.660866459999948,-8.663373222507278,-14.547575455222987,-17.888048587102265,-4.492620297278081,-2.621461319852584,-3.7227651738469354,-4.347977528692419
powertrain_simple_cvt,SimpleCVT,EngineModelType_SIMPLE_MAP,TransmissionModelType_AUTOMATIC_SIMPLE_CVT,0.6300000000000004,0.5232338882827245,0.7099063930053088,0.008280399838606017,2.365322770381329,0.8546333104883103,0.0366455977127018,2.5230819586171878,2.4867352939792453,-1.5829903422946565,0.007919580164596785,0.02887550403524088,0.0,0.45,0.0,151.14620923663387,1443.3399797767302,568.59,0.0,1.0,877.3943164903322,151.16903001801677,0.0,1,0,0.0,0.0,0.0,0.0,-19.019781415719585,-9.022289262706654,-13.855608566951144,-18.210114508403027,-4.5422532576567205,-2.6803155006781534,-3.580475217372112,-4.391460502610203
powertrain_simple_cvt,SimpleCVT,EngineModelType_SIMPLE_MAP,TransmissionModelType_AUTOMATIC_SIMPLE_CVT,0.6350000000000005,0.5351413770371818,0.7140476089576228,0.008462426142440409,2.3814977508914374,0.8282431904627917,0.0364052607668785,2.5368369131871247,2.7509909139873807,-1.5832770202690705,0.008132186412334496,0.031936187380913854,0.0,0.45,0.0,151.16903001801677,1443.5579021864687,568.59,0.0,1.0,875.1710633293305,151.18368206188285,0.0,1,0,0.0,0.0,0.0,0.0,-19.381096530111122,-9.383605318094995,-13.120457890900775,-18.47702849369269,-4.589973487123981,-2.73813149597906,-3.4303112000954643,-4.422512359408324
powertrain_simple_cvt,SimpleCVT,EngineModelType_SIMPLE_MAP,TransmissionModelType_AUTOMATIC_SIMPLE_CVT,0.6400000000000005,0.5471350810873518,0.7180771325899049,0.008643085031921174,2.3987408100340013,0.8059047264564276,0.03613177789615302,2.550563458441791,2.7453090509332845,-1.583472733345375,0.00832445278414564,0.034881545549058646,0.0,0.45,0.0,151.18368206188285,1443.6978188989299,568.59,0.0,1.0,873.8918767598916,151.1921123648538,0.0,1,0,0.0,0.0,0.0,0.0,-19.746422469638087,-9.748932170600547,-12.362340281740394,-18.707138792404496,-4.63795846277498,-2.796082827033,-3.277560936256307,-4.446487280861939
powertrain_simple_cvt,SimpleCVT,EngineModelType_SIMPLE_MAP,TransmissionModelType_AUTOMATIC_SIMPLE_CVT,0.6450000000000005,0.5592207523829399,0.7219970580006753,0.008822092817770931,2.4171342591176193,0.7839850821540706,0.03580155716995149,2.5653922374685307,2.9657558053479223,-1.5835791258791065,0.008496263662405173,0.03771555493163937,0.0,0.45,0.0,151.1921123648538,1443.778322362305,568.59,0.0,1.0,873.5590503708951,151.19430581134785,0.0,1,0,0.0,0.0,0.0,0.0,-20.114090331036756,-10.116600810292516,-11.573514844857664,-18.889122917797593,-4.6842752186234105,-2.8530463495310885,-3.119907648494757,-4.459899320437533
powertrain_simple_cvt,SimpleCVT,EngineModelType_SIMPLE_MAP,TransmissionModelType_AUTOMATIC_SIMPLE_CVT,0.6500000000000005,0.5714025720706798,0.7258238593818939,0.008999295242135812,2.436363937547976,0.7653602762437185,0.035440484872976144,2.5801684852879894,2.9552495638917238,-1.583599507242579,0.008647400388953648,0.04041971447655077,0.0,0.45,0.0,151.19430581134785,1443.7992682334211,568.59,0.0,1.0,873.9360109524073,151.1918215045343,0.0,1,0,0.0,0.0,0.0,0.0,-20.485430162894467,-10.487941385175084,-10.767739889510937,-19.04201075059871,-4.730804282135738,-2.9100627284592595,-2.9610196012127616,-4.467928897948541
powertrain_simple_cvt,SimpleCVT,EngineModelType_SIMPLE_MAP,TransmissionModelType_AUTOMATIC_SIMPLE_CVT,0.6550000000000005,0.583685266862984,0.7295578901806218,0.009174394279938769,2.4565389584608566,0.7468061597455827,0.03501980756059143,2.595906487244182,3.147600391238556,-1.5835368551211597,0.008777511551188163,0.04299909394877384,0.0,0.45,0.0,151.1918215045343,1443.7755448508492,568.59,0.0,1.0,875.042243237592,151.18453103296184,0.0,1,0,0.0,0.0,0.0,0.0,-20.85894283972398,-10.861454668135142,-9.93413845947365,-19.159311065162054,-4.775797506015599,-2.9660945313846425,-2.798235677997121,-4.468137359245635
powertrain_simple_cvt,SimpleCVT,EngineModelType_SIMPLE_MAP,TransmissionModelType_AUTOMATIC_SIMPLE_CVT,0.6600000000000005,0.5960722050664824,0.733211644762448,0.00934719097249458,2.4773876406996798,0.7307509163652437,0.03455933851116205,2.611628920474352,3.144486646033948,-1.583395702027353,0.008886329746111685,0.04543957856053339,0.0,0.45,0.0,151.18453103296184,1443.7059259755556,568.59,0.0,1.0,876.7323081653795,151.17339289273886,0.0,1,0,0.0,0.0,0.0,0.0,-21.23603359879069,-11.238546005084626,-9.079404576256673,-19.2598709036719,-4.820915027338296,-3.0221068645656115,-2.6336211384916424,-4.465351936748973
powertrain_simple_cvt,SimpleCVT,EngineModelType_SIMPLE_MAP,TransmissionModelType_AUTOMATIC_SIMPLE_CVT,0.6650000000000005,0.6085674597114904,0.7367833909991681,0.009517312054104594,2.499050929001596,0.7143492473440234,0.034024216322002816,2.628255252551622,3.325266415454028,-1.5831800866457668,0.008973211593109274,0.04774778068241934,0.0,0.45,0.0,151.17339289273886,1443.5995645711555,568.59,0.0,1.0,878.9838598957808,151.15855435104717,0.0,1,0,0.0,0.0,0.0,0.0,-21.614717170520798,-11.617230044537537,-8.191042381850126,-19.339229141223168,-4.86444794072688,-3.077019114725794,-2.4644585268096124,-4.457618419914972
powertrain_simple_cvt,SimpleCVT,EngineModelType_SIMPLE_MAP,TransmissionModelType_AUTOMATIC_SIMPLE_CVT,0.6700000000000005,0.6211740078704039,0.7402817040812838,0.009684451352018657,2.5213096317826906,0.699662616423143,0.033427859582812615,2.644973355163287,3.3436205223329876,-1.5828954878394617,0.009037339721372965,0.04991395460882047,0.0,0.45,0.0,151.15855435104717,1443.457866935645,568.59,0.0,1.0,881.7647885936946,151.14022702333432,0.0,1,0,0.0,0.0,0.0,0.0,-21.99712961537554,-11.99964289988332,-7.270694794190382,-19.416351560439118,-4.907960428443275,-3.131829489944738,-2.291695236596871,-4.449465220675952
powertrain_simple_cvt,SimpleCVT,EngineModelType_SIMPLE_MAP,TransmissionModelType_AUTOMATIC_SIMPLE_CVT,0.6750000000000005,0.6338966878915282,0.7437025879058964,0.009847890190524546,2.544536004224861,0.6841767649225239,0.032687767701177775,2.662844441890569,3.574217345456351,-1.5825468393811881,0.009076884914949823,0.05194701508299602,0.0,0.45,0.0,151.14022702333432,1443.282853847695,568.59,0.0,1.0,885.2670032142696,151.11714616005284,0.0,1,0,0.0,0.0,0.0,0.0,-22.382088178468187,-12.38460179722134,-6.281635689357826,-19.49583600556742,-4.949664903292319,-3.1854541305396555,-2.1084915678865426,-4.440341161090104
powertrain_simple_cvt,SimpleCVT,EngineModelType_SIMPLE_MAP,TransmissionModelType_AUTOMATIC_SIMPLE_CVT,0.6800000000000005,0.6467413105017797,0.7470509333994465,0.010006645811121779,2.5689245220503176,0.6696690987100223,0.03175112411944668,2.681581213769829,3.747354375852027,-1.5821402219645893,0.00908874096531301,0.05384230203800929,0.0,0.45,0.0,151.11714616005284,1443.0624478387704,568.59,0.0,1.0,889.7433204143381,151.08764560783302,0.0,1,0,0.0,0.0,0.0,0.0,-22.77203846038971,-12.77455235563317,-5.187997192576049,-19.60511566718998,-4.990399700590831,-3.238515887972382,-1.9091053697248699,-4.4354521148593165
powertrain_simple_cvt,SimpleCVT,EngineModelType_SIMPLE_MAP,TransmissionModelType_AUTOMATIC_SIMPLE_CVT,0.6850000000000005,0.6597179285560034,0.7503201687021448,0.010157981920773215,2.5953236108447406,0.6538470605396616,0.03026722193028708,2.702680013143837,4.219759874801628,-1.5816807339852557,0.009066490473616844,0.05561286327457106,0.0,0.45,0.0,151.08764560783302,1442.780738316187,568.59,0.0,1.0,895.8608863837711,151.04732863156138,0.0,1,0,0.0,0.0,0.0,0.0,-23.16807914661313,-13.170593269413366,-3.906266356358337,-19.765112095606238,-5.02810556116475,-3.2898980816076238,-1.6791608891640901,-4.436450533750657
powertrain_simple_cvt,SimpleCVT,EngineModelType_SIMPLE_MAP,TransmissionModelType_AUTOMATIC_SIMPLE_CVT,0.6900000000000005,0.6728227911221628,0.7535088649689627,0.010293456317009408,2.6209725132318775,0.6377392533635888,0.027094879247238676,2.722830011701287,4.029999711490003,-1.5811684293710753,0.009004166437050534,0.05725708844544735,0.0,0.45,0.0,151.04732863156138,1442.395739552338,568.59,0.0,1.0,901.3542619364144,151.01112529629478,0.0,1,0,0.0,0.0,0.0,0.0,-23.56354232964143,-13.56605662930399,-2.692044405520914,-19.90997804281894,-5.0665441812800305,-3.341200142026821,-1.4645870879628953,-4.436020112204861
powertrain_simple_cvt,SimpleCVT,EngineModelType_SIMPLE_MAP,TransmissionModelType_AUTOMATIC_SIMPLE_CVT,0.6950000000000005,0.6858756765474611,0.756610665245676,0.010419578716299591,2.610577085059646,0.6203600553426422,0.02522447985803658,2.704235905823754,-3.718821175506634,-1.580584199138539,0.00898803449420449,0.058714836146719226,0.0,0.45,0.0,151.01112529629478,1442.0500231664923,568.59,0.0,1.0,876.4703287695198,151.17511943187867,0.0,1,0,0.0,0.0,0.0,0.0,-23.854682953600555,-13.85719732242583,-5.024619694442887,-18.954096374069888,-5.145095291337892,-3.407887938986739,-1.873100157177113,-4.293547677181058
powertrain_simple_cvt,SimpleCVT,EngineModelType_SIMPLE_MAP,TransmissionModelType_AUTOMATIC_SIMPLE_CVT,0.7000000000000005,0.6989118813788953,0.7596327885821824,0.01054444363157308,2.6072409662868306,0.6044246673012807,0.024972983054698052,2.6935749311711,-2.13219493053076,-1.5799308714239775,0.009008317878529725,0.06000841956725514,0.0,0.45,0.0,151.17511943187867,1443.616051805468,568.59,0.0,1.0,858.4361436047691,151.29397124630913,0.0,1,0,0.0,0.0,0.0,0.0,-24.168287356828774,-14.170801941913798,-6.625884160012934,-18.2375903358713,-5.21621024815383,-3.472127192544885,-2.1558998900529573,-4.181587265181432
powertrain_simple_cvt,SimpleCVT,EngineModelType_SIMPLE_MAP,TransmissionModelType_AUTOMATIC_SIMPLE_CVT,0.7050000000000005,0.7119407422586654,0.7625597105665689,0.0106704456670724,2.605772175954038,0.5853843968773045,0.02520040709986387,2.6850589197225085,-1.703202289718318,-1.57924265213946,0.009063421123554159,0.061151668510174784,0.0,0.45,0.0,151.29397124630913,1444.751003031191,568.59,0.0,1.0,842.7591434418227,151.39728835751606,0.0,1,0,0.0,0.0,0.0,0.0,-24.476668891484085,-14.479183575051806,-8.037064011191376,-17.572788570654673,-5.283550959580813,-3.5339363363467604,-2.40653017001546,-4.075334134643127
powertrain_simple_cvt,SimpleCVT,EngineModelType_SIMPLE_MAP,TransmissionModelType_AUTOMATIC_SIMPLE_CVT,0.7100000000000005,0.7249311828305597,0.7653860719227993,0.010794466842287385,2.59808811437885,0.5652722712460696,0.02480423504299708,2.669869241380126,-3.0379356684765186,-1.5785073679974417,0.009164450922185539,0.06213756529512199,0.0,0.45,0.0,151.39728835751606,1445.7376087684643,568.59,0.0,1.0,823.4114101404238,151.5247969300954,0.0,1,0,0.0,0.0,0.0,0.0,-24.76030551065128,-14.762820181524448,-10.053174417178143,-16.7151835580659,-5.3578417171623975,-3.598273014940759,-2.769370044575687,-3.941891172870693
powertrain_simple_cvt,SimpleCVT,EngineModelType_SIMPLE_MAP,TransmissionModelType_AUTOMATIC_SIMPLE_CVT,0.7150000000000005,0.7380341163705193,0.7681091120514555,0.01091099884074448,2.620586707991914,0.5446080257312366,0.023306399691419358,2.687433867892549,3.51292530248459,-1.5777544616826054,0.009237908852440059,0.0630308689922419,0.0,0.45,0.0,151.5247969300954,1446.9552259452198,568.59,0.0,1.0,826.6663633093576,151.50334560936867,0.0,1,0,0.0,0.0,0.0,0.0,-25.127284621045487,-15.129799474884141,-9.02171563555711,-16.817057517340636,-5.393526175469543,-3.6454577573747815,-2.5774543246612778,-3.9404761999205116
powertrain_simple_cvt,SimpleCVT,EngineModelType_SIMPLE_MAP,TransmissionModelType_AUTOMATIC_SIMPLE_CVT,0.7200000000000005,0.7512284355954243,0.7707165370310136,0.01102451626490026,2.638863844980989,0.5214849959116228,0.022703484831155696,2.7000938572958892,2.5319978806680665,-1.5770005761005181,0.009297224666233554,0.06382089711784687,0.0,0.45,0.0,151.50334560936867,1446.7503809214493,568.59,0.0,1.0,827.0536810156717,151.50079304535004,0.0,1,0,0.0,0.0,0.0,0.0,-25.474568635945666,-15.477083342094621,-8.38974827527511,-16.804999443916756,-5.433364332756631,-3.693492095765057,-2.4600761762037346,-3.9245906461210573
powertrain_simple_cvt,SimpleCVT,EngineModelType_SIMPLE_MAP,TransmissionModelType_AUTOMATIC_SIMPLE_CVT,0.7250000000000005,0.7644980471641859,0.7731948648404591,0.011135505546920856,2.653922313752321,0.4956655618890805,0.0221978564041192,2.7099530822938895,1.9718449996000569,-1.5762459101506345,0.009349020683244965,0.06452294563024398,0.0,0.45,0.0,151.50079304535004,1446.726005730582,568.59,0.0,1.0,825.0220679442649,151.51418211159017,0.0,1,0,0.0,0.0,0.0,0.0,-25.811574943853945,-15.814089561033825,-8.033632691701442,-16.727755194127592,-5.47567123776559,-3.7421289074273023,-2.393014523570676,-3.900556550989067
powertrain_simple_cvt,SimpleCVT,EngineModelType_SIMPLE_MAP,TransmissionModelType_AUTOMATIC_SIMPLE_CVT,0.7300000000000005,0.777840709282313,0.7755371932891787,0.01124405462863924,2.6685324236254155,0.46846568974393477,0.02170981634367664,2.7194216493033285,1.893713401887796,-1.575499804902789,0.009392970482098193,0.0651419288810254,0.0,0.45,0.0,151.51418211159017,1446.853861895112,568.59,0.0,1.0,822.6645030702334,151.5297193183093,0.0,1,0,0.0,0.0,0.0,0.0,-26.1467530988112,-16.14926758977776,-7.6726522151803564,-16.682138891838186,-5.518004511833958,-3.7904980613729506,-2.325788987830147,-3.882575075212397
powertrain_simple_cvt,SimpleCVT,EngineModelType_SIMPLE_MAP,TransmissionModelType_AUTOMATIC_SIMPLE_CVT,0.7350000000000005,0.7912539079065651,0.7777331548194054,0.011349545019421552,2.682639724850436,0.4391923060453334,0.021098078156462648,2.7286763991030023,1.850949959934754,-1.5747628727102883,0.009428883247247164,0.06568903914918832,0.0,0.45,0.0,151.5297193183093,1447.0022312901835,568.59,0.0,1.0,819.9681031472232,151.54748957076887,0.0,1,0,0.0,0.0,0.0,0.0,-26.47863105485494,-16.48114542403965,-7.327536496186717,-16.648169398374435,-5.559833015291406,-3.838185662947089,-2.261860659142295,-3.8669485333137317
powertrain_simple_cvt,SimpleCVT,EngineModelType_SIMPLE_MAP,TransmissionModelType_AUTOMATIC_SIMPLE_CVT,0.7400000000000005,0.8047333976256476,0.7797773068456546,0.011452048686929558,2.6958979438164747,0.40883040524983066,0.020500733501601157,2.7371059853420325,1.6859172478060442,-1.5740440454143136,0.009457547237939673,0.06616762711199445,0.0,0.45,0.0,151.54748957076887,1447.1719247013193,568.59,0.0,1.0,816.7161594216295,151.56892105817363,0.0,1,0,0.0,0.0,0.0,0.0,-26.806591624439665,-16.809105845789404,-7.022982774578738,-16.62591492104364,-5.602093405144533,-3.8857482608403346,-2.2056893753648943,-3.8542984682495383
powertrain_simple_cvt,SimpleCVT,EngineModelType_SIMPLE_MAP,TransmissionModelType_AUTOMATIC_SIMPLE_CVT,0.7450000000000006,0.8182757352280832,0.7816599594036358,0.011551084126025282,2.708467520487128,0.37653051159622114,0.019807087819144913,2.745111042153343,1.6010113622621156,-1.5733449123050145,0.009479387276593006,0.0665878278186461,0.0,0.45,0.0,151.56892105817363,1447.376580330816,568.59,0.0,1.0,813.014194785475,151.59331834643172,0.0,1,0,0.0,0.0,0.0,0.0,-27.13048961255482,-17.133003692649865,-6.756598808510293,-16.606416665331647,-5.644117076932208,-3.932776966596184,-2.156574627170085,-3.842637354632535
powertrain_simple_cvt,SimpleCVT,EngineModelType_SIMPLE_MAP,TransmissionModelType_AUTOMATIC_SIMPLE_CVT,0.7500000000000006,0.8318773574976338,0.7833762728358441,0.011646550456821433,2.7203244539101346,0.34326268644166463,0.019093266159230224,2.7524335100371378,1.4644935767589282,-1.5726726035909138,0.009494976340325489,0.06695267934547604,0.0,0.45,0.0,151.59331834643172,1447.6095572722747,568.59,0.0,1.0,808.8950218791699,151.62046518835413,0.0,1,0,0.0,0.0,0.0,0.0,-27.450713338758653,-17.453227256561917,-6.525720020078856,-16.595049988651816,-5.686431171123421,-3.979643816263444,-2.114081712147764,-3.8331343740842154
powertrain_simple_cvt,SimpleCVT,EngineModelType_SIMPLE_MAP,TransmissionModelType_AUTOMATIC_SIMPLE_CVT,0.7550000000000006,0.8455355084768099,0.7849183133708078,0.011737818427164854,2.7316301958352205,0.3084081069927275,0.018253594068684154,2.759423131800831,1.397924352738665,-1.5720283666988213,0.009504602709701127,0.06727046708218175,0.0,0.45,0.0,151.62046518835413,1447.868790517152,568.59,0.0,1.0,804.4610161502662,151.6496868926486,0.0,1,0,0.0,0.0,0.0,0.0,-27.76709967346356,-17.769613437655096,-6.328543692535568,-16.581874619957375,-5.728437616613516,-4.0259735298025365,-2.077682739863726,-3.8237144184672167
powertrain_simple_cvt,SimpleCVT,EngineModelType_SIMPLE_MAP,TransmissionModelType_AUTOMATIC_SIMPLE_CVT,0.7600000000000006,0.8592473586476176,0.7862826897693139,0.011824481273583529,2.742370034161542,0.27287527970123243,0.01733256928373493,2.7658556848016707,1.2865106001679105,-1.5714174839583948,0.009508620180813544,0.06754303960029058,0.0,0.45,0.0,151.6496868926486,1448.147837238194,568.59,0.0,1.0,799.7442677008098,151.6807719739155,0.0,1,0,0.0,0.0,0.0,0.0,-28.080027169242484,-18.0825407655876,-6.164509110991991,-16.569662635701626,-5.770604930449649,-4.072100237348031,-2.0473080165290143,-3.8150725705974446
powertrain_simple_cvt,SimpleCVT,EngineModelType_SIMPLE_MAP,TransmissionModelType_AUTOMATIC_SIMPLE_CVT,0.7650000000000006,0.8730093976682997,0.7874634877384229,0.0119057255145095,2.752407804136408,0.23615959382179844,0.016248848185194294,2.771730154975789,1.174894034823647,-1.5708405109435337,0.009507791251925933,0.06777608487675281,0.0,0.45,0.0,151.6807719739155,1448.4446778985966,568.59,0.0,1.0,794.6420169543021,151.71439765499633,0.0,1,0,0.0,0.0,0.0,0.0,-28.388616111895395,-18.391129549095293,-6.0613872169831975,-16.540285977451358,-5.812810037453364,-4.11790516822348,-2.0276057530879243,-3.8041259236046674
powertrain_simple_cvt,SimpleCVT,EngineModelType_SIMPLE_MAP,TransmissionModelType_AUTOMATIC_SIMPLE_CVT,0.7700000000000006,0.8868155255587892,0.7884590401243539,0.011981243512025445,2.761225578097908,0.19911047718619188,0.015103599503189189,2.776300472839866,0.9140635728154037,-1.5703006542720104,0.00950444391955866,0.06796849293886903,0.0,0.45,0.0,151.71439765499633,1448.765779500127,568.59,0.0,1.0,788.8432283442436,151.75261377296943,0.0,1,0,0.0,0.0,0.0,0.0,-28.691779209519762,-18.694292477054876,-6.071697750626561,-16.47873416107147,-5.856198809332184,-4.16408404670353,-2.027659218060431,-3.7890919077526344
powertrain_simple_cvt,SimpleCVT,EngineModelType_SIMPLE_MAP,TransmissionModelType_AUTOMATIC_SIMPLE_CVT,0.7750000000000006,0.9006583685459143,0.7892657434871109,0.01205084175883424,2.768568597425022,0.16134067255140255,0.01391964936175885,2.7794192156337902,0.623748558784864,-1.5697976323847338,0.009501944017342903,0.06812218719938706,0.0,0.45,0.0,151.75261377296943,1449.1307165449996,568.59,0.0,1.0,782.1905125739532,151.7964575803256,0.0,1,0,0.0,0.0,0.0,0.0,-28.988191117861906,-18.990704227166404,-6.234071787968438,-16.364414481966357,-5.9008623563024445,-4.210646262410119,-2.053957717745137,-3.7666349580599428
powertrain_simple_cvt,SimpleCVT,EngineModelType_SIMPLE_MAP,TransmissionModelType_AUTOMATIC_SIMPLE_CVT,0.7800000000000006,0.9145321066623201,0.7898839783182512,0.012115008248481482,2.7747476232811645,0.12364696622806241,0.012833297929448439,2.7812532455241454,0.3668059780710383,-1.569333981093907,0.009503572147586532,0.06823439054632312,0.0,0.45,0.0,151.7964575803256,1449.5493940648817,568.59,0.0,1.0,774.9644213948765,151.84408013937264,0.0,1,0,0.0,0.0,0.0,0.0,-29.279088717219267,-19.28160166759095,-6.516907193970348,-16.207446115576253,-5.946778510861028,-4.257676962060853,-2.1010484914938257,-3.738290352367398
powertrain_simple_cvt,SimpleCVT,EngineModelType_SIMPLE_MAP,TransmissionModelType_AUTOMATIC_SIMPLE_CVT,0.7850000000000006,0.9284369428253235,0.7903121998795299,0.012173728181722548,2.7809672326006942,0.08564431225574395,0.011743986648213326,2.783215686439889,0.39248818314874223,-1.5689107926339574,0.009509811792452682,0.06830777623240508,0.0,0.45,0.0,151.84408013937264,1450.0041560053828,568.59,0.0,1.0,767.9790917143845,151.8901159929106,0.0,1,0,0.0,0.0,0.0,0.0,-29.56757950970598,-19.57009231683727,-6.80725221255724,-16.035344168110463,-5.991997450755569,-4.304086860564065,-2.1492921049077065,-3.707303016904667
powertrain_simple_cvt,SimpleCVT,EngineModelType_SIMPLE_MAP,TransmissionModelType_AUTOMATIC_SIMPLE_CVT,0.7900000000000006,0.9423797208252485,0.7905525030892034,0.012226927116606735,2.78855559998498,0.04806064193470183,0.010639786976837293,2.786565837760452,0.670030264112586,-1.5685315229057122,0.009518148869092209,0.06834219230646134,0.0,0.45,0.0,151.8901159929106,1450.4437660243843,568.59,0.0,1.0,762.1021866055487,151.92884692691402,0.0,1,0,0.0,0.0,0.0,0.0,-29.8580316903988,-19.86054435379612,-6.968745258782167,-15.89066801697039,-6.034974914712391,-4.349093592329853,-2.1751430211078486,-3.6796513471849615
powertrain_simple_cvt,SimpleCVT,EngineModelType_SIMPLE_MAP,TransmissionModelType_AUTOMATIC_SIMPLE_CVT,0.7950000000000006,0.9563681998686229,0.790605393707543,0.012274989143583511,2.797695808674878,0.010578123667917277,0.009612405395355168,2.7915773740321694,1.00230725434347,-1.568198696002684,0.009526301775471143,0.06834005367602221,0.0,0.45,0.0,151.92884692691402,1450.8136192002166,568.59,0.0,1.0,757.3765010031933,151.95999090725675,0.0,1,0,0.0,0.0,0.0,0.0,-30.15075229870898,-20.153264821794266,-6.992376773845367,-15.77079585543598,-6.075208961412109,-4.392354167881286,-2.1770112039860923,-3.6546629305013014
powertrain_simple_cvt,SimpleCVT,EngineModelType_SIMPLE_MAP,TransmissionModelType_AUTOMATIC_SIMPLE_CVT,0.8000000000000006,0.9704052883002942,0.7904737344827639,0.012318670540388953,2.807417686334259,-0.02633184495580878,0.008736279361088343,2.797096608644507,1.103846922467521,-1.567915377533207,0.009534558973274558,0.06829856727631234,0.0,0.45,0.0,151.95999090725675,1451.111022305363,568.59,0.0,1.0,753.1545904780899,151.98781482731124,0.0,1,0,0.0,0.0,0.0,0.0,-30.443617155272772,-20.446129529978393,-6.977809325218571,-15.646279329535394,-6.114394567942793,-4.434860360719816,-2.1722414562967742,-3.628506514300056
powertrain_simple_cvt,SimpleCVT,EngineModelType_SIMPLE_MAP,TransmissionModelType_AUTOMATIC_SIMPLE_CVT,0.8050000000000006,0.9844932244349283,0.7901592262795517,0.012358103102714776,2.817587226926818,-0.06290164064243282,0.00788651246516468,2.8030737071190153,1.1954196949016438,-1.5676817656008775,0.009543066897403358,0.06821714689676713,0.0,0.45,0.0,151.98781482731124,1451.376721170135,568.59,0.0,1.0,749.3066576371077,152.01317409892673,0.0,1,0,0.0,0.0,0.0,0.0,-30.73623870161857,-20.738750934939212,-6.944202503605867,-15.507995747621472,-6.1525432703426715,-4.476590372767593,-2.164108081837839,-3.5997201512396493
powertrain_simple_cvt,SimpleCVT,EngineModelType_SIMPLE_MAP,TransmissionModelType_AUTOMATIC_SIMPLE_CVT,0.8100000000000006,0.9986352022545749,0.7896664515259807,0.012393126780843016,2.828395563929341,-0.09855495071419437,0.007004735625647852,2.8095968171789494,1.3046220119868213,-1.567498220975942,0.009551203481704726,0.06809173297106849,0.0,0.45,0.0,152.01317409892673,1451.6188843759837,568.59,0.0,1.0,745.9517947026892,152.03528386120757,0.0,1,0,0.0,0.0,0.0,0.0,-31.029868598849923,-21.032380693857284,-6.872327515696364,-15.362734731716518,-6.189689554546106,-4.51762773491712,-2.14938438137476,-3.56938967409636
powertrain_simple_cvt,SimpleCVT,EngineModelType_SIMPLE_MAP,TransmissionModelType_AUTOMATIC_SIMPLE_CVT,0.8150000000000006,1.0128353676094384,0.7889989917497948,0.012423301516129463,2.8400330709726873,-0.133491955237183,0.006034947057289292,2.816938865641559,1.4684096925218868,-1.5673636636282764,0.009557886945069732,0.06792039964482302,0.0,0.45,0.0,152.03528386120757,1451.8300170534387,568.59,0.0,1.0,743.1750900441348,152.0535833509706,0.0,1,0,0.0,0.0,0.0,0.0,-31.324991428115098,-21.32750339443094,-6.748627494519174,-15.21115271499899,-6.225393298948604,-4.557689507315819,-2.1257539516933472,-3.537407093905863
powertrain_simple_cvt,SimpleCVT,EngineModelType_SIMPLE_MAP,TransmissionModelType_AUTOMATIC_SIMPLE_CVT,0.8200000000000006,1.0270981526366205,0.788162522563534,0.01244817472944232,2.8525570054364184,-0.16729383725216782,0.004974642662571231,2.8250720652068946,1.62663991306715,-1.5672774564790368,0.009561821915281547,0.0676984144022718,0.0,0.45,0.0,152.0535833509706,1452.0047643085493,568.59,0.0,1.0,741.0045448061807,152.06788803052652,0.0,1,0,0.0,0.0,0.0,0.0,-31.62226688922329,-21.62477873363597,-6.5668329435393655,-15.05638631836254,-6.259796163875133,-4.596893563205923,-2.0922747204125436,-3.504359452678393
powertrain_simple_cvt,SimpleCVT,EngineModelType_SIMPLE_MAP,TransmissionModelType_AUTOMATIC_SIMPLE_CVT,0.8250000000000006,1.0414284872739994,0.7871614745055632,0.012466996125019775,2.8660669274757655,-0.20020961159416303,0.003764279115490916,2.8341769472953984,1.8209764177007577,-1.5672378388008334,0.009561324863258596,0.06742320097057324,0.0,0.45,0.0,152.06788803052652,1452.1413639361897,568.59,0.0,1.0,739.4706043492768,152.077997253919,0.0,1,0,0.0,0.0,0.0,0.0,-31.92198199660752,-21.924493728777456,-6.3207050660133,-14.898184587419642,-6.292590977609998,-4.6350304849469035,-2.047958319382267,-3.4700846375555643
powertrain_simple_cvt,SimpleCVT,EngineModelType_SIMPLE_MAP,TransmissionModelType_AUTOMATIC_SIMPLE_CVT,0.8300000000000006,1.0558305335114162,0.7860019294139853,0.012478775018084315,2.8804092474833425,-0.2319090183155848,0.00235577861290779,2.8440150567358327,1.967621888086855,-1.5672428787497013,0.009554785990443997,0.06708949164129033,0.0,0.45,0.0,152.077997253919,1452.2378999086136,568.59,0.0,1.0,738.4729697791499,152.08457202720177,0.0,1,0,0.0,0.0,0.0,0.0,-32.224109722296184,-22.226621351077366,-6.025067422386515,-14.733590443135691,-6.324201474476743,-4.672374851931515,-1.9954867063991069,-3.4343451110893803
powertrain_simple_cvt,SimpleCVT,EngineModelType_SIMPLE_MAP,TransmissionModelType_AUTOMATIC_SIMPLE_CVT,0.8350000000000006,1.0703046867706494,0.7846885875711078,0.012482022614183505,2.894830651846657,-0.2626683685754898,0.0006495192198379979,2.8538494780027115,1.9668842533757651,-1.5672887807644693,0.00954189098907802,0.06669262645465364,0.0,0.45,0.0,152.08457202720177,1452.3006843686733,568.59,0.0,1.0,737.5402063510155,152.09071927615454,0.0,1,0,0.0,0.0,0.0,0.0,-32.526395934237414,-22.528907471518178,-5.759265391124067,-14.536725482049878,-6.355627045962807,-4.709492635286188,-1.9482906607895836,-3.3935415503398696
powertrain_simple_cvt,SimpleCVT,EngineModelType_SIMPLE_MAP,TransmissionModelType_AUTOMATIC_SIMPLE_CVT,0.8400000000000006,1.084837367630735,0.7832274792337419,0.01247570941443235,2.9065361720171103,-0.29222166747317996,-0.0012626399502312837,2.8606092118432382,1.3519467681053488,-1.5673695892548396,0.009528911461356664,0.06622070976125298,0.0,0.45,0.0,152.09071927615454,1452.3593862721084,568.59,0.0,1.0,735.0178020725356,152.1073428342741,0.0,1,0,0.0,0.0,0.0,0.0,-32.82074743137112,-22.823258894875988,-5.805857150025487,-14.22173995165392,-6.39132334264693,-4.7490788012221286,-1.9537032403804202,-3.3361441946053536
powertrain_simple_cvt,SimpleCVT,EngineModelType_SIMPLE_MAP,TransmissionModelType_AUTOMATIC_SIMPLE_CVT,0.8450000000000006,1.0993982694491513,0.7816238321338469,0.012460461655900352,2.9121803636832713,-0.3207294199790008,-0.0030495517063994435,2.8607810927763437,0.03437618662109895,-1.5674766459728706,0.009531042208160414,0.06565779679053799,0.0,0.45,0.0,152.1073428342741,1452.5181295588984,568.59,0.0,1.0,728.9940333757787,152.14704165253391,0.0,1,0,0.0,0.0,0.0,0.0,-33.09690768711218,-23.099419102508516,-6.5035868881071535,-13.68247928195744,-6.436360356772635,-4.794214476485759,-2.0682521240224347,-3.2474271208050283
powertrain_simple_cvt,SimpleCVT,EngineModelType_SIMPLE_MAP,TransmissionModelType_AUTOMATIC_SIMPLE_CVT,0.8500000000000006,1.1139561488804044,0.7798838358587485,0.012437448239086225,2.911575886250613,-0.34799925501966716,-0.004602683362825382,2.854187502709911,-1.318718013286534,-1.5676018806802394,0.009564209843031031,0.06498757371616909,0.0,0.45,0.0,152.14704165253391,1452.8972253485558,568.59,0.0,1.0,719.578086216546,152.20909615592473,0.0,1,0,0.0,0.0,0.0,0.0,-33.35391645353267,-23.356427845905706,-7.864658824591169,-12.915903179924968,-6.491231857274356,-4.84529237633151,-2.2948004215443434,-3.1264135234578494
powertrain_simple_cvt,SimpleCVT,EngineModelType_SIMPLE_MAP,TransmissionModelType_AUTOMATIC_SIMPLE_CVT,0.8550000000000006,1.128511583439101,0.7780134891122163,0.012406604800415414,2.911086911739354,-0.3740693493064336,-0.006168687734162187,2.847739442530362,-1.289612035909825,-1.5677410089064312,0.009628851279971337,0.06420666434511338,0.0,0.45,0.0,152.20909615592473,1453.4898022059015,568.59,0.0,1.0,710.5693450022272,152.26846702459858,0.0,1,0,0.0,0.0,0.0,0.0,-33.6097555660182,-23.61226694235895,-9.241927233212568,-12.119731715953856,-6.545881025701869,-4.896214685412243,-2.5249926106398983,-2.9998535850128074
powertrain_simple_cvt,SimpleCVT,EngineModelType_SIMPLE_MAP,TransmissionModelType_AUTOMATIC_SIMPLE_CVT,0.8600000000000007,1.1431492179686813,0.7760212238839456,0.012365855676624763,2.9275269059160327,-0.39845304565414785,-0.008149824758130338,2.8594131471620976,2.334740926347132,-1.567903286571428,0.009686153061947114,0.06333905237962215,0.0,0.45,0.0,152.26846702459858,1454.0567522394078,568.59,0.0,1.0,711.1255557448513,152.26480139427687,0.0,1,0,0.0,0.0,0.0,0.0,-33.914339366475346,-23.916850701633393,-8.935198091066603,-11.820205936887161,-6.573293276672254,-4.9303617792523315,-2.468360592508033,-2.942466682457485
powertrain_simple_cvt,SimpleCVT,EngineModelType_SIMPLE_MAP,TransmissionModelType_AUTOMATIC_SIMPLE_CVT,0.8650000000000007,1.1578825639975732,0.7739087687528557,0.012320356530801232,2.946669205778358,-0.42249102621796725,-0.009099829164706207,2.8737001667317426,2.857403913928988,-1.5681012747366276,0.009736689760530316,0.0623802203500203,0.0,0.45,0.0,152.26480139427687,1454.0217480482931,568.59,0.0,1.0,713.2276413612275,152.25094788843163,0.0,1,0,0.0,0.0,0.0,0.0,-34.224290165175134,-24.226801466473002,-8.408264141790017,-11.557862315179769,-6.59626718708996,-4.961503757729491,-2.3748975505404406,-2.8899116772087226
powertrain_simple_cvt,SimpleCVT,EngineModelType_SIMPLE_MAP,TransmissionModelType_AUTOMATIC_SIMPLE_CVT,0.8700000000000007,1.1727060539102754,0.7716753409643817,0.012270938835185968,2.9646979825404367,-0.4466855576947949,-0.009883539123052745,2.8869683069514203,2.6536280439355386,-1.568331135168842,0.009785249125093926,0.061330199748524473,0.0,0.45,0.0,152.25094788843163,1453.8894568122275,568.59,0.0,1.0,714.7002161294378,152.24124308716185,0.0,1,0,0.0,0.0,0.0,0.0,-34.530873148058504,-24.533384401285335,-8.037137785271668,-11.218902162173363,-6.620448708495548,-4.993198436714937,-2.30817197965267,-2.8260547278304338
powertrain_simple_cvt,SimpleCVT,EngineModelType_SIMPLE_MAP,TransmissionModelType_AUTOMATIC_SIMPLE_CVT,0.8750000000000007,1.1876240674706664,0.7693245863448568,0.012217528736701528,2.9836027120782207,-0.47015092390497776,-0.010682019696887845,2.9011568817915783,2.837714968031599,-1.568590695573064,0.009830289907430905,0.060186434671589815,0.0,0.45,0.0,152.24124308716185,1453.796782786599,568.59,0.0,1.0,716.6464144456079,152.22841693510642,0.0,1,0,0.0,0.0,0.0,0.0,-34.84121818064408,-24.843729396631883,-7.597442105569289,-10.891217997301537,-6.643227543411705,-5.02393559505411,-2.230556702332612,-2.7640491519271304
powertrain_simple_cvt,SimpleCVT,EngineModelType_SIMPLE_MAP,TransmissionModelType_AUTOMATIC_SIMPLE_CVT,0.8800000000000007,1.2026430578675085,0.7668585077327504,0.01215941586238702,3.0037980793683987,-0.4932157224212613,-0.011622574862901677,2.916789054952437,3.1264346321717236,-1.5688745743744437,0.009868944072912741,0.05894927742901327,0.0,0.45,0.0,152.22841693510642,1453.6743020565707,568.59,0.0,1.0,719.3028896404634,152.21090980107104,0.0,1,0,0.0,0.0,0.0,0.0,-35.15618428415036,-25.158695468389283,-7.054368877010386,-10.581044307641802,-6.663724967382545,-5.053111410481791,-2.1364716038271183,-2.704625403650234
powertrain_simple_cvt,SimpleCVT,EngineModelType_SIMPLE_MAP,TransmissionModelType_AUTOMATIC_SIMPLE_CVT,0.8850000000000007,1.2177686767837244,0.7642804522604774,0.012096000510468212,3.025123783243173,-0.5156110944546256,-0.012683070383761343,2.9336183436461423,3.3658577387410706,-1.5691807904334836,0.009898793720308526,0.05761655502312317,0.0,0.45,0.0,152.21090980107104,1453.5071212413045,568.59,0.0,1.0,722.5991952118356,152.18918595302935,0.0,1,0,0.0,0.0,0.0,0.0,-35.47561914486951,-25.478130309279383,-6.422715527185641,-10.284485151795755,-6.682400190972131,-5.081026237874685,-2.0287752777252788,-2.6473443395579443
powertrain_simple_cvt,SimpleCVT,EngineModelType_SIMPLE_MAP,TransmissionModelType_AUTOMATIC_SIMPLE_CVT,0.8900000000000007,1.2330079646290384,0.7615908554505672,0.012025961478082709,3.0478575690628276,-0.5379193619820443,-0.014007806477100499,2.9520833697095603,3.6930052126836057,-1.5695047917743992,0.009916214198626701,0.0561905812110767,0.0,0.45,0.0,152.18918595302935,1453.2996737733758,568.59,0.0,1.0,726.6937202229739,152.16220154966655,0.0,1,0,0.0,0.0,0.0,0.0,-35.80029784137035,-25.802808988451893,-5.67624476210754,-10.0082767791887,-6.69853823515662,-5.107180734826752,-1.9035203548390138,-2.5930746762763217
powertrain_simple_cvt,SimpleCVT,EngineModelType_SIMPLE_MAP,TransmissionModelType_AUTOMATIC_SIMPLE_CVT,0.8950000000000007,1.2483669580416152,0.7587908199066168,0.011946451304460613,3.0717986825153805,-0.5600071087900774,-0.015902034724419024,2.9719109042560037,3.9655069092886706,-1.569842662738837,0.009916509127617705,0.054671602332452864,0.0,0.45,0.0,152.16220154966655,1453.0419917024815,568.59,0.0,1.0,731.4929458564094,152.1305729138738,0.0,1,0,0.0,0.0,0.0,0.0,-36.12998131685483,-26.132492458097744,-4.829860142101364,-9.752228983426196,-6.712647104082777,-5.1319065751516035,-1.763667335223024,-2.5419615684808634
powertrain_simple_cvt,SimpleCVT,EngineModelType_SIMPLE_MAP,TransmissionModelType_AUTOMATIC_SIMPLE_CVT,0.9000000000000007,1.2637919680296898,0.7558782704022825,0.011855357337805876,3.085001997614931,-0.5825099008668493,-0.018218793330947662,2.9803452454180506,1.686868232409376,-1.5701800791998664,0.009922589024245266,0.05304085735771678,0.0,0.45,0.0,152.1305729138738,1452.739960478701,568.59,0.0,1.0,730.0651330060722,152.1399827178865,0.0,1,0,0.0,0.0,0.0,0.0,-36.42884464919445,-26.43135584921506,-5.085581749814187,-9.14058565405868,-6.743601056613613,-5.167334013614923,-1.801824844927482,-2.4411622966988498
powertrain_simple_cvt,SimpleCVT,EngineModelType_SIMPLE_MAP,TransmissionModelType_AUTOMATIC_SIMPLE_CVT,0.9050000000000007,1.2791977753389505,0.7528570502340457,0.011757607344433589,3.0811614618521417,-0.6042440336473713,-0.019549998674457246,2.9706005924738297,-1.948930588844176,-1.5704993760717887,0.009977159376671957,0.05126632520677428,0.0,0.45,0.0,152.1399827178865,1452.8298174880301,568.59,0.0,1.0,719.007612089816,152.2128557871156,0.0,1,0,0.0,0.0,0.0,0.0,-36.67891547267827,-26.681426788218186,-7.062717677361146,-7.985070590886355,-6.80199924024736,-5.220561484956406,-2.1172054045233413,-2.263106416986468
powertrain_simple_cvt,SimpleCVT,EngineModelType_SIMPLE_MAP,TransmissionModelType_AUTOMATIC_SIMPLE_CVT,0.9100000000000007,1.2946026192220628,0.749728232158828,0.011657333242147816,3.0809687766224645,-0.6257636150435423,-0.020054820457154683,2.965255657540425,-1.0689869866808968,-1.5708029890420112,0.010075496284571727,0.049361747114064734,0.0,0.45,0.0,152.2128557871156,1453.5257040391953,568.59,0.0,1.0,710.3051678274369,152.27020804789782,0.0,1,0,0.0,0.0,0.0,0.0,-36.938931395860926,-26.941442734471266,-8.679425725628276,-6.927950358743453,-6.853661831409359,-5.2693735053620605,-2.375416699096923,-2.0978627982026428
powertrain_simple_cvt,SimpleCVT,EngineModelType_SIMPLE_MAP,TransmissionModelType_AUTOMATIC_SIMPLE_CVT,0.9150000000000007,1.3100043498019793,0.7464889780853494,0.011554720506741603,3.0803461159833154,-0.6478508146957217,-0.020522547081242862,2.959542484382736,-1.14263463153783,-1.5710961307696232,0.010221263908173758,0.047325063356478285,0.0,0.45,0.0,152.27020804789782,1454.0733777872545,568.59,0.0,1.0,701.6916584277009,152.3269741957121,0.0,1,0,0.0,0.0,0.0,0.0,-37.19383802067288,-27.196349417557165,-10.40653590250625,-5.785763354888059,-6.905434565694163,-5.318087899986849,-2.6522929629805896,-1.9186319219299657
powertrain_simple_cvt,SimpleCVT,EngineModelType_SIMPLE_MAP,TransmissionModelType_AUTOMATIC_SIMPLE_CVT,0.9200000000000007,1.3255364286558105,0.7431396416654862,0.011440056391743697,3.1064157707662376,-0.6698672839726499,-0.02293282299958118,2.9828426269309873,4.660028509650256,-1.5713827504063436,0.010352287903613158,0.04520753710879596,0.0,0.45,0.0,152.3269741957121,1454.6154545687502,568.59,0.0,1.0,707.5318208995678,152.28848540899904,0.0,1,0,0.0,0.0,0.0,0.0,-37.52580402129986,-27.52831535821013,-9.641580607207384,-5.280828892603726,-6.911600950852572,-5.336653657163329,-2.518879570253497,-1.8319116383245595
powertrain_simple_cvt,SimpleCVT,EngineModelType_SIMPLE_MAP,TransmissionModelType_AUTOMATIC_SIMPLE_CVT,0.9250000000000007,1.3411808826502867,0.739681791404266,0.011310092929846811,3.12889079889526,-0.6915700522440195,-0.025992692379376986,3.0017459361676604,3.7806618473346063,-1.571665014678822,0.010468388279702241,0.04298577095204381,0.0,0.45,0.0,152.28848540899904,1454.2479137292107,568.59,0.0,1.0,711.5761862388658,152.26183157604768,0.0,1,0,0.0,0.0,0.0,0.0,-37.84521676382627,-27.847728182803806,-9.073062103194594,-4.835925206295428,-6.924374592483393,-5.35934544474007,-2.4203173662772666,-1.7570265114906443
powertrain_simple_cvt,SimpleCVT,EngineModelType_SIMPLE_MAP,TransmissionModelType_AUTOMATIC_SIMPLE_CVT,0.9300000000000007,1.356818407503606,0.7360968585228803,0.01116447978440971,3.1275049706638836,-0.7169865762771485,-0.029122629087420245,2.9961577403397843,-1.1176391655752118,-1.571916532388511,0.01052282105597823,0.040643649226633986,0.0,0.45,0.0,152.26183157604768,1453.9933883732172,568.59,0.0,1.0,702.5818419707297,152.32110756362982,0.0,1,0,0.0,0.0,0.0,0.0,-38.09271203208772,-28.095223536733744,-8.035109849999513,-6.50786774548151,-6.974239988395292,-5.406291885825075,-2.260180019122285,-2.0206562266160786
powertrain_simple_cvt,SimpleCVT,EngineModelType_SIMPLE_MAP,TransmissionModelType_AUTOMATIC_SIMPLE_CVT,0.9350000000000007,1.3724585935300841,0.7323876039589907,0.011012044892424263,3.128037205295617,-0.7418509127779203,-0.030486978397089467,2.9929901061577753,-0.6335268364018093,-1.5721674375673744,0.01052524070998828,0.03818828105052441,0.0,0.45,0.0,152.32110756362982,1454.5594323590383,568.59,0.0,1.0,694.7821755702796,152.37251019120504,0.0,1,0,0.0,0.0,0.0,0.0,-38.34667046530895,-28.34918198096063,-6.97996555717832,-8.058627821749404,-7.020434352447805,-5.450826812105463,-2.095855882907885,-2.2652060578647384
powertrain_simple_cvt,SimpleCVT,EngineModelType_SIMPLE_MAP,TransmissionModelType_AUTOMATIC_SIMPLE_CVT,0.9400000000000007,1.3881133171283022,0.7285506541971554,0.010854400491315254,3.130944719643592,-0.7673899523670766,-0.0315288802218017,2.9925985109297417,-0.0783190456067117,-1.572403406270802,0.010480086815213542,0.03562512638323025,0.0,0.45,0.0,152.37251019120504,1455.050291295029,568.59,0.0,1.0,688.4582673087957,152.4141870379438,0.0,1,0,0.0,0.0,0.0,0.0,-38.604794046945855,-28.607305566598587,-5.913392016890167,-9.452928250350167,-7.061752906848835,-5.491939976795728,-1.9285251257688425,-2.4843056857164316
powertrain_simple_cvt,SimpleCVT,EngineModelType_SIMPLE_MAP,TransmissionModelType_AUTOMATIC_SIMPLE_CVT,0.9450000000000007,1.4038356152097302,0.7245902961396953,0.010688926777248076,3.144459616285619,-0.7920716114920245,-0.03309474281343553,3.003601917850534,2.200681384158452,-1.5726395318220523,0.010403468287737635,0.03296743681267356,0.0,0.45,0.0,152.4141870379438,1455.4482758652862,568.59,0.0,1.0,687.7532448259361,152.4188333915515,0.0,1,0,0.0,0.0,0.0,0.0,-38.89268163352881,-28.89519313913483,-4.99480076316147,-9.956582267811948,-7.084584974787137,-5.52052290131582,-1.7814140964090202,-2.5576624784528628
powertrain_simple_cvt,SimpleCVT,EngineModelType_SIMPLE_MAP,TransmissionModelType_AUTOMATIC_SIMPLE_CVT,0.9500000000000007,1.41966563867645,0.720491651337542,0.010519128421752684,3.1660046933439596,-0.8197289604306501,-0.03395967109907834,3.0238764879872657,4.054914027346342,-1.5728569726065689,0.010317438176335136,0.030242647274479846,0.0,0.45,0.0,152.4188333915515,1455.4926452739273,568.59,0.0,1.0,691.235862387857,152.395881679987,0.0,1,0,0.0,0.0,0.0,0.0,-39.20178394325772,-29.2042954398403,-4.328051939531273,-9.643366071446483,-7.091822317517348,-5.538247008995809,-1.672564377038904,-2.4985459012543454
powertrain_simple_cvt,SimpleCVT,EngineModelType_SIMPLE_MAP,TransmissionModelType_AUTOMATIC_SIMPLE_CVT,0.9550000000000007,1.435474502744861,0.7162575815242903,0.010352649336528916,3.161772813682229,-0.8468139626503451,-0.03329581704475344,3.01626556724562,-1.5221841483291407,-1.573061534768506,0.010277171647965305,0.027395118859643627,0.0,0.45,0.0,152.395881679987,1455.2734725730531,568.59,0.0,1.0,681.5339606007454,152.4598207279834,0.0,1,0,0.0,0.0,0.0,0.0,-39.433473540668864,-29.43598518534696,-5.9904759301113435,-8.794302744497463,-7.143288382157029,-5.585792971547116,-1.9332482756582474,-2.3700527249704355
powertrain_simple_cvt,SimpleCVT,EngineModelType_SIMPLE_MAP,TransmissionModelType_AUTOMATIC_SIMPLE_CVT,0.9600000000000007,1.4512727198609328,0.7118745473390019,0.01018790925637942,3.15964342321437,-0.8766068370576869,-0.032948016029899184,3.012409724366863,-0.7711685757514346,-1.5732393007398748,0.010273514783445745,0.024460184181777676,0.0,0.45,0.0,152.4598207279834,1455.8840455057662,568.59,0.0,1.0,673.1221791148456,152.51525741575492,0.0,1,0,0.0,0.0,0.0,0.0,-39.67050139708383,-29.67301305140934,-7.351935039549478,-8.08026929967154,-7.188125226029014,-5.628636244290378,-2.1468142089504076,-2.260425669590374
powertrain_simple_cvt,SimpleCVT,EngineModelType_SIMPLE_MAP,TransmissionModelType_AUTOMATIC_SIMPLE_CVT,0.9650000000000007,1.4670717884185402,0.7073488352329873,0.010025530737894165,3.1598137115214833,-0.9051424212029169,-0.03247570369705072,3.010601789204473,-0.3615870324779277,-1.5734073906470343,0.010301041162146796,0.021425604123638888,0.0,0.45,0.0,152.51525741575492,1456.4134268790144,568.59,0.0,1.0,666.0997091679538,152.56153803710527,0.0,1,0,0.0,0.0,0.0,0.0,-39.91209723321218,-29.914608949644418,-8.463010513202299,-7.461898631932124,-7.229550037848804,-5.669124557038254,-2.3209215029413066,-2.16466620717429
powertrain_simple_cvt,SimpleCVT,EngineModelType_SIMPLE_MAP,TransmissionModelType_AUTOMATIC_SIMPLE_CVT,0.9700000000000008,1.4828538227428973,0.702667988681511,0.009865275678203765,3.156406864871408,-0.9361693102952646,-0.03205101193808004,3.0058813721663373,-0.9440834076271711,-1.5735492524193764,0.010370074513570271,0.018302538664639465,0.0,0.45,0.0,152.56153803710527,1456.8553742584509,568.59,0.0,1.0,657.6241227152567,152.61739522272595,0.0,1,0,0.0,0.0,0.0,0.0,-40.13884097069578,-30.141352728765412,-9.99468552358846,-6.656971481764083,-7.2747790204829865,-5.711903063905445,-2.562437816416371,-2.0406634567306674
powertrain_simple_cvt,SimpleCVT,EngineModelType_SIMPLE_MAP,TransmissionModelType_AUTOMATIC_SIMPLE_CVT,0.9750000000000008,1.4987278499506882,0.6978354221627401,0.009704320879107031,3.174805441558177,-0.9665133037541803,-0.032190959819346845,3.0245663790005124,3.73700136683501,-1.57368929047333,0.010429377393273799,0.015123227870872018,0.0,0.45,0.0,152.61739522272595,1457.3887710903748,568.59,0.0,1.0,659.5760516808493,152.6045313036145,0.0,1,0,0.0,0.0,0.0,0.0,-40.429366545443976,-30.43187829393478,-9.336912011167316,-6.521962795228793,-7.281151397967353,-5.727930492649812,-2.4505930451747506,-2.0132594010023843
powertrain_simple_cvt,SimpleCVT,EngineModelType_SIMPLE_MAP,TransmissionModelType_AUTOMATIC_SIMPLE_CVT,0.9800000000000008,1.5146870938782362,0.6928416203876675,0.0095413197062808,3.1918487855095976,-0.998760355014526,-0.03260023456524588,3.0420448518378977,3.495694567477067,-1.5738128983376742,0.010484292088823153,0.011886393271162117,0.0,0.45,0.0,152.6045313036145,1457.2659297115276,568.59,0.0,1.0,660.9599506019284,152.5954109083066,0.0,1,0,0.0,0.0,0.0,0.0,-40.712909859594916,-30.715421631341954,-8.900889859766933,-6.258401511107785,-7.288860708764819,-5.744564044099336,-2.374906797504167,-1.9667256773984791
powertrain_simple_cvt,SimpleCVT,EngineModelType_SIMPLE_MAP,TransmissionModelType_AUTOMATIC_SIMPLE_CVT,0.9850000000000008,1.5307011220827962,0.6876878634048302,0.00937423330055991,3.202805640912016,-1.0307513965674553,-0.03341728114417829,3.0532630771446763,2.2436450613557017,-1.573924092090228,0.010526654939762157,0.008581989052212954,0.0,0.45,0.0,152.5954109083066,1457.1788363517553,568.59,0.0,1.0,659.4302281688102,152.60549233339404,0.0,1,0,0.0,0.0,0.0,0.0,-40.978467028470575,-30.980978823911773,-8.505339694973497,-6.3794897697191715,-7.306623821844326,-5.768001178257568,-2.308979613510935,-1.9818093518474083
powertrain_simple_cvt,SimpleCVT,EngineModelType_SIMPLE_MAP,TransmissionModelType_AUTOMATIC_SIMPLE_CVT,0.9900000000000008,1.546756587605231,0.6823631330974668,0.00920394065294098,3.2110931044869435,-1.0649460614726984,-0.03405852952378593,3.0625042217190006,1.8482289148648674,-1.5740132690429944,0.010549615295437246,0.005221009103874367,0.0,0.45,0.0,152.60549233339404,1457.27510686992,568.59,0.0,1.0,656.6357642762797,152.62390886294352,0.0,1,0,0.0,0.0,0.0,0.0,-41.23524731965322,-31.237759125443688,-7.980137156026551,-6.8086953015221505,-7.326992981132591,-5.793013152095116,-2.2244444997081687,-2.0447025344472554
powertrain_simple_cvt,SimpleCVT,EngineModelType_SIMPLE_MAP,TransmissionModelType_AUTOMATIC_SIMPLE_CVT,0.9950000000000008,1.562831505786428,0.6768724909649817,0.009030883980116996,3.2149836362393933,-1.0981284264970073,-0.03461133456479687,3.066976234848682,0.8944026259363184,-1.574087787863289,0.010541535234692763,0.0017883196154097418,0.0,0.45,0.0,152.62390886294352,1457.4509717726637,568.59,0.0,1.0,651.8135237028921,152.65568917552937,0.0,1,0,0.0,0.0,0.0,0.0,-41.47846749162522,-31.480979312520912,-7.27059917249098,-7.735506744924403,-7.355031921294401,-5.823288818109615,-2.113948817840146,-2.1851786062565677
powertrain_simple_cvt,SimpleCVT,EngineModelType_SIMPLE_MAP,TransmissionModelType_AUTOMATIC_SIMPLE_CVT,1.0000000000000007,1.57893417747657,0.6712080047239407,0.008855688721950252,3.2205343380284064,-1.132897248208197,-0.03503905163334903,3.074031462623906,1.4110455550447953,-1.574141516069134,0.010505568574295422,-0.0017003850121600262,0.0,0.45,0.0,152.65568917552937,1457.7544514031265,568.59,0.0,1.0,647.8645236914582,152.6817145164171,0.0,1,0,0.0,0.0,0.0,0.0,-41.72486760128604,-31.727379415139495,-6.56300821688733,-8.531736000092003,-7.378111455342342,-5.849883863728711,-2.0032290165576176,-2.304171019453786
powertrain_simple_cvt,SimpleCVT,EngineModelType_SIMPLE_MAP,TransmissionModelType_AUTOMATIC_SIMPLE_CVT,1.0050000000000006,1.595103280088928,0.6653753338799271,0.00867936698466377,3.233820522471612,-1.1665341688027144,-0.0352643474572964,3.089173041380934,3.0283157514056502,-1.574186527766676,0.010457753431864716,-0.005242943256612312,0.0,0.45,0.0,152.6817145164171,1458.0029751020022,568.59,0.0,1.0,647.5449949967084,152.683820326288,0.0,1,0,0.0,0.0,0.0,0.0,-41.99416890809516,-31.99668072851413,-6.017468006504315,-8.627662462496758,-7.3878130831715305,-5.86707609865962,-1.9153285291497848,-2.3123701834828037
powertrain_simple_cvt,SimpleCVT,EngineModelType_SIMPLE_MAP,TransmissionModelType_AUTOMATIC_SIMPLE_CVT,1.0100000000000005,1.6113544237250197,0.6593690390530427,0.008502367756582975,3.250228727218332,-1.201258965376886,-0.035399845616158734,3.1081040161150923,3.786194946831759,-1.5742182237683138,0.010403094179548603,-0.008829745360071228,0.0,0.45,0.0,152.683820326288,1458.0230841050125,568.59,0.0,1.0,648.7043449656594,152.67617978993383,0.0,1,0,0.0,0.0,0.0,0.0,-42.27132403225717,-32.273835858848884,-5.485924712054683,-8.484575277112437,-7.3908077270803,-5.879333314278474,-1.8293918121236512,-2.2827440465452877
powertrain_simple_cvt,SimpleCVT,EngineModelType_SIMPLE_MAP,TransmissionModelType_AUTOMATIC_SIMPLE_CVT,1.0150000000000003,1.6276326676228234,0.6531965217811244,0.008327973874359284,3.2556487795607496,-1.2345034543836493,-0.034878776444738205,3.115102086580937,1.3996140931689403,-1.5742394946775156,0.010365468988227397,-0.012489374354567933,0.0,0.45,0.0,152.67617978993383,1457.9501223572938,568.59,0.0,1.0,644.8208134021942,152.7017736700287,0.0,1,0,0.0,0.0,0.0,0.0,-42.51545983372357,-32.51797168687822,-5.9673397592907165,-8.105112814283018,-7.4132776456755245,-5.905198761057381,-1.9001480127954236,-2.222622053973137
powertrain_simple_cvt,SimpleCVT,EngineModelType_SIMPLE_MAP,TransmissionModelType_AUTOMATIC_SIMPLE_CVT,1.0200000000000002,1.6438947905805177,0.6468489712303853,0.008156628267898806,3.252424591538848,-1.2695101101478101,-0.0342691212920954,3.113950894323753,-0.2302384514368199,-1.5742464705684203,0.010364944685980631,-0.016217597299936125,0.0,0.45,0.0,152.7017736700287,1458.1945259090942,568.59,0.0,1.0,637.1554079524032,152.75229146929328,0.0,1,0,0.0,0.0,0.0,0.0,-42.73238340719123,-32.734895297106945,-7.32474204330531,-7.436635285225602,-7.448382663850536,-5.93974626515459,-2.10531488869115,-2.122199751735775
powertrain_simple_cvt,SimpleCVT,EngineModelType_SIMPLE_MAP,TransmissionModelType_AUTOMATIC_SIMPLE_CVT,1.0250000000000001,1.6602086340067583,0.6403421435376052,0.007999336169055142,3.2627686852481412,-1.3013655385560228,-0.03145841976873284,3.127430757314649,2.695972598179321,-1.574244715305953,0.010361368389967329,-0.019993693331247116,0.0,0.45,0.0,152.75229146929328,1458.676935357119,568.59,0.0,1.0,635.2970193814429,152.7645389233123,0.0,1,0,0.0,0.0,0.0,0.0,-41.79732646464524,-33.31455861624165,-8.603966833028803,-6.815512975816002,-7.280095461682118,-6.0055500212620565,-2.292755724610107,-2.0240385146323248
powertrain_simple_cvt,SimpleCVT,EngineModelType_SIMPLE_MAP,TransmissionModelType_AUTOMATIC_SIMPLE_CVT,1.03,1.6766537772417385,0.6338124994501929,0.007835330171073917,3.2890286469960457,-1.3059288174824553,-0.032801199596245244,3.1635504185945127,7.223932255972863,-1.5740097715390746,0.010403977833594012,-0.023646593303197672,0.0,0.45,0.0,152.7645389233123,1458.793889927964,568.59,0.0,1.0,640.6030242152083,152.72957042897173,0.0,1,0,0.0,0.0,0.0,0.0,-40.863584163997594,-32.645292739692806,-10.107169736095099,-6.107980890724122,-7.069698806062764,-5.848989593532965,-2.5012749697541126,-1.9072528775521769
powertrain_simple_cvt,SimpleCVT,EngineModelType_SIMPLE_MAP,TransmissionModelType_AUTOMATIC_SIMPLE_CVT,1.035,1.6933615968929394,0.627462136511009,0.007674591640526544,3.341563930240197,-1.2700725878367782,-0.03214770610947466,3.2338094710954985,14.05181050019747,-1.5738172418896754,0.010440221012808717,-0.026954951459988885,0.0,0.45,0.0,152.72957042897173,1458.459965404357,568.59,0.0,1.0,658.1133177311181,152.61417125032497,0.0,1,0,0.0,0.0,0.0,0.0,-39.733145116183884,-31.74188486332907,-9.656144761448726,-5.93813128403311,-6.773563673734271,-5.612365642007193,-2.403119900526372,-1.8628609432026604
powertrain_simple_cvt,SimpleCVT,EngineModelType_SIMPLE_MAP,TransmissionModelType_AUTOMATIC_SIMPLE_CVT,1.0399999999999998,1.7103265040815643,0.6213898745567479,0.007507027448241729,3.3929814377249863,-1.2144523908522276,-0.033512838456963075,3.3041321231669145,14.064530414283494,-1.573538874200914,0.010466251441020003,-0.02986032235873627,0.0,0.45,0.0,152.61417125032497,1457.3579844217345,568.59,0.0,1.0,675.5652261246493,152.4991568507889,0.0,1,0,0.0,0.0,0.0,0.0,-38.58091805396267,-30.522426657313613,-9.155988638569067,-6.259181937779051,-6.486818540470704,-5.340773235340483,-2.3021268220775264,-1.890154958374767
powertrain_simple_cvt,SimpleCVT,EngineModelType_SIMPLE_MAP,TransmissionModelType_AUTOMATIC_SIMPLE_CVT,1.0449999999999997,1.7274993580306743,0.6156689937437092,0.007339717968290049,3.4345707898220286,-1.1441761626077347,-0.033461895990335944,3.3661163481785437,12.396845002326094,-1.5733135114258654,0.010454441823742847,-0.03229634541646497,0.0,0.45,0.0,152.4991568507889,1456.2596778089596,568.59,0.0,1.0,688.1928288939087,152.41593637327225,0.0,1,0,0.0,0.0,0.0,0.0,-37.2650746081001,-29.251614291929567,-8.437613229591037,-7.627732203514556,-6.202095455738369,-5.0834398262007525,-2.177866136068131,-2.0648091128433497
powertrain_simple_cvt,SimpleCVT,EngineModelType_SIMPLE_MAP,TransmissionModelType_AUTOMATIC_SIMPLE_CVT,1.0499999999999996,1.7448894180199566,0.6103425721018534,0.007165716148284537,3.4780119978564525,-1.065284328371154,-0.03480036400110237,3.4304236382020403,12.861458004699607,-1.5730343025791012,0.010401638213638199,-0.03422534671075837,0.0,0.45,0.0,152.41593637327225,1455.4649807871651,568.59,0.0,1.0,701.7298884653451,152.32672224591244,0.0,1,0,0.0,0.0,0.0,0.0,-35.92251379378899,-27.897772964760108,-7.646058192811163,-9.11718213606578,-5.920671908775854,-4.821441576531222,-2.0473583218092193,-2.248873124015299
powertrain_simple_cvt,SimpleCVT,EngineModelType_SIMPLE_MAP,TransmissionModelType_AUTOMATIC_SIMPLE_CVT,1.0549999999999995,1.7625035508599625,0.6054660811797746,0.006991196901537366,3.5228265680011632,-0.9752981844157458,-0.03490384934943426,3.496178743307358,13.151021021063794,-1.5728007551726435,0.010301149530519582,-0.0356175783401667,0.0,0.45,0.0,152.32672224591244,1454.6130486253885,568.59,0.0,1.0,716.049890080982,152.23234824680364,0.0,1,0,0.0,0.0,0.0,0.0,-34.537619047932694,-26.533566172211593,-6.58878184140779,-10.858277467452766,-5.641990121841096,-4.566214332773924,-1.885557866057118,-2.4593946581602157
powertrain_simple_cvt,SimpleCVT,EngineModelType_SIMPLE_MAP,TransmissionModelType_AUTOMATIC_SIMPLE_CVT,1.0599999999999994,1.7804628271958896,0.6010753814303568,0.006813872042911747,3.5918552671854167,-0.8781399498835817,-0.035464971725123765,3.5870933195277703,18.182915244082874,-1.572547753828856,0.01019849345760995,-0.036428092607849606,0.0,0.45,0.0,152.23234824680364,1453.7118433179376,568.59,0.0,1.0,744.919768661788,152.0420852867436,0.0,1,0,0.0,0.0,0.0,0.0,-33.24837600247684,-25.238767969388608,-5.956064305708267,-10.520989505900406,-5.3554517521224225,-4.306213697941095,-1.780229106953025,-2.378222568648824
powertrain_simple_cvt,SimpleCVT,EngineModelType_SIMPLE_MAP,TransmissionModelType_AUTOMATIC_SIMPLE_CVT,1.0649999999999993,1.7987595995458712,0.5972251942660454,0.006644514305711433,3.659354469996335,-0.7700374328622787,-0.03387154744006284,3.6739753275617444,17.37640160679518,-1.5723674821877078,0.010121547656620435,-0.036693686109607895,0.0,0.45,0.0,152.0420852867436,1451.8949658830866,568.59,0.0,1.0,774.5609154435177,151.84673938979145,0.0,1,0,0.0,0.0,0.0,0.0,-31.964717305364864,-23.95206988884768,-5.948301294507356,-9.715698496850603,-5.088274776673367,-4.063460322211533,-1.7607853970385794,-2.242634018095042
powertrain_simple_cvt,SimpleCVT,EngineModelType_SIMPLE_MAP,TransmissionModelType_AUTOMATIC_SIMPLE_CVT,1.0699999999999992,1.8172731770598383,0.5939278131168506,0.006480194619684209,3.702715502793417,-0.6594762298389404,-0.03286393720544492,3.734880055511851,12.1809455900216,-1.5721923562261777,0.010121584463092768,-0.03644835848919895,0.0,0.45,0.0,151.84673938979145,1450.0295499763274,568.59,0.0,1.0,789.7491189545143,151.746643625623,0.0,1,0,0.0,0.0,0.0,0.0,-30.62412797589585,-22.60269986317597,-8.310935433465449,-8.214978250186757,-4.852942402965957,-3.8437348744391793,-2.0456315871301003,-2.0335588351936322
powertrain_simple_cvt,SimpleCVT,EngineModelType_SIMPLE_MAP,TransmissionModelType_AUTOMATIC_SIMPLE_CVT,1.074999999999999,1.8360240432728776,0.5911969956370933,0.006319486647905879,3.7501732426078647,-0.546163495951473,-0.03214159435566603,3.798913084626842,12.806605822998492,-1.5720978386514128,0.010199362203386584,-0.03570899032888165,0.0,0.45,0.0,151.746643625623,1449.073705837329,568.59,0.0,1.0,807.9104818498154,151.62695366386876,0.0,1,0,0.0,0.0,0.0,0.0,-29.308778300931458,-21.26679287201648,-10.582391502761691,-6.559919024737729,-4.625298767518526,-3.6305592541720806,-2.3089706598634043,-1.811417866388761
powertrain_simple_cvt,SimpleCVT,EngineModelType_SIMPLE_MAP,TransmissionModelType_AUTOMATIC_SIMPLE_CVT,1.079999999999999,1.8550272333892492,0.5890431478357725,0.006157220683808455,3.8006380232743173,-0.43076956026416285,-0.03245319281948489,3.863698046237096,12.956992322050995,-1.5720185647458358,0.010363798428323832,-0.03452783938230079,0.0,0.45,0.0,151.62695366386876,1447.930750894229,568.59,0.0,1.0,829.113607766191,151.4872173817059,0.0,1,0,0.0,0.0,0.0,0.0,-28.070209665013948,-19.955099260376713,-13.08955395954036,-4.438569806748767,-4.413877420994673,-3.426923903016515,-2.591941536833692,-1.5398154636391732
powertrain_simple_cvt,SimpleCVT,EngineModelType_SIMPLE_MAP,TransmissionModelType_AUTOMATIC_SIMPLE_CVT,1.0849999999999989,1.8743434242765664,0.5874750056259336,0.005988627820188574,3.8632381774634306,-0.3136284419677923,-0.033718572723976124,3.938553628406217,14.97111643382457,-1.5720141081347634,0.01051873219996606,-0.0329566150360285,0.0,0.45,0.0,151.4872173817059,1446.596367692099,568.59,0.0,1.0,860.6903209107918,151.2791154011228,0.0,1,0,0.0,0.0,0.0,0.0,-26.934993668546383,-18.726079348862243,-12.555316209012929,-4.48501644696654,-4.2135536846737445,-3.2341665281808396,-2.49794661777973,-1.5350972532732545
powertrain_simple_cvt,SimpleCVT,EngineModelType_SIMPLE_MAP,TransmissionModelType_AUTOMATIC_SIMPLE_CVT,1.0899999999999987,1.8938791834338518,0.5864700855200502,0.005808576325683817,3.9071518314570586,-0.20098402117667635,-0.03601029890095139,3.9919280005803133,10.674874434819476,-1.5719922614666773,0.010566258631946414,-0.031072623196391543,0.0,0.45,0.0,151.2791154011228,1444.6091401594779,568.59,0.0,1.0,879.5555598839799,151.15478664098504,0.0,1,0,0.0,0.0,0.0,0.0,-25.837783546693466,-17.487908251292417,-10.083372814214439,-7.622910204018614,-4.041431229928565,-3.0585461676883208,-2.1869394650180483,-1.8973121520096614
powertrain_simple_cvt,SimpleCVT,EngineModelType_SIMPLE_MAP,TransmissionModelType_AUTOMATIC_SIMPLE_CVT,1.0949999999999986,1.9136489179180551,0.5860185707922752,0.005622775539500259,3.95394689684068,-0.09030294555499961,-0.03716015723671161,4.045932052824965,10.800810448930651,-1.5720063408381688,0.010534045604545043,-0.028939699382242553,0.0,0.45,0.0,151.15478664098504,1443.4218879548134,568.59,0.0,1.0,901.4599331112707,151.0104288849654,0.0,1,0,0.0,0.0,0.0,0.0,-24.8508698507133,-16.320514994474323,-8.09546170583225,-9.978704146738394,-3.8862135078854636,-2.8954866013008793,-1.9402178301324886,-2.158940144651813
powertrain_simple_cvt,SimpleCVT,EngineModelType_SIMPLE_MAP,TransmissionModelType_AUTOMATIC_SIMPLE_CVT,1.0999999999999985,1.9336474039065514,0.5861020081086452,0.005429599482960231,3.9996971976992595,0.016687463274016674,-0.03863521130800554,4.096108289303114,10.035247295629937,-1.5720216307305046,0.01041234904019773,-0.026636868417005573,0.0,0.45,0.0,151.0104288849654,1442.0433729281626,568.59,0.0,1.0,923.7884149075393,150.86327609981203,0.0,1,0,0.0,0.0,0.0,0.0,-23.98398546425205,-15.214907158623028,-5.866090096967522,-12.515000501860465,-3.75141035677293,-2.74543356007156,-1.6729499177947778,-2.435703921984141
powertrain_simple_cvt,SimpleCVT,EngineModelType_SIMPLE_MAP,TransmissionModelType_AUTOMATIC_SIMPLE_CVT,1.1049999999999984,1.9538301767695145,0.5867068019765702,0.005221864447080399,4.036554572592609,0.12095877358499824,-0.04154700717596628,4.1337597400354715,7.5302901464716685,-1.5720664207777255,0.010146978359378212,-0.024262847192907264,0.0,0.45,0.0,150.86327609981203,1440.6381673393487,568.59,0.0,1.0,939.138177692129,150.76211560149397,0.0,1,0,0.0,0.0,0.0,0.0,-23.218374428954995,-14.17619338926768,-2.5000918080394694,-16.612801010773126,-3.6393198517319565,-2.6114611618815857,-1.2841948285527756,-2.8884395044437934
powertrain_simple_cvt,SimpleCVT,EngineModelType_SIMPLE_MAP,TransmissionModelType_AUTOMATIC_SIMPLE_CVT,1.1099999999999983,1.9741943611035713,0.5877833985947692,0.005017676629338133,4.07283686681136,0.21531932363981104,-0.04083756354845328,4.1695443180012495,7.156915593155741,-1.5721019297198597,0.010027626972436855,-0.02186390250304611,0.0,0.45,0.0,150.76211560149397,1439.6721557381713,568.59,0.0,1.0,954.5353727739597,150.66064250715132,0.0,1,0,0.0,0.0,0.0,0.0,-22.59786945522749,-13.227888919983378,-6.39996818326744,-13.282144336696954,-3.546738455606989,-2.490758828648173,-1.7212646802514375,-2.496873314637359
powertrain_simple_cvt,SimpleCVT,EngineModelType_SIMPLE_MAP,TransmissionModelType_AUTOMATIC_SIMPLE_CVT,1.1149999999999982,1.9947426481137869,0.5892902502350013,0.004815861540409144,4.109657402043111,0.30137032804640185,-0.0403630177857978,4.203703643344824,6.831865068714972,-1.5722253450925836,0.010028332625499042,-0.019504459613758983,0.0,0.45,0.0,150.66064250715132,1438.7031590648435,568.59,0.0,1.0,970.9217562634359,150.55265030279685,0.0,1,0,0.0,0.0,0.0,0.0,-22.12609849880267,-12.39514746676123,-9.396498522582881,-10.597924952711978,-3.473307960480914,-2.3855590899830066,-2.0503629728399257,-2.184661279146899
powertrain_simple_cvt,SimpleCVT,EngineModelType_SIMPLE_MAP,TransmissionModelType_AUTOMATIC_SIMPLE_CVT,1.119999999999998,2.0154421381857874,0.5912036024522186,0.004612363270223668,4.139898014400083,0.3826704434434688,-0.04069965403709534,4.2278666584873426,4.832603028503893,-1.5723411619415417,0.010132122505354694,-0.017274540207018293,0.0,0.45,0.0,150.55265030279685,1437.6719094765392,568.59,0.0,1.0,981.4240701154139,150.48343624928555,0.0,1,0,0.0,0.0,0.0,0.0,-21.798534747822178,-11.67885930868024,-12.101713142751358,-8.411761609408266,-3.4227659728669058,-2.298029581451445,-2.3450270467643906,-1.934912829458805
powertrain_simple_cvt,SimpleCVT,EngineModelType_SIMPLE_MAP,TransmissionModelType_AUTOMATIC_SIMPLE_CVT,1.124999999999998,2.036271141263114,0.5934802573616731,0.004412793826570368,4.1658006154653044,0.4553309818909087,-0.03991388873065996,4.245675474688777,3.561763240286884,-1.5725124745350711,0.010363187688464595,-0.015230155389854763,0.0,0.45,0.0,150.48343624928555,1437.010963951674,568.59,0.0,1.0,987.5804108298026,150.4428637333957,0.0,1,0,0.0,0.0,0.0,0.0,-21.61723804663435,-11.094610049752166,-15.362209039741343,-5.693746496294022,-3.3925380587073946,-2.2279217508400593,-2.7002481868456076,-1.6301686255953616
powertrain_simple_cvt,SimpleCVT,EngineModelType_SIMPLE_MAP,TransmissionModelType_AUTOMATIC_SIMPLE_CVT,1.129999999999998,2.057390676922614,0.5960819997255675,0.004216093617515501,4.223907131899976,0.5203484727788865,-0.03934004181097326,4.2956346834507455,9.991841752393995,-1.572690247706513,0.010663769588016094,-0.013378779803246853,0.0,0.45,0.0,150.4428637333957,1436.6235249642216,568.59,0.0,1.0,1026.526068310961,150.18619773969883,0.0,1,0,0.0,0.0,0.0,0.0,-21.688511451884487,-10.767465799754433,-15.99789455483279,-3.2732141421729004,-3.3725089031671556,-2.1778543922268856,-2.7500116293122683,-1.358057292751785
powertrain_simple_cvt,SimpleCVT,EngineModelType_SIMPLE_MAP,TransmissionModelType_AUTOMATIC_SIMPLE_CVT,1.1349999999999978,2.0785815065167834,0.5989540795556336,0.003991419093593455,4.238165918833894,0.574415966013229,-0.04493490478440906,4.297614108913042,0.39588509245938885,-1.572879205051467,0.010807767417569258,-0.011822709254103832,0.0,0.45,0.0,150.18619773969883,1434.1725452669943,568.59,0.0,1.0,1020.1774312993642,150.2280375578606,0.0,1,0,0.0,0.0,0.0,0.0,-21.762764929901603,-10.538794069379298,-12.738969533492646,-7.2673684539064585,-3.379535012078415,-2.1523089806808744,-2.3928755891259375,-1.794612161526609
powertrain_simple_cvt,SimpleCVT,EngineModelType_SIMPLE_MAP,TransmissionModelType_AUTOMATIC_SIMPLE_CVT,1.1399999999999977,2.099845752316963,0.6020313350768971,0.003757972924413365,4.252849160035971,0.6154511042527017,-0.04668923383601811,4.300707533797653,0.6186849769221813,-1.5729997385326782,0.010849624825945096,-0.010547379293774894,0.0,0.45,0.0,150.2280375578606,1434.572086099705,568.59,0.0,1.0,1013.2618449677293,150.27361377746004,0.0,1,0,0.0,0.0,0.0,0.0,-21.964736591923312,-10.557554469373358,-10.431990984212042,-9.972845141046466,-3.399891097786603,-2.153529926453249,-2.1398107229934404,-2.089643946943689
powertrain_simple_cvt,SimpleCVT,EngineModelType_SIMPLE_MAP,TransmissionModelType_AUTOMATIC_SIMPLE_CVT,1.1449999999999976,2.121154991135146,0.6052928563851387,0.0035190269261886394,4.261847763636603,0.6523042616483298,-0.047789199644945136,4.294982814719798,-1.1449438155710001,-1.5731441083427136,0.010793975608522868,-0.009623676407590105,0.0,0.45,0.0,150.27361377746004,1435.0073069379068,568.59,0.0,1.0,999.9733504250199,150.3611897712198,0.0,1,0,0.0,0.0,0.0,0.0,-22.17513459985507,-11.01930902060363,-8.218090791093536,-12.54148619372265,-3.426108833953902,-2.205586502240627,-1.8991143921461269,-2.3721229203136507
powertrain_simple_cvt,SimpleCVT,EngineModelType_SIMPLE_MAP,TransmissionModelType_AUTOMATIC_SIMPLE_CVT,1.1499999999999975,2.142483487202656,0.6086724855302432,0.0032690695039895544,4.265699213501951,0.6759258290209041,-0.04999148443981698,4.283992814556809,-2.1980000325978937,-1.5732180147773838,0.010612932170337633,-0.009052865111696723,0.0,0.45,0.0,150.3611897712198,1435.8435960760899,568.59,0.0,1.0,981.8948134044709,150.48033388044968,0.0,1,0,0.0,0.0,0.0,0.0,-22.566334038436082,-11.410507665894896,-5.4169920893057295,-15.906231993202098,-3.4752423320201387,-2.251588829464156,-1.5941757358031647,-2.7447131069427124
powertrain_simple_cvt,SimpleCVT,EngineModelType_SIMPLE_MAP,TransmissionModelType_AUTOMATIC_SIMPLE_CVT,1.1549999999999974,2.164049412194848,0.6121478745881686,0.003001273949181056,4.313184998438365,0.6950778115850577,-0.05355911096169974,4.319292413695281,7.059919827694444,-1.573335774585926,0.010397982198489841,-0.008769576971393534,0.0,0.45,0.0,150.48033388044968,1436.9813385115428,568.59,0.0,1.0,1007.6874284062902,150.31035120233764,0.0,1,0,0.0,0.0,0.0,0.0,-23.074860092476396,-11.919034069144747,-3.6979313106291443,-15.342965676307664,-3.5103363511752286,-2.296683246388384,-1.402301524517072,-2.6691760781087974
powertrain_simple_cvt,SimpleCVT,EngineModelType_SIMPLE_MAP,TransmissionModelType_AUTOMATIC_SIMPLE_CVT,1.1599999999999973,2.185601326654482,0.6156800417526324,0.002740551780256785,4.310382891926798,0.7064334328927532,-0.0521444337848542,4.302329774907013,-3.3925277576536685,-1.573402736201642,0.010301530156254853,-0.008815503550920282,0.0,0.45,0.0,150.31035120233764,1435.358123503851,568.59,0.0,1.0,983.159121862329,150.47200162962474,0.0,1,0,0.0,0.0,0.0,0.0,-23.43235048848636,-12.276524841886653,-7.259727392653209,-12.752030538279463,-3.559278825802637,-2.3408407363025114,-1.7929066529730333,-2.3927754178413787
powertrain_simple_cvt,SimpleCVT,EngineModelType_SIMPLE_MAP,TransmissionModelType_AUTOMATIC_SIMPLE_CVT,1.1649999999999971,2.2071724618035113,0.6192377231206464,0.002484954251272721,4.314227029805944,0.7115362736028078,-0.05111950579681278,4.294685893959923,-1.5287761894179013,-1.5735243806659867,0.010277198597089749,-0.00912454210755971,0.0,0.45,0.0,150.47200162962474,1436.9017713771907,568.59,0.0,1.0,965.3121348663169,150.58961974029708,0.0,1,0,0.0,0.0,0.0,0.0,-23.810658279403334,-12.654832812269616,-9.344161006775508,-11.187043542909933,-3.6052262264924644,-2.384619524060817,-2.022384725099242,-2.224022405970729
powertrain_simple_cvt,SimpleCVT,EngineModelType_SIMPLE_MAP,TransmissionModelType_AUTOMATIC_SIMPLE_CVT,1.169999999999997,2.2287654380513744,0.6227939377935497,0.0022312232468462423,4.3185952495726285,0.7112429345806685,-0.05074620088529577,4.288208102258479,-1.2955583402888768,-1.5736109801205693,0.010314808907075944,-0.0096785568942228,0.0,0.45,0.0,150.58961974029708,1438.0249415998285,568.59,0.0,1.0,949.039627981567,150.69686145656632,0.0,1,0,0.0,0.0,0.0,0.0,-24.18195319026789,-13.026127759760598,-11.251781022626778,-9.75316342071211,-3.6498480328233733,-2.4273974789347927,-2.232965326414009,-2.068747453972412
powertrain_simple_cvt,SimpleCVT,EngineModelType_SIMPLE_MAP,TransmissionModelType_AUTOMATIC_SIMPLE_CVT,1.174999999999997,2.2503578244684674,0.626311799263522,0.0019829440682010697,4.31847728341859,0.7035722939944381,-0.04965583572903453,4.278706317414218,-1.9003569688522197,-1.573729914364827,0.010427000123347487,-0.010441199896031005,0.0,0.45,0.0,150.69686145656632,1439.049024554823,568.59,0.0,1.0,929.3781089574538,150.82643799075004,0.0,1,0,0.0,0.0,0.0,0.0,-24.52861658878959,-13.372791384477049,-13.552540822914057,-8.19421788929057,-3.6938041735095797,-2.468638930882114,-2.488379538172169,-1.8999128943499486
powertrain_simple_cvt,SimpleCVT,EngineModelType_SIMPLE_MAP,TransmissionModelType_AUTOMATIC_SIMPLE_CVT,1.1799999999999968,2.2720245839046456,0.6297524303618399,0.001735924144448584,4.333351887235648,0.6881262196635878,-0.049403984750497135,4.286899304161968,1.6385973495499322,-1.5738244423189505,0.010573020661657101,-0.011348845093115668,0.0,0.45,0.0,150.82643799075004,1440.2863893102663,568.59,0.0,1.0,924.1113010773304,150.86114816296413,0.0,1,0,0.0,0.0,0.0,0.0,-24.911557806374354,-13.755732599343505,-14.311523550331517,-7.139541760042146,-3.730631205134795,-2.507807459381205,-2.568729386708892,-1.7825867684334697
powertrain_simple_cvt,SimpleCVT,EngineModelType_SIMPLE_MAP,TransmissionModelType_AUTOMATIC_SIMPLE_CVT,1.1849999999999967,2.2937976598163625,0.6330790874067582,0.001486709115446997,4.3546151823434,0.6653314089836662,-0.049843005800317405,4.303254021477336,3.2709434630737975,-1.5739432845199528,0.010706975060080792,-0.012360804787936318,0.0,0.45,0.0,150.86114816296413,1440.6178470392729,568.59,0.0,1.0,924.9515495415066,150.8556106211441,0.0,1,0,0.0,0.0,0.0,0.0,-25.30313739201931,-14.147312367050523,-13.600937330350188,-7.0906386891147015,-3.7630124090206447,-2.5448360817414164,-2.48517387531249,-1.7742724699461587
powertrain_simple_cvt,SimpleCVT,EngineModelType_SIMPLE_MAP,TransmissionModelType_AUTOMATIC_SIMPLE_CVT,1.1899999999999966,2.3155733979101822,0.6362582531849402,0.0012344190391164172,4.355147618763971,0.6358331556363959,-0.050458015266115964,4.299086613500017,-0.8334815954638763,-1.5740203432058242,0.010803918727616381,-0.013473635596394154,0.0,0.45,0.0,150.8556106211441,1440.564967410079,568.59,0.0,1.0,907.0969344832635,150.97327900351038,0.0,1,0,0.0,0.0,0.0,0.0,-25.628281701086603,-14.4724568937209,-12.947438564978935,-8.396908902955257,-3.801229808565369,-2.5818726408079664,-2.4151846493575135,-1.917801349037338
powertrain_simple_cvt,SimpleCVT,EngineModelType_SIMPLE_MAP,TransmissionModelType_AUTOMATIC_SIMPLE_CVT,1.1949999999999965,2.337360663648472,0.6392463920032186,0.0009821493687461479,4.357453147657951,0.597627763655685,-0.05045393407405386,4.299370135547077,0.05670440941205733,-1.574104844559301,0.010884007774232707,-0.014628115336511873,0.0,0.45,0.0,150.97327900351038,1441.688617692032,568.59,0.0,1.0,891.3393732342496,151.07712704146365,0.0,1,0,0.0,0.0,0.0,0.0,-25.95333641962123,-14.797511835329782,-12.694579986196509,-9.145005551880082,-3.836571962657547,-2.617295229813164,-2.3874551265530184,-1.999504107194447
powertrain_simple_cvt,SimpleCVT,EngineModelType_SIMPLE_MAP,TransmissionModelType_AUTOMATIC_SIMPLE_CVT,1.1999999999999964,2.3591610983793467,0.6420168567302119,0.0007291602551004402,4.360086946174895,0.5540929453986454,-0.05059782272914153,4.301056121512064,0.3371971929974365,-1.574158552286881,0.010958217638560605,-0.015802708105183576,0.0,0.45,0.0,151.07712704146365,1442.6802934062716,568.59,0.0,1.0,876.6258084580707,151.17409476439724,0.0,1,0,0.0,0.0,0.0,0.0,-26.271861110025796,-15.116036693690091,-12.768862773634309,-9.530248030241951,-3.870259579700882,-2.651460813737966,-2.3950268138378514,-2.04120091040252
powertrain_simple_cvt,SimpleCVT,EngineModelType_SIMPLE_MAP,TransmissionModelType_AUTOMATIC_SIMPLE_CVT,1.2049999999999963,2.380961520199872,0.6445314075163896,0.0004749524187763551,4.360084364105086,0.5029101572355258,-0.05084156726481701,4.302037780668293,0.19633183124572604,-1.574206677098254,0.01103130132480016,-0.016957680528226642,0.0,0.45,0.0,151.17409476439724,1443.6062669517862,568.59,0.0,1.0,860.5249783450342,151.28020506853852,0.0,1,0,0.0,0.0,0.0,0.0,-26.57291347665686,-15.417089277395679,-13.069915195306585,-9.831300269025471,-3.9024877695847078,-2.6839671385505235,-2.4275916352646525,-2.073846449506872
powertrain_simple_cvt,SimpleCVT,EngineModelType_SIMPLE_MAP,TransmissionModelType_AUTOMATIC_SIMPLE_CVT,1.2099999999999962,2.4027622222545184,0.6467909475272385,0.00022094908166654892,4.360140410929239,0.4519080021697975,-0.050800667421961244,4.302919406389507,0.17632514424282084,-1.5742742612101785,0.011104963038785394,-0.018099416218626176,0.0,0.45,0.0,151.28020506853852,1444.6195457168103,568.59,0.0,1.0,845.2618687170967,151.38079449115784,0.0,1,0,0.0,0.0,0.0,0.0,-26.869105136794538,-15.713281029950828,-13.366106882230245,-10.127492081243279,-3.9342386671317646,-2.7159677090418444,-2.4596447273991657,-2.1059720342216033
powertrain_simple_cvt,SimpleCVT,EngineModelType_SIMPLE_MAP,TransmissionModelType_AUTOMATIC_SIMPLE_CVT,1.214999999999996,2.42456297594391,0.6487945354047777,-3.3563466432849826e-05,4.360150737878348,0.40071757550784254,-0.05090250961987974,4.304009056614416,0.2179300449817891,-1.5743418648945127,0.011178465575291275,-0.019224864052880805,0.0,0.45,0.0,151.38079449115784,1445.5801039467678,568.59,0.0,1.0,830.7986056847888,151.47611263490936,0.0,1,0,0.0,0.0,0.0,0.0,-27.159901137628022,-16.004077050830105,-13.656902917053932,-10.418288090640326,-3.965244119307335,-2.747281594267981,-2.4910235076902065,-2.137440351401767
powertrain_simple_cvt,SimpleCVT,EngineModelType_SIMPLE_MAP,TransmissionModelType_AUTOMATIC_SIMPLE_CVT,1.219999999999996,2.44636387757903,0.650543874814441,-0.0002881224316966483,4.360180327024,0.34986788193264884,-0.05091179305275969,4.305110848116688,0.22035830045439767,-1.5744216557765076,0.011252254772492911,-0.02033672050518748,0.0,0.45,0.0,151.47611263490936,1446.4903251714316,568.59,0.0,1.0,817.0672344522526,151.56660734651936,0.0,1,0,0.0,0.0,0.0,0.0,-27.44556305389105,-16.28973903227427,-13.942564865784766,-10.7039500955738,-3.99566504418003,-2.7780142350142354,-2.5218217280742783,-2.168329069183075
powertrain_simple_cvt,SimpleCVT,EngineModelType_SIMPLE_MAP,TransmissionModelType_AUTOMATIC_SIMPLE_CVT,1.2249999999999959,2.468164807929593,0.6520384716767963,-0.0005430243553527388,4.360186070112524,0.2989193724710692,-0.050980384731218104,4.3063570605942205,0.24924249550651287,-1.5745057396763193,0.011326047806959772,-0.02143376404435774,0.0,0.45,0.0,151.56660734651936,1447.354486012016,568.59,0.0,1.0,804.0046782637003,151.65269432466263,0.0,1,0,0.0,0.0,0.0,0.0,-27.726311846460995,-16.570487857089596,-14.223313687634892,-10.984698923097461,-4.025432808596286,-2.808134377731318,-2.552016009767986,-2.1986256483922975
powertrain_simple_cvt,SimpleCVT,EngineModelType_SIMPLE_MAP,TransmissionModelType_AUTOMATIC_SIMPLE_CVT,1.2299999999999958,2.4899658031184337,0.6532794134140587,-0.0007980680698147512,4.360199037768181,0.24818834745249144,-0.05100874289240248,4.307653524516503,0.2592927844565607,-1.5745988461324565,0.01140002847086002,-0.022517468543877216,0.0,0.45,0.0,151.65269432466263,1448.1765560984568,568.59,0.0,1.0,791.5612714284342,151.73470088423588,0.0,1,0,0.0,0.0,0.0,0.0,-28.002469665037616,-16.846645724045334,-14.499471537421226,-11.260856805121165,-4.054646902475306,-2.837714844212646,-2.581673557693795,-2.228389558865544
powertrain_simple_cvt,SimpleCVT,EngineModelType_SIMPLE_MAP,TransmissionModelType_AUTOMATIC_SIMPLE_CVT,1.2349999999999957,2.51177519165371,0.654268393251395,-0.0010528285426563708,4.361877707055251,0.19779596746725112,-0.050952094568323905,4.310916952786451,0.652685653989607,-1.5746984262142965,0.011469747145319913,-0.02358310841763171,0.0,0.45,0.0,151.73470088423588,1448.9596610577794,568.59,0.0,1.0,780.7833912260413,151.80573101984038,0.0,1,0,0.0,0.0,0.0,0.0,-28.105682582822126,-17.17065428499805,-14.776107310234053,-11.537492593351004,-4.063584938033099,-2.871641355397799,-2.610630151571591,-2.2576135956670096
powertrain_simple_cvt,SimpleCVT,EngineModelType_SIMPLE_MAP,TransmissionModelType_AUTOMATIC_SIMPLE_CVT,1.2399999999999956,2.5335966411464863,0.6550217600405375,-0.0013070788848510576,4.364289898555308,0.15067335782850808,-0.05085006843893734,4.315640966318826,0.9448027064749654,-1.5747772330366971,0.011533563001965083,-0.024614307090147662,0.0,0.45,0.0,151.80573101984038,1449.637948889176,568.59,0.0,1.0,771.0333306133248,151.86998745194649,0.0,1,0,0.0,0.0,0.0,0.0,-28.109801676593108,-17.518727399290697,-15.050384732155262,-11.81177007663214,-4.060679957141568,-2.9074918579124778,-2.6387312663018427,-2.2861011382380596
powertrain_simple_cvt,SimpleCVT,EngineModelType_SIMPLE_MAP,TransmissionModelType_AUTOMATIC_SIMPLE_CVT,1.2449999999999954,2.5554348665905295,0.6555472654419102,-0.001560220795207224,4.367645088808649,0.10510108027454457,-0.050628382071233304,4.321651562861252,1.20211930848522,-1.5748270524184897,0.011589567465790748,-0.025604391210610224,0.0,0.45,0.0,151.86998745194649,1450.251552616884,568.59,0.0,1.0,762.2822170796021,151.9276604608609,0.0,1,0,0.0,0.0,0.0,0.0,-28.010199994648804,-17.893849677157327,-15.323654606298888,-12.085040062501943,-4.045593284427415,-2.94562653675145,-2.6661651673585016,-2.3140254929784074
powertrain_simple_cvt,SimpleCVT,EngineModelType_SIMPLE_MAP,TransmissionModelType_AUTOMATIC_SIMPLE_CVT,1.2499999999999953,2.577303581693327,0.6558561928970431,-0.0018129709506152579,4.373743020559488,0.06178549102656711,-0.05055003108160677,4.331108330517239,1.891353531197422,-1.5748313850044064,0.011642145660415696,-0.026537714440779497,0.0,0.45,0.0,151.9276604608609,1450.802289283987,568.59,0.0,1.0,755.6029942363862,151.97167895943176,0.0,1,0,0.0,0.0,0.0,0.0,-27.91305467842457,-18.059385653106368,-15.601556906712556,-12.362942488340202,-4.028403676946427,-2.9593380425516247,-2.6926779546954234,-2.3413071740408964
powertrain_simple_cvt,SimpleCVT,EngineModelType_SIMPLE_MAP,TransmissionModelType_AUTOMATIC_SIMPLE_CVT,1.2549999999999952,2.5992114033462483,0.6559725389176394,-0.0020651141851824447,4.381564330584297,0.02326920411926485,-0.05042864691343741,4.343290769297836,2.4364877561194285,-1.5748171183250725,0.011692264933548961,-0.02738969866303141,0.0,0.45,0.0,151.97167895943176,1451.222634982089,568.59,0.0,1.0,750.2461498294832,152.00698250497962,0.0,1,0,0.0,0.0,0.0,0.0,-27.776114406852237,-18.11717430847527,-15.87966164324909,-12.641047333409785,-4.005093799393481,-2.960094467478823,-2.718018295921983,-2.3676330822607032
powertrain_simple_cvt,SimpleCVT,EngineModelType_SIMPLE_MAP,TransmissionModelType_AUTOMATIC_SIMPLE_CVT,1.2599999999999951,2.621166912794641,0.6559122530475883,-0.0023173818558181332,4.391101889678533,-0.012057174010218287,-0.0504535341271377,4.357861910270222,2.9142281944772375,-1.5747799115595025,0.011740995620890914,-0.0281441793686336,0.0,0.45,0.0,152.00698250497962,1451.5597590090458,568.59,0.0,1.0,746.1317453520747,152.03409792122793,0.0,1,0,0.0,0.0,0.0,0.0,-27.613187966472253,-18.065409227398877,-16.15996201817709,-12.921347751890966,-3.977477784430469,-2.947958877712202,-2.7424981123072243,-2.3932844669318745
powertrain_simple_cvt,SimpleCVT,EngineModelType_SIMPLE_MAP,TransmissionModelType_AUTOMATIC_SIMPLE_CVT,1.264999999999995,2.643176524088034,0.6556917483644784,-0.002569514223998247,4.401922258678571,-0.04410093662196651,-0.0504264736360228,4.374428934566999,3.3134048593555216,-1.5747331262668645,0.011788303287614776,-0.02878356599626597,0.0,0.45,0.0,152.03409792122793,1451.8186921608406,568.59,0.0,1.0,742.8795394715798,152.05553113632843,0.0,1,0,0.0,0.0,0.0,0.0,-27.405368289929548,-17.955863888527652,-16.440706754858383,-13.202092538046418,-3.943877418530425,-2.928814153213423,-2.766056374367105,-2.4181652911552165
powertrain_simple_cvt,SimpleCVT,EngineModelType_SIMPLE_MAP,TransmissionModelType_AUTOMATIC_SIMPLE_CVT,1.269999999999995,2.665246370896352,0.6553234021633549,-0.0028219710411977227,4.413969361663685,-0.07366924022469672,-0.050491363439895055,4.39271106034181,3.6564251549623066,-1.574671334265116,0.011834900060353726,-0.02929577374177682,0.0,0.45,0.0,152.05553113632843,1452.0233642886164,568.59,0.0,1.0,740.4752531451392,152.07137625434717,0.0,1,0,0.0,0.0,0.0,0.0,-27.167390726247937,-17.778842767602185,-16.723229400826035,-13.484615203893895,-3.9061681332781646,-2.9018501562554846,-2.7889283832924536,-2.4424851981538445
powertrain_simple_cvt,SimpleCVT,EngineModelType_SIMPLE_MAP,TransmissionModelType_AUTOMATIC_SIMPLE_CVT,1.2749999999999948,2.6873816714189585,0.6548193998916598,-0.003074620711580368,4.427060104521285,-0.10080045433901723,-0.05052993407652911,4.412568726358637,3.971533203365403,-1.5746014748905146,0.011881162691020745,-0.02966736819343867,0.0,0.45,0.0,152.07137625434717,1452.1746740200097,568.59,0.0,1.0,738.7402372085874,152.08281063800476,0.0,1,0,0.0,0.0,0.0,0.0,-26.899340893607256,-17.549650372349547,-17.006735060550476,-13.768120890731776,-3.864544683553722,-2.8688843667648296,-2.8110686315694915,-2.466184530545266
powertrain_simple_cvt,SimpleCVT,EngineModelType_SIMPLE_MAP,TransmissionModelType_AUTOMATIC_SIMPLE_CVT,1.2799999999999947,2.70958732189684,0.6541899129638967,-0.003327767037345808,4.441130095576294,-0.1258973855526173,-0.05062926515308795,4.433781879524944,4.242630633261603,-1.5745217394524966,0.011927627740661233,-0.029888566030893262,0.0,0.45,0.0,152.08281063800476,1452.2838643408284,568.59,0.0,1.0,737.6192642142171,152.0901982561916,0.0,1,0,0.0,0.0,0.0,0.0,-26.61304710849101,-17.264356932888976,-17.291716248923066,-14.053102089321694,-3.8204975292153565,-2.8297069055714896,-2.832606493993687,-2.489372470546476
powertrain_simple_cvt,SimpleCVT,EngineModelType_SIMPLE_MAP,TransmissionModelType_AUTOMATIC_SIMPLE_CVT,1.2849999999999946,2.7318672333019065,0.6534437842973636,-0.003581377081388168,4.45598228101333,-0.14922573330662414,-0.05072200880847199,4.456143874606299,4.472399016271129,-1.574437267992325,0.011974816728900207,-0.02994969281593071,0.0,0.45,0.0,152.0901982561916,1452.3544108979552,568.59,0.0,1.0,736.9746439378473,152.09444653737347,0.0,1,0,0.0,0.0,0.0,0.0,-26.311274479197486,-16.93440054982203,-17.577674418482626,-14.339060269817729,-3.7745216998558493,-2.785731125897369,-2.853564301707995,-2.5120527097843413
powertrain_simple_cvt,SimpleCVT,EngineModelType_SIMPLE_MAP,TransmissionModelType_AUTOMATIC_SIMPLE_CVT,1.2899999999999945,2.7542247066237038,0.6525879841013029,-0.0038356409224222492,4.471494664359454,-0.1711600392121401,-0.050852768206816244,4.479400197320667,4.651264542873712,-1.5743481200904241,0.01202323045258807,-0.029844193084845243,0.0,0.45,0.0,152.09444653737347,1452.3949789949395,568.59,0.0,1.0,736.7321293661819,152.09604479626927,0.0,1,0,0.0,0.0,0.0,0.0,-26.001795221376103,-16.562297190855485,-17.86478674678068,-14.62617259869379,-3.727651702527699,-2.7374253487415867,-2.8740596781983156,-2.534321159390306
powertrain_simple_cvt,SimpleCVT,EngineModelType_SIMPLE_MAP,TransmissionModelType_AUTOMATIC_SIMPLE_CVT,1.2949999999999944,2.776662209800234,0.6516276833862666,-0.004090550441548518,4.487500635306045,-0.1920601430072641,-0.05098190382525385,4.503342989219171,4.788558379700905,-1.5742577337778616,0.012073367702112384,-0.029566465512269876,0.0,0.45,0.0,152.09604479626927,1452.410241243156,568.59,0.0,1.0,736.7832703706474,152.0957077585203,0.0,1,0,0.0,0.0,0.0,0.0,-25.688305126861767,-16.156667157232796,-18.152701361948456,-14.914087213630015,-3.680438644804469,-2.6858626836460573,-2.8941382858023386,-2.5562060448120283
powertrain_simple_cvt,SimpleCVT,EngineModelType_SIMPLE_MAP,TransmissionModelType_AUTOMATIC_SIMPLE_CVT,1.2999999999999943,2.799181654998143,0.6505663167872071,-0.004346213554932867,4.503889039581821,-0.21227331981190173,-0.05113262267686965,4.5277510557482055,4.881613305806913,-1.5741666620714658,0.012125738644312163,-0.029113489110143564,0.0,0.45,0.0,152.0957077585203,1452.4070227697305,568.59,0.0,1.0,737.0565236780825,152.09390692021842,0.0,1,0,0.0,0.0,0.0,0.0,-25.377324319138012,-15.72088509176374,-18.4414441352871,-15.202829981310337,-3.633714740660005,-2.631548160149244,-2.91389378357495,-2.577783257131221
powertrain_simple_cvt,SimpleCVT,EngineModelType_SIMPLE_MAP,TransmissionModelType_AUTOMATIC_SIMPLE_CVT,1.3049999999999942,2.8217842120873113,0.6494055370448751,-0.004602618178986872,4.520511417833658,-0.23215594846640547,-0.051280924810801105,4.552420856924149,4.933960235188833,-1.5740771302270977,0.012180780346664186,-0.028483517867416555,0.0,0.45,0.0,152.09390692021842,1452.3898260306833,568.59,0.0,1.0,737.4683571312453,152.09119278854544,0.0,1,0,0.0,0.0,0.0,0.0,-25.073239794634514,-15.260991331086341,-18.7308033006884,-15.49218914028888,-3.5880549601600826,-2.5752365723327837,-2.933389892458295,-2.599100765464013
powertrain_simple_cvt,SimpleCVT,EngineModelType_SIMPLE_MAP,TransmissionModelType_AUTOMATIC_SIMPLE_CVT,1.309999999999994,2.8444705619147825,0.6481454297205126,-0.004859801953354865,4.537269965494232,-0.2520214648725027,-0.05143675487359848,4.577163437976398,4.948516210449866,-1.5739898949262734,0.012239067118549529,-0.027676891624836532,0.0,0.45,0.0,152.09119278854544,1452.363907982366,568.59,0.0,1.0,737.951356167542,152.08800964989476,0.0,1,0,0.0,0.0,0.0,0.0,-24.781601077015107,-14.780141136296503,-19.02063559905721,-15.782021429535444,-3.5441246535949995,-2.517356418239732,-2.9526933632827532,-2.620211288111086
powertrain_simple_cvt,SimpleCVT,EngineModelType_SIMPLE_MAP,TransmissionModelType_AUTOMATIC_SIMPLE_CVT,1.314999999999994,2.8672406915974546,0.6467844891875532,-0.005117730098146267,4.554025936534394,-0.27218810659188597,-0.051585628958280484,4.601780209848551,4.923354374430671,-1.573906432814638,0.01230107974606493,-0.02669527077672676,0.0,0.45,0.0,152.08800964989476,1452.3335112473176,568.59,0.0,1.0,738.4383434722712,152.08480022711,0.0,1,0,0.0,0.0,0.0,0.0,-24.506618175842153,-14.282863945821818,-19.310778332985674,-16.072164153862683,-3.502435873878301,-2.458461174172974,-2.9718748668721418,-2.6411713709700684
powertrain_simple_cvt,SimpleCVT,EngineModelType_SIMPLE_MAP,TransmissionModelType_AUTOMATIC_SIMPLE_CVT,1.3199999999999938,2.8900942289897404,0.6453198860380036,-0.005376380350302504,4.570707478457199,-0.2929206299098994,-0.0517300504312474,4.626124273214945,4.8688126732789145,-1.5738274437367146,0.012367396178587292,-0.025541931347182262,0.0,0.45,0.0,152.08480022711,1452.302863517278,568.59,0.0,1.0,738.8739667634859,152.0819293117847,0.0,1,0,0.0,0.0,0.0,0.0,-24.252864680946665,-13.771956843669134,-19.60109936152784,-16.362485171581145,-3.4634922108689588,-2.3988907644157966,-2.9909877136917067,-2.662024478383211
powertrain_simple_cvt,SimpleCVT,EngineModelType_SIMPLE_MAP,TransmissionModelType_AUTOMATIC_SIMPLE_CVT,1.3249999999999937,2.913030229779865,0.6437475005695188,-0.0056356730505559074,4.587200158024931,-0.3144770936969538,-0.05185854005068059,4.650022276129869,4.7796005829849575,-1.5737538437405558,0.012438452859095388,-0.024221340704383077,0.0,0.45,0.0,152.0819293117847,1452.2754482953646,568.59,0.0,1.0,739.2047550301369,152.07974929725538,0.0,1,0,0.0,0.0,0.0,0.0,-24.02392569224431,-13.250753675469598,-19.8914077842972,-16.652793583422095,-3.4276964737857347,-2.339032112612887,-3.0100919872626015,-2.682819401751936
powertrain_simple_cvt,SimpleCVT,EngineModelType_SIMPLE_MAP,TransmissionModelType_AUTOMATIC_SIMPLE_CVT,1.3299999999999936,2.9360474531965806,0.6420621995963749,-0.005895513112122427,4.603444683343087,-0.33706019462878567,-0.051968012313303905,4.673355571367489,4.666659047524135,-1.5736861894423315,0.012514838025334197,-0.02273909861178102,0.0,0.45,0.0,152.07974929725538,1452.2546306900635,568.59,0.0,1.0,739.3863633972696,152.07855243231515,0.0,1,0,0.0,0.0,0.0,0.0,-23.82328987181481,-12.721439714948364,-20.181534840475052,-16.942920628332395,-3.3954017065065933,-2.2791246954712348,-3.029227837839071,-2.7035892693531456
powertrain_simple_cvt,SimpleCVT,EngineModelType_SIMPLE_MAP,TransmissionModelType_AUTOMATIC_SIMPLE_CVT,1.3349999999999935,2.959167035878185,0.6402593523376466,-0.006149094037866617,4.623916536320923,-0.36056945174564375,-0.050716185148838,4.70076255375357,5.481396477216311,-1.5736294602556389,0.01259271167777624,-0.02109605440946946,0.0,0.45,0.0,152.07855243231515,1452.2432014717765,568.59,0.0,1.0,742.3178284760829,152.0592330153094,0.0,1,0,0.0,0.0,0.0,0.0,-23.668812444554995,-12.201458206052102,-19.97588025982175,-17.387311514075915,-3.365993780905923,-2.2196883261941616,-2.996839029147508,-2.738079213114108
powertrain_simple_cvt,SimpleCVT,EngineModelType_SIMPLE_MAP,TransmissionModelType_AUTOMATIC_SIMPLE_CVT,1.3399999999999934,2.9824306694694216,0.6383943328504552,-0.006409743851491646,4.652726718247316,-0.3730038974382772,-0.05212996272500579,4.733253455889544,6.498180427194949,-1.573473415385926,0.01266732663264195,-0.0193615900548977,0.0,0.45,0.0,152.0592330153094,1452.058714628929,568.59,0.0,1.0,750.5438208117171,152.0050207453538,0.0,1,0,0.0,0.0,0.0,0.0,-23.583377957828564,-11.712811886960857,-19.729860852421897,-17.306817011547853,-3.3412710529149083,-2.1628048987815167,-2.9587080431995783,-2.7181571596609038
powertrain_simple_cvt,SimpleCVT,EngineModelType_SIMPLE_MAP,TransmissionModelType_AUTOMATIC_SIMPLE_CVT,1.3449999999999933,3.0058650936879,0.6365222704529812,-0.006667998888668724,4.686884843695679,-0.3744124794948053,-0.05165100743541562,4.768047364032762,6.958781628643755,-1.5733676771434437,0.012749537002716452,-0.01760058222328926,0.0,0.45,0.0,152.0050207453538,1451.5410255845493,568.59,0.0,1.0,762.0868600276139,151.9289479346158,0.0,1,0,0.0,0.0,0.0,0.0,-23.55353821311063,-11.24168649885739,-19.33423981999545,-17.021801576322115,-3.3212453151848838,-2.107889264200856,-2.905425554273801,-2.6775304333278855
powertrain_simple_cvt,SimpleCVT,EngineModelType_SIMPLE_MAP,TransmissionModelType_AUTOMATIC_SIMPLE_CVT,1.3499999999999932,3.0294898364960305,0.6346702131015546,-0.006931765786894684,4.72494856162611,-0.3704114702853141,-0.05275337964519208,4.805149712287843,7.420469651016306,-1.5732156638789416,0.012835399815920107,-0.01584860944391749,0.0,0.45,0.0,151.9289479346158,1450.8145837527184,568.59,0.0,1.0,776.4562835176997,151.83424822744774,0.0,1,0,0.0,0.0,0.0,0.0,-23.58046693714066,-10.789254522214577,-18.895661853507104,-16.51282468279074,-3.305955501329579,-2.0550911009128052,-2.8478241130046826,-2.6148042793757096
powertrain_simple_cvt,SimpleCVT,EngineModelType_SIMPLE_MAP,TransmissionModelType_AUTOMATIC_SIMPLE_CVT,1.354999999999993,3.0533228818277016,0.6328681518424097,-0.007193719023583301,4.7666090663342215,-0.3604122518289772,-0.0523906473377232,4.843861925095916,7.742442561614725,-1.573116702876528,0.012930419514200526,-0.014150291307589826,0.0,0.45,0.0,151.83424822744774,1449.9102681624092,568.59,0.0,1.0,793.4248238263717,151.72241939872612,0.0,1,0,0.0,0.0,0.0,0.0,-23.66006944457404,-10.359621330106815,-18.29606368589519,-15.924152933283406,-3.295248461646683,-2.0049803521021707,-2.7748896353671166,-2.5447920644851374
powertrain_simple_cvt,SimpleCVT,EngineModelType_SIMPLE_MAP,TransmissionModelType_AUTOMATIC_SIMPLE_CVT,1.359999999999993,3.077380033080135,0.6311364880800019,-0.007459877480577882,4.811430250486684,-0.34633275248156903,-0.05323169139891629,4.884370195383491,8.101654057515256,-1.572986839557989,0.013029245679749682,-0.012537906654549416,0.0,0.45,0.0,151.72241939872612,1448.842381510136,568.59,0.0,1.0,813.1146351658429,151.59265640793325,0.0,1,0,0.0,0.0,0.0,0.0,-23.792628584184026,-9.996233942169138,-17.63637185558319,-15.14531609618873,-3.288965767229336,-1.9616859782382812,-2.6967041406426135,-2.4570525469845794
powertrain_simple_cvt,SimpleCVT,EngineModelType_SIMPLE_MAP,TransmissionModelType_AUTOMATIC_SIMPLE_CVT,1.3649999999999929,3.1016647116485174,0.6295022545154529,-0.00772422224292636,4.856935713676478,-0.3268467129097993,-0.05286895246969548,4.923657023978853,7.85736571907253,-1.5729071588925052,0.013128515361520167,-0.011056080119493607,0.0,0.45,0.0,151.59265640793325,1447.6032362252315,568.59,0.0,1.0,833.6962441342952,151.4570161476469,0.0,1,0,0.0,0.0,0.0,0.0,-23.872995832446932,-9.966479460924342,-16.843503186043723,-14.250151520140829,-3.2783716832903007,-1.9511728123791552,-2.6074966449888812,-2.359994444516153
powertrain_simple_cvt,SimpleCVT,EngineModelType_SIMPLE_MAP,TransmissionModelType_AUTOMATIC_SIMPLE_CVT,1.3699999999999928,3.1261675063447565,0.62798410984752,-0.007994361906122838,4.900558939247793,-0.30362893358660653,-0.054027932639295756,4.959900220477282,7.248639299685932,-1.5728070914373269,0.013214957682669953,-0.009733788583011814,0.0,0.45,0.0,151.4570161476469,1446.307967150821,568.59,0.0,1.0,853.3233248708552,151.32766657425594,0.0,1,0,0.0,0.0,0.0,0.0,-23.829640376613533,-10.523770111852023,-15.986007522087398,-13.149663408996958,-3.257615579995111,-1.997019971317771,-2.514511300774921,-2.245796600983452
powertrain_simple_cvt,SimpleCVT,EngineModelType_SIMPLE_MAP,TransmissionModelType_AUTOMATIC_SIMPLE_CVT,1.3749999999999927,3.1508844267948852,0.6266028841699633,-0.008265346004773622,4.94338409002573,-0.276245135511322,-0.05419681973015689,4.993896995438269,6.79935499219756,-1.5727514182520834,0.013278790183386024,-0.00860623327873872,0.0,0.45,0.0,151.32766657425594,1445.072769711301,568.59,0.0,1.0,872.4140327575468,151.20185189228567,0.0,1,0,0.0,0.0,0.0,0.0,-23.66098980643192,-11.600470030493998,-15.01539849774207,-11.89597817108779,-3.2263773402211724,-2.091544513695109,-2.4128717033078853,-2.1193503085266534
powertrain_simple_cvt,SimpleCVT,EngineModelType_SIMPLE_MAP,TransmissionModelType_AUTOMATIC_SIMPLE_CVT,1.3799999999999926,3.1758336161581635,0.6253735386176716,-0.008543576951323304,4.989837872655697,-0.2458691104583509,-0.05564618930993637,5.031287554785199,7.478111869386143,-1.5726884224412434,0.013317405047420773,-0.007681108073845387,0.0,0.45,0.0,151.20185189228567,1443.871327998355,568.59,0.0,1.0,894.9264556883799,151.05348686840946,0.0,1,0,0.0,0.0,0.0,0.0,-23.50423024486463,-12.777235328220726,-13.999604069936225,-10.409142212967595,-3.195191125889329,-2.193337255196349,-2.3075010881074327,-1.9721678342994837
powertrain_simple_cvt,SimpleCVT,EngineModelType_SIMPLE_MAP,TransmissionModelType_AUTOMATIC_SIMPLE_CVT,1.3849999999999925,3.201067857195783,0.6243146469830935,-0.008832536593591941,5.046848207523914,-0.21177832691563409,-0.0577919284537277,5.078981393558148,9.53876775458993,-1.5726707314684198,0.013343890627744513,-0.0069661009423349724,0.0,0.45,0.0,151.05348686840946,1442.454546382444,568.59,0.0,1.0,927.5294272092774,150.8386214732899,0.0,1,0,0.0,0.0,0.0,0.0,-23.52073438291605,-13.471526872319991,-12.921800367030436,-8.69352042612472,-3.176104267786922,-2.2463661484037076,-2.1955062485893087,-1.8043119144750688
powertrain_simple_cvt,SimpleCVT,EngineModelType_SIMPLE_MAP,TransmissionModelType_AUTOMATIC_SIMPLE_CVT,1.3899999999999924,3.2266192910478924,0.6234357949154351,-0.00914639358790412,5.110286770421854,-0.17577041353168193,-0.06277139886243592,5.133172489530486,10.838219194468,-1.5726463688109902,0.013353655057080065,-0.006461986198151761,0.0,0.45,0.0,150.8386214732899,1440.4027329984835,568.59,0.0,1.0,968.8093124670045,150.5665720728017,0.0,1,0,0.0,0.0,0.0,0.0,-23.78381136939976,-13.379126255132512,-11.598063722083673,-7.393349823691295,-3.177213601388871,-2.2247496923411987,-2.0617079699002288,-1.6768007677977537
powertrain_simple_cvt,SimpleCVT,EngineModelType_SIMPLE_MAP,TransmissionModelType_AUTOMATIC_SIMPLE_CVT,1.3949999999999922,3.252276466037099,0.6227418883978364,-0.009484168281146508,5.131434997841304,-0.13878130351973134,-0.0675549386484777,5.141972266448092,1.7599553835211543,-1.5726207901057225,0.013236768628839577,-0.006242824428826806,0.0,0.45,0.0,150.5665720728017,1437.804852587311,568.59,0.0,1.0,970.551079592169,150.5550931963651,0.0,1,0,0.0,0.0,0.0,0.0,-23.915498737199453,-13.16026410773166,-8.699278901735436,-10.502434382617327,-3.1855218725971066,-2.202652947892078,-1.7949850648940187,-1.9597667316476768
powertrain_simple_cvt,SimpleCVT,EngineModelType_SIMPLE_MAP,TransmissionModelType_AUTOMATIC_SIMPLE_CVT,1.3999999999999921,3.2780277107587086,0.6222148421518725,-0.009824662726148426,5.150248944321904,-0.10540924919277303,-0.06809888900038356,5.1504447803306705,1.6945027765157412,-1.5725775316317732,0.012997657385723007,-0.006261485090575432,0.0,0.45,0.0,150.5550931963651,1437.695237391749,568.59,0.0,1.0,969.2464124999003,150.56369142521368,0.0,1,0,0.0,0.0,0.0,0.0,-24.027807622611597,-12.945157206903804,-5.481598850027995,-14.096606596995667,-3.1921731585170594,-2.18104933281773,-1.5001127882129788,-2.286101632469689
powertrain_simple_cvt,SimpleCVT,EngineModelType_SIMPLE_MAP,TransmissionModelType_AUTOMATIC_SIMPLE_CVT,1.404999999999992,3.303824682567204,0.6218853236978764,-0.010151325991219888,5.159394361699092,-0.06590369079921628,-0.06533265301429239,5.1470232800199085,-0.6843000621524243,-1.5725697931285925,0.012707163015057211,-0.006568653602499868,0.0,0.45,0.0,150.56369142521368,1437.7773444291345,568.59,0.0,1.0,958.7246862562794,150.63303341341944,0.0,1,0,0.0,0.0,0.0,0.0,-24.09760044027286,-12.643965947523222,-4.146252148591898,-16.535081315938744,-3.20000218200692,-2.1543370362836556,-1.3785341115876586,-2.5095783111223
powertrain_simple_cvt,SimpleCVT,EngineModelType_SIMPLE_MAP,TransmissionModelType_AUTOMATIC_SIMPLE_CVT,1.409999999999992,3.3294624983311354,0.6217277088381044,-0.010468058047897726,5.127563152786255,-0.03152297195440124,-0.06334641133556773,5.10249450179182,-8.905755645617942,-1.5725509320035143,0.012432593514005667,-0.007168079832950202,0.0,0.45,0.0,150.63303341341944,1438.4395116403405,568.59,0.0,1.0,912.3938637356805,150.93837032053924,0.0,1,0,0.0,0.0,0.0,0.0,-24.038466079667096,-12.144557220348112,-6.036422462639965,-18.46440181672038,-3.2137554889807167,-2.1184191253586993,-1.555907490776998,-2.7004275870615926
powertrain_simple_cvt,SimpleCVT,EngineModelType_SIMPLE_MAP,TransmissionModelType_AUTOMATIC_SIMPLE_CVT,1.4149999999999918,3.3552367689545655,0.6217469545590771,-0.010782573373531407,5.154854124686052,0.0038491441945464186,-0.0629030651267362,5.1214974236570265,3.800584373041441,-1.5725730301146466,0.01227010637954375,-0.007955336464208033,0.0,0.45,0.0,150.93837032053924,1441.3552643249307,568.59,0.0,1.0,918.8881874054898,150.89557037451425,0.0,1,0,0.0,0.0,0.0,0.0,-24.11979874742963,-11.71299000586364,-8.61189645546429,-15.940849199124738,-3.2130038334226416,-2.0746728053267707,-1.7901458908736667,-2.4625810420343854
powertrain_simple_cvt,SimpleCVT,EngineModelType_SIMPLE_MAP,TransmissionModelType_AUTOMATIC_SIMPLE_CVT,1.4199999999999917,3.381135252698295,0.6219393509047387,-0.01110014197443778,5.179696748745955,0.03847926913231156,-0.06351372018127445,5.1376749454353465,3.2355043556640672,-1.5725958786230212,0.012207601016409352,-0.008937938651190995,0.0,0.45,0.0,150.89557037451425,1440.9465549464944,568.59,0.0,1.0,924.2466703409368,150.8602560304696,0.0,1,0,0.0,0.0,0.0,0.0,-24.164062429298035,-11.144662337264458,-10.979268060230693,-13.893603411670576,-3.2100839496697646,-2.019308712189618,-2.004181486040907,-2.2707312767897956
powertrain_simple_cvt,SimpleCVT,EngineModelType_SIMPLE_MAP,TransmissionModelType_AUTOMATIC_SIMPLE_CVT,1.4249999999999916,3.407152383174764,0.6222908913104878,-0.011421818908243253,5.203426095293762,0.07030808114979553,-0.06433538676109475,5.154502719791995,3.3655548713297287,-1.572640161559543,0.012237553334346925,-0.010073031246361957,0.0,0.45,0.0,150.8602560304696,1440.609327801489,568.59,0.0,1.0,928.5350391278889,150.83199412639019,0.0,1,0,0.0,0.0,0.0,0.0,-24.160716440884993,-10.487444679419244,-13.16216459837665,-12.20485255635269,-3.2025637142412844,-1.956067058794368,-2.1999025863404285,-2.1126311359210153
powertrain_simple_cvt,SimpleCVT,EngineModelType_SIMPLE_MAP,TransmissionModelType_AUTOMATIC_SIMPLE_CVT,1.4299999999999915,3.433267609675362,0.6227867593655961,-0.011744573711702838,5.2230453001196055,0.09917361102167445,-0.06455096069191715,5.168367510177733,2.7729580771476727,-1.5726814025087847,0.012369943081683375,-0.011332004889755146,0.0,0.45,0.0,150.83199412639019,1440.3394464973633,568.59,0.0,1.0,928.9320823371925,150.82937746778313,0.0,1,0,0.0,0.0,0.0,0.0,-24.051634938409176,-9.918204379161338,-15.856025246737655,-10.26228510049744,-3.186737540490772,-1.9017478398334027,-2.441605351935548,-1.9330311281517045
powertrain_simple_cvt,SimpleCVT,EngineModelType_SIMPLE_MAP,TransmissionModelType_AUTOMATIC_SIMPLE_CVT,1.4349999999999914,3.459500866506648,0.623408656584638,-0.012057445548357101,5.246651366257231,0.12437944380835689,-0.0625743673308525,5.188179527297828,3.962403424019185,-1.5727472445935895,0.01256242708118304,-0.012666933165089649,0.0,0.45,0.0,150.82937746778313,1440.3144592482615,568.59,0.0,1.0,932.4651582397612,150.80609321747158,0.0,1,0,0.0,0.0,0.0,0.0,-23.63991199177436,-10.285351670052851,-17.476317465327497,-8.510791357720736,-3.1410968117983344,-1.931557345756511,-2.582852238198189,-1.7708331675785123
powertrain_simple_cvt,SimpleCVT,EngineModelType_SIMPLE_MAP,TransmissionModelType_AUTOMATIC_SIMPLE_CVT,1.4399999999999913,3.4859033786815545,0.6241325116290164,-0.012371910868661943,5.280502434981287,0.144771008875692,-0.06289306406096817,5.220645027265783,6.493099993591006,-1.572819086311425,0.012693926027662372,-0.014021334275881439,0.0,0.45,0.0,150.80609321747158,1440.0921110362651,568.59,0.0,1.0,945.2777379215788,150.72165367507984,0.0,1,0,0.0,0.0,0.0,0.0,-22.786458550689108,-12.206678165809494,-16.393202826985032,-7.710321708622253,-3.0509643572868224,-2.098699114794626,-2.4755199727560595,-1.6939909057136409
powertrain_simple_cvt,SimpleCVT,EngineModelType_SIMPLE_MAP,TransmissionModelType_AUTOMATIC_SIMPLE_CVT,1.4449999999999912,3.5122655493035824,0.6249641799159771,-0.012688539769232426,5.272434124405542,0.16633365739213762,-0.06332578011409672,5.209288699430319,-2.27126556709281,-1.5728739873443949,0.012684515244611297,-0.01543760154396102,0.0,0.45,0.0,150.72165367507984,1439.2857728024214,568.59,0.0,1.0,919.2774422588614,150.89300504399466,0.0,1,0,0.0,0.0,0.0,0.0,-21.656354082478245,-14.386622185799318,-14.821941533171378,-9.993264556858477,-2.953495260201147,-2.2977345190805787,-2.337002175978247,-1.9014349724524442
powertrain_simple_cvt,SimpleCVT,EngineModelType_SIMPLE_MAP,TransmissionModelType_AUTOMATIC_SIMPLE_CVT,1.449999999999991,3.5386003892474815,0.6258611369164635,-0.012996890591243959,5.266967988779863,0.17939140009727567,-0.061670164402306354,5.20439251523302,-0.9792368394597726,-1.5729135345001164,0.012553901267468004,-0.01682643057129224,0.0,0.45,0.0,150.89300504399466,1440.9220578445227,568.59,0.0,1.0,896.7576439447907,151.04141867431866,0.0,1,0,0.0,0.0,0.0,0.0,-20.490493223294816,-16.553035048139897,-13.695903166978793,-11.659853105754674,-2.8500685214353267,-2.4945589031485023,-2.236590991038112,-2.0527578306896417
powertrain_simple_cvt,SimpleCVT,EngineModelType_SIMPLE_MAP,TransmissionModelType_AUTOMATIC_SIMPLE_CVT,1.454999999999991,3.5650724416857127,0.6268361217773508,-0.013299983299212094,5.294410487646237,0.19499697217746792,-0.06061854159362716,5.234718808079267,6.065258569249417,-1.572983905852272,0.012384589474270328,-0.018132060590755006,0.0,0.45,0.0,151.04141867431866,1442.3393036178195,568.59,0.0,1.0,903.5044664124912,150.99695466972952,0.0,1,0,0.0,0.0,0.0,0.0,-20.197266019057903,-15.739454910915367,-12.857458005160462,-13.057771086958015,-2.8130286745693707,-2.412868605515962,-2.1541631438349866,-2.1721444567932675
powertrain_simple_cvt,SimpleCVT,EngineModelType_SIMPLE_MAP,TransmissionModelType_AUTOMATIC_SIMPLE_CVT,1.4599999999999909,3.5916686539157943,0.6278473805746392,-0.013604650887892042,5.319242446016291,0.2022517594576633,-0.06093351773598969,5.263509148237338,5.758068031614394,-1.5730372129081294,0.012179923372417254,-0.019333046281020515,0.0,0.45,0.0,150.99695466972952,1441.9147036506183,568.59,0.0,1.0,908.3819132901319,150.96481052759614,0.0,1,0,0.0,0.0,0.0,0.0,-19.837338825719065,-14.89783777264233,-11.97475188022388,-14.721497275031176,-2.7709792557930726,-2.3300050920798685,-2.069046476418032,-2.3142622867585874
powertrain_simple_cvt,SimpleCVT,EngineModelType_SIMPLE_MAP,TransmissionModelType_AUTOMATIC_SIMPLE_CVT,1.4649999999999908,3.6184485284937704,0.6288796300934429,-0.013907533275264856,5.355974915595254,0.20644990376074265,-0.060576477474562615,5.305870962134786,8.472362779489732,-1.5730971964050546,0.01197640013451855,-0.0203918786325321,0.0,0.45,0.0,150.96481052759614,1441.6077497038998,568.59,0.0,1.0,923.9439948644812,150.86225077152565,0.0,1,0,0.0,0.0,0.0,0.0,-19.38816996981584,-14.317180106029387,-11.673695745860861,-14.878372035920847,-2.7170604286899027,-2.267962032969679,-2.03384904573197,-2.3176624666473757
powertrain_simple_cvt,SimpleCVT,EngineModelType_SIMPLE_MAP,TransmissionModelType_AUTOMATIC_SIMPLE_CVT,1.4699999999999906,3.645417733828477,0.6299132485445186,-0.014211710348500186,5.393841066941234,0.2067236902151377,-0.06083541464706611,5.350680051094406,8.96181779192419,-1.57315418777856,0.011779844813729106,-0.021280771546896792,0.0,0.45,0.0,150.86225077152565,1440.6283761754444,568.59,0.0,1.0,941.0292548770267,150.7496527176653,0.0,1,0,0.0,0.0,0.0,0.0,-18.94713071611938,-13.625834707266607,-11.51605241285425,-14.910020171325883,-2.6639486268074393,-2.1966291513982377,-2.011346777816287,-2.309407105564649
powertrain_simple_cvt,SimpleCVT,EngineModelType_SIMPLE_MAP,TransmissionModelType_AUTOMATIC_SIMPLE_CVT,1.4749999999999905,3.6725535967430702,0.630938580147092,-0.014517561203722334,5.4271725829187165,0.2050663205146824,-0.061170171044429594,5.391505483468104,8.165086474739876,-1.573213998922432,0.01159519605306999,-0.021989090949542253,0.0,0.45,0.0,150.7496527176653,1439.5531439641804,568.59,0.0,1.0,953.8290031611834,150.66529773883326,0.0,1,0,0.0,0.0,0.0,0.0,-18.503951294643628,-12.82869696753405,-11.613581642969868,-15.093449180176721,-2.612723336740436,-2.118093030514102,-2.0121889017390306,-2.3154789124322326
powertrain_simple_cvt,SimpleCVT,EngineModelType_SIMPLE_MAP,TransmissionModelType_AUTOMATIC_SIMPLE_CVT,1.4799999999999904,3.69984094515606,0.6319335095582984,-0.014827032267047428,5.457469682597995,0.19898588224127692,-0.06189421266501866,5.43031287622757,7.761478551893385,-1.573266254975001,0.011426758410645112,-0.022496952661602853,0.0,0.45,0.0,150.66529773883326,1438.7476132528486,568.59,0.0,1.0,963.5203175877723,150.6014284653788,0.0,1,0,0.0,0.0,0.0,0.0,-18.06531740647273,-11.954752856683566,-11.948502954686719,-15.30876572024978,-2.5632419057221534,-2.0344778460091426,-2.0339370246945596,-2.324709860353893
powertrain_simple_cvt,SimpleCVT,EngineModelType_SIMPLE_MAP,TransmissionModelType_AUTOMATIC_SIMPLE_CVT,1.4849999999999903,3.7272732364826,0.632889208720904,-0.015142558184735328,5.486458265307968,0.1911398325211366,-0.06310518353757998,5.467907333672825,7.518891489051054,-1.5733143320035607,0.011276763778617464,-0.022804790981641627,0.0,0.45,0.0,150.6014284653788,1438.1377066179307,568.59,0.0,1.0,971.7278082082444,150.54733812842966,0.0,1,0,0.0,0.0,0.0,0.0,-17.645282056084774,-11.009596626468266,-12.384481553031947,-15.577811406933874,-2.5163969563077386,-1.9461406602336162,-2.0642952644665145,-2.33872304950006
powertrain_simple_cvt,SimpleCVT,EngineModelType_SIMPLE_MAP,TransmissionModelType_AUTOMATIC_SIMPLE_CVT,1.4899999999999902,3.754845517382681,0.6337897330431023,-0.01546702084054904,5.514456180016188,0.1801048644396477,-0.06489253116274231,5.504852297712843,7.388992808003871,-1.5733473805173943,0.011144381894066975,-0.022908044523855694,0.0,0.45,0.0,150.54733812842966,1437.621181947993,568.59,0.0,1.0,978.9104040772567,150.50000221923528,0.0,1,0,0.0,0.0,0.0,0.0,-17.222953384944063,-10.113847196308285,-12.805274208930234,-15.882530487236389,-2.4701694719307405,-1.8633286672414138,-2.0930717166156017,-2.355749559175855
powertrain_simple_cvt,SimpleCVT,EngineModelType_SIMPLE_MAP,TransmissionModelType_AUTOMATIC_SIMPLE_CVT,1.4949999999999901,3.7825106598960754,0.6346262730159477,-0.015801133634166048,5.533028502678836,0.16730799456907766,-0.0668225587234018,5.531318003307408,5.293141118913105,-1.5733578359763485,0.01100648616464777,-0.022833717149061242,0.0,0.45,0.0,150.50000221923528,1437.1691573119508,568.59,0.0,1.0,976.3185428811739,150.51708352360765,0.0,1,0,0.0,0.0,0.0,0.0,-16.51328122151997,-10.225800172698168,-13.084680870512852,-16.216858699097234,-2.4028466346271267,-1.8687085968077943,-2.111578024871748,-2.377664762385618
powertrain_simple_cvt,SimpleCVT,EngineModelType_SIMPLE_MAP,TransmissionModelType_AUTOMATIC_SIMPLE_CVT,1.49999999999999,3.810184173810211,0.6353818253184242,-0.01614150504087429,5.534702782827153,0.15111046049532528,-0.06807428134164872,5.539847946778257,1.7059886941697053,-1.5733303899941988,0.010817139494070005,-0.022608738359177333,0.0,0.45,0.0,150.51708352360765,1437.33227175347,568.59,0.0,1.0,956.8226361683373,150.6455686126549,0.0,1,0,0.0,0.0,0.0,0.0,-15.285219608777027,-12.131022451954287,-13.185179440612055,-16.515732568663008,-2.2965201866851563,-2.0289754348742397,-2.11839095200199,-2.4008945387261162
powertrain_simple_cvt,SimpleCVT,EngineModelType_SIMPLE_MAP,TransmissionModelType_AUTOMATIC_SIMPLE_CVT,1.50499999999999,3.8378677705737223,0.6360568037202137,-0.01648365219563365,5.5367193527022,0.13499568035789555,-0.06842943095187203,5.548422063891639,1.714823422676518,-1.5732866433999158,0.010572264568588015,-0.022240498648385103,0.0,0.45,0.0,150.6455686126549,1438.5592139755981,568.59,0.0,1.0,938.5281084085243,150.7661361791149,0.0,1,0,0.0,0.0,0.0,0.0,-14.083827486242615,-14.087466581554839,-13.189697628987037,-16.808245905741323,-2.192769846918166,-2.1930780446124873,-2.1170453228848043,-2.42350287345806
powertrain_simple_cvt,SimpleCVT,EngineModelType_SIMPLE_MAP,TransmissionModelType_AUTOMATIC_SIMPLE_CVT,1.5099999999999898,3.865572766945259,0.6366457555570031,-0.016827739467961705,5.540999274307379,0.11779036735787922,-0.06881745446561123,5.558721588870322,2.0599049957365607,-1.5732209714565357,0.01027320893542342,-0.021742597106225146,0.0,0.45,0.0,150.7661361791149,1439.7105494263187,568.59,0.0,1.0,923.454642322989,150.8654757820776,0.0,1,0,0.0,0.0,0.0,0.0,-12.943734874695226,-15.947924377999701,-13.11344374947237,-17.057914706993476,-2.094183423360723,-2.348139054171451,-2.108529563742614,-2.44197078279022
powertrain_simple_cvt,SimpleCVT,EngineModelType_SIMPLE_MAP,TransmissionModelType_AUTOMATIC_SIMPLE_CVT,1.5149999999999897,3.893387991759105,0.6371509635984818,-0.017177920464515103,5.563044962769208,0.10104160829574074,-0.07003619931067931,5.587104150917927,5.676512409521216,-1.5731569239354235,0.009960825934961441,-0.02110779597510715,0.0,0.45,0.0,150.8654757820776,1440.6591727576963,568.59,0.0,1.0,925.3937246269214,150.85269652712114,0.0,1,0,0.0,0.0,0.0,0.0,-12.300736178769228,-16.195492451971553,-13.014579390604741,-17.31087746726976,-2.034545942633631,-2.362112052615148,-2.094583292248171,-2.4559208316411336
powertrain_simple_cvt,SimpleCVT,EngineModelType_SIMPLE_MAP,TransmissionModelType_AUTOMATIC_SIMPLE_CVT,1.5199999999999896,3.921351953214525,0.6375620318805149,-0.017532779547367844,5.592792291084022,0.08221365640660865,-0.07097181657054795,5.622090555605009,6.997280937416555,-1.5730819098262947,0.009649150789928684,-0.020362735403626497,0.0,0.45,0.0,150.85269652712114,1440.5371398619752,568.59,0.0,1.0,934.9107229806542,150.78997605974547,0.0,1,0,0.0,0.0,0.0,0.0,-11.817117507027207,-15.89696338900633,-12.876613027946533,-17.517672242468077,-1.9876866019200086,-2.3286842363374576,-2.076240306339381,-2.4641447172225295
powertrain_simple_cvt,SimpleCVT,EngineModelType_SIMPLE_MAP,TransmissionModelType_AUTOMATIC_SIMPLE_CVT,1.5249999999999895,3.9494473431070998,0.6378759438252652,-0.01789299713331107,5.619077978514968,0.06278238895007646,-0.07204351718864561,5.652392307179837,6.060350314965697,-1.5730042559834885,0.009345367678077967,-0.019536073852326395,0.0,0.45,0.0,150.78997605974547,1439.9382035170229,568.59,0.0,1.0,941.2568001915465,150.74815311159782,0.0,1,0,0.0,0.0,0.0,0.0,-11.559890584880186,-15.741113449717844,-12.68240401400443,-17.647309575380653,-1.9610077097683614,-2.308605066323306,-2.0543255532017475,-2.467072757660155
powertrain_simple_cvt,SimpleCVT,EngineModelType_SIMPLE_MAP,TransmissionModelType_AUTOMATIC_SIMPLE_CVT,1.5299999999999894,3.9776445036630936,0.6380959501070166,-0.018254674850576906,5.639432111198764,0.04400125635026002,-0.07233554345316673,5.675572830327512,4.636104629535175,-1.5729230182656357,0.00906613438480584,-0.018654710347162592,0.0,0.45,0.0,150.74815311159782,1439.5388237810805,568.59,0.0,1.0,941.797941143707,150.74458679665543,0.0,1,0,0.0,0.0,0.0,0.0,-11.96914224756654,-15.447277729246276,-12.470764610400613,-17.6654674867235,-1.990966041714412,-2.278932721325674,-2.0324970651621594,-2.462584204303543
powertrain_simple_cvt,SimpleCVT,EngineModelType_SIMPLE_MAP,TransmissionModelType_AUTOMATIC_SIMPLE_CVT,1.5349999999999893,4.0059219212509065,0.6382268038223454,-0.0186147404602979,5.65548351756257,0.026170743065760855,-0.07201312194419918,5.69320260602547,3.5259551395916273,-1.5728495720788842,0.008826495369930265,-0.017746689984980045,0.0,0.45,0.0,150.74458679665543,1439.5047679819784,568.59,0.0,1.0,938.0605019054735,150.76921787539447,0.0,1,0,0.0,0.0,0.0,0.0,-12.827974192590757,-15.076758943759545,-12.309766169615349,-17.557293630643215,-2.058782813511455,-2.2443908144380056,-2.0160114654940093,-2.449126765365346
powertrain_simple_cvt,SimpleCVT,EngineModelType_SIMPLE_MAP,TransmissionModelType_AUTOMATIC_SIMPLE_CVT,1.5399999999999892,4.0342649712704075,0.6382740320936905,-0.018969261355480292,5.668610003900186,0.009445654269004273,-0.07090417903647794,5.70666455072064,2.6923889390339757,-1.5727815956023443,0.008635839933938794,-0.01683978127391531,0.0,0.45,0.0,150.76921787539447,1439.7399774580786,568.59,0.0,1.0,931.549746150946,150.81212611481146,0.0,1,0,0.0,0.0,0.0,0.0,-13.851705424784312,-14.715256966096849,-12.355677333648876,-17.27460046792706,-2.140581564108968,-2.2116884016768985,-2.0173951399243246,-2.4224306839367076
powertrain_simple_cvt,SimpleCVT,EngineModelType_SIMPLE_MAP,TransmissionModelType_AUTOMATIC_SIMPLE_CVT,1.544999999999989,4.062677723340504,0.6382422965597165,-0.019316540408037087,5.682550414019341,-0.006347106794784535,-0.06945581051135898,5.719989831927027,2.665056241277476,-1.5727280384406073,0.00849363836016027,-0.01595504493829578,0.0,0.45,0.0,150.81212611481146,1440.1497209622335,568.59,0.0,1.0,925.9629418090286,150.84894517965077,0.0,1,0,0.0,0.0,0.0,0.0,-14.542699032672012,-14.506088837810063,-12.73382837082194,-16.799793043705662,-2.19468993411661,-2.1916823884616146,-2.0460903126174586,-2.3801113259283153
powertrain_simple_cvt,SimpleCVT,EngineModelType_SIMPLE_MAP,TransmissionModelType_AUTOMATIC_SIMPLE_CVT,1.549999999999989,4.091178097245516,0.6381365284609861,-0.019659515906970328,5.700074781002384,-0.021153619746083572,-0.06859509978664784,5.736094087089987,3.2208510325921558,-1.5726849668772802,0.00839031922788855,-0.01511032091467913,0.0,0.45,0.0,150.84894517965077,1440.5013171323853,568.59,0.0,1.0,923.9419504644864,150.86226424486236,0.0,1,0,0.0,0.0,0.0,0.0,-14.72627390431199,-14.489915100352128,-13.373268931797227,-16.158337322098298,-2.206374233506823,-2.187011754388723,-2.0955362613725086,-2.3236886620710817
powertrain_simple_cvt,SimpleCVT,EngineModelType_SIMPLE_MAP,TransmissionModelType_AUTOMATIC_SIMPLE_CVT,1.5549999999999888,4.119779716450912,0.6379656982060788,-0.01999596384565412,5.720323841079287,-0.03416605098145947,-0.06728958773675882,5.753911902299287,3.563563041860083,-1.5726593363829608,0.008321218216840334,-0.014327913410625314,0.0,0.45,0.0,150.86226424486236,1440.628504836333,568.59,0.0,1.0,924.5212292257781,150.8584465879396,0.0,1,0,0.0,0.0,0.0,0.0,-14.750799863997623,-14.559031839310721,-14.032218562830417,-15.414035913925108,-2.204641463718391,-2.188980501866617,-2.145957674471715,-2.2588054177644
powertrain_simple_cvt,SimpleCVT,EngineModelType_SIMPLE_MAP,TransmissionModelType_AUTOMATIC_SIMPLE_CVT,1.5599999999999887,4.1485170815333685,0.637737062426967,-0.020320068598142525,5.747473016491269,-0.04572715582237229,-0.06482095049768052,5.778194597854911,4.8565391111249285,-1.57265838572327,0.008278977261479335,-0.01361672685045046,0.0,0.45,0.0,150.8584465879396,1440.5920488981158,568.59,0.0,1.0,931.4825420173436,150.81256901440148,0.0,1,0,0.0,0.0,0.0,0.0,-14.847722197891747,-14.65618618275467,-14.106504161004267,-14.737137285528878,-2.207461005792266,-2.191884726387221,-2.147182946679697,-2.198467911247025
powertrain_simple_cvt,SimpleCVT,EngineModelType_SIMPLE_MAP,TransmissionModelType_AUTOMATIC_SIMPLE_CVT,1.5649999999999886,4.177437518426516,0.6374546272658348,-0.020634386969349956,5.784087378629471,-0.05648703222645393,-0.0628636742414862,5.812054428366568,6.771966102331429,-1.5726902276467862,0.008245237788680587,-0.012973464511329443,0.0,0.45,0.0,150.81256901440148,1440.1539503417762,568.59,0.0,1.0,947.5156605662726,150.70690495400112,0.0,1,0,0.0,0.0,0.0,0.0,-14.980860637503065,-14.797077386981767,-13.401767349945537,-14.179479254909165,-2.2111907244373636,-2.196331994106404,-2.083522282070106,-2.1463996739883218
powertrain_simple_cvt,SimpleCVT,EngineModelType_SIMPLE_MAP,TransmissionModelType_AUTOMATIC_SIMPLE_CVT,1.5699999999999885,4.206565297530632,0.6371303299515152,-0.02094304173463535,5.825555820822987,-0.06485946286390892,-0.06173095305707925,5.850258954329451,7.640905192576837,-1.5727439132096337,0.008212461525937034,-0.012409148264591892,0.0,0.45,0.0,150.70690495400112,1439.1449328905837,568.59,0.0,1.0,968.730279822909,150.56709292656163,0.0,1,0,0.0,0.0,0.0,0.0,-15.121973475112272,-14.963687266228963,-12.45432609882771,-13.558985235718282,-2.214615522394378,-2.2019017792703712,-2.0003468016587864,-2.0890743832029735
powertrain_simple_cvt,SimpleCVT,EngineModelType_SIMPLE_MAP,TransmissionModelType_AUTOMATIC_SIMPLE_CVT,1.5749999999999884,4.23591383333149,0.63677312359376,-0.02124717145013458,5.869707160171623,-0.07144127155102778,-0.06082594309984614,5.890954784399068,8.139166013923568,-1.572821222846324,0.008181142212534433,-0.011927569455866604,0.0,0.45,0.0,150.56709292656163,1437.809826374342,568.59,0.0,1.0,993.3211707103217,150.40503004577542,0.0,1,0,0.0,0.0,0.0,0.0,-15.25977555371267,-15.14155184135706,-11.489905808708276,-12.810373566402404,-2.2172166983320425,-2.2077864235346496,-1.9165079239464538,-2.021836825974984
powertrain_simple_cvt,SimpleCVT,EngineModelType_SIMPLE_MAP,TransmissionModelType_AUTOMATIC_SIMPLE_CVT,1.5799999999999883,4.265474520188822,0.6363948901275761,-0.021544775279086038,5.912137371466435,-0.07564669323678813,-0.05952076579029156,5.929360910400448,7.681225200276195,-1.572916050434023,0.008162474200304429,-0.01154124049589848,0.0,0.45,0.0,150.40503004577542,1436.2622398602118,568.59,0.0,1.0,1016.7227587552696,150.2508051016325,0.0,1,0,0.0,0.0,0.0,0.0,-15.375020225850582,-15.313237882646249,-10.891856372847595,-11.87181481247859,-2.2184655502171573,-2.2135693188171097,-1.8631762152686078,-1.940837615500611
powertrain_simple_cvt,SimpleCVT,EngineModelType_SIMPLE_MAP,TransmissionModelType_AUTOMATIC_SIMPLE_CVT,1.5849999999999882,4.295140106730113,0.6360025178989696,-0.021832955969329413,5.933117308258205,-0.07847444572130104,-0.05763613804867489,5.944939010529805,3.115620025871446,-1.573023730162445,0.0081987524170487,-0.011282135222914222,0.0,0.45,0.0,150.2508051016325,1434.7895001277066,568.59,0.0,1.0,1016.5222882910414,150.25212627462676,0.0,1,0,0.0,0.0,0.0,0.0,-15.399282312332438,-15.42053592242432,-12.203372796766516,-10.53958683867571,-2.217190411162879,-2.21887033947913,-1.9645792609552015,-1.8330702546689963
powertrain_simple_cvt,SimpleCVT,EngineModelType_SIMPLE_MAP,TransmissionModelType_AUTOMATIC_SIMPLE_CVT,1.589999999999988,4.324773357527379,0.6356016447726305,-0.02211354529241275,5.92665015945314,-0.08017462526781916,-0.0561178646166674,5.9317417276376565,-2.6394565784298005,-1.5731287731813595,0.008289799300118325,-0.011181304746958517,0.0,0.45,0.0,150.25212627462676,1434.8021164004697,568.59,0.0,1.0,986.6013324702864,150.44931621452724,0.0,1,0,0.0,0.0,0.0,0.0,-15.307616707162962,-15.437707738517721,-14.570590972687885,-10.078330230245642,-2.2126369321141266,-2.2229424677292022,-2.154251316466669,-1.7983839473534333
powertrain_simple_cvt,SimpleCVT,EngineModelType_SIMPLE_MAP,TransmissionModelType_AUTOMATIC_SIMPLE_CVT,1.594999999999988,4.354284675786833,0.6351999911510797,-0.02238959561553288,5.9022636518909986,-0.08033072431015958,-0.05521006462402659,5.899879447293011,-6.372456068929247,-1.5732192638341795,0.008385923087396633,-0.011255947377176985,0.0,0.45,0.0,150.44931621452724,1436.685141620259,568.59,0.0,1.0,941.3376604565535,150.7476202131539,0.0,1,0,0.0,0.0,0.0,0.0,-15.113021478935385,-15.38183058244109,-16.28216165909091,-11.543164485181459,-2.2036871018119033,-2.225096589728692,-2.2968040842117974,-1.919363359886188
powertrain_simple_cvt,SimpleCVT,EngineModelType_SIMPLE_MAP,TransmissionModelType_AUTOMATIC_SIMPLE_CVT,1.5999999999999879,4.38370210698829,0.6348039661369468,-0.022663600498902446,5.883486240291242,-0.07920500282658444,-0.05480097667391354,5.874353381561135,-5.10521314637533,-1.5732865310711697,0.008476032490203653,-0.011488751716992063,0.0,0.45,0.0,150.7476202131539,1439.5337349757897,568.59,0.0,1.0,905.5604647513031,150.98340489574187,0.0,1,0,0.0,0.0,0.0,0.0,-14.868061597657926,-15.3038383889888,-17.621891694686553,-13.054198554297411,-2.18932275451273,-2.224181316969856,-2.4096065336015973,-2.044228615853916
powertrain_simple_cvt,SimpleCVT,EngineModelType_SIMPLE_MAP,TransmissionModelType_AUTOMATIC_SIMPLE_CVT,1.6049999999999878,4.413217006777158,0.6344177343594528,-0.022939749690066895,5.902979957773674,-0.07724635549880547,-0.05522983823289003,5.889743412489177,3.0780061856085386,-1.573346801184183,0.008478402984673256,-0.01181725119648381,0.0,0.45,0.0,150.98340489574187,1441.7853128401434,568.59,0.0,1.0,905.2478466877352,150.98546516204942,0.0,1,0,0.0,0.0,0.0,0.0,-14.650587030768165,-15.279021941105464,-15.530485993581188,-15.48764105915209,-2.1688643058982513,-2.2190025791108523,-2.2390650758925927,-2.235646788663723
powertrain_simple_cvt,SimpleCVT,EngineModelType_SIMPLE_MAP,TransmissionModelType_AUTOMATIC_SIMPLE_CVT,1.6099999999999877,4.442812186412425,0.6340592973711011,-0.023221396676755383,5.91903592705345,-0.07168739767033105,-0.056329397337697325,5.900566578185172,2.1646331391990365,-1.5733774005741463,0.0083887261197755,-0.012266982815205692,0.0,0.45,0.0,150.98546516204942,1441.8049869341594,568.59,0.0,1.0,902.5707342984853,151.00310830267318,0.0,1,0,0.0,0.0,0.0,0.0,-14.328267174460827,-15.168328163217724,-13.609322379897943,-18.130953663224957,-2.1410519068068807,-2.2079513567811033,-2.0837977169780446,-2.4438842462768737
powertrain_simple_cvt,SimpleCVT,EngineModelType_SIMPLE_MAP,TransmissionModelType_AUTOMATIC_SIMPLE_CVT,1.6149999999999876,4.472607015048473,0.6337169071348753,-0.023511221477868608,5.958965727209538,-0.06847804724517215,-0.05796496022264516,5.938798177811624,7.646319925290598,-1.5733977598889275,0.00826504332044898,-0.012755689508378031,0.0,0.45,0.0,151.00310830267318,1441.9734665166754,568.59,0.0,1.0,921.1409995560206,150.88072352619724,0.0,1,0,0.0,0.0,0.0,0.0,-13.973205174309648,-15.046331538060144,-12.643548111057797,-18.331144290370066,-2.1056124345056624,-2.190522219823906,-2.000404977489119,-2.4504289326125877
powertrain_simple_cvt,SimpleCVT,EngineModelType_SIMPLE_MAP,TransmissionModelType_AUTOMATIC_SIMPLE_CVT,1.6199999999999875,4.5026695334268165,0.6334041588219117,-0.02380342796149929,6.012503675668816,-0.06254966259270438,-0.0584412967261363,5.991098817968219,10.46012803131924,-1.5734117135802432,0.008133469153343125,-0.013271372784880657,0.0,0.45,0.0,150.88072352619724,1440.8047779885549,568.59,0.0,1.0,953.4682104523717,150.66767549350774,0.0,1,0,0.0,0.0,0.0,0.0,-13.549740170717833,-14.882114797314657,-11.79809788330807,-17.68451386165112,-2.0627471019380677,-2.167249273586469,-1.9253604996030749,-2.3870499078845175
powertrain_simple_cvt,SimpleCVT,EngineModelType_SIMPLE_MAP,TransmissionModelType_AUTOMATIC_SIMPLE_CVT,1.6249999999999873,4.532977476343178,0.6331222215682882,-0.024091989867303796,6.061588583272262,-0.0563874507246879,-0.05771238116090175,6.039653699840419,9.710976374440103,-1.5734359577666042,0.008005410150981355,-0.013796963232321977,0.0,0.45,0.0,150.66767549350774,1438.7703191374426,568.59,0.0,1.0,983.1494177672229,150.47206558312752,0.0,1,0,0.0,0.0,0.0,0.0,-13.03027528105705,-14.635327573872823,-11.204242141354696,-17.242719163126775,-2.0137876538733486,-2.1386646931668527,-1.871717757983654,-2.3415262095188263
powertrain_simple_cvt,SimpleCVT,EngineModelType_SIMPLE_MAP,TransmissionModelType_AUTOMATIC_SIMPLE_CVT,1.6299999999999872,4.563442220603044,0.6328774415165805,-0.02437539979787519,6.092948851973143,-0.048956010341528196,-0.056681986114278216,6.0698935528632845,6.047970604573245,-1.5734586867963636,0.00792905252592359,-0.014345806567330232,0.0,0.45,0.0,150.47206558312752,1436.9023820881562,568.59,0.0,1.0,994.8752601073817,150.39478803356693,0.0,1,0,0.0,0.0,0.0,0.0,-12.495529058590819,-14.226380955166835,-12.400089530388854,-16.324581396777326,-1.9673397158442847,-2.1013333846158577,-1.9599512774949917,-2.2637652920168834
powertrain_simple_cvt,SimpleCVT,EngineModelType_SIMPLE_MAP,TransmissionModelType_AUTOMATIC_SIMPLE_CVT,1.6349999999999871,4.593993056879108,0.632658942216161,-0.024657835675241477,6.110167255212874,-0.04369986008391098,-0.05648717547325763,6.086870567786164,3.395402984575996,-1.5734849059064726,0.007940479131712034,-0.01489809923247729,0.0,0.45,0.0,150.39478803356693,1436.1644358480005,568.59,0.0,1.0,991.1767471148898,150.41916257424268,0.0,1,0,0.0,0.0,0.0,0.0,-12.305231993884664,-13.579542044425096,-14.731469929391604,-15.04636884725345,-1.9499509558373014,-2.048326350234218,-2.137253970284242,-2.161563835239544
powertrain_simple_cvt,SimpleCVT,EngineModelType_SIMPLE_MAP,TransmissionModelType_AUTOMATIC_SIMPLE_CVT,1.639999999999987,4.624593899106672,0.6324763532619118,-0.02493968377605795,6.120168445512791,-0.036517790849847714,-0.05636962016329505,6.096389262936716,1.9037390301104702,-1.5735029841971835,0.008053364126852633,-0.015458703510139445,0.0,0.45,0.0,150.41916257424268,1436.3971955660488,568.59,0.0,1.0,979.6421752681173,150.4951795819502,0.0,1,0,0.0,0.0,0.0,0.0,-13.042101383522308,-12.57417670216812,-16.950553551352296,-13.78218660692357,-2.005264456680208,-1.9691975655607237,-2.3065217410253687,-2.0623090500414807
powertrain_simple_cvt,SimpleCVT,EngineModelType_SIMPLE_MAP,TransmissionModelType_AUTOMATIC_SIMPLE_CVT,1.644999999999987,4.655208677758816,0.6323235637561047,-0.025219957201426623,6.12295573042893,-0.030557901161427394,-0.05605468507373468,6.09894866130147,0.5118796729506878,-1.5735157275908263,0.008286069327072139,-0.016021915700715927,0.0,0.45,0.0,150.4951795819502,1437.1231045181912,568.59,0.0,1.0,961.2019760768087,150.6167071759238,0.0,1,0,0.0,0.0,0.0,0.0,-14.773269701380546,-11.287029450258721,-18.88953910015079,-12.520158355349263,-2.138222309809927,-1.8696212139527648,-2.4553646728462124,-1.964628944740647
powertrain_simple_cvt,SimpleCVT,EngineModelType_SIMPLE_MAP,TransmissionModelType_AUTOMATIC_SIMPLE_CVT,1.6499999999999868,4.685937464123889,0.632200674116251,-0.025496183473218543,6.145757273014576,-0.02457792797072746,-0.05524525435838423,6.123497199392404,4.909707618187047,-1.573525824101976,0.008559693376213736,-0.01654084172161612,0.0,0.45,0.0,150.6167071759238,1438.2836075563691,568.59,0.0,1.0,963.197051978113,150.60355890287292,0.0,1,0,0.0,0.0,0.0,0.0,-16.686708981686092,-10.518033919310806,-18.110741131095796,-11.996519761752461,-2.2804912446554746,-1.8071244221642746,-2.389767477699889,-1.9205792788811633
powertrain_simple_cvt,SimpleCVT,EngineModelType_SIMPLE_MAP,TransmissionModelType_AUTOMATIC_SIMPLE_CVT,1.6549999999999867,4.716720704259159,0.6321158574580519,-0.025764968484313235,6.156648027054141,-0.016963331639826867,-0.053757002218938595,6.134848710071184,2.270302135755968,-1.5735079600187114,0.008789194837800753,-0.01704451167431007,0.0,0.45,0.0,150.60355890287292,1438.1580507974188,568.59,0.0,1.0,953.7128896857675,150.66606296870683,0.0,1,0,0.0,0.0,0.0,0.0,-16.826382981776398,-11.80417791871547,-17.408826178571164,-11.85442871064443,-2.2888202687307975,-1.904143437946335,-2.333432625303595,-1.9079924076998442
powertrain_simple_cvt,SimpleCVT,EngineModelType_SIMPLE_MAP,TransmissionModelType_AUTOMATIC_SIMPLE_CVT,1.6599999999999866,4.7475198098923235,0.6320672304004189,-0.026030537879243056,6.15982112663297,-0.009725411526605787,-0.053113878985964244,6.13947089924003,0.9244378337692735,-1.5734716586067885,0.008888577592562959,-0.017509706766571816,0.0,0.45,0.0,150.66606296870683,1438.7549206598674,568.59,0.0,1.0,937.0555485255761,150.77584088228542,0.0,1,0,0.0,0.0,0.0,0.0,-15.164690459175635,-13.996679716152705,-16.412453160700778,-13.357222111453478,-2.1606681037691216,-2.0712714347150487,-2.2561687915432493,-2.0223289226680636
powertrain_simple_cvt,SimpleCVT,EngineModelType_SIMPLE_MAP,TransmissionModelType_AUTOMATIC_SIMPLE_CVT,1.6649999999999865,4.778322560888613,0.6320437927310583,-0.026297969514186757,6.160550199257939,-0.004687533872130634,-0.05348632698874006,6.14156824187924,0.419468527841902,-1.5734149792841061,0.008862592962728484,-0.017939395560478324,0.0,0.45,0.0,150.77584088228542,1439.803222515168,568.59,0.0,1.0,918.8462005271663,150.8958470832552,0.0,1,0,0.0,0.0,0.0,0.0,-13.70893119517082,-15.952276734230464,-15.338008720421058,-15.114046737448039,-2.0488895531086135,-2.2205310666907487,-2.173532559416861,-2.156396913983274
powertrain_simple_cvt,SimpleCVT,EngineModelType_SIMPLE_MAP,TransmissionModelType_AUTOMATIC_SIMPLE_CVT,1.6699999999999864,4.809118289332804,0.6320392177947118,-0.026561571673926296,6.159145688838163,-0.0009149872692755417,-0.05272043194790777,6.1418818808024715,0.06272778464637829,-1.5733396820276697,0.008706033691148545,-0.01832567418709679,0.0,0.45,0.0,150.8958470832552,1440.9491973203294,568.59,0.0,1.0,899.808505339155,151.02131239233344,0.0,1,0,0.0,0.0,0.0,0.0,-12.15787804200269,-18.149858706491102,-14.222560567778874,-16.86618921844328,-1.930168798881334,-2.3886002322574553,-2.0881324878110643,-2.290389894751769
powertrain_simple_cvt,SimpleCVT,EngineModelType_SIMPLE_MAP,TransmissionModelType_AUTOMATIC_SIMPLE_CVT,1.6749999999999863,4.8401106202418225,0.6320620432587555,-0.026823563559407394,6.198466181803795,0.004565092808733042,-0.052398377096219514,6.186019659513283,8.827555742162485,-1.5732797899167743,0.00850404799822701,-0.01859540014845081,0.0,0.45,0.0,151.02131239233344,1442.1473027679106,568.59,0.0,1.0,917.4434367777457,150.90509180461703,0.0,1,0,0.0,0.0,0.0,0.0,-11.204318834871263,-17.901388619062566,-13.538828799213398,-17.43792539290372,-1.8510980744151482,-2.3598182636165994,-2.028431205026421,-2.324612851742888
powertrain_simple_cvt,SimpleCVT,EngineModelType_SIMPLE_MAP,TransmissionModelType_AUTOMATIC_SIMPLE_CVT,1.6799999999999862,4.871327504235551,0.6321032567997702,-0.027091022747913474,6.243376798745629,0.008242708202940287,-0.05349183770121626,6.234932716602953,9.782611417934136,-1.5732199517144356,0.00831584160210649,-0.018769093042746217,0.0,0.45,0.0,150.90509180461703,1441.0374779064641,568.59,0.0,1.0,941.420984428763,150.74707107798687,0.0,1,0,0.0,0.0,0.0,0.0,-11.153194251806731,-17.12979725484325,-13.047070632959894,-17.088507398057384,-1.8405681692391114,-2.2909989723893007,-1.9833014675687113,-2.28788713388429
powertrain_simple_cvt,SimpleCVT,EngineModelType_SIMPLE_MAP,TransmissionModelType_AUTOMATIC_SIMPLE_CVT,1.684999999999986,4.902620970666932,0.6321558341557427,-0.027361748396518722,6.258693286276325,0.010515471194506555,-0.054145129721050046,6.252414313927043,3.4963194648182174,-1.573162994178589,0.008202943098633314,-0.018890828161710355,0.0,0.45,0.0,150.74707107798687,1439.5284911212143,568.59,0.0,1.0,937.5026441110437,150.7728943603843,0.0,1,0,0.0,0.0,0.0,0.0,-13.404165808902995,-15.824006569372466,-12.631269962444495,-16.771036370227687,-2.0073896573957932,-2.189252713209575,-1.9493026945018164,-2.2604267079383997
powertrain_simple_cvt,SimpleCVT,EngineModelType_SIMPLE_MAP,TransmissionModelType_AUTOMATIC_SIMPLE_CVT,1.689999999999986,4.933952917172117,0.6322225933971476,-0.027630680659042728,6.26638930103692,0.013351848280975746,-0.05378645250480102,6.263177273103679,2.152591835327168,-1.5730960125385138,0.008181014736393152,-0.018939269524367797,0.0,0.45,0.0,150.7728943603843,1439.7750853036387,568.59,0.0,1.0,926.164833502114,150.84761464024336,0.0,1,0,0.0,0.0,0.0,0.0,-15.552872141017925,-14.481726071110435,-13.038916675579534,-16.246706317669272,-2.166866959114945,-2.086503348713717,-1.9782553931797993,-2.21892243597468
powertrain_simple_cvt,SimpleCVT,EngineModelType_SIMPLE_MAP,TransmissionModelType_AUTOMATIC_SIMPLE_CVT,1.6949999999999859,4.965297693322403,0.6323035721671282,-0.02789518622579993,6.268955230057136,0.016195753996117765,-0.05290111335144048,6.268036196524143,0.9717846840928454,-1.5730344234303597,0.008267039967692763,-0.018932705522576695,0.0,0.45,0.0,150.84761464024336,1440.4886114169653,568.59,0.0,1.0,910.4327799801855,150.9512945730331,0.0,1,0,0.0,0.0,0.0,0.0,-17.6180816413965,-13.08545336872858,-14.168053972266755,-15.466743772054889,-2.320786336218524,-1.980985805630051,-2.062145838478089,-2.159505572497949
powertrain_simple_cvt,SimpleCVT,EngineModelType_SIMPLE_MAP,TransmissionModelType_AUTOMATIC_SIMPLE_CVT,1.6999999999999857,4.9966993290107,0.6323919520318976,-0.028162293917089614,6.280327137659545,0.017675972953872885,-0.05342153825793667,6.282495935666269,2.891947828425207,-1.5729689785249255,0.008445360279118132,-0.01885349626439459,0.0,0.45,0.0,150.9512945730331,1441.4786818451407,568.59,0.0,1.0,903.1613253748619,150.99921609349528,0.0,1,0,0.0,0.0,0.0,0.0,-18.49792290618751,-11.936928177604907,-15.834341950448849,-14.517420141590183,-2.3835542533774348,-1.8928239043996589,-2.184331412022924,-2.08583209514003
powertrain_simple_cvt,SimpleCVT,EngineModelType_SIMPLE_MAP,TransmissionModelType_AUTOMATIC_SIMPLE_CVT,1.7049999999999856,5.028250351401382,0.632490203156962,-0.028429011666407634,6.310204478136245,0.019650225012889842,-0.053343549863604046,6.315773065330156,6.65542593277749,-1.5729128221721855,0.008660259047927976,-0.018694019226567177,0.0,0.45,0.0,150.99921609349528,1441.9362986568628,568.59,0.0,1.0,912.5307729551221,150.9374680391778,0.0,1,0,0.0,0.0,0.0,0.0,-17.785796311739446,-11.44014256009442,-17.180803123761308,-13.664723801477956,-2.3232815049616535,-1.8511583512235257,-2.2782693906740947,-2.016669479396317
powertrain_simple_cvt,SimpleCVT,EngineModelType_SIMPLE_MAP,TransmissionModelType_AUTOMATIC_SIMPLE_CVT,1.7099999999999855,5.059926519831907,0.632579507766562,-0.028694552087302715,6.335233686105145,0.017860921919994967,-0.0531080841790163,6.3431316177762,5.4717104892089194,-1.5728571800343074,0.008827715334141152,-0.0184810308191559,0.0,0.45,0.0,150.9374680391778,1441.3466481726066,568.59,0.0,1.0,917.8454702331616,150.90244225848,0.0,1,0,0.0,0.0,0.0,0.0,-16.77821145043795,-12.829062976420856,-16.93451112708404,-13.124223513426173,-2.242932046130997,-1.9503786230331466,-2.254510746129933,-1.9722441532942738
powertrain_simple_cvt,SimpleCVT,EngineModelType_SIMPLE_MAP,TransmissionModelType_AUTOMATIC_SIMPLE_CVT,1.7149999999999854,5.091698308374238,0.6326746095849185,-0.028962829991089043,6.354357708466213,0.01902036367129161,-0.05365558075726559,6.363984064061882,4.170489257136634,-1.5728045475050485,0.008920539074598883,-0.01822762352688496,0.0,0.45,0.0,150.90244225848,1441.0121766045845,568.59,0.0,1.0,917.6720515637656,150.90358515034484,0.0,1,0,0.0,0.0,0.0,0.0,-15.665059441557663,-14.84137157676178,-16.314403435099138,-12.82442452569762,-2.156667169101882,-2.095848203533865,-2.2046130375222983,-1.9469220890504597
powertrain_simple_cvt,SimpleCVT,EngineModelType_SIMPLE_MAP,TransmissionModelType_AUTOMATIC_SIMPLE_CVT,1.7199999999999853,5.123522476699258,0.6327682507552567,-0.029232628010155144,6.364833665004075,0.01872823406763486,-0.05395960381322014,6.375914088293629,2.3860048463494166,-1.572750277954897,0.008925992586432833,-0.017940941855438264,0.0,0.45,0.0,150.90358515034484,1441.0230904179668,568.59,0.0,1.0,909.5994069599853,150.9567868031862,0.0,1,0,0.0,0.0,0.0,0.0,-14.536826744228094,-16.679990215068962,-15.49103403576742,-13.463354762546102,-2.0713530315056214,-2.2293025429015074,-2.1416773803103792,-1.9922389661014928
powertrain_simple_cvt,SimpleCVT,EngineModelType_SIMPLE_MAP,TransmissionModelType_AUTOMATIC_SIMPLE_CVT,1.7249999999999852,5.15537490059775,0.6328641203775045,-0.02950266792326117,6.370484779698423,0.01917392444955796,-0.05400798262120503,6.381947486282617,1.2066795977976144,-1.572694628303644,0.008821669123889615,-0.017645794522182165,0.0,0.45,0.0,150.9567868031862,1441.5311287797886,568.59,0.0,1.0,897.3993970425665,151.03718928888262,0.0,1,0,0.0,0.0,0.0,0.0,-13.398283402484553,-18.34262370066491,-14.384212360622938,-14.893184699594046,-1.986509742419508,-2.3505593544084435,-2.059103260060482,-2.096578670598815
powertrain_simple_cvt,SimpleCVT,EngineModelType_SIMPLE_MAP,TransmissionModelType_AUTOMATIC_SIMPLE_CVT,1.729999999999985,5.187345528714165,0.6329565151063788,-0.02977454207065079,6.394125623282946,0.01847894577487459,-0.0543748294779237,6.407617561480915,5.134015039659732,-1.5726523943948076,0.008649163990958143,-0.017304194145028158,0.0,0.45,0.0,151.03718928888262,1442.2989159619162,568.59,0.0,1.0,901.3324855194635,151.0112688107726,0.0,1,0,0.0,0.0,0.0,0.0,-12.815621695975857,-17.985495225033205,-13.1084413403021,-16.791975066467536,-1.9398283491730817,-2.318958899333848,-1.9613021574253178,-2.231432589105622
powertrain_simple_cvt,SimpleCVT,EngineModelType_SIMPLE_MAP,TransmissionModelType_AUTOMATIC_SIMPLE_CVT,1.734999999999985,5.219461698690851,0.6330454649304537,-0.030050470675292606,6.423233995337157,0.017789964814956316,-0.055185720928363595,6.437232525719595,5.922992847736046,-1.5726118898741432,0.008437619635519377,-0.01695200914361463,0.0,0.45,0.0,151.0112688107726,1442.0513936288055,568.59,0.0,1.0,910.2597385069884,150.95243497903832,0.0,1,0,0.0,0.0,0.0,0.0,-12.525725093516913,-17.60599665264708,-11.941300967874193,-17.998172968839192,-1.9143429568416346,-2.2851885952580293,-1.8716816275293435,-2.31381637128482
powertrain_simple_cvt,SimpleCVT,EngineModelType_SIMPLE_MAP,TransmissionModelType_AUTOMATIC_SIMPLE_CVT,1.739999999999985,5.25170884474876,0.633118705041417,-0.030326078024809067,6.449429211581818,0.014648022192658093,-0.05512146990329249,6.463819779576096,5.317450771300372,-1.5725859118654466,0.008277727299228552,-0.01659287976740351,0.0,0.45,0.0,150.95243497903832,1441.4895719203125,568.59,0.0,1.0,916.6145979309382,150.91055415292462,0.0,1,0,0.0,0.0,0.0,0.0,-13.582287229951788,-16.991434866239192,-11.758674994232736,-17.29601217436453,-1.9873908906805728,-2.235225534733181,-1.854819838456623,-2.257367376858842
powertrain_simple_cvt,SimpleCVT,EngineModelType_SIMPLE_MAP,TransmissionModelType_AUTOMATIC_SIMPLE_CVT,1.7449999999999848,5.283963406631886,0.633194586059598,-0.030598631327225873,6.450912376625405,0.015176203636207287,-0.05451066048336108,6.463143210165837,-0.13531388205177142,-1.5725666027087493,0.008231527109978966,-0.016285200220016494,0.0,0.45,0.0,150.91055415292462,1441.0896394905064,568.59,0.0,1.0,900.6466441185469,151.01578875410056,0.0,1,0,0.0,0.0,0.0,0.0,-15.136943652867789,-16.13312014147581,-13.53883731243707,-15.963969527557996,-2.1005248671102965,-2.172951442969026,-1.984335244669743,-2.1606534215736533
powertrain_simple_cvt,SimpleCVT,EngineModelType_SIMPLE_MAP,TransmissionModelType_AUTOMATIC_SIMPLE_CVT,1.7499999999999847,5.316200392346844,0.6332554165848135,-0.03087099996154577,6.447397142991544,0.012166105043099416,-0.05447372686397929,6.458677489558278,-0.8931441215118431,-1.5725552283282795,0.008302181967585347,-0.016001972337155217,0.0,0.45,0.0,151.01578875410056,1442.0945559081938,568.59,0.0,1.0,881.1051341107407,151.14457438538477,0.0,1,0,0.0,0.0,0.0,0.0,-16.72802082933789,-15.249931448293538,-15.630380744624162,-14.589576177621137,-2.2170443562809745,-2.109506210696894,-2.137185735589534,-2.0614621734786516
powertrain_simple_cvt,SimpleCVT,EngineModelType_SIMPLE_MAP,TransmissionModelType_AUTOMATIC_SIMPLE_CVT,1.7549999999999846,5.348460618964948,0.6333187781698195,-0.031146188431789512,6.452045323620694,0.012672317001204279,-0.055037694048748545,6.461313079443622,0.5271179770687807,-1.5725437021935331,0.008474983802753938,-0.015766709819051743,0.0,0.45,0.0,151.14457438538477,1443.3243680972794,568.59,0.0,1.0,869.2437840030632,151.22274498023083,0.0,1,0,0.0,0.0,0.0,0.0,-17.652110601221356,-14.56016370057695,-17.747751805769052,-13.161326835197908,-2.2837524926478516,-2.0588901727526645,-2.29070801414393,-1.9571595438604004
powertrain_simple_cvt,SimpleCVT,EngineModelType_SIMPLE_MAP,TransmissionModelType_AUTOMATIC_SIMPLE_CVT,1.7599999999999845,5.380847432078826,0.6333731263520027,-0.03142092483825139,6.477362622775724,0.010869636436630144,-0.05494728129237533,6.486514115745522,5.040207260380144,-1.5725434090529709,0.008705864287023794,-0.015535436228650503,0.0,0.45,0.0,151.22274498023083,1444.0708422917303,568.59,0.0,1.0,874.91495341972,151.18536991898165,0.0,1,0,0.0,0.0,0.0,0.0,-17.3608393287015,-14.243128514761143,-19.317986300008805,-11.773438531673026,-2.2576644797171177,-2.031809377064313,-2.3994453107469753,-1.8528985934993685
powertrain_simple_cvt,SimpleCVT,EngineModelType_SIMPLE_MAP,TransmissionModelType_AUTOMATIC_SIMPLE_CVT,1.7649999999999844,5.4134518814995936,0.633426046438719,-0.031700531046446885,6.520889884153394,0.010584017343256771,-0.05592124163909919,6.529247257335781,8.546628318051935,-1.5725653287983699,0.008916284703976927,-0.015323457708304117,0.0,0.45,0.0,151.18536991898165,1443.7139367469604,568.59,0.0,1.0,896.1114103495805,151.04567758785623,0.0,1,0,0.0,0.0,0.0,0.0,-17.157629035042664,-13.979168459781565,-18.393150440355758,-11.633805055378907,-2.2348084803356563,-2.006059504312863,-2.3237270777596297,-1.8372672652855258
powertrain_simple_cvt,SimpleCVT,EngineModelType_SIMPLE_MAP,TransmissionModelType_AUTOMATIC_SIMPLE_CVT,1.7699999999999843,5.446136520677454,0.6334700826777896,-0.03198464578056779,6.536927835572041,0.008807247814110889,-0.0568229468241814,6.542974546428954,2.7454578186346144,-1.5725782527019612,0.00904538688033036,-0.015166743277122289,0.0,0.45,0.0,151.04567758785623,1442.379973246322,568.59,0.0,1.0,893.9700873359327,151.05978968236607,0.0,1,0,0.0,0.0,0.0,0.0,-16.833922044238896,-13.972602805584966,-16.955822954421205,-13.599829916570547,-2.2089700047671963,-2.003477242919711,-2.2177246219964397,-1.9767056302067323
powertrain_simple_cvt,SimpleCVT,EngineModelType_SIMPLE_MAP,TransmissionModelType_AUTOMATIC_SIMPLE_CVT,1.7749999999999841,5.4788700226116145,0.6335046933758469,-0.03226719818851808,6.546700386832033,0.006922139611470201,-0.05651048159005791,6.550717808351586,1.5486523845265385,-1.5725908554661794,0.00908614696018217,-0.015058345968227388,0.0,0.45,0.0,151.05978968236607,1442.5147338222391,568.59,0.0,1.0,886.1377544164411,151.1114075941376,0.0,1,0,0.0,0.0,0.0,0.0,-16.3463464007187,-14.338978955589486,-15.609112025578714,-15.671556257699203,-2.1725658772699585,-2.0285721974836544,-2.1196821410118316,-2.124161427943717
powertrain_simple_cvt,SimpleCVT,EngineModelType_SIMPLE_MAP,TransmissionModelType_AUTOMATIC_SIMPLE_CVT,1.779999999999984,5.5116459306634855,0.6335337622587701,-0.032549753913465075,6.55518161037412,0.005813776584650613,-0.05651114498939913,6.5571149837018226,1.2794350700472907,-1.5726019300219396,0.00903260315374754,-0.01499921233716475,0.0,0.45,0.0,151.1114075941376,1443.0076485708703,568.59,0.0,1.0,877.4151344071142,151.16889282040236,0.0,1,0,0.0,0.0,0.0,0.0,-15.754236871854138,-14.977993727967847,-14.165537332148316,-17.748592213284443,-2.1289897957386343,-2.073362182951792,-2.015139433870142,-2.2719105127410733
powertrain_simple_cvt,SimpleCVT,EngineModelType_SIMPLE_MAP,TransmissionModelType_AUTOMATIC_SIMPLE_CVT,1.784999999999984,5.544495748059637,0.6335618297197834,-0.03283821647429433,6.569963479230352,0.005613492202651668,-0.057692512165850994,6.569911615832864,2.559326426208363,-1.572612520273054,0.008888160178617656,-0.014986819393401143,0.0,0.45,0.0,151.16889282040236,1443.5565920457577,568.59,0.0,1.0,874.130504755962,151.19053971989933,0.0,1,0,0.0,0.0,0.0,0.0,-15.140164944149339,-15.653492209247752,-12.70144937806427,-19.433562910078976,-2.082870504697633,-2.1195852272044693,-1.9084461727565853,-2.3899473456293174
powertrain_simple_cvt,SimpleCVT,EngineModelType_SIMPLE_MAP,TransmissionModelType_AUTOMATIC_SIMPLE_CVT,1.7899999999999838,5.5775620864081015,0.6335803681394442,-0.033130209703179606,6.613267669692964,0.003707683932164817,-0.05839864577705542,6.613487644969275,8.715205827282455,-1.572630878033008,0.00872125421333572,-0.014968708385961907,0.0,0.45,0.0,151.19053971989933,1443.7633047092113,568.59,0.0,1.0,894.9700679766019,151.05319944762837,0.0,1,0,0.0,0.0,0.0,0.0,-14.65382663013804,-16.053894090777217,-11.945004235731592,-18.748829424396625,-2.041180312590401,-2.1406575831429198,-1.848713688100698,-2.3321375073900064
powertrain_simple_cvt,SimpleCVT,EngineModelType_SIMPLE_MAP,TransmissionModelType_AUTOMATIC_SIMPLE_CVT,1.7949999999999837,5.610787770491192,0.6336057389807371,-0.03342450954270892,6.645136816618136,0.005074168258588781,-0.05885996790586286,6.643545193207888,6.011509647722718,-1.5726605030241536,0.008583819037358316,-0.014992614283934252,0.0,0.45,0.0,151.05319944762837,1442.4518017161606,568.59,0.0,1.0,906.638308736905,150.9763015133494,0.0,1,0,0.0,0.0,0.0,0.0,-14.228556871398718,-15.920041569316258,-12.709039420826173,-17.754318862586917,-2.006390214776558,-2.126029449016141,-1.898914276966422,-2.2557684475540123
powertrain_simple_cvt,SimpleCVT,EngineModelType_SIMPLE_MAP,TransmissionModelType_AUTOMATIC_SIMPLE_CVT,1.7999999999999836,5.644086680036291,0.6336226831036192,-0.033721340338145445,6.659781909019836,0.00338882457642888,-0.059366159087305574,6.656589360312017,2.6088334208257735,-1.5726895750278647,0.00852324414294974,-0.015054731940726134,0.0,0.45,0.0,150.9763015133494,1441.7174805349173,568.59,0.0,1.0,902.9843696666268,151.00038229572763,0.0,1,0,0.0,0.0,0.0,0.0,-13.956168812676314,-15.53574280556373,-14.978395447478968,-16.427232881741205,-1.985189767627367,-2.096694590755439,-2.057350489837104,-2.1596263962373023
powertrain_simple_cvt,SimpleCVT,EngineModelType_SIMPLE_MAP,TransmissionModelType_AUTOMATIC_SIMPLE_CVT,1.8049999999999835,5.677447324360455,0.6336352223946392,-0.03402294751421605,6.672128864832812,0.002507858203998196,-0.06032143521412156,6.667244229167947,2.130973771186052,-1.5727261382680486,0.008547964645898883,-0.015156945728170685,0.0,0.45,0.0,151.00038229572763,1441.9474350678581,568.59,0.0,1.0,897.0684642146052,151.03937025612333,0.0,1,0,0.0,0.0,0.0,0.0,-14.158419934946059,-14.988112530588795,-17.07363239352707,-15.125382405941226,-1.9978697792898212,-2.0563455958778656,-2.20333072945186,-2.066020224886642
powertrain_simple_cvt,SimpleCVT,EngineModelType_SIMPLE_MAP,TransmissionModelType_AUTOMATIC_SIMPLE_CVT,1.8099999999999834,5.710843777377649,0.6336428254514743,-0.03432519516718395,6.679290603438853,0.0015206113670288395,-0.060449530593580714,6.672882669937314,1.1276881538734314,-1.5727567243969254,0.00867275701404506,-0.015295139923661848,0.0,0.45,0.0,151.03937025612333,1442.3197426649413,568.59,0.0,1.0,886.907375163263,151.106335514565,0.0,1,0,0.0,0.0,0.0,0.0,-14.82502546974668,-14.271409135929899,-19.345647924034697,-13.662322724850382,-2.043968523471642,-2.004983226092968,-2.3623077774855137,-1.96209176242979
powertrain_simple_cvt,SimpleCVT,EngineModelType_SIMPLE_MAP,TransmissionModelType_AUTOMATIC_SIMPLE_CVT,1.8149999999999833,5.744385931168534,0.6336457698619126,-0.03462779672334555,6.708430758176874,0.0005888820876492258,-0.060520311232320705,6.701879006785117,5.799267369560769,-1.5728054914016816,0.008849553889060847,-0.015436724544832576,0.0,0.45,0.0,151.106335514565,1442.959213778726,568.59,0.0,1.0,895.5151136377078,151.04960739923928,0.0,1,0,0.0,0.0,0.0,0.0,-15.925394115554285,-13.5398294216272,-19.167047343340023,-12.852911110642582,-2.11660367000399,-1.9493406011629328,-2.34389109942406,-1.9011775540525806
powertrain_simple_cvt,SimpleCVT,EngineModelType_SIMPLE_MAP,TransmissionModelType_AUTOMATIC_SIMPLE_CVT,1.8199999999999832,5.778079213917865,0.6336483861812989,-0.03493168485792035,6.738656549866118,0.000523263877275317,-0.06077762691495943,6.731782776544029,5.980753951782475,-1.5728475187580635,0.009033492043302746,-0.015585491815441494,0.0,0.45,0.0,151.04960739923928,1442.4175001807434,568.59,0.0,1.0,905.4245758042982,150.98430045313833,0.0,1,0,0.0,0.0,0.0,0.0,-16.70374480730047,-13.15309565975258,-18.333832110287386,-12.603397814129357,-2.1659748903811282,-1.918128206996418,-2.2797602053711628,-1.8797575366654657
powertrain_simple_cvt,SimpleCVT,EngineModelType_SIMPLE_MAP,TransmissionModelType_AUTOMATIC_SIMPLE_CVT,1.824999999999983,5.811813414939585,0.6336551013457203,-0.03523487594498467,6.746840204343963,0.0013430328842877252,-0.06063821741286421,6.738349177622932,1.3132802157805936,-1.5728778697126795,0.00913742596322458,-0.01577123667207923,0.0,0.45,0.0,150.98430045313833,1441.7938647833314,568.59,0.0,1.0,895.899800520864,151.04707217329852,0.0,1,0,0.0,0.0,0.0,0.0,-16.32125448369609,-13.744535058598986,-17.10180802310937,-14.328885606369624,-2.138165636675167,-1.9584776410049487,-2.192597679079311,-1.9992274322608372
powertrain_simple_cvt,SimpleCVT,EngineModelType_SIMPLE_MAP,TransmissionModelType_AUTOMATIC_SIMPLE_CVT,1.829999999999983,5.845554355430758,0.6336518634199834,-0.0355343418355462,6.748188098234576,-0.0006475851474013429,-0.05989317811230564,6.738790625799128,0.08828963523921562,-1.5728874861119904,0.009121995712568092,-0.015978069175511162,0.0,0.45,0.0,151.04707217329852,1442.393290556324,568.59,0.0,1.0,880.6606230874027,151.147503874085,0.0,1,0,0.0,0.0,0.0,0.0,-15.191827409012605,-15.302859547291037,-15.781423486826158,-16.343661490344708,-2.0593354350801603,-2.0670777741249866,-2.100448330902136,-2.1396535314379572
powertrain_simple_cvt,SimpleCVT,EngineModelType_SIMPLE_MAP,TransmissionModelType_AUTOMATIC_SIMPLE_CVT,1.8349999999999829,5.879300513562366,0.6336474706858481,-0.03583125551338773,6.749231626321691,-0.0008785468270457383,-0.05938273556830518,6.7387968300904095,0.0012408582563239443,-1.5728943708276157,0.008985526603051155,-0.01620839543405014,0.0,0.45,0.0,151.147503874085,1443.3523426537217,568.59,0.0,1.0,865.8184184523815,151.24531938029756,0.0,1,0,0.0,0.0,0.0,0.0,-13.98584803303479,-17.047977555970306,-14.414786178932918,-18.302498019582064,-1.9752408562575519,-2.1887648278369256,-2.0051509484950154,-2.276243228019419
powertrain_simple_cvt,SimpleCVT,EngineModelType_SIMPLE_MAP,TransmissionModelType_AUTOMATIC_SIMPLE_CVT,1.8399999999999828,5.913119584146154,0.6336378322550545,-0.03612956663975334,6.7638141167576284,-0.0019276861587209171,-0.05966222527312296,6.753672053306558,2.975044643229793,-1.5728902556713484,0.008751493507435513,-0.016431477808760146,0.0,0.45,0.0,151.24531938029756,1444.2864119332075,568.59,0.0,1.0,862.5200985303927,151.26705650363965,0.0,1,0,0.0,0.0,0.0,0.0,-12.827700569416585,-18.585824596327548,-13.240424513842116,-19.34568488874599,-1.8925124658100194,-2.293145256222273,-1.9212285449969864,-2.3460140287343485
powertrain_simple_cvt,SimpleCVT,EngineModelType_SIMPLE_MAP,TransmissionModelType_AUTOMATIC_SIMPLE_CVT,1.8449999999999827,5.947154485180066,0.6336292266125133,-0.036431535879928104,6.806980206782416,-0.0017211285082577993,-0.06039384803495239,6.798781089904795,9.021807319647493,-1.5729057895743799,0.008519441762896068,-0.016608378113476326,0.0,0.45,0.0,151.26705650363965,1444.4939861709172,568.59,0.0,1.0,882.9726114704273,151.132267032955,0.0,1,0,0.0,0.0,0.0,0.0,-12.606063758974086,-18.342153888863788,-12.6766785560458,-18.801489851129936,-1.8712722592491757,-2.2677240226450337,-1.8761528242659355,-2.29947117935072
powertrain_simple_cvt,SimpleCVT,EngineModelType_SIMPLE_MAP,TransmissionModelType_AUTOMATIC_SIMPLE_CVT,1.8499999999999825,5.98125561481639,0.6336186485429103,-0.03673696613916238,6.8202259272646915,-0.002115613920600435,-0.06108605184685491,6.811118397732284,2.467461565497916,-1.5729114612182264,0.008372781579340767,-0.01680648710387145,0.0,0.45,0.0,151.132267032955,1443.206841538745,568.59,0.0,1.0,878.6708403227522,151.16061726344753,0.0,1,0,0.0,0.0,0.0,0.0,-13.96787444240377,-17.34483552093281,-13.529641342390766,-17.91820449173872,-1.963645589051984,-2.1966226007758034,-1.9334118268897122,-2.2361794053486617
powertrain_simple_cvt,SimpleCVT,EngineModelType_SIMPLE_MAP,TransmissionModelType_AUTOMATIC_SIMPLE_CVT,1.8549999999999824,6.015327437770663,0.6336001780082109,-0.037040670821417335,6.814364590854797,-0.00369410693988378,-0.060740936450991725,6.805046473325342,-1.2143848813883455,-1.5729120056981782,0.008347080221844796,-0.01700983946333321,0.0,0.45,0.0,151.16061726344753,1443.477566297986,568.59,0.0,1.0,858.7049254254185,151.2921998767253,0.0,1,0,0.0,0.0,0.0,0.0,-15.842515624125394,-16.224413643117412,-15.429232183368324,-16.780737643108946,-2.093952571956317,-2.1203232778475667,-2.065414649464092,-2.1587383935445326
powertrain_simple_cvt,SimpleCVT,EngineModelType_SIMPLE_MAP,TransmissionModelType_AUTOMATIC_SIMPLE_CVT,1.8599999999999823,6.049379489211434,0.633578553256018,-0.03734397706731017,6.810410288154138,-0.004324950438578633,-0.06066124917856752,6.8010715974317355,-0.7949751787213969,-1.572902223919774,0.008438791302134444,-0.01721364644748243,0.0,0.45,0.0,151.2921998767253,1444.7340876976723,568.59,0.0,1.0,841.1694090249044,151.40776528332046,0.0,1,0,0.0,0.0,0.0,0.0,-17.687224116677775,-15.053584132152249,-17.290963643812077,-15.633215521999059,-2.2220466279998323,-2.0400830343220546,-2.1946681783640565,-2.0801309570923237
powertrain_simple_cvt,SimpleCVT,EngineModelType_SIMPLE_MAP,TransmissionModelType_AUTOMATIC_SIMPLE_CVT,1.8649999999999822,6.083434753685834,0.6335535353822355,-0.03764889548433383,6.811052894879964,-0.0050035747564941896,-0.060983683404731724,6.802061891581513,0.19805882995545399,-1.5728870688519967,0.008646225926332246,-0.017409363653154854,0.0,0.45,0.0,151.40776528332046,1445.837656040275,568.59,0.0,1.0,828.0689420297491,151.4941021074152,0.0,1,0,0.0,0.0,0.0,0.0,-19.225481750912593,-13.887316557742265,-19.20409057222453,-14.416627048039583,-2.3281346184066205,-1.9593635216050416,-2.326656873125008,-1.9959293458146887
powertrain_simple_cvt,SimpleCVT,EngineModelType_SIMPLE_MAP,TransmissionModelType_AUTOMATIC_SIMPLE_CVT,1.8699999999999821,6.117716145203374,0.6335282399070867,-0.0379549428168274,6.856278303507974,-0.005059095029748435,-0.06120946649871356,6.85075670079699,9.738961843095625,-1.5728769200938248,0.008863461533722356,-0.017523221894761506,0.0,0.45,0.0,151.4941021074152,1446.662111979807,568.59,0.0,1.0,849.0108790128215,151.35608715495744,0.0,1,0,0.0,0.0,0.0,0.0,-18.775632165388163,-13.362067981271977,-18.950658135697523,-13.877344659950861,-2.2878386928395082,-1.9165171117037696,-2.299843892708714,-1.9518604353519498
powertrain_simple_cvt,SimpleCVT,EngineModelType_SIMPLE_MAP,TransmissionModelType_AUTOMATIC_SIMPLE_CVT,1.874999999999982,6.1521960638630855,0.6335010113533506,-0.03825957337237552,6.895983731942227,-0.00544571074723287,-0.060926111109623565,6.891831922039265,8.215044248455248,-1.5728720789287405,0.009049531640472262,-0.01760455371325987,0.0,0.45,0.0,151.35608715495744,1445.344166265552,568.59,0.0,1.0,866.5380681771278,151.24057662786603,0.0,1,0,0.0,0.0,0.0,0.0,-18.076605001731657,-13.572570569073067,-18.31923143895779,-13.60993292141552,-2.232502009103017,-1.9254072041443928,-2.249044804130849,-1.9279546501013343
powertrain_simple_cvt,SimpleCVT,EngineModelType_SIMPLE_MAP,TransmissionModelType_AUTOMATIC_SIMPLE_CVT,1.879999999999982,6.18672193991209,0.633465133272346,-0.03856204331502701,6.905175209800913,-0.007175616200918077,-0.06049398853029762,6.901427336971549,1.9190829864568624,-1.5728538461719954,0.009139687981874268,-0.017676584847597644,0.0,0.45,0.0,151.24057662786603,1444.2411219836072,568.59,0.0,1.0,859.4048505100699,151.28758711681866,0.0,1,0,0.0,0.0,0.0,0.0,-16.99988189882441,-15.148287810812,-17.41767748338612,-14.557439204477376,-2.1574771585964347,-2.0314069966610884,-2.1859237589299387,-1.9911776721227716
powertrain_simple_cvt,SimpleCVT,EngineModelType_SIMPLE_MAP,TransmissionModelType_AUTOMATIC_SIMPLE_CVT,1.8849999999999818,6.221248671540866,0.6334256873407902,-0.038864248778180996,6.905346325755094,-0.007889186311171203,-0.06044109263079804,6.9022910155191735,0.1727357095248331,-1.5728267261864526,0.00911144767181984,-0.017732250096066264,0.0,0.45,0.0,151.28758711681866,1444.690039085246,568.59,0.0,1.0,845.1110536055949,151.38178841738636,0.0,1,0,0.0,0.0,0.0,0.0,-15.732351992910584,-17.05607889775785,-16.307128668439567,-16.135107881371376,-2.071040352376772,-2.161158151117679,-2.110170484563868,-2.0984595080690203
powertrain_simple_cvt,SimpleCVT,EngineModelType_SIMPLE_MAP,TransmissionModelType_AUTOMATIC_SIMPLE_CVT,1.8899999999999817,6.25577622493873,0.6333827155285126,-0.03916525029056841,6.905510679572831,-0.008594362455521018,-0.06020030247748305,6.903261726556808,0.19414220752694136,-1.5727880126859857,0.008960868603969588,-0.01776889176044563,0.0,0.45,0.0,151.38178841738636,1445.589595243108,568.59,0.0,1.0,831.4122823149594,151.47206828356752,0.0,1,0,0.0,0.0,0.0,0.0,-14.4167570410239,-18.921601003033704,-15.058122373942318,-17.933972779330777,-1.981338156065548,-2.2879796049338403,-2.0249954273492032,-2.2207524707615014
powertrain_simple_cvt,SimpleCVT,EngineModelType_SIMPLE_MAP,TransmissionModelType_AUTOMATIC_SIMPLE_CVT,1.8949999999999816,6.290428450108862,0.6333421313509086,-0.039466689745499745,6.930445034026352,-0.008116835520800007,-0.060287890986267884,6.930363164887047,5.420287666047878,-1.5727595916115997,0.008739622032207725,-0.017754274276370344,0.0,0.45,0.0,151.47206828356752,1446.4517044609722,568.59,0.0,1.0,836.7873108807826,151.43664489782384,0.0,1,0,0.0,0.0,0.0,0.0,-13.506688421010466,-19.28276140363275,-13.985566319438659,-19.075446899859024,-1.915795137719346,-2.3074307028345618,-1.9482645363810938,-2.2933741399957133
powertrain_simple_cvt,SimpleCVT,EngineModelType_SIMPLE_MAP,TransmissionModelType_AUTOMATIC_SIMPLE_CVT,1.8999999999999815,6.325311836536412,0.6332984423456642,-0.03977277047486951,6.976677285509954,-0.008737801048856896,-0.0612161458739531,6.979397763969759,9.806919816542635,-1.572738961268268,0.008523182315319663,-0.01767433339727015,0.0,0.45,0.0,151.43664489782384,1446.113436044443,568.59,0.0,1.0,859.0636475752123,151.28983576778495,0.0,1,0,0.0,0.0,0.0,0.0,-13.20494346316244,-18.756264507282886,-13.417621553195438,-18.64680767222663,-1.8890456086874083,-2.2627978788472465,-1.903364528153844,-2.2554285085186985
powertrain_simple_cvt,SimpleCVT,EngineModelType_SIMPLE_MAP,TransmissionModelType_AUTOMATIC_SIMPLE_CVT,1.9049999999999814,6.360283066497714,0.6332527147702788,-0.040081865893354676,6.994245992260403,-0.009145515077097287,-0.061819083697033116,6.996824415588925,3.4853303238332987,-1.5727227332863,0.008381833042176216,-0.017598281943207925,0.0,0.45,0.0,151.28983576778495,1444.7115121202403,568.59,0.0,1.0,858.8607488066631,151.29117294418455,0.0,1,0,0.0,0.0,0.0,0.0,-14.467628105917795,-17.844646573482173,-13.891173600274351,-17.840190415093616,-1.9716319923398495,-2.1984293054713575,-1.9329178620269118,-2.198130034158772
powertrain_simple_cvt,SimpleCVT,EngineModelType_SIMPLE_MAP,TransmissionModelType_AUTOMATIC_SIMPLE_CVT,1.9099999999999813,6.395238672636238,0.6332011450012441,-0.04038961602755252,6.9911212277048955,-0.010313953806939167,-0.06155002683956814,6.993856576068233,-0.5935679041384161,-1.5727013549527555,0.00836149935349754,-0.01751943154881549,0.0,0.45,0.0,151.29117294418455,1444.7242812142674,568.59,0.0,1.0,842.280136406402,151.40044518743463,0.0,1,0,0.0,0.0,0.0,0.0,-16.346209936735182,-16.694005928086064,-15.625800999645183,-16.68477412046772,-2.09826159083033,-2.1216291469931208,-2.0498590884546095,-2.121008884573856
powertrain_simple_cvt,SimpleCVT,EngineModelType_SIMPLE_MAP,TransmissionModelType_AUTOMATIC_SIMPLE_CVT,1.9149999999999812,6.430174337478749,0.6331505571465734,-0.04069559227671312,6.9871329685021815,-0.010117570934136065,-0.06119524983211988,6.989799670624025,-0.8113810888415958,-1.5726829981329065,0.008464567273186329,-0.01744250235317838,0.0,0.45,0.0,151.40044518743463,1445.7677542736267,568.59,0.0,1.0,825.699875608154,151.50971511350005,0.0,1,0,0.0,0.0,0.0,0.0,-18.20658238137535,-15.501057985910496,-17.588246479013698,-15.417887539619489,-2.223965415913628,-2.0420823901708554,-2.182396836811017,-2.0364911293974752
powertrain_simple_cvt,SimpleCVT,EngineModelType_SIMPLE_MAP,TransmissionModelType_AUTOMATIC_SIMPLE_CVT,1.919999999999981,6.465124391721298,0.6330993731798044,-0.041002800814494596,6.9900108485098755,-0.010236793353803446,-0.06144170755629524,6.992912356898444,0.6225372548836949,-1.5726605769422821,0.008682822725869961,-0.01736058197479219,0.0,0.45,0.0,151.50971511350005,1446.8112052055026,568.59,0.0,1.0,814.9603676798006,151.58049236191547,0.0,1,0,0.0,0.0,0.0,0.0,-19.570582128452223,-14.411179278674584,-19.589542368899878,-14.050341331404463,-2.315076762414692,-1.9683823845395196,-2.3163508262856003,-1.9441352979512025
powertrain_simple_cvt,SimpleCVT,EngineModelType_SIMPLE_MAP,TransmissionModelType_AUTOMATIC_SIMPLE_CVT,1.924999999999981,6.500292861720673,0.6330526901057311,-0.0413105434395765,7.033693999875098,-0.009336614814670033,-0.061548525016380876,7.039119194190363,9.241367458384017,-1.5726543769574763,0.008917014726167424,-0.017219276422096443,0.0,0.45,0.0,151.58049236191547,1447.4870781421282,568.59,0.0,1.0,834.3251571335086,151.4528713831126,0.0,1,0,0.0,0.0,0.0,0.0,-19.152630599215144,-13.920984871285855,-19.522395021807075,-13.348833332554957,-2.278543645915113,-1.9293024610829337,-2.3032274589579935,-1.891108192647823
powertrain_simple_cvt,SimpleCVT,EngineModelType_SIMPLE_MAP,TransmissionModelType_AUTOMATIC_SIMPLE_CVT,1.9299999999999808,6.5356361951980455,0.6330083780409402,-0.04161932433472768,7.068666695474386,-0.008862412958170031,-0.06175617903023619,7.074281140908738,7.0323893436752,-1.572651084311215,0.009105560324989452,-0.017073515306988266,0.0,0.45,0.0,151.4528713831126,1446.2683875650057,568.59,0.0,1.0,847.7942579292758,151.36410512870745,0.0,1,0,0.0,0.0,0.0,0.0,-18.548422106587857,-14.08267961832365,-18.589731767034323,-13.632367637643341,-2.2320550136866655,-1.9354238290563934,-2.23479895459842,-1.9055124365760974
powertrain_simple_cvt,SimpleCVT,EngineModelType_SIMPLE_MAP,TransmissionModelType_AUTOMATIC_SIMPLE_CVT,1.9349999999999807,6.570995675551447,0.6329608865432497,-0.041927061310633125,7.071896070680308,-0.009498299538122956,-0.061547395181088316,7.076447686975684,0.43330921338925277,-1.5726369108846772,0.009181792654192578,-0.016952998924428773,0.0,0.45,0.0,151.36410512870745,1445.420732274906,568.59,0.0,1.0,836.7023948551326,151.4372045251999,0.0,1,0,0.0,0.0,0.0,0.0,-17.603504952260195,-15.406666034048422,-17.287035273893835,-15.471194878368134,-2.1689321172106744,-2.023054601636346,-2.1479174629035347,-2.02733953459807
powertrain_simple_cvt,SimpleCVT,EngineModelType_SIMPLE_MAP,TransmissionModelType_AUTOMATIC_SIMPLE_CVT,1.9399999999999806,6.606347824874645,0.6329122457652807,-0.04223308005559623,7.070429864639513,-0.009728155593800832,-0.061203748992620974,7.074390892508414,-0.41135889345405896,-1.5726142531730447,0.00913509270107483,-0.01684642269155449,0.0,0.45,0.0,151.4372045251999,1446.1187800922344,568.59,0.0,1.0,822.3046210860707,151.5320910709784,0.0,1,0,0.0,0.0,0.0,0.0,-16.490381264834042,-17.11116934808909,-15.919490554072464,-17.45535787653089,-2.095335312125785,-2.136569720112833,-2.0574152213274455,-2.1594316444780914
powertrain_simple_cvt,SimpleCVT,EngineModelType_SIMPLE_MAP,TransmissionModelType_AUTOMATIC_SIMPLE_CVT,1.9449999999999805,6.641701096889993,0.6328688520145691,-0.04253868501178837,7.070654403069807,-0.008678750142314345,-0.061120991238428415,7.073757365169071,-0.12670546786868456,-1.5725879143150128,0.008963587215416475,-0.0167595680509866,0.0,0.45,0.0,151.5320910709784,1447.0248798598482,568.59,0.0,1.0,809.7703994418433,151.61469613304692,0.0,1,0,0.0,0.0,0.0,0.0,-15.3585969567763,-18.76004587965877,-14.410749575792858,-19.538316453601695,-2.020250531284188,-2.2462041180912005,-1.9572863297528744,-2.2979035649080393
powertrain_simple_cvt,SimpleCVT,EngineModelType_SIMPLE_MAP,TransmissionModelType_AUTOMATIC_SIMPLE_CVT,1.9499999999999804,6.67721172303687,0.6328305302627475,-0.04284774711893395,7.102125229375436,-0.007664350364329501,-0.06181242142911615,7.106356783275257,6.519883621237415,-1.5725711074742432,0.008733345489378793,-0.01664603293471568,0.0,0.45,0.0,151.61469613304692,1447.8137000970053,568.59,0.0,1.0,819.9516176913153,151.54759821589636,0.0,1,0,0.0,0.0,0.0,0.0,-14.588392620631463,-19.247749434232844,-13.33143766100404,-20.002311187435534,-1.964641362866568,-2.2727361902841974,-1.8815266032869478,-2.3226307535102397
powertrain_simple_cvt,SimpleCVT,EngineModelType_SIMPLE_MAP,TransmissionModelType_AUTOMATIC_SIMPLE_CVT,1.9549999999999803,6.7129487840044435,0.6328012402810843,-0.04315996003422737,7.14741219351473,-0.005857996332641467,-0.06244258305868304,7.152367190028549,9.202081350658649,-1.5725680139803706,0.008519078886631956,-0.01651512351354192,0.0,0.45,0.0,151.54759821589636,1447.1729621858642,568.59,0.0,1.0,840.9275800395721,151.4093590239539,0.0,1,0,0.0,0.0,0.0,0.0,-14.184284303172992,-18.85631802716849,-13.170990778051877,-19.204123687449165,-1.9318866071855552,-2.2388323481657135,-1.8653147136006971,-2.2616826682658533
powertrain_simple_cvt,SimpleCVT,EngineModelType_SIMPLE_MAP,TransmissionModelType_AUTOMATIC_SIMPLE_CVT,1.9599999999999802,6.7487421307534765,0.632775689210519,-0.04347051764046525,7.158669349806525,-0.0051102141130769975,-0.06211152124757646,7.161871076130477,1.900777220385526,-1.572567337545399,0.008394613804222463,-0.01642536320077593,0.0,0.45,0.0,151.4093590239539,1445.8528751422639,568.59,0.0,1.0,836.2879878269896,151.43993561766445,0.0,1,0,0.0,0.0,0.0,0.0,-14.687099256270171,-18.19497035789133,-15.041714163858947,-17.901198776357127,-1.9636403486126677,-2.1937964926049127,-1.986907109952638,-2.1745217437724462
powertrain_simple_cvt,SimpleCVT,EngineModelType_SIMPLE_MAP,TransmissionModelType_AUTOMATIC_SIMPLE_CVT,1.96499999999998,6.784532808373444,0.6327446031949409,-0.04378453174481287,7.158135523993544,-0.0062172031156117625,-0.06280282086952511,7.160169536841024,-0.3403078578905722,-1.5725724323601786,0.008386990138783985,-0.01636394691320743,0.0,0.45,0.0,151.43993561766445,1446.1448601041807,568.59,0.0,1.0,822.7610087594197,151.52908331085138,0.0,1,0,0.0,0.0,0.0,0.0,-16.0432329631734,-17.266170710104376,-17.12142748430326,-16.538630106546442,-2.0528682499215187,-2.1331259092305745,-2.123626854570767,-2.085379647378414
powertrain_simple_cvt,SimpleCVT,EngineModelType_SIMPLE_MAP,TransmissionModelType_AUTOMATIC_SIMPLE_CVT,1.96999999999998,6.820313198396483,0.632721073040239,-0.0441006906973842,7.156078004607786,-0.004706030940385945,-0.06323179051426495,7.15658073128425,-0.7177611113547908,-1.5725713327475215,0.008502315898837974,-0.016338283329191492,0.0,0.45,0.0,151.52908331085138,1446.996157866337,568.59,0.0,1.0,808.6650348286663,151.62198088634648,0.0,1,0,0.0,0.0,0.0,0.0,-17.71055368932729,-16.20680648427132,-19.198786110858897,-15.092756211010649,-2.1628722557736695,-2.064136443492963,-2.2605893697329513,-1.990988072355781
powertrain_simple_cvt,SimpleCVT,EngineModelType_SIMPLE_MAP,TransmissionModelType_AUTOMATIC_SIMPLE_CVT,1.9749999999999799,6.856142763221992,0.6327038238554891,-0.04441511699462522,7.165912965101676,-0.003449836949969373,-0.06288525944820433,7.165714636805449,1.8267811042397886,-1.5725766733291617,0.008722520170824283,-0.016328705254823227,0.0,0.45,0.0,151.62198088634648,1447.883264366815,568.59,0.0,1.0,803.4486721486726,151.6563586064143,0.0,1,0,0.0,0.0,0.0,0.0,-19.115594514691846,-15.219146040565747,-20.610542017027164,-13.733899706010467,-2.253527152242021,-1.998013050607615,-2.3515600585119993,-1.900616309601101
powertrain_simple_cvt,SimpleCVT,EngineModelType_SIMPLE_MAP,TransmissionModelType_AUTOMATIC_SIMPLE_CVT,1.9799999999999798,6.892200819423292,0.6326953021607798,-0.044731782984967626,7.211611240260033,-0.0017043389418342457,-0.06333319806848094,7.212765429400531,9.410158519016699,-1.5725937897235733,0.008947692815131095,-0.01628673906099386,0.0,0.45,0.0,151.6563586064143,1448.2115474116763,568.59,0.0,1.0,823.9323758527399,151.5213635772935,0.0,1,0,0.0,0.0,0.0,0.0,-19.095198246357523,-14.698279077386694,-19.80862001936424,-13.280885982577011,-2.244021276414801,-1.9575691052298703,-2.290499550859908,-1.865228237948065
powertrain_simple_cvt,SimpleCVT,EngineModelType_SIMPLE_MAP,TransmissionModelType_AUTOMATIC_SIMPLE_CVT,1.9849999999999797,6.928396606135613,0.6326985148633301,-0.045050095200702675,7.239157342464208,0.0006425405100518266,-0.06366244314700986,7.239047077293702,5.256329578634334,-1.572609745802669,0.009109573272362472,-0.016273436399906988,0.0,0.45,0.0,151.5213635772935,1446.922439841032,568.59,0.0,1.0,831.7175028322932,151.47005676977003,0.0,1,0,0.0,0.0,0.0,0.0,-18.526137820444653,-14.576056832339868,-18.584559790601077,-14.572476278536113,-2.202566037888159,-1.9461589394825556,-2.2063583165518255,-1.945926519080475
powertrain_simple_cvt,SimpleCVT,EngineModelType_SIMPLE_MAP,TransmissionModelType_AUTOMATIC_SIMPLE_CVT,1.9899999999999796,6.964625073527135,0.6326966649926093,-0.04536661011182486,7.24569347830449,-0.0003699741441521671,-0.06330298222443606,7.244429944612831,1.0765734638257258,-1.5726151013817138,0.009167667465975544,-0.016287261257987424,0.0,0.45,0.0,151.47005676977003,1446.4324959191342,568.59,0.0,1.0,823.6793545271653,151.52303107950445,0.0,1,0,0.0,0.0,0.0,0.0,-17.71581231328181,-15.387461109554476,-17.196025039773296,-16.65298027990409,-2.1491118375989795,-1.9980865341594627,-2.115396549896697,-2.0801726972797914
powertrain_simple_cvt,SimpleCVT,EngineModelType_SIMPLE_MAP,TransmissionModelType_AUTOMATIC_SIMPLE_CVT,1.9949999999999795,7.000865089131426,0.6326988242540246,-0.04567925566348623,7.248003120858115,0.0004318522830338801,-0.06252911033227508,7.2453270599044615,0.17942305832612632,-1.572615811634104,0.009107489668244765,-0.016333424572145264,0.0,0.45,0.0,151.52303107950445,1446.938363314201,568.59,0.0,1.0,812.6147688378229,151.59595070814783,0.0,1,0,0.0,0.0,0.0,0.0,-16.68010347129612,-16.831395101595845,-15.769809317072468,-18.64194675798881,-2.0817980411867563,-2.091610149941827,-2.022760371867887,-2.2090345555352267
powertrain_simple_cvt,SimpleCVT,EngineModelType_SIMPLE_MAP,TransmissionModelType_AUTOMATIC_SIMPLE_CVT,1.9999999999999793,7.037122310116895,0.6327060245330879,-0.04599358512764811,7.251444197093845,0.0014400558126693506,-0.06286589283237572,7.247843274154454,0.5032428499985749,-1.5726103335111243,0.008924215653659275,-0.016400568415320928,0.0,0.45,0.0,151.59595070814783,1447.6346944750223,568.59,0.0,1.0,802.812203401336,151.6605531660663,0.0,1,0,0.0,0.0,0.0,0.0,-15.554808515964968,-18.401258870931496,-14.217457479088337,-20.625887643118517,-2.008466138846613,-2.1930102813184043,-1.9217615526051783,-2.337239815610126
powertrain_simple_cvt,SimpleCVT,EngineModelType_SIMPLE_MAP,TransmissionModelType_AUTOMATIC_SIMPLE_CVT,2.0049999999999795,7.073560223394727,0.6327188293554371,-0.046311088683078525,7.287582655566491,0.002560964469840388,-0.06350071108608256,7.28506559194149,7.44446355740696,-1.5726121685106758,0.008695197787241853,-0.0164416252392684,0.0,0.45,0.0,151.6605531660663,1448.2516025058392,568.59,0.0,1.0,816.2433964813608,151.5720367372427,0.0,1,0,0.0,0.0,0.0,0.0,-14.655782008394336,-19.313239853054856,-13.42788229497621,-20.210022574311342,-1.9453246341889365,-2.245739148455887,-1.8661228661261446,-2.3035832674140697
powertrain_simple_cvt,SimpleCVT,EngineModelType_SIMPLE_MAP,TransmissionModelType_AUTOMATIC_SIMPLE_CVT,2.0099999999999794,7.110176880798801,0.6327437633689997,-0.046631589829044404,7.323331480814692,0.004986802712528819,-0.06410022919317515,7.320875851274684,7.162051866638894,-1.5726264216191905,0.008498727040185094,-0.01648021928783143,0.0,0.45,0.0,151.5720367372427,1447.406332874312,568.59,0.0,1.0,829.988777157095,151.48144969832612,0.0,1,0,0.0,0.0,0.0,0.0,-14.269791312534759,-18.9357349426703,-13.974673458298456,-19.263715682336393,-1.915925235447418,-2.2154149353607067,-1.896982709645469,-2.236466808483546
powertrain_simple_cvt,SimpleCVT,EngineModelType_SIMPLE_MAP,TransmissionModelType_AUTOMATIC_SIMPLE_CVT,2.0149999999999793,7.146830179311991,0.6327686315617816,-0.04695276254091598,7.330659702637856,0.004973638556375441,-0.0642345423743149,7.326848266752974,1.1944830956581753,-1.5726389999976094,0.00839926858682954,-0.016550605130259008,0.0,0.45,0.0,151.48144969832612,1446.5412903728939,568.59,0.0,1.0,822.690053088155,151.52955093443387,0.0,1,0,0.0,0.0,0.0,0.0,-14.922417163739766,-18.135469333833807,-16.055780403789957,-17.96612086517431,-1.957034125718128,-2.1630999755567646,-2.0297212303380254,-2.1522389828726123
powertrain_simple_cvt,SimpleCVT,EngineModelType_SIMPLE_MAP,TransmissionModelType_AUTOMATIC_SIMPLE_CVT,2.019999999999979,7.183473185957378,0.6327883368995971,-0.047277940890110455,7.328601329077418,0.003941067563092063,-0.0650356698388944,7.32377126159414,-0.6154010317669065,-1.572652374259933,0.008419286254905041,-0.016645412611792025,0.0,0.45,0.0,151.52955093443387,1447.0006233426168,568.59,0.0,1.0,808.666574081698,151.6219707421113,0.0,1,0,0.0,0.0,0.0,0.0,-16.549773520392193,-17.06994450242076,-18.024015637151095,-16.659662182500792,-2.0618489162835427,-2.095223572007296,-2.1564376665217937,-2.0688994754122274
powertrain_simple_cvt,SimpleCVT,EngineModelType_SIMPLE_MAP,TransmissionModelType_AUTOMATIC_SIMPLE_CVT,2.024999999999979,7.220099538987952,0.6328129703334964,-0.04760343684755323,7.3252706061148505,0.004926686779855948,-0.06509919148855499,7.319423560011784,-0.869540316471192,-1.5726554791449858,0.008565879048970175,-0.01676362690831198,0.0,0.45,0.0,151.6219707421113,1447.8831674965045,568.59,0.0,1.0,794.3858882502072,151.71608563595757,0.0,1,0,0.0,0.0,0.0,0.0,-18.34277625748812,-15.900228368246985,-20.11197663151095,-15.238499364909005,-2.177588712106147,-2.0207794710854565,-2.291169685926986,-1.9782971012486688
powertrain_simple_cvt,SimpleCVT,EngineModelType_SIMPLE_MAP,TransmissionModelType_AUTOMATIC_SIMPLE_CVT,2.029999999999979,7.256819458887772,0.632838305741649,-0.047928313464096366,7.343983979963952,0.005067081630523817,-0.06497532330862701,7.338724322848345,3.8601525673123516,-1.57266931351831,0.008794627537085183,-0.01686774139236614,0.0,0.45,0.0,151.71608563595757,1448.781898530957,568.59,0.0,1.0,795.5476047795172,151.70842950311317,0.0,1,0,0.0,0.0,0.0,0.0,-19.940163746863405,-14.792973970913646,-20.470879417313647,-14.270803587961318,-2.276772710412213,-1.9471971098969387,-2.31075454193682,-1.913762434856023
powertrain_simple_cvt,SimpleCVT,EngineModelType_SIMPLE_MAP,TransmissionModelType_AUTOMATIC_SIMPLE_CVT,2.034999999999979,7.293759139971004,0.6328719751694377,-0.048254930309523186,7.387936216646437,0.0067338855577321185,-0.06532336908536408,7.38434536941975,9.124209314281034,-1.5726827739081732,0.009016977663815292,-0.0169316968819448,0.0,0.45,0.0,151.70842950311317,1448.7087878477275,568.59,0.0,1.0,814.6045492506108,151.58283733428493,0.0,1,0,0.0,0.0,0.0,0.0,-19.740928191790466,-14.323698646285385,-19.666094540810363,-14.032656672864498,-2.256206433103393,-1.9114830979822375,-2.251444422276926,-1.8929627530540556
powertrain_simple_cvt,SimpleCVT,EngineModelType_SIMPLE_MAP,TransmissionModelType_AUTOMATIC_SIMPLE_CVT,2.0399999999999787,7.330789932042953,0.6329081755079229,-0.0485822999014808,7.406158414389722,0.007240067697030968,-0.06547391839152356,7.401792547203141,3.4894355566783406,-1.5726901833665088,0.009158257328638267,-0.017013186952108277,0.0,0.45,0.0,151.58283733428493,1447.509470978769,568.59,0.0,1.0,815.5441551153206,151.57664499119593,0.0,1,0,0.0,0.0,0.0,0.0,-18.885965836907122,-14.863276311407109,-18.503245233860497,-15.44558056428043,-2.1989683972048097,-1.9435894743320368,-2.1746715244912447,-1.9805568395587976
powertrain_simple_cvt,SimpleCVT,EngineModelType_SIMPLE_MAP,TransmissionModelType_AUTOMATIC_SIMPLE_CVT,2.0449999999999786,7.367819924807428,0.6329343722994966,-0.048907272738593716,7.405998552894942,0.005239358314724616,-0.06499456742258336,7.401128719684749,-0.13276550367838097,-1.5726797887412323,0.009180431176574745,-0.017106688940028886,0.0,0.45,0.0,151.57664499119593,1447.4503384580528,568.59,0.0,1.0,803.2147442978263,151.65790027570873,0.0,1,0,0.0,0.0,0.0,0.0,-17.77661541629119,-16.464598593415815,-17.195632556844906,-17.348537095926545,-2.1286429273818976,-2.045342564907537,-2.091756142136871,-2.101464099616838
powertrain_simple_cvt,SimpleCVT,EngineModelType_SIMPLE_MAP,TransmissionModelType_AUTOMATIC_SIMPLE_CVT,2.0499999999999785,7.404846151467207,0.6329606976276192,-0.04923112576239092,7.405245331955864,0.0052650656245198345,-0.0647706047594415,7.40001081840339,-0.22358025627174294,-1.5726655335775208,0.009079489778762941,-0.017208156842531592,0.0,0.45,0.0,151.65790027570873,1448.2262692690056,568.59,0.0,1.0,790.8671429561664,151.7392754423666,0.0,1,0,0.0,0.0,0.0,0.0,-16.560200644916755,-18.26064537229499,-15.82508402537416,-19.25680728439449,-2.051571203611474,-2.159549285941823,-2.0048913665139394,-2.2228054748829833
powertrain_simple_cvt,SimpleCVT,EngineModelType_SIMPLE_MAP,TransmissionModelType_AUTOMATIC_SIMPLE_CVT,2.0549999999999784,7.441914531133236,0.6329857479287799,-0.049557104746528496,7.413675933205763,0.0050100602321459745,-0.0651957968275151,7.408783869821903,1.7546102837025774,-1.57264021127271,0.00886757028667279,-0.017301253736344068,0.0,0.45,0.0,151.7392754423666,1449.0033448701172,568.59,0.0,1.0,785.1682698888297,151.7768330807115,0.0,1,0,0.0,0.0,0.0,0.0,-15.33250871817248,-19.943819675576517,-14.520536377508392,-20.62552413922345,-1.9724599844268962,-2.264931064290675,-1.9209608707286008,-2.308167975111154
powertrain_simple_cvt,SimpleCVT,EngineModelType_SIMPLE_MAP,TransmissionModelType_AUTOMATIC_SIMPLE_CVT,2.0599999999999783,7.479198667266066,0.6330126569678463,-0.0498855717556745,7.456827226565933,0.005381807813275751,-0.06569340182920115,7.45440312458381,9.12385095238159,-1.572633756501623,0.008637192825607378,-0.017336033150923667,0.0,0.45,0.0,151.7768330807115,1449.361993897724,568.59,0.0,1.0,803.2460013329144,151.65769428052238,0.0,1,0,0.0,0.0,0.0,0.0,-14.601208440919075,-20.04466677341899,-13.974637839993697,-20.114541979123338,-1.9204100894088605,-2.2635470284356884,-1.8809132282310888,-2.267951721690362
powertrain_simple_cvt,SimpleCVT,EngineModelType_SIMPLE_MAP,TransmissionModelType_AUTOMATIC_SIMPLE_CVT,2.064999999999978,7.516625567218499,0.6330424980691934,-0.05021797557839898,7.485379990486637,0.005968220269430152,-0.06648076454489571,7.483115340428628,5.7424431689637405,-1.5726269958349868,0.008458959235247816,-0.017366853059323083,0.0,0.45,0.0,151.65769428052238,1448.224302159876,568.59,0.0,1.0,811.6426419278754,151.60235737670806,0.0,1,0,0.0,0.0,0.0,0.0,-14.55651749228623,-19.40843729268079,-14.853369757619392,-19.178276796475345,-1.914072182299612,-2.218747041697785,-1.9327129319251632,-2.2042941818597663
powertrain_simple_cvt,SimpleCVT,EngineModelType_SIMPLE_MAP,TransmissionModelType_AUTOMATIC_SIMPLE_CVT,2.069999999999978,7.554054811939446,0.6330604192569693,-0.05055382310025867,7.48584894418932,0.003584237555182307,-0.06716950437193756,7.483122230684077,0.0013780510897732094,-1.5726213588566316,0.008392670419355236,-0.01740969129966224,0.0,0.45,0.0,151.60235737670806,1447.6958736532292,568.59,0.0,1.0,800.0834747956438,151.67853647625816,0.0,1,0,0.0,0.0,0.0,0.0,-15.881920793809545,-18.405160526779007,-16.76819762959826,-17.967116814698944,-1.9972995697450844,-2.1557455116890205,-2.052953008550272,-2.1282387125267137
powertrain_simple_cvt,SimpleCVT,EngineModelType_SIMPLE_MAP,TransmissionModelType_AUTOMATIC_SIMPLE_CVT,2.074999999999978,7.591465830714604,0.6330740386415012,-0.05089186370497777,7.4822037550315095,0.0027238769063900993,-0.06760812094382145,7.479295285017393,-0.7653891333367632,-1.5726079773047767,0.008447340204504002,-0.01745732787472385,0.0,0.45,0.0,151.67853647625816,1448.4233304684503,568.59,0.0,1.0,786.0224626131525,151.77120364116476,0.0,1,0,0.0,0.0,0.0,0.0,-17.709431955669935,-17.22350215633038,-18.647802743966118,-16.723940423759316,-2.112626492049237,-2.0820970900122475,-2.171581302177362,-2.0507112375770076
powertrain_simple_cvt,SimpleCVT,EngineModelType_SIMPLE_MAP,TransmissionModelType_AUTOMATIC_SIMPLE_CVT,2.079999999999978,7.6288645378923645,0.6330856684617622,-0.051228190310084236,7.479741435552068,0.002325964052184729,-0.06726532102129298,7.476690332768746,-0.520990449729386,-1.5725937542275084,0.008626121323010057,-0.017508496478282638,0.0,0.45,0.0,151.77120364116476,1449.308236709882,568.59,0.0,1.0,773.3884418590137,151.85446641552716,0.0,1,0,0.0,0.0,0.0,0.0,-19.543511702323066,-15.993649920227487,-20.577350234448748,-15.379620456939566,-2.2282836041332748,-2.0051795330584206,-2.2932589748687318,-1.9665886015155671
powertrain_simple_cvt,SimpleCVT,EngineModelType_SIMPLE_MAP,TransmissionModelType_AUTOMATIC_SIMPLE_CVT,2.0849999999999778,7.666411433992155,0.6330941651893252,-0.051565112426026016,7.509379219958177,0.0016993455126003655,-0.06738442318835539,7.508245992929913,6.311132032233458,-1.572589293924662,0.008857540872136414,-0.01751487432749413,0.0,0.45,0.0,151.85446641552716,1450.1033376368016,568.59,0.0,1.0,781.9896482021558,151.79778134931348,0.0,1,0,0.0,0.0,0.0,0.0,-20.49571901933661,-15.044131538848482,-20.449678133306616,-14.65460231031706,-2.282714814652474,-1.9415298082616899,-2.2798333677252067,-1.917151306989985
powertrain_simple_cvt,SimpleCVT,EngineModelType_SIMPLE_MAP,TransmissionModelType_AUTOMATIC_SIMPLE_CVT,2.0899999999999777,7.704172836192334,0.6331058387335694,-0.05190236919963365,7.5522804400357035,0.002334708848855769,-0.06745135472152583,7.5528211733666115,8.91503608733989,-1.5725899212652614,0.009065895727592263,-0.017481576658017577,0.0,0.45,0.0,151.79778134931348,1449.5620351275575,568.59,0.0,1.0,799.9617440666411,151.6793387258681,0.0,1,0,0.0,0.0,0.0,0.0,-19.948726863436995,-14.714211867878594,-19.644073772672293,-14.664009924308779,-2.2411132923660495,-1.915447088976184,-2.2221592506822416,-1.912323766876802
powertrain_simple_cvt,SimpleCVT,EngineModelType_SIMPLE_MAP,TransmissionModelType_AUTOMATIC_SIMPLE_CVT,2.0949999999999775,7.742000454304754,0.6331118242242962,-0.05223991319116325,7.565523622484009,0.0011970981453600438,-0.06750879830592109,7.565586915242473,2.553148375172275,-1.5725833434220384,0.009185938332519938,-0.017459810822752365,0.0,0.45,0.0,151.6793387258681,1448.4309913879113,568.59,0.0,1.0,797.6486951761358,151.69458255612665,0.0,1,0,0.0,0.0,0.0,0.0,-19.072162691263934,-15.443038564785473,-18.480599020732967,-16.194602342397197,-2.184575545694817,-1.9591699762212196,-2.147833416908687,-2.0058497411959944
powertrain_simple_cvt,SimpleCVT,EngineModelType_SIMPLE_MAP,TransmissionModelType_AUTOMATIC_SIMPLE_CVT,2.0999999999999774,7.779825371459816,0.633106205572372,-0.05257524269322415,7.564983431012436,-0.001123730384860011,-0.06706590041217979,7.564878832321287,-0.14161658423717274,-1.5725647066567159,0.00918627431982327,-0.0174426826620516,0.0,0.45,0.0,151.69458255612665,1448.5765592441494,568.59,0.0,1.0,785.8098827424495,151.77260461953523,0.0,1,0,0.0,0.0,0.0,0.0,-17.93851436798404,-17.096901948063966,-17.18016682690342,-18.056139215592037,-2.1142687263543603,-2.0619911307859073,-2.067163211850774,-2.121575111177716
powertrain_simple_cvt,SimpleCVT,EngineModelType_SIMPLE_MAP,TransmissionModelType_AUTOMATIC_SIMPLE_CVT,2.1049999999999773,7.817647640199506,0.6330985326585447,-0.05291042733124561,7.564453747938128,-0.0015345827654617526,-0.06703692760429157,7.564158026865336,-0.14416109119022333,-1.572541674779226,0.009063101793256043,-0.01743003295395139,0.0,0.45,0.0,151.77260461953523,1449.3216150678516,568.59,0.0,1.0,774.4033598572419,151.84777773819098,0.0,1,0,0.0,0.0,0.0,0.0,-16.713493508744264,-18.87782767732308,-15.780098158933168,-19.976633566088296,-2.0382742628942103,-2.1727268512990356,-1.9802899540896521,-2.24098677993841
powertrain_simple_cvt,SimpleCVT,EngineModelType_SIMPLE_MAP,TransmissionModelType_AUTOMATIC_SIMPLE_CVT,2.1099999999999772,7.855547688346952,0.6330869263233001,-0.0532471461361775,7.580009629489338,-0.0023212670489062316,-0.06734376098637798,7.5805305742573275,3.274509478398427,-1.5725154335644507,0.008846032788739777,-0.0173984677144706,0.0,0.45,0.0,151.84777773819098,1450.0394654731535,568.59,0.0,1.0,773.7792198181979,151.8518910471884,0.0,1,0,0.0,0.0,0.0,0.0,-15.552989980291127,-20.402144213818058,-14.621439402440688,-20.81655547706908,-1.9640947846786843,-2.264682923201896,-1.906350064537534,-2.2903713431210693
powertrain_simple_cvt,SimpleCVT,EngineModelType_SIMPLE_MAP,TransmissionModelType_AUTOMATIC_SIMPLE_CVT,2.114999999999977,7.893665026522523,0.6330784680680474,-0.05358650066211027,7.623467635114152,-0.0016916510505430933,-0.06787090518655386,7.626032743867592,9.10043392205308,-1.5725102920346528,0.00862531152164343,-0.01731880835594551,0.0,0.45,0.0,151.8518910471884,1450.0787446807176,568.59,0.0,1.0,791.7775370648925,151.73327561533364,0.0,1,0,0.0,0.0,0.0,0.0,-14.933109355292082,-20.27742338319331,-14.306916907136115,-20.15611128471375,-1.9201465980715153,-2.2494519192072295,-1.881561944520807,-2.2419769244110967
powertrain_simple_cvt,SimpleCVT,EngineModelType_SIMPLE_MAP,TransmissionModelType_AUTOMATIC_SIMPLE_CVT,2.119999999999977,7.9318842373022225,0.6330700556685931,-0.05392853512974383,7.643842155939808,-0.0016824798908538926,-0.06840689352671253,7.645835402465476,3.960531719576905,-1.5725048635408845,0.00847592975285313,-0.017252903251760095,0.0,0.45,0.0,151.73327561533364,1448.9460507423178,568.59,0.0,1.0,794.5028924282517,151.71531453603097,0.0,1,0,0.0,0.0,0.0,0.0,-15.105430274865476,-19.590529835112072,-15.715438788210568,-19.02682032503629,-1.9283539747495027,-2.20400054211875,-1.9658440573019502,-2.16935591732089
powertrain_simple_cvt,SimpleCVT,EngineModelType_SIMPLE_MAP,TransmissionModelType_AUTOMATIC_SIMPLE_CVT,2.124999999999977,7.970099905897024,0.6330491796918707,-0.05427338621214149,7.6431337189603346,-0.004175195344482106,-0.06897021647953121,7.644517574409618,-0.26356561117158456,-1.5725046417326842,0.008441834675081156,-0.017202772297913185,0.0,0.45,0.0,151.71531453603097,1448.774535069061,568.59,0.0,1.0,782.8242249155066,151.7922811863864,0.0,1,0,0.0,0.0,0.0,0.0,-16.50998194367528,-18.585400342169407,-17.695543072244764,-17.728974150052057,-2.0148502426501604,-2.142423905207631,-2.087725367717529,-2.08978033891862
powertrain_simple_cvt,SimpleCVT,EngineModelType_SIMPLE_MAP,TransmissionModelType_AUTOMATIC_SIMPLE_CVT,2.129999999999977,8.008300763242667,0.633026818430316,-0.05461949933709759,7.640171469128681,-0.004472252310930777,-0.06922262499121881,7.6408391850948485,-0.7356778629539363,-1.5724978931822264,0.008530426967615447,-0.017169951641226717,0.0,0.45,0.0,151.7922811863864,1449.5095124404982,568.59,0.0,1.0,770.0465276091131,151.8764908412854,0.0,1,0,0.0,0.0,0.0,0.0,-18.27551762360114,-17.4403325172714,-19.66075049115143,-16.370020436271368,-2.1239165650917404,-2.07255395007559,-2.2091062816521476,-2.006731383381213
powertrain_simple_cvt,SimpleCVT,EngineModelType_SIMPLE_MAP,TransmissionModelType_AUTOMATIC_SIMPLE_CVT,2.1349999999999767,8.046513249167136,0.6330034192190952,-0.054962548163708,7.642497184893792,-0.004679842244164232,-0.06860976532208267,7.642790154485141,0.39019387805848404,-1.5724966565518024,0.008736886577128664,-0.017146162572119098,0.0,0.45,0.0,151.8764908412854,1450.3136554104926,568.59,0.0,1.0,761.1309880013818,151.93524747760281,0.0,1,0,0.0,0.0,0.0,0.0,-20.011753760187712,-16.27803592915327,-21.34636076508159,-14.985060019952714,-2.2303782914141355,-2.000818932418327,-2.312433642787561,-1.9213231766207155
powertrain_simple_cvt,SimpleCVT,EngineModelType_SIMPLE_MAP,TransmissionModelType_AUTOMATIC_SIMPLE_CVT,2.1399999999999766,8.084909554453718,0.6329803326393808,-0.05530609132310658,7.679261057316377,-0.004617315942874834,-0.06870863187971535,7.681222973338024,7.686563770576868,-1.5725075359842537,0.008971620170701418,-0.017083270449353084,0.0,0.45,0.0,151.93524747760281,1450.8747399570545,568.59,0.0,1.0,774.2424223657514,151.84883837457122,0.0,1,0,0.0,0.0,0.0,0.0,-20.618765332783365,-15.486032912899063,-20.752382738948654,-14.458038119457159,-2.2613561490800556,-1.9473604517184009,-2.26953021450883,-1.8844727116911864
powertrain_simple_cvt,SimpleCVT,EngineModelType_SIMPLE_MAP,TransmissionModelType_AUTOMATIC_SIMPLE_CVT,2.1449999999999765,8.123470941797477,0.6329641289501983,-0.05564996822535684,7.712277468751731,-0.003240737836502724,-0.06877538045005183,7.714298664467167,6.615138225828651,-1.5725198936866864,0.009158055568043983,-0.017018414479951366,0.0,0.45,0.0,151.84883837457122,1450.0495938045178,568.59,0.0,1.0,785.386367630911,151.7753957375694,0.0,1,0,0.0,0.0,0.0,0.0,-20.039178899206792,-15.245403430383789,-19.652382941395235,-15.33307251126697,-2.2206437129677385,-1.928641135575239,-2.1970828646675775,-1.933981310087377
powertrain_simple_cvt,SimpleCVT,EngineModelType_SIMPLE_MAP,TransmissionModelType_AUTOMATIC_SIMPLE_CVT,2.1499999999999764,8.162072871111748,0.6329407229941819,-0.055992403356079835,7.720385862854503,-0.004681191203276886,-0.06848702614459885,7.7214955637474025,1.439379856047149,-1.5725234283639098,0.00924389604647532,-0.016975384454954223,0.0,0.45,0.0,151.7753957375694,1449.348268281765,568.59,0.0,1.0,779.9130997746876,151.81146655583112,0.0,1,0,0.0,0.0,0.0,0.0,-19.177210971485074,-16.013531560769593,-18.300020487512416,-17.307379922132036,-2.167050004899236,-1.9745208578160096,-2.1136676251496445,-2.0532594052884305
powertrain_simple_cvt,SimpleCVT,EngineModelType_SIMPLE_MAP,TransmissionModelType_AUTOMATIC_SIMPLE_CVT,2.1549999999999763,8.200677662807411,0.6329130406000993,-0.05633182374169467,7.720958339132515,-0.005536478816515919,-0.06788407712296592,7.721187724605212,-0.06156782843813733,-1.5725192597344992,0.009210009739461036,-0.01695308921040278,0.0,0.45,0.0,151.81146655583112,1449.6927192234286,568.59,0.0,1.0,769.5310358512619,151.879888118744,0.0,1,0,0.0,0.0,0.0,0.0,-18.08755407448416,-17.56735848242922,-16.89291524066858,-19.256150662973997,-2.100781636549924,-2.069123306585007,-2.0280776940954426,-2.1719006866905484
powertrain_simple_cvt,SimpleCVT,EngineModelType_SIMPLE_MAP,TransmissionModelType_AUTOMATIC_SIMPLE_CVT,2.159999999999976,8.239288673106667,0.6328867782115118,-0.0566727666184028,7.722202059851312,-0.005252477717509183,-0.06818857534162638,7.7217168909591365,0.1058332707849297,-1.5725092972952572,0.009050851512506355,-0.016947326320216116,0.0,0.45,0.0,151.879888118744,1450.3460970205278,568.59,0.0,1.0,759.9517243332058,151.9430192524501,0.0,1,0,0.0,0.0,0.0,0.0,-16.907538352107743,-19.251560399573368,-15.359519574643976,-21.235505691530072,-2.0288971201414476,-2.1715410393187646,-1.934693456137409,-2.2922727244938548
powertrain_simple_cvt,SimpleCVT,EngineModelType_SIMPLE_MAP,TransmissionModelType_AUTOMATIC_SIMPLE_CVT,2.164999999999976,8.278038295929912,0.6328609329361394,-0.05701695622182582,7.749924564649055,-0.005169055074473888,-0.06883792068460409,7.750371948919855,5.731011592143831,-1.5725008262961235,0.008826289406931835,-0.016919630203276477,0.0,0.45,0.0,151.9430192524501,1450.9489549400673,568.59,0.0,1.0,767.2148880232255,151.8951523721237,0.0,1,0,0.0,0.0,0.0,0.0,-15.858527776967444,-20.55574133006737,-14.467793940242558,-21.142661108607903,-1.9614922034078057,-2.246281199748719,-1.8771729172904343,-2.2818657633998396
powertrain_simple_cvt,SimpleCVT,EngineModelType_SIMPLE_MAP,TransmissionModelType_AUTOMATIC_SIMPLE_CVT,2.169999999999976,8.316975159491934,0.6328450163480482,-0.05736367941243102,7.787372712404421,-0.003183317618245021,-0.06934463812104,7.788464608035737,7.618531823176496,-1.5725085453073662,0.008622103088282655,-0.016876119707985155,0.0,0.45,0.0,151.8951523721237,1450.4918599032071,568.59,0.0,1.0,781.1058693760979,151.80360577199033,0.0,1,0,0.0,0.0,0.0,0.0,-15.306946862392733,-20.33412680075755,-14.84452671151328,-20.20018080448232,-1.923511204405712,-2.2268151252581427,-1.8956120946538277,-2.2187337861473773
powertrain_simple_cvt,SimpleCVT,EngineModelType_SIMPLE_MAP,TransmissionModelType_AUTOMATIC_SIMPLE_CVT,2.174999999999976,8.355971041561695,0.6328286576360326,-0.05771328646482941,7.799176413952308,-0.0032717424031435136,-0.06992141047967704,7.7990972449812865,2.126527389110012,-1.57251453464286,0.0085082222147558,-0.016860394603902745,0.0,0.45,0.0,151.80360577199033,1449.617654267138,568.59,0.0,1.0,778.2549771415717,151.82239418475888,0.0,1,0,0.0,0.0,0.0,0.0,-15.644985702961876,-19.590757470041464,-16.865707435158537,-18.874448524657133,-1.9426191969272497,-2.1803541674129456,-2.016168368573793,-2.1371961501625907
powertrain_simple_cvt,SimpleCVT,EngineModelType_SIMPLE_MAP,TransmissionModelType_AUTOMATIC_SIMPLE_CVT,2.1799999999999757,8.39496534671754,0.6328056486998113,-0.05806677914794535,7.798861031169041,-0.004601787244255957,-0.0706985366231879,7.797842230753702,-0.25100284551698415,-1.5725231431914284,0.00851067128579605,-0.01686758870844442,0.0,0.45,0.0,151.82239418475888,1449.797070393036,568.59,0.0,1.0,767.4944532197431,151.89330993618586,0.0,1,0,0.0,0.0,0.0,0.0,-17.070816314883885,-18.57565770067599,-18.858783554159103,-17.519898829713867,-2.02869182896877,-2.119373962084377,-2.136435199618399,-2.055753658058663
powertrain_simple_cvt,SimpleCVT,EngineModelType_SIMPLE_MAP,TransmissionModelType_AUTOMATIC_SIMPLE_CVT,2.1849999999999756,8.433945580872853,0.6327861025906157,-0.05842064529102862,7.796046831062848,-0.0039092218391035116,-0.07077322861665342,7.793907258978773,-0.7869943549858317,-1.5725232234373923,0.008639376548439947,-0.016900975341875953,0.0,0.45,0.0,151.89330993618586,1450.474265935997,568.59,0.0,1.0,755.5014221919724,151.97234835600634,0.0,1,0,0.0,0.0,0.0,0.0,-18.81352084782177,-17.422473043332214,-20.940018442323755,-16.048584982291317,-2.1342800411445757,-2.050412817477446,-2.262488035729748,-1.9675801664808121
powertrain_simple_cvt,SimpleCVT,EngineModelType_SIMPLE_MAP,TransmissionModelType_AUTOMATIC_SIMPLE_CVT,2.1899999999999755,8.472996931753537,0.6327662848393566,-0.058774966910991815,7.810270176136703,-0.003963550251820247,-0.07086432399263937,7.808377545510397,2.8940573063249437,-1.5725329670783996,0.00885835851855263,-0.016928631777469564,0.0,0.45,0.0,151.97234835600634,1451.229027248513,568.59,0.0,1.0,754.367550302386,151.9798209825862,0.0,1,0,0.0,0.0,0.0,0.0,-20.502523199442926,-16.290362334834345,-21.603207449540115,-14.937587886414171,-2.233820418552583,-1.9803369799325319,-2.3000584463766924,-1.8989284274377654
powertrain_simple_cvt,SimpleCVT,EngineModelType_SIMPLE_MAP,TransmissionModelType_AUTOMATIC_SIMPLE_CVT,2.1949999999999754,8.512240730423684,0.6327567799632755,-0.05913124010749331,7.848759734029583,-0.0019009752162198466,-0.07125463930029916,7.847881655824274,7.900822062775594,-1.572542975378557,0.00908232247743738,-0.01693157443809944,0.0,0.45,0.0,151.9798209825862,1451.3003855759969,568.59,0.0,1.0,768.5202184806327,151.88654977145853,0.0,1,0,0.0,0.0,0.0,0.0,-20.802909963873635,-15.595737089984489,-20.706482779631056,-14.814234048948784,-2.245595667815598,-1.9338108269184895,-2.2398219908078723,-1.8870175271354659
powertrain_simple_cvt,SimpleCVT,EngineModelType_SIMPLE_MAP,TransmissionModelType_AUTOMATIC_SIMPLE_CVT,2.1999999999999753,8.551593953244716,0.6327524631749195,-0.059486551827281325,7.870644564206127,-0.0008633576711951001,-0.0710623439576035,7.86921506383154,4.266681601453206,-1.5725516979324803,0.009230724199382354,-0.016946732814957923,0.0,0.45,0.0,151.88654977145853,1450.4097111180486,568.59,0.0,1.0,772.3370075892806,151.8613957483232,0.0,1,0,0.0,0.0,0.0,0.0,-20.08282383460011,-15.609379898963525,-19.406598678026207,-16.463420458761895,-2.199219851450309,-1.9320939324984727,-2.158839940811628,-1.983091859965695
powertrain_simple_cvt,SimpleCVT,EngineModelType_SIMPLE_MAP,TransmissionModelType_AUTOMATIC_SIMPLE_CVT,2.204999999999975,8.590969984779658,0.6327420506905437,-0.059838213320062714,7.875206306988548,-0.0020824968751575945,-0.0703322985562782,7.872918549896523,0.7406972129967373,-1.5725464161601475,0.009268126338533448,-0.016982040302556373,0.0,0.45,0.0,151.8613957483232,1450.1695078908106,568.59,0.0,1.0,764.8936015088386,151.91045049130832,0.0,1,0,0.0,0.0,0.0,0.0,-19.083426220519957,-16.74697749515743,-18.03145163184215,-18.43893952408365,-2.1390060654368366,-1.999553682043098,-2.076218313209145,-2.10053947941336
powertrain_simple_cvt,SimpleCVT,EngineModelType_SIMPLE_MAP,TransmissionModelType_AUTOMATIC_SIMPLE_CVT,2.209999999999975,8.630347033662783,0.6327318586167638,-0.06018741403307432,7.875409776624964,-0.002038414755958881,-0.06984014260232162,7.872370454413475,-0.10961909660967228,-1.5725395580450987,0.00918230118834185,-0.01703449315639494,0.0,0.45,0.0,151.91045049130832,1450.6379461805016,568.59,0.0,1.0,754.856855374735,151.9765962848731,0.0,1,0,0.0,0.0,0.0,0.0,-17.90770330916917,-18.42701013851402,-16.571109227175057,-20.401663062868025,-2.0689067332014335,-2.0999040396064363,-1.9891257367701842,-2.2177706230614547
powertrain_simple_cvt,SimpleCVT,EngineModelType_SIMPLE_MAP,TransmissionModelType_AUTOMATIC_SIMPLE_CVT,2.214999999999975,8.669766318072899,0.6327250425876315,-0.06054000188926982,7.88385688202304,-0.001363205826458392,-0.07051757123909984,7.880652977087459,1.656504534796923,-1.5725226159254027,0.008983472087226522,-0.01709028411367786,0.0,0.45,0.0,151.9765962848731,1451.2695919811358,568.59,0.0,1.0,750.1835122053908,152.00739530961744,0.0,1,0,0.0,0.0,0.0,0.0,-16.682035513689947,-20.150158862445455,-15.189669488210118,-21.761058936397042,-1.9947003770720546,-2.201494302184401,-1.9057150103249267,-2.297547503226329
powertrain_simple_cvt,SimpleCVT,EngineModelType_SIMPLE_MAP,TransmissionModelType_AUTOMATIC_SIMPLE_CVT,2.219999999999975,8.709359695136799,0.63272101900944,-0.060894861948610525,7.91867541277995,-0.000804715638301829,-0.07097201186814106,7.91695643880448,7.260692343404228,-1.5725166117716274,0.008749585493832429,-0.01711080824587674,0.0,0.45,0.0,152.00739530961744,1451.563701002964,568.59,0.0,1.0,761.8820286218237,151.93029784779503,0.0,1,0,0.0,0.0,0.0,0.0,-15.713147226391678,-21.034920241424842,-14.696524274125348,-21.13913758488012,-1.9326321217950808,-2.248498598905786,-1.8722918724881026,-2.2546842751903746
powertrain_simple_cvt,SimpleCVT,EngineModelType_SIMPLE_MAP,TransmissionModelType_AUTOMATIC_SIMPLE_CVT,2.2249999999999748,8.749088537254437,0.6327284804544241,-0.061252572006667005,7.945768423527448,0.0014922889968105725,-0.07154201161129542,7.943931600469747,5.3950323330535435,-1.5725174712161405,0.008569892260044306,-0.017133185957045733,0.0,0.45,0.0,151.93029784779503,1450.8274744740318,568.59,0.0,1.0,769.0352255551758,151.88315568823856,0.0,1,0,0.0,0.0,0.0,0.0,-15.401063087845916,-20.509544074761035,-15.971809218120164,-20.00489818051986,-1.9110047655182296,-2.213181991667743,-1.9447655807045046,-2.183331142286071
powertrain_simple_cvt,SimpleCVT,EngineModelType_SIMPLE_MAP,TransmissionModelType_AUTOMATIC_SIMPLE_CVT,2.2299999999999747,8.788842671501271,0.632728006499325,-0.061614214754348855,7.95082684936692,-9.479101980026071e-05,-0.07232854953636919,7.948351582477199,0.883996401490369,-1.5725203067064673,0.008495410979475525,-0.017171376754387624,0.0,0.45,0.0,151.88315568823856,1450.377300010745,568.59,0.0,1.0,762.1073605874132,151.92881282849888,0.0,1,0,0.0,0.0,0.0,0.0,-16.314504518565986,-19.57332939651529,-17.99219648974107,-18.694738084767387,-1.9645000719614492,-2.1571591150672305,-2.0636838396992965,-2.1052175202464247
powertrain_simple_cvt,SimpleCVT,EngineModelType_SIMPLE_MAP,TransmissionModelType_AUTOMATIC_SIMPLE_CVT,2.2349999999999746,8.828584133212326,0.6327273377326812,-0.061978659862344326,7.94829234221101,-0.00013375332876710373,-0.07288902159909416,7.9449883242251484,-0.6726516504100531,-1.572517487430842,0.00854259401802793,-0.017229190907635406,0.0,0.45,0.0,151.92881282849888,1450.8132935843375,568.59,0.0,1.0,750.5743649078734,152.00481944869327,0.0,1,0,0.0,0.0,0.0,0.0,-18.056224897555907,-18.415067105117,-19.916303768038254,-17.355110747028156,-2.0679210255716773,-2.089144461837633,-2.1779339073495616,-2.0264541881279454
powertrain_simple_cvt,SimpleCVT,EngineModelType_SIMPLE_MAP,TransmissionModelType_AUTOMATIC_SIMPLE_CVT,2.2399999999999745,8.868319557192418,0.6327280914534813,-0.062340088222153,7.947084796018573,0.00015074416002335608,-0.07228567196173404,7.943361490731263,-0.3253666987770812,-1.5725136723458977,0.008715654092036314,-0.01729663106829942,0.0,0.45,0.0,152.00481944869327,1451.5391033430362,568.59,0.0,1.0,740.2962608816919,152.0725558782163,0.0,1,0,0.0,0.0,0.0,0.0,-19.876322290662166,-17.18487102042008,-21.825175583292957,-15.921149629866655,-2.1758099962189084,-2.016593655207299,-2.291096976834832,-1.9418365536812061
powertrain_simple_cvt,SimpleCVT,EngineModelType_SIMPLE_MAP,TransmissionModelType_AUTOMATIC_SIMPLE_CVT,2.2449999999999743,8.908182775852877,0.6327296847514827,-0.06270102849022427,7.972643732091758,0.00031865960029447363,-0.0721880536142529,7.970084881728057,5.344678199358846,-1.5725230715364296,0.008950722207379603,-0.017336522416586373,0.0,0.45,0.0,152.0725558782163,1452.1859385981952,568.59,0.0,1.0,746.135625223706,152.03407235146813,0.0,1,0,0.0,0.0,0.0,0.0,-21.402393936226265,-16.058814171885622,-21.495260023529962,-15.221505205193594,-2.261841631535069,-1.9467950330954238,-2.2673168272289135,-1.8974289988201056
powertrain_simple_cvt,SimpleCVT,EngineModelType_SIMPLE_MAP,TransmissionModelType_AUTOMATIC_SIMPLE_CVT,2.2499999999999742,8.948231811151146,0.6327404239875043,-0.06306258205781778,8.009807059653813,0.0021478472043159574,-0.07231071351870343,8.008446296799756,7.672283014339939,-1.5725306692486014,0.009159740858307168,-0.017347324007012912,0.0,0.45,0.0,152.03407235146813,1451.8184479876204,568.59,0.0,1.0,759.3627721679293,151.94690066060997,0.0,1,0,0.0,0.0,0.0,0.0,-21.080940464234864,-15.587974305314422,-20.503399103232187,-15.64971599875799,-2.236935799657227,-1.9146329830536912,-2.203048242011544,-1.9182557109429605
powertrain_simple_cvt,SimpleCVT,EngineModelType_SIMPLE_MAP,TransmissionModelType_AUTOMATIC_SIMPLE_CVT,2.254999999999974,8.988344783927738,0.6327514840363183,-0.06342517743327616,8.022594555318436,0.0022120097628003875,-0.07251907509167695,8.020613746498318,2.4334899397125818,-1.5725304361584416,0.009277512122051716,-0.01737239754093223,0.0,0.45,0.0,151.94690066060997,1450.9860196577552,568.59,0.0,1.0,757.4984441165079,151.95918725795724,0.0,1,0,0.0,0.0,0.0,0.0,-20.15984477631283,-16.171815076526094,-19.202197355067806,-17.486490964645434,-2.1810955320626455,-1.947450674554336,-2.1249902840771657,-2.0244729847356466
powertrain_simple_cvt,SimpleCVT,EngineModelType_SIMPLE_MAP,TransmissionModelType_AUTOMATIC_SIMPLE_CVT,2.259999999999974,9.028458748225132,0.6327532987141533,-0.06378458977392669,8.02279285947886,0.00036293556700530165,-0.07188246813010418,8.020376564740594,-0.04743635154476168,-1.5725162665022818,0.009274752037362305,-0.017407982993102148,0.0,0.45,0.0,151.95918725795724,1451.1033480198512,568.59,0.0,1.0,747.8157515915424,152.0229997099561,0.0,1,0,0.0,0.0,0.0,0.0,-19.005400787071444,-17.77947547192972,-17.83339881264666,-19.389048180308414,-2.113493581972945,-2.041668736725953,-2.0448280120540323,-2.135970819622183
powertrain_simple_cvt,SimpleCVT,EngineModelType_SIMPLE_MAP,TransmissionModelType_AUTOMATIC_SIMPLE_CVT,2.264999999999974,9.068572241991928,0.6327572840871737,-0.06414442189357171,8.022698753359226,0.0007970746040792775,-0.07196642392900277,8.019909130482587,-0.09348685160155612,-1.5724988349262536,0.009146124595574899,-0.017451819418985468,0.0,0.45,0.0,152.0229997099561,1451.7127120498374,568.59,0.0,1.0,738.2469211966005,152.08606176926335,0.0,1,0,0.0,0.0,0.0,0.0,-17.749313979691337,-19.565456792290192,-16.36696310920323,-21.322929942117423,-2.039962236898199,-2.1463731068663536,-1.958967968325573,-2.249346422357539
powertrain_simple_cvt,SimpleCVT,EngineModelType_SIMPLE_MAP,TransmissionModelType_AUTOMATIC_SIMPLE_CVT,2.269999999999974,9.108775321583172,0.6327593422977627,-0.06450701485088521,8.04061591824876,0.00041164211778614107,-0.07251859146270076,8.038778795784436,3.7739330603700076,-1.5724753525264814,0.008928630679419979,-0.017473272633902,0.0,0.45,0.0,152.08606176926335,1452.3149103574553,568.59,0.0,1.0,739.5715306710218,152.0773321128908,0.0,1,0,0.0,0.0,0.0,0.0,-16.517621537365912,-21.237780122209244,-15.305608326958271,-21.789925381681208,-1.9655235649074543,-2.2414364336856085,-1.89467636012192,-2.2737116167721165
powertrain_simple_cvt,SimpleCVT,EngineModelType_SIMPLE_MAP,TransmissionModelType_AUTOMATIC_SIMPLE_CVT,2.2749999999999737,9.149169424697197,0.6327693642931838,-0.06487167484666885,8.078820622804868,0.0020043990842261794,-0.07293199915672723,8.078538687054525,7.951978254017958,-1.5724707950160617,0.008709208915512133,-0.01745752232638073,0.0,0.45,0.0,152.0773321128908,1452.231548279664,568.59,0.0,1.0,753.2182261276058,151.98739544532427,0.0,1,0,0.0,0.0,0.0,0.0,-15.778822483805566,-21.33920818476023,-15.303782446423162,-20.994174115372807,-1.917798251931574,-2.2412262061809636,-1.8901668544458263,-2.2211567956742146
powertrain_simple_cvt,SimpleCVT,EngineModelType_SIMPLE_MAP,TransmissionModelType_AUTOMATIC_SIMPLE_CVT,2.2799999999999736,9.189651803426843,0.6327805638364742,-0.0652398446795215,8.096475745929233,0.002239908658079924,-0.07363396657053094,8.095860621608168,3.4643869107285523,-1.5724658067323385,0.008568601272681779,-0.01744970876088636,0.0,0.45,0.0,151.98739544532427,1451.3727163671588,568.59,0.0,1.0,754.4963839143026,151.97897192240436,0.0,1,0,0.0,0.0,0.0,0.0,-15.904234130028906,-20.585106623875888,-17.042114333028323,-19.763377422330013,-1.923113670923853,-2.1948009056309368,-1.9891585217902719,-2.1471060934480533
powertrain_simple_cvt,SimpleCVT,EngineModelType_SIMPLE_MAP,TransmissionModelType_AUTOMATIC_SIMPLE_CVT,2.2849999999999735,9.230134039534908,0.6327825213732932,-0.06561171907196144,8.09644722161319,0.00039150736379933845,-0.07437487848798734,8.095315185407088,-0.10908724021590166,-1.5724652757240523,0.008543451848433964,-0.017455108146640957,0.0,0.45,0.0,151.97897192240436,1451.2922776485013,568.59,0.0,1.0,744.8816220797604,152.04233668654052,0.0,1,0,0.0,0.0,0.0,0.0,-17.32006388704609,-19.514141651431288,-18.989095619003635,-18.458530111376376,-2.0053590050692622,-2.132716262677109,-2.102239483825743,-2.071442321970517
powertrain_simple_cvt,SimpleCVT,EngineModelType_SIMPLE_MAP,TransmissionModelType_AUTOMATIC_SIMPLE_CVT,2.2899999999999734,9.270601121861091,0.6327837978560862,-0.06598437470893043,8.093416465236416,0.0002552965586050584,-0.07453112739379902,8.091792349000897,-0.7045672812381704,-1.5724563140898795,0.008642534021892745,-0.01747232104120729,0.0,0.45,0.0,152.04233668654052,1451.8973665743088,568.59,0.0,1.0,733.7740065290011,152.11553989756135,0.0,1,0,0.0,0.0,0.0,0.0,-19.122487460616494,-18.306102120974533,-20.950619661829105,-17.07393688457153,-2.1104655767461904,-2.063057109678307,-2.216627386676455,-1.9915038097895301
powertrain_simple_cvt,SimpleCVT,EngineModelType_SIMPLE_MAP,TransmissionModelType_AUTOMATIC_SIMPLE_CVT,2.2949999999999733,9.311101590330676,0.6327849675357055,-0.06635347732529666,8.100093693916813,0.00023393592384848534,-0.07382052327324772,8.098590727299225,1.359675659665556,-1.5724566335113594,0.008850740208295649,-0.017486672307231332,0.0,0.45,0.0,152.11553989756135,1452.5964057473586,568.59,0.0,1.0,728.6237437606178,152.14948199526214,0.0,1,0,0.0,0.0,0.0,0.0,-20.931383103434786,-17.07680540285342,-22.156739393476613,-15.833567830103762,-2.214489934297997,-1.9908379283511282,-2.28558809693878,-1.9187022500452946
powertrain_simple_cvt,SimpleCVT,EngineModelType_SIMPLE_MAP,TransmissionModelType_AUTOMATIC_SIMPLE_CVT,2.299999999999973,9.351774338030072,0.6327871224742126,-0.06672315218204189,8.134549539879403,0.0004309877014366586,-0.07393497134904702,8.134748281541063,7.231510848367661,-1.5724652786692503,0.009085370089338591,-0.017460999598816345,0.0,0.45,0.0,152.14948199526214,1452.9205289050378,568.59,0.0,1.0,739.7475649935022,152.07617198292445,0.0,1,0,0.0,0.0,0.0,0.0,-21.691651826653537,-16.181811135658002,-21.434750803974985,-15.479606532353664,-2.25300830960851,-1.9347348915392881,-2.238168539971067,-1.894172364996033
powertrain_simple_cvt,SimpleCVT,EngineModelType_SIMPLE_MAP,TransmissionModelType_AUTOMATIC_SIMPLE_CVT,2.304999999999973,9.392590006783559,0.6327963666883778,-0.06709222327624281,8.163133750697225,0.0018488428330347432,-0.07381421884018463,8.16353026118412,5.756395928611491,-1.5724733838259088,0.009262373532909426,-0.017429953579301036,0.0,0.45,0.0,152.07617198292445,1452.220469854538,568.59,0.0,1.0,747.6392436179667,152.02416296145483,0.0,1,0,0.0,0.0,0.0,0.0,-21.045317549405883,-15.998861098892633,-20.270265799205834,-16.653726117647274,-2.2113870347840665,-1.9209085517959705,-2.166774372643193,-1.9586031597005868
powertrain_simple_cvt,SimpleCVT,EngineModelType_SIMPLE_MAP,TransmissionModelType_AUTOMATIC_SIMPLE_CVT,2.309999999999973,9.433439976709796,0.6327963201831289,-0.0674581355173515,8.169993985247492,-9.301049764890747e-06,-0.07318244822173714,8.169890770396055,1.272101842387157,-1.5724716071756353,0.009333522417968155,-0.017411111616580953,0.0,0.45,0.0,152.02416296145483,1451.7238202834021,568.59,0.0,1.0,742.3921591795274,152.058743149042,0.0,1,0,0.0,0.0,0.0,0.0,-20.05516579560569,-16.96706968300291,-18.92222950720871,-18.575090114729996,-2.1534942965826533,-1.9758791479725701,-2.088332255023078,-2.068366161826726
powertrain_simple_cvt,SimpleCVT,EngineModelType_SIMPLE_MAP,TransmissionModelType_AUTOMATIC_SIMPLE_CVT,2.314999999999973,9.474289013095262,0.6327933510501987,-0.06782181053528691,8.169807277093193,-0.0005938265860413899,-0.07273500358708271,8.169118873220555,-0.15437943510008598,-1.5724643381744379,0.00928251255708423,-0.017405965330983857,0.0,0.45,0.0,152.058743149042,1452.0540367506544,568.59,0.0,1.0,733.0111073232081,152.12056767974323,0.0,1,0,0.0,0.0,0.0,0.0,-18.87155587743681,-18.649180341582298,-17.505668561303033,-20.48948344647703,-2.0855202677827576,-2.0727288926149194,-2.006952375723399,-2.1785858941362
powertrain_simple_cvt,SimpleCVT,EngineModelType_SIMPLE_MAP,TransmissionModelType_AUTOMATIC_SIMPLE_CVT,2.3199999999999728,9.515155809600337,0.6327894671579591,-0.06818843047409802,8.173359301015006,-0.0007767784479106128,-0.07332398776222232,8.17252891482206,0.6820083203010231,-1.5724492474163696,0.009109741974752797,-0.01740415081384304,0.0,0.45,0.0,152.12056767974323,1452.644417530581,568.59,0.0,1.0,726.1015334499288,152.16610427506365,0.0,1,0,0.0,0.0,0.0,0.0,-17.6223096302873,-20.40193069658833,-16.039047384877833,-22.19818256395164,-2.013238788333158,-2.1730600569598097,-1.922205163751102,-2.2763400528180315
powertrain_simple_cvt,SimpleCVT,EngineModelType_SIMPLE_MAP,TransmissionModelType_AUTOMATIC_SIMPLE_CVT,2.3249999999999726,9.556164821250842,0.6327851522379423,-0.06855779300359381,8.201802330100994,-0.0008629840033743809,-0.07387250589915732,8.20221606191998,5.937429419584232,-1.5724372589562574,0.00888023928830248,-0.01737316555459025,0.0,0.45,0.0,152.16610427506365,1453.0792599847898,568.59,0.0,1.0,733.6218918710376,152.11654238827194,0.0,1,0,0.0,0.0,0.0,0.0,-16.514057003713603,-21.709081606059684,-15.357690032984294,-21.8509990186172,-1.9460803431004188,-2.2437001622095245,-1.8798327783638096,-2.251830524986772
powertrain_simple_cvt,SimpleCVT,EngineModelType_SIMPLE_MAP,TransmissionModelType_AUTOMATIC_SIMPLE_CVT,2.3299999999999725,9.597332928537979,0.6327889782615417,-0.06892990538823264,8.233621457427196,0.0007652047198816684,-0.074422476927765,8.234628860606962,6.482559737396581,-1.5724393484912569,0.008685619807762097,-0.01732775419188356,0.0,0.45,0.0,152.11654238827194,1452.6059788284783,568.59,0.0,1.0,743.3814338857279,152.05222347029147,0.0,1,0,0.0,0.0,0.0,0.0,-16.010637230383573,-21.385558950973834,-16.203980151201925,-20.795394547329444,-1.9136293282807042,-2.2203432991540923,-1.9246622284915644,-2.186666219352823
powertrain_simple_cvt,SimpleCVT,EngineModelType_SIMPLE_MAP,TransmissionModelType_AUTOMATIC_SIMPLE_CVT,2.3349999999999724,9.638546874747504,0.6327893385825234,-0.06930143558263074,8.24278924190522,7.206419634286096e-05,-0.07430603887962109,8.243096237776689,1.6934754339452602,-1.5724438752352956,0.00858396430344735,-0.017299243144719253,0.0,0.45,0.0,152.05222347029147,1451.9917784046233,568.59,0.0,1.0,739.6786090595498,152.07662642751345,0.0,1,0,0.0,0.0,0.0,0.0,-16.592109922901788,-20.523656864275388,-18.206124730739447,-19.4713185154445,-1.9458378536260352,-2.1699567835112625,-2.0378452178888935,-2.109967942443333
powertrain_simple_cvt,SimpleCVT,EngineModelType_SIMPLE_MAP,TransmissionModelType_AUTOMATIC_SIMPLE_CVT,2.3399999999999723,9.679752641876886,0.6327813109273247,-0.06967602141336751,8.241153425876446,-0.0016055310397448145,-0.07491716614735426,8.240598778467431,-0.4994918618514639,-1.5724508294621673,0.008602075603376653,-0.017291993661616687,0.0,0.45,0.0,152.07662642751345,1452.2248094806998,568.59,0.0,1.0,729.6310105706143,152.14284374202865,0.0,1,0,0.0,0.0,0.0,0.0,-18.2024514677563,-19.411075732453853,-20.149452129286473,-18.109549165079184,-2.0379502964090936,-2.106869140445692,-2.148973249406591,-2.0326527697121204
powertrain_simple_cvt,SimpleCVT,EngineModelType_SIMPLE_MAP,TransmissionModelType_AUTOMATIC_SIMPLE_CVT,2.344999999999972,9.720946860045089,0.6327744625863733,-0.07004873299068687,8.238843633640489,-0.0013696681902796628,-0.0745423154638701,8.237584008848195,-0.602953923847251,-1.5724518188331573,0.008746177306922056,-0.017301320400856142,0.0,0.45,0.0,152.14284374202865,1452.8571382561017,568.59,0.0,1.0,719.5668375560713,152.20917028867288,0.0,1,0,0.0,0.0,0.0,0.0,-19.979122199387675,-18.208376247282796,-22.16459897741023,-16.630260304052406,-2.1396775451889996,-2.0386681324776594,-2.264344624382331,-1.9486469950995837
powertrain_simple_cvt,SimpleCVT,EngineModelType_SIMPLE_MAP,TransmissionModelType_AUTOMATIC_SIMPLE_CVT,2.349999999999972,9.762236046540403,0.6327657097605204,-0.07041960726292329,8.257837299062748,-0.0017505651705854368,-0.07417485444728474,8.257236640901711,3.9305264107032785,-1.5724683013093876,0.008969637328788076,-0.017295331852065825,0.0,0.45,0.0,152.20917028867288,1453.4905101215004,568.59,0.0,1.0,721.6450127318303,152.19547436129457,0.0,1,0,0.0,0.0,0.0,0.0,-21.665858846186044,-17.04731039193959,-22.285454244935295,-15.73999190126559,-2.2329532886817027,-1.9701225121117085,-2.2682130118232307,-1.8957260783550722
powertrain_simple_cvt,SimpleCVT,EngineModelType_SIMPLE_MAP,TransmissionModelType_AUTOMATIC_SIMPLE_CVT,2.354999999999972,9.803703054306515,0.6327648236412202,-0.07079218618156712,8.293401553222273,-0.00017722386002304562,-0.07451578372876622,8.293835820497621,7.319835919182239,-1.5724828247069413,0.009183948949558483,-0.01726441103915846,0.0,0.45,0.0,152.19547436129457,1453.3597236489513,568.59,0.0,1.0,733.355815903521,152.11829592530322,0.0,1,0,0.0,0.0,0.0,0.0,-21.767404076197117,-16.395552430588427,-21.27916987859155,-16.012682700620648,-2.2332656923502165,-1.9289151912186338,-2.2056040344129015,-1.9072231189368043
powertrain_simple_cvt,SimpleCVT,EngineModelType_SIMPLE_MAP,TransmissionModelType_AUTOMATIC_SIMPLE_CVT,2.359999999999972,9.845258428920866,0.6327651754571502,-0.0711631602457278,8.31107492287028,7.036318599775576e-05,-0.07419481283213832,8.310910162612394,3.4148684229546706,-1.5724936346260046,0.009313796691265573,-0.017247213227847655,0.0,0.45,0.0,152.11829592530322,1452.6227238736637,568.59,0.0,1.0,734.78624041719,152.10886890948288,0.0,1,0,0.0,0.0,0.0,0.0,-20.962041740124803,-16.57993303796437,-19.928360220046745,-17.844929254592746,-2.1851967138324166,-1.937431687035649,-2.1267522189719403,-2.008954746551771
powertrain_simple_cvt,SimpleCVT,EngineModelType_SIMPLE_MAP,TransmissionModelType_AUTOMATIC_SIMPLE_CVT,2.364999999999972,9.886830287499059,0.6327573825139289,-0.07153082782139278,8.31437171563838,-0.0015585886442460058,-0.07353351513299405,8.313529774151709,0.5239223078629008,-1.5724910483661365,0.009329376298346187,-0.01724622099046897,0.0,0.45,0.0,152.10886890948288,1452.532702503679,568.59,0.0,1.0,727.7642347613493,152.15514647098695,0.0,1,0,0.0,0.0,0.0,0.0,-19.898205725102226,-17.87277946187661,-18.522305032951643,-19.787010992079317,-2.1246927748183357,-2.010210981050197,-2.0469236739904586,-2.1184077904053464
powertrain_simple_cvt,SimpleCVT,EngineModelType_SIMPLE_MAP,TransmissionModelType_AUTOMATIC_SIMPLE_CVT,2.3699999999999717,9.928403520806777,0.6327496103179703,-0.07189803206498722,8.314646661543387,-0.0015544391917210725,-0.07344084871889055,8.313079392072341,-0.09007641587359863,-1.572485207982922,0.009219763440807553,-0.01726197784198498,0.0,0.45,0.0,152.15514647098695,1452.9746206637358,568.59,0.0,1.0,719.1805189384161,152.21171626833524,0.0,1,0,0.0,0.0,0.0,0.0,-18.689049970768064,-19.568812352413197,-17.00956888733132,-21.763945401892776,-2.0564057152682476,-2.1061346212052325,-1.9614724030879835,-2.2302153584750006
powertrain_simple_cvt,SimpleCVT,EngineModelType_SIMPLE_MAP,TransmissionModelType_AUTOMATIC_SIMPLE_CVT,2.3749999999999716,9.97004921510397,0.632740534533039,-0.07226824250913227,8.329138859438554,-0.0018151569862519497,-0.07404208882901137,8.327972725832419,2.9786667520156764,-1.5724713402676933,0.009013478338968593,-0.017268315027112322,0.0,0.45,0.0,152.21171626833524,1453.5148224363968,568.59,0.0,1.0,718.7523777176043,152.21453787410567,0.0,1,0,0.0,0.0,0.0,0.0,-17.466184555565718,-21.263317695415008,-15.813544052469808,-22.52940023265077,-1.9855171712080706,-2.1997677362802364,-1.8922680939151157,-2.27120555240104
powertrain_simple_cvt,SimpleCVT,EngineModelType_SIMPLE_MAP,TransmissionModelType_AUTOMATIC_SIMPLE_CVT,2.3799999999999715,10.011860641181093,0.6327378646266482,-0.07264220808739814,8.362285215424746,-0.0005339812781824009,-0.07479311565317287,8.362110590888099,6.8275730111361135,-1.5724688651560845,0.008790779522360122,-0.01725089948031986,0.0,0.45,0.0,152.21453787410567,1453.5417667867462,568.59,0.0,1.0,728.9620787752827,152.14725224492904,0.0,1,0,0.0,0.0,0.0,0.0,-16.55240106615771,-21.931730343636687,-15.734438257399047,-21.71874121998641,-1.9301447495160964,-2.232430494246831,-1.8841801907294045,-2.2204617947043586
powertrain_simple_cvt,SimpleCVT,EngineModelType_SIMPLE_MAP,TransmissionModelType_AUTOMATIC_SIMPLE_CVT,2.3849999999999714,10.053773144512366,0.6327396399492938,-0.07301976296854608,8.382500666254597,0.00035506452914361433,-0.07551097622958793,8.381966736825145,3.971229187409349,-1.5724680742365198,0.008638866133144725,-0.01724175889823525,0.0,0.45,0.0,152.14725224492904,1452.8992363577956,568.59,0.0,1.0,731.9424904443848,152.12761025215886,0.0,1,0,0.0,0.0,0.0,0.0,-16.388440300366042,-21.31879800510268,-17.489667747250518,-20.429653408759094,-1.9187495415973101,-2.195149479487456,-1.9804852646726105,-2.145303296731057
powertrain_simple_cvt,SimpleCVT,EngineModelType_SIMPLE_MAP,TransmissionModelType_AUTOMATIC_SIMPLE_CVT,2.3899999999999713,10.095704328729868,0.6327335554625455,-0.07340181407361615,8.386236843500482,-0.001216897349657001,-0.07641022101401326,8.384958677350662,0.5983881051033663,-1.57247024327935,0.008595538073314108,-0.01725103768277048,0.0,0.45,0.0,152.12761025215886,1452.7116691433027,568.59,0.0,1.0,725.3183608911312,152.17126566598733,0.0,1,0,0.0,0.0,0.0,0.0,-17.45244965764629,-20.331536813475594,-19.485625350714802,-19.08290529892179,-1.978049673193998,-2.13939609201161,-2.091990515950156,-2.069421752093429
powertrain_simple_cvt,SimpleCVT,EngineModelType_SIMPLE_MAP,TransmissionModelType_AUTOMATIC_SIMPLE_CVT,2.394999999999971,10.137623543753195,0.6327262780328269,-0.07378568077772683,8.383843004665454,-0.0014554859437286463,-0.07677334082213627,8.381718243011838,-0.6480868677648881,-1.5724639833249194,0.008675965304274528,-0.01728048677204771,0.0,0.45,0.0,152.17126566598733,1453.128547637514,568.59,0.0,1.0,715.3969886168152,152.23665110401353,0.0,1,0,0.0,0.0,0.0,0.0,-19.17994812774421,-19.156477639267386,-21.464650476541234,-17.65911642957422,-2.075275661138002,-2.0739598470989824,-2.2033617650338,-1.9900140483933952
powertrain_simple_cvt,SimpleCVT,EngineModelType_SIMPLE_MAP,TransmissionModelType_AUTOMATIC_SIMPLE_CVT,2.399999999999971,10.179566570968376,0.6327201693988845,-0.07416573561474457,8.388605443036177,-0.0012217267884761128,-0.07601096740354744,8.386215530426814,0.8994574829952221,-1.572463280943595,0.008870532362423947,-0.017315970619783544,0.0,0.45,0.0,152.23665110401353,1453.7529325776,568.59,0.0,1.0,709.7140281384254,152.27410387263174,0.0,1,0,0.0,0.0,0.0,0.0,-20.97435338306493,-17.93557230037014,-22.871361340939078,-16.324794187135552,-2.175243901011521,-2.0049736252742116,-2.281537858777199,-1.9147178200587676
powertrain_simple_cvt,SimpleCVT,EngineModelType_SIMPLE_MAP,TransmissionModelType_AUTOMATIC_SIMPLE_CVT,2.404999999999971,10.221652580275247,0.6327143375098899,-0.07454634734328357,8.41720186137432,-0.0011663777989127232,-0.0761223457077985,8.415933969994844,5.943687913606282,-1.5724722015704098,0.00910653705671607,-0.01732503048341696,0.0,0.45,0.0,152.27410387263174,1454.110580173084,568.59,0.0,1.0,717.19227900123,152.22481948990577,0.0,1,0,0.0,0.0,0.0,0.0,-22.258959891687688,-16.880114865858715,-22.165391313885888,-15.938693191989998,-2.2428193104170053,-1.942493846048066,-2.2375949497143406,-1.8899299777800762
powertrain_simple_cvt,SimpleCVT,EngineModelType_SIMPLE_MAP,TransmissionModelType_AUTOMATIC_SIMPLE_CVT,2.409999999999971,10.263878984592152,0.6327187182719083,-0.07492703067540753,8.445280863380773,0.0008761524036790403,-0.07613666642479121,8.444228915156575,5.658989032346305,-1.5724757920975103,0.009291235805846097,-0.01732796580176681,0.0,0.45,0.0,152.22481948990577,1453.6399489853995,568.59,0.0,1.0,724.5869693011109,152.17608580156534,0.0,1,0,0.0,0.0,0.0,0.0,-21.807664604455418,-16.522571697472053,-20.938089059007723,-17.15836199517008,-2.213541425818107,-1.9194393613260015,-2.16515174418922,-1.9548194847085003
powertrain_simple_cvt,SimpleCVT,EngineModelType_SIMPLE_MAP,TransmissionModelType_AUTOMATIC_SIMPLE_CVT,2.4149999999999707,10.306155602705433,0.6327173662101028,-0.07530621661613048,8.455323622656097,-0.00027041236109722746,-0.0758371881445902,8.453782851544384,1.9107872775617503,-1.5724706796202292,0.009376750502331617,-0.017342509233445966,0.0,0.45,0.0,152.17608580156534,1453.1745765417306,568.59,0.0,1.0,721.7248369858333,152.19494829053855,0.0,1,0,0.0,0.0,0.0,0.0,-20.845339633620615,-17.231491691279025,-19.560593418638067,-19.11231546752126,-2.158679524403549,-1.9578052911842652,-2.0872674409585605,-2.0623500976900018
powertrain_simple_cvt,SimpleCVT,EngineModelType_SIMPLE_MAP,TransmissionModelType_AUTOMATIC_SIMPLE_CVT,2.4199999999999706,10.3484349963323,0.6327121958588913,-0.07568273372025504,8.455878725373486,-0.0010340702422982563,-0.07530342082491279,8.453555196685164,-0.04553097184398877,-1.5724560542261417,0.009340741463369141,-0.01737530652344606,0.0,0.45,0.0,152.19494829053855,1453.354700043277,568.59,0.0,1.0,713.5411626205896,152.24888166973656,0.0,1,0,0.0,0.0,0.0,0.0,-19.666432134449447,-18.855067474965328,-18.125839829591087,-21.02648594317183,-2.0931798805313893,-2.0480792992231738,-2.0075443925964658,-2.1687799410797908
powertrain_simple_cvt,SimpleCVT,EngineModelType_SIMPLE_MAP,TransmissionModelType_AUTOMATIC_SIMPLE_CVT,2.4249999999999705,10.39072966596758,0.632707027487571,-0.07606213373330338,8.458933927056277,-0.0010336742640479268,-0.0758800026096695,8.456385777536152,0.566116170197629,-1.5724357926704713,0.009181561532619993,-0.017413165871929374,0.0,0.45,0.0,152.24888166973656,1453.8697258770978,568.59,0.0,1.0,706.9608241323356,152.2922484845802,0.0,1,0,0.0,0.0,0.0,0.0,-18.402535223299648,-20.614403614672966,-16.632079290592998,-22.77521233362527,-2.022582404459319,-2.1454903446182585,-1.9242026397862306,-2.2655610277383373
powertrain_simple_cvt,SimpleCVT,EngineModelType_SIMPLE_MAP,TransmissionModelType_AUTOMATIC_SIMPLE_CVT,2.4299999999999704,10.433149115998035,0.6327019083460483,-0.07644486507977824,8.483890006091,-0.0010238283045366518,-0.0765462692949723,8.482368422669282,5.196529026626107,-1.57241302493453,0.008956728192213336,-0.017426803990425704,0.0,0.45,0.0,152.2922484845802,1454.2838484540086,568.59,0.0,1.0,712.3643782092814,152.2566371053828,0.0,1,0,0.0,0.0,0.0,0.0,-17.19539090372601,-22.18043664173677,-15.919538799265599,-22.49081912238758,-1.9525776036875035,-2.2287354968097777,-1.8818988882613128,-2.2459298369268645
powertrain_simple_cvt,SimpleCVT,EngineModelType_SIMPLE_MAP,TransmissionModelType_AUTOMATIC_SIMPLE_CVT,2.4349999999999703,10.475719605145718,0.6327058388764426,-0.0768299640572325,8.514097829536691,0.0007861060788582983,-0.07701979549085121,8.513273295110487,6.1809744882411515,-1.5724060076911375,0.008757657290867766,-0.01742335127691508,0.0,0.45,0.0,152.2566371053828,1453.9437848322336,568.59,0.0,1.0,720.956464390898,152.20001214433802,0.0,1,0,0.0,0.0,0.0,0.0,-16.547821782444792,-22.11592965443628,-16.739989070190873,-21.420655592654633,-1.9133762286283904,-2.2207144049502445,-1.9239831251042439,-2.182337946177467
powertrain_simple_cvt,SimpleCVT,EngineModelType_SIMPLE_MAP,TransmissionModelType_AUTOMATIC_SIMPLE_CVT,2.43999999999997,10.518346576550572,0.6327080842061273,-0.07721805458171625,8.525394280970803,0.0004490659369534495,-0.07761810489675014,8.524038480298717,2.1530370376460897,-1.5724001829727559,0.008650482889004418,-0.017432688191215684,0.0,0.45,0.0,152.20001214433802,1453.403056285074,568.59,0.0,1.0,718.8926154068737,152.21361365692206,0.0,1,0,0.0,0.0,0.0,0.0,-16.998966719743105,-21.23949811478797,-18.726331643772685,-20.09296876902175,-1.9370927266540636,-2.170858177987614,-2.0323162266039434,-2.107654082790162
powertrain_simple_cvt,SimpleCVT,EngineModelType_SIMPLE_MAP,TransmissionModelType_AUTOMATIC_SIMPLE_CVT,2.44499999999997,10.56096947699885,0.632703298733485,-0.07760969501199316,8.524580089655625,-0.0009570945284652732,-0.07832808605538091,8.522558556620707,-0.29598473560206806,-1.5723969111734775,0.008662676041014337,-0.01745848001236614,0.0,0.45,0.0,152.21361365692206,1453.5329411627506,568.59,0.0,1.0,710.1137938277072,152.27146927189517,0.0,1,0,0.0,0.0,0.0,0.0,-18.566299239855226,-20.097980425226357,-20.65382050180803,-18.73256574478164,-2.0236719354694888,-2.108122747303075,-2.1387695595544054,-2.0328392096097443
powertrain_simple_cvt,SimpleCVT,EngineModelType_SIMPLE_MAP,TransmissionModelType_AUTOMATIC_SIMPLE_CVT,2.44999999999997,10.603581300137101,0.6326997325661994,-0.07799978447574188,8.522364627650315,-0.0007132334571231043,-0.0780178927497441,8.51977021398027,-0.5576685280875301,-1.5723876087376256,0.00880148503549314,-0.017497644627112136,0.0,0.45,0.0,152.27146927189517,1454.085421589266,568.59,0.0,1.0,700.8748114106706,152.33235751351657,0.0,1,0,0.0,0.0,0.0,0.0,-20.367160441173993,-18.857476726788867,-22.63695731949706,-17.263723444618595,-2.123331786061927,-2.04006658529096,-2.2485203212378915,-1.952164605720793
powertrain_simple_cvt,SimpleCVT,EngineModelType_SIMPLE_MAP,TransmissionModelType_AUTOMATIC_SIMPLE_CVT,2.45499999999997,10.6462776151276,0.6326947359936761,-0.07838751379632294,8.539262998099732,-0.000999314504665587,-0.07754586411621395,8.537407259366177,3.5274090771815065,-1.5723939874873507,0.00902398135456122,-0.017519477379669707,0.0,0.45,0.0,152.33235751351657,1454.6668614670793,568.59,0.0,1.0,701.9585247097745,152.32521545022155,0.0,1,0,0.0,0.0,0.0,0.0,-22.135216037701305,-17.62885696841733,-22.867145951179257,-16.350886904632382,-2.2183251542445506,-1.970294568104544,-2.25861067136873,-1.8999549304688048
powertrain_simple_cvt,SimpleCVT,EngineModelType_SIMPLE_MAP,TransmissionModelType_AUTOMATIC_SIMPLE_CVT,2.4599999999999698,10.689139116077799,0.6326965532896925,-0.07877660813859094,8.572300190039623,0.0003634592032930445,-0.07781886845359828,8.571573418271075,6.833231780979933,-1.5724006642905783,0.00924520428611666,-0.017514169981239364,0.0,0.45,0.0,152.32521545022155,1454.5986597864426,568.59,0.0,1.0,711.8691654012354,152.25990073721468,0.0,1,0,0.0,0.0,0.0,0.0,-22.49507887225873,-16.854697313067337,-21.880107754496276,-16.59769112535731,-2.2331968760300818,-1.9239869835948795,-2.1994837041145727,-1.9098977141326925
powertrain_simple_cvt,SimpleCVT,EngineModelType_SIMPLE_MAP,TransmissionModelType_AUTOMATIC_SIMPLE_CVT,2.4649999999999697,10.732093688896338,0.6327007667086378,-0.07916367191154927,8.590914563707797,0.0008426837890692122,-0.07741275459166591,8.589973036425691,3.6799236309232772,-1.5724045773420579,0.009384727565920048,-0.01751339732089869,0.0,0.45,0.0,152.25990073721468,1453.9749502205423,568.59,0.0,1.0,713.9662335427362,152.24608029834675,0.0,1,0,0.0,0.0,0.0,0.0,-21.681570056277053,-16.996423198974302,-20.547292206655918,-18.36983349533674,-2.1860537543298166,-1.9297606904388231,-2.1240049959371183,-2.0048907863685823
powertrain_simple_cvt,SimpleCVT,EngineModelType_SIMPLE_MAP,TransmissionModelType_AUTOMATIC_SIMPLE_CVT,2.4699999999999696,10.775065453615193,0.6326970949440095,-0.07954709016282088,8.594352943770879,-0.0007343529256690808,-0.07668365025432158,8.592900246471794,0.5854420092205839,-1.5723972118842173,0.009409662673383565,-0.01752486940810632,0.0,0.45,0.0,152.24608029834675,1453.8429747508503,568.59,0.0,1.0,707.6754443902004,152.2875388781577,0.0,1,0,0.0,0.0,0.0,0.0,-20.565171614139537,-18.314098890505775,-19.15663697732294,-20.283605209635063,-2.1245998282654317,-2.0015006367823442,-2.047574562423218,-2.1092024595445538
powertrain_simple_cvt,SimpleCVT,EngineModelType_SIMPLE_MAP,TransmissionModelType_AUTOMATIC_SIMPLE_CVT,2.4749999999999694,10.818036668642529,0.6326928591462678,-0.07993013105493495,8.594243005467339,-0.0008471595483291424,-0.07660817842281228,8.592329138891268,-0.1142215161053197,-1.5723873591098583,0.009308556231129188,-0.01754692787503914,0.0,0.45,0.0,152.2875388781577,1454.2388750254793,568.59,0.0,1.0,699.5897862294356,152.3408262950547,0.0,1,0,0.0,0.0,0.0,0.0,-19.31511482353567,-20.05838812500413,-17.667051997551894,-22.219823456592874,-2.0563110780403107,-2.096959442263134,-1.9661812995586514,-2.2151646978924138
powertrain_simple_cvt,SimpleCVT,EngineModelType_SIMPLE_MAP,TransmissionModelType_AUTOMATIC_SIMPLE_CVT,2.4799999999999693,10.861071410969183,0.6326875509440214,-0.08031691492786948,8.606948465330722,-0.001061640449279996,-0.07735677458690655,8.605520832196346,2.6383386610156943,-1.5723704275804735,0.009107092545016342,-0.01755757890138634,0.0,0.45,0.0,152.3408262950547,1454.7477323737048,568.59,0.0,1.0,698.481021054279,152.34813345928978,0.0,1,0,0.0,0.0,0.0,0.0,-18.03894691118952,-21.8190430454014,-16.471953360218755,-23.05257759928292,-1.9850073364362,-2.191417524512268,-1.8994424666323544,-2.258774038797875
powertrain_simple_cvt,SimpleCVT,EngineModelType_SIMPLE_MAP,TransmissionModelType_AUTOMATIC_SIMPLE_CVT,2.4849999999999692,10.904262696852856,0.632686211129015,-0.08070627801254669,8.638257176734651,-0.00026796300127384255,-0.07787261693544233,8.638038254200328,6.503484400796605,-1.572364369932076,0.008881872691603659,-0.017539522806676366,0.0,0.45,0.0,152.34813345928978,1454.8175106521846,568.59,0.0,1.0,707.3749544245202,152.2895192159059,0.0,1,0,0.0,0.0,0.0,0.0,-17.050518294958685,-22.63809835022648,-16.364796537140073,-22.27731195563186,-1.9275298755368624,-2.231488227040297,-1.8902273486764052,-2.211861834816626
powertrain_simple_cvt,SimpleCVT,EngineModelType_SIMPLE_MAP,TransmissionModelType_AUTOMATIC_SIMPLE_CVT,2.489999999999969,10.947560198754443,0.6326906259278219,-0.08109935741048019,8.659500380317647,0.0008829597613642824,-0.07861587958669876,8.659242806881059,4.240910536146194,-1.5723647364911795,0.00872415348458218,-0.017522118843535824,0.0,0.45,0.0,152.2895192159059,1454.2577858579764,568.59,0.0,1.0,710.9561053933807,152.2659181334888,0.0,1,0,0.0,0.0,0.0,0.0,-16.863571955822877,-22.02805731472994,-18.019392090118714,-21.0106278256036,-1.915113785208127,-2.1953682744600025,-1.9778351909035556,-2.1401567360376643
powertrain_simple_cvt,SimpleCVT,EngineModelType_SIMPLE_MAP,TransmissionModelType_AUTOMATIC_SIMPLE_CVT,2.494999999999969,10.990877724406925,0.6326866912787965,-0.08149690844704556,8.66350513049626,-0.0007869298050771191,-0.07951020731307461,8.662698226128795,0.6910838495471842,-1.5723681007224188,0.008675249535327473,-0.017518640586802334,0.0,0.45,0.0,152.2659181334888,1454.0324121222363,568.59,0.0,1.0,705.1072702540457,152.30446407622279,0.0,1,0,0.0,0.0,0.0,0.0,-17.949995185889257,-20.994233997125647,-19.993325659689994,-19.66186942443786,-1.9736807767824875,-2.138812676804733,-2.0845193359213585,-2.066539801037505
powertrain_simple_cvt,SimpleCVT,EngineModelType_SIMPLE_MAP,TransmissionModelType_AUTOMATIC_SIMPLE_CVT,2.499999999999969,11.034182961120859,0.6326811709042814,-0.08189593744422637,8.661047342786798,-0.0011040749030055792,-0.07980579943616119,8.659568032200289,-0.6260387857011684,-1.5723663649306334,0.00875110301657274,-0.01753130766145445,0.0,0.45,0.0,152.30446407622279,1454.4004987615713,568.59,0.0,1.0,695.9438365092248,152.36485442472127,0.0,1,0,0.0,0.0,0.0,0.0,-19.7013690252302,-19.786466408624154,-21.952750122327142,-18.24039448786041,-2.0690687191937687,-2.073686416093675,-2.1912369351592766,-1.9897908692412896
powertrain_simple_cvt,SimpleCVT,EngineModelType_SIMPLE_MAP,TransmissionModelType_AUTOMATIC_SIMPLE_CVT,2.504999999999969,11.07750939762816,0.63267567948275,-0.08229120945134451,8.665287301460484,-0.0010982843062702944,-0.07905440142362714,8.663694899800197,0.8253735199815713,-1.5723697617057388,0.008941978300416351,-0.017546591235651096,0.0,0.45,0.0,152.36485442472127,1454.977184110286,568.59,0.0,1.0,690.5063354960515,152.40068952652817,0.0,1,0,0.0,0.0,0.0,0.0,-21.510372381814047,-18.532985327288774,-23.38178894045689,-16.90191827668233,-2.1666758928049883,-2.005188883728331,-2.2681774635639673,-1.9167233484175663
powertrain_simple_cvt,SimpleCVT,EngineModelType_SIMPLE_MAP,TransmissionModelType_AUTOMATIC_SIMPLE_CVT,2.5099999999999687,11.120970093059238,0.6326700584557117,-0.08268682368517474,8.69213908621561,-0.0011242054076810888,-0.07912284676604639,8.691678735098275,5.596767059615834,-1.572384795667101,0.0091774455734934,-0.01753531700717447,0.0,0.45,0.0,152.40068952652817,1455.319384125612,568.59,0.0,1.0,696.8907543088746,152.35861389333178,0.0,1,0,0.0,0.0,0.0,0.0,-22.868020146054135,-17.429306827256795,-22.72505192759898,-16.522825671755115,-2.2363184367639124,-1.9422841694614665,-2.228589116813234,-1.8932768938876274
powertrain_simple_cvt,SimpleCVT,EngineModelType_SIMPLE_MAP,TransmissionModelType_AUTOMATIC_SIMPLE_CVT,2.5149999999999686,11.164569327396682,0.632673617332164,-0.08308260283972828,8.719846867488972,0.0007117752904601453,-0.07915583091070642,8.719766182505122,5.617489481369495,-1.5723944735360247,0.009363760030476688,-0.017514247234543995,0.0,0.45,0.0,152.35861389333178,1454.9175914251964,568.59,0.0,1.0,703.9014444494472,152.31241090517312,0.0,1,0,0.0,0.0,0.0,0.0,-22.460980790158256,-17.040637032957957,-21.487624125426773,-17.73329885189009,-2.210401133744983,-1.9183039056543234,-2.1579478583721885,-1.9556307997365567
powertrain_simple_cvt,SimpleCVT,EngineModelType_SIMPLE_MAP,TransmissionModelType_AUTOMATIC_SIMPLE_CVT,2.5199999999999685,11.208220421311102,0.6326719255182914,-0.08347697164680609,8.73021878288393,-0.0003383627745151738,-0.07887376141556307,8.729713842786646,1.9895320563048526,-1.572396530238444,0.009450944149938491,-0.01750333362522817,0.0,0.45,0.0,152.31241090517312,1454.4763853881325,568.59,0.0,1.0,701.6181396034967,152.3274587114012,0.0,1,0,0.0,0.0,0.0,0.0,-21.47791513580065,-17.744089204378007,-20.100781638346078,-19.673416872200903,-2.1561057445946092,-1.955122661211497,-2.08197788174506,-2.058973839776656
powertrain_simple_cvt,SimpleCVT,EngineModelType_SIMPLE_MAP,TransmissionModelType_AUTOMATIC_SIMPLE_CVT,2.5249999999999684,11.251874190157231,0.632665604119508,-0.08386900851119591,8.730753769225654,-0.0012642797566947619,-0.07840737287796405,8.729525179680918,-0.03773262114563716,-1.5723887427448475,0.009416210854682706,-0.017509468838411413,0.0,0.45,0.0,152.3274587114012,1454.6200813527657,568.59,0.0,1.0,694.1134071424012,152.37691761745478,0.0,1,0,0.0,0.0,0.0,0.0,-20.282730816810876,-19.369591671249488,-18.652143174899805,-21.587254702716486,-2.0917953742780546,-2.0426421757171473,-2.0040227730010147,-2.1620163498030323
powertrain_simple_cvt,SimpleCVT,EngineModelType_SIMPLE_MAP,TransmissionModelType_AUTOMATIC_SIMPLE_CVT,2.5299999999999683,11.295543870247252,0.6326591402448811,-0.0842641756688092,8.73393601800412,-0.001292774925384738,-0.07903343152265668,8.732490409459334,0.5930459556832928,-1.5723759161358368,0.009258507521855157,-0.01752060889451118,0.0,0.45,0.0,152.37691761745478,1455.0923791154664,568.59,0.0,1.0,688.1722601298825,152.41607192887975,0.0,1,0,0.0,0.0,0.0,0.0,-19.009040569745608,-21.126860204442323,-17.15377412565819,-23.31738855751344,-2.0228866846561475,-2.1368476968853725,-1.9230538006563749,-2.2547212043092237
powertrain_simple_cvt,SimpleCVT,EngineModelType_SIMPLE_MAP,TransmissionModelType_AUTOMATIC_SIMPLE_CVT,2.534999999999968,11.339332684403063,0.6326521942438926,-0.08466300087020653,8.757762831162145,-0.0013892001976908597,-0.07976504027946704,8.757271434826352,4.956205073403658,-1.5723595708112759,0.0090346852215015,-0.017509377661939458,0.0,0.45,0.0,152.41607192887975,1455.466275247865,568.59,0.0,1.0,692.977354497166,152.38440461600453,0.0,1,0,0.0,0.0,0.0,0.0,-17.78564086677417,-22.713690579259925,-16.46051599790546,-23.05690971899896,-1.954346648439007,-2.218777250725457,-1.8832427457547625,-2.2371937946185687
powertrain_simple_cvt,SimpleCVT,EngineModelType_SIMPLE_MAP,TransmissionModelType_AUTOMATIC_SIMPLE_CVT,2.539999999999968,11.383264402929958,0.6326540131542758,-0.08506416324245947,8.786343705378973,0.0003637820766468217,-0.08023247445058594,8.786412690448806,5.828251124490915,-1.5723580110602993,0.008836747478965285,-0.01748436474364275,0.0,0.45,0.0,152.38440461600453,1455.1638746851531,568.59,0.0,1.0,700.3961973124622,152.3355117538365,0.0,1,0,0.0,0.0,0.0,0.0,-17.115025195944995,-22.714982121566923,-17.358211619332156,-21.938544915704483,-1.9153167080709652,-2.2148040929749553,-1.9283223913202672,-2.1732799970909356
powertrain_simple_cvt,SimpleCVT,EngineModelType_SIMPLE_MAP,TransmissionModelType_AUTOMATIC_SIMPLE_CVT,2.544999999999968,11.427253308330588,0.6326540215656236,-0.08546851584335757,8.797781080125807,1.6822695443120296e-06,-0.08087052017962021,8.797330018132127,2.183465536664333,-1.5723584781813742,0.008731156296427192,-0.01747196963415935,0.0,0.45,0.0,152.3355117538365,1454.696982243396,568.59,0.0,1.0,698.7737621246232,152.3462041895695,0.0,1,0,0.0,0.0,0.0,0.0,-17.548100953938565,-21.8416839337851,-19.354938736161163,-20.582171270145167,-1.9373130962758305,-2.1666502517618147,-2.0338234093044947,-2.0993747261847866
powertrain_simple_cvt,SimpleCVT,EngineModelType_SIMPLE_MAP,TransmissionModelType_AUTOMATIC_SIMPLE_CVT,2.549999999999968,11.471239862971835,0.6326476225918216,-0.08587630646883877,8.797310928249228,-0.0012797947603944517,-0.08155812509624025,8.796086526008636,-0.24869842469819578,-1.5723607862285247,0.008744678211703735,-0.01747856134199868,0.0,0.45,0.0,152.3462041895695,1454.799087483432,568.59,0.0,1.0,690.9036968612218,152.39807077115864,0.0,1,0,0.0,0.0,0.0,0.0,-19.084686800065764,-20.700145074270356,-21.295713812753167,-19.192688341793648,-2.019532300055742,-2.1058324792097536,-2.1376486453406325,-2.0253019027430135
powertrain_simple_cvt,SimpleCVT,EngineModelType_SIMPLE_MAP,TransmissionModelType_AUTOMATIC_SIMPLE_CVT,2.5549999999999677,11.515217298546684,0.6326421027489616,-0.08628231051984518,8.795487114969635,-0.0011039685719931762,-0.08120081020128202,8.79362362561954,-0.49258007781923735,-1.572357665068792,0.00888517359297427,-0.01750015157395928,0.0,0.45,0.0,152.39807077115864,1455.2943768539037,568.59,0.0,1.0,682.5548602575985,152.45309262934958,0.0,1,0,0.0,0.0,0.0,0.0,-20.866606693694827,-19.461486325186634,-23.273983316990055,-17.694364717512535,-2.1150373159934266,-2.039952676341763,-2.243678968564352,-1.9455239767750865
powertrain_simple_cvt,SimpleCVT,EngineModelType_SIMPLE_MAP,TransmissionModelType_AUTOMATIC_SIMPLE_CVT,2.5599999999999676,11.559280334612632,0.6326353080770288,-0.08668585884356345,8.8126072131897,-0.0013589343865632957,-0.08070966474365227,8.811365237519889,3.5483223800697106,-1.5723697361189504,0.009107178698644913,-0.017507187243889718,0.0,0.45,0.0,152.45309262934958,1455.8197968964548,568.59,0.0,1.0,683.9119583578808,152.4441488611613,0.0,1,0,0.0,0.0,0.0,0.0,-22.618654940474457,-18.23571703620575,-23.45339622130102,-16.808578990970478,-2.2062269205765577,-1.9724898701083653,-2.2507427154944866,-1.8963822353231787
powertrain_simple_cvt,SimpleCVT,EngineModelType_SIMPLE_MAP,TransmissionModelType_AUTOMATIC_SIMPLE_CVT,2.5649999999999675,11.603496730813562,0.6326355209227839,-0.08709053120007483,8.843279240185902,4.2569150994197565e-05,-0.08093447130227666,8.84287363525805,6.301679547632367,-1.5723811681151794,0.00932569078942817,-0.01749396315307079,0.0,0.45,0.0,152.4441488611613,1455.7343902014327,568.59,0.0,1.0,692.2927201064678,152.3889166046978,0.0,1,0,0.0,0.0,0.0,0.0,-23.044414800158528,-17.444164414292505,-22.396848145817273,-17.20347177815783,-2.22455334784149,-1.926962568547079,-2.1901424104668235,-1.914172442352272
powertrain_simple_cvt,SimpleCVT,EngineModelType_SIMPLE_MAP,TransmissionModelType_AUTOMATIC_SIMPLE_CVT,2.5699999999999674,11.647802430453199,0.6326381548378915,-0.08749315717762501,8.861139927927281,0.0005267830215407452,-0.08052519551003788,8.860440854419785,3.5134438323471824,-1.5723880999377386,0.009460717179870941,-0.017487143206293094,0.0,0.45,0.0,152.3889166046978,1455.206961003376,568.59,0.0,1.0,694.1098878632612,152.37694081077942,0.0,1,0,0.0,0.0,0.0,0.0,-22.242214518978837,-17.574043270828707,-21.015567715287403,-19.04729392128833,-2.179582006605761,-1.9320126468473762,-2.1145286596532693,-2.010144253617896
powertrain_simple_cvt,SimpleCVT,EngineModelType_SIMPLE_MAP,TransmissionModelType_AUTOMATIC_SIMPLE_CVT,2.5749999999999673,11.692128568623499,0.6326338267860587,-0.08789219097842206,8.865227634060084,-0.0008656103665637522,-0.07980676015940864,8.863910550035804,0.6939391232038054,-1.5723841860021766,0.009481808321894524,-0.017495012756208725,0.0,0.45,0.0,152.37694081077942,1455.092600595402,568.59,0.0,1.0,688.7057557964712,152.41255599913933,0.0,1,0,0.0,0.0,0.0,0.0,-21.12579949173945,-18.84717701083528,-19.593132054764887,-20.972133153954445,-2.1199360739406683,-1.9991401004555178,-2.0386852056507756,-2.1117898035425666
powertrain_simple_cvt,SimpleCVT,EngineModelType_SIMPLE_MAP,TransmissionModelType_AUTOMATIC_SIMPLE_CVT,2.579999999999967,11.736456442637971,0.6326290944549159,-0.08829114661140126,8.865574802894471,-0.0009464662285578256,-0.07979112659584181,8.863679841159005,-0.046141775359843526,-1.5723766691049985,0.009376675037558931,-0.017516208775693445,0.0,0.45,0.0,152.41255599913933,1455.432700592,568.59,0.0,1.0,681.4992604843496,152.46004941432307,0.0,1,0,0.0,0.0,0.0,0.0,-19.875218649422578,-20.564343191233792,-18.06622945350457,-22.921291182299242,-2.0536668077738764,-2.090200124409865,-1.9577648755747186,-2.2151515983855807
powertrain_simple_cvt,SimpleCVT,EngineModelType_SIMPLE_MAP,TransmissionModelType_AUTOMATIC_SIMPLE_CVT,2.584999999999967,11.78085440394457,0.6326229328673161,-0.0886928678239715,8.879592261319674,-0.0012323175199565664,-0.08034424251404775,8.878174291939919,2.898890156182849,-1.572362280359658,0.009174818219753437,-0.017526203899969985,0.0,0.45,0.0,152.46004941432307,1455.8862292994481,568.59,0.0,1.0,681.3093824080934,152.46130077964276,0.0,1,0,0.0,0.0,0.0,0.0,-18.599435800753163,-22.303929236659904,-16.90998942839451,-23.62909893269201,-1.9844225395201396,-2.1804922953383956,-1.8950042847904423,-2.2506302786319656
powertrain_simple_cvt,SimpleCVT,EngineModelType_SIMPLE_MAP,TransmissionModelType_AUTOMATIC_SIMPLE_CVT,2.589999999999967,11.825399273144251,0.6326224522329956,-0.08909696578418073,8.908973839936245,-9.612686409185469e-05,-0.08081959204184813,8.908412952378335,6.047732087683273,-1.5723587274283974,0.008953705247724483,-0.017515589027461156,0.0,0.45,0.0,152.46130077964276,1455.8981789580228,568.59,0.0,1.0,688.9740193045956,152.41078804542283,0.0,1,0,0.0,0.0,0.0,0.0,-17.59941777246893,-23.153262953006305,-16.959851837924525,-22.77977891548259,-1.9283321794231896,-2.221285802507958,-1.894596424889922,-2.201585307013355
powertrain_simple_cvt,SimpleCVT,EngineModelType_SIMPLE_MAP,TransmissionModelType_AUTOMATIC_SIMPLE_CVT,2.594999999999967,11.87004077349364,0.632626840256174,-0.08950482603128962,8.928300069877725,0.000877604635682512,-0.08157204942177565,8.927624704262724,3.842350376878027,-1.5723599853977641,0.008803159668061203,-0.017507463967299304,0.0,0.45,0.0,152.41078804542283,1455.4158178776115,568.59,0.0,1.0,691.5919692864642,152.3935348064996,0.0,1,0,0.0,0.0,0.0,0.0,-17.434389183496965,-22.55244192338637,-18.73366567223136,-21.458047842338576,-1.917648282573252,-2.1870338204000954,-1.986034896289751,-2.1294310653874646
powertrain_simple_cvt,SimpleCVT,EngineModelType_SIMPLE_MAP,TransmissionModelType_AUTOMATIC_SIMPLE_CVT,2.599999999999967,11.9147031400957,0.6326242749989034,-0.08991725997886019,8.932473320411916,-0.0005130514541167633,-0.08248678951411424,8.931163186134143,0.7076963742836435,-1.5723645666901864,0.008762138932331454,-0.017515121057756728,0.0,0.45,0.0,152.3935348064996,1455.2510615820727,568.59,0.0,1.0,686.3464356656655,152.4281047736366,0.0,1,0,0.0,0.0,0.0,0.0,-18.52247399211803,-21.502263143326566,-20.708378493258888,-20.0890581441524,-1.9745326949583673,-2.131309913442824,-2.08954084156583,-2.0569562133399173
powertrain_simple_cvt,SimpleCVT,EngineModelType_SIMPLE_MAP,TransmissionModelType_AUTOMATIC_SIMPLE_CVT,2.6049999999999667,11.959353916166615,0.6326200304485844,-0.09033095635989481,8.930155214183028,-0.0008489100638000651,-0.08273927620692546,8.928133213150273,-0.6059945967738529,-1.5723620825018196,0.008845852816758985,-0.017539803101161235,0.0,0.45,0.0,152.4281047736366,1455.5811804512155,568.59,0.0,1.0,677.9390455643231,152.48351252059277,0.0,1,0,0.0,0.0,0.0,0.0,-20.264795908810058,-20.282346105109887,-22.68714475505166,-18.63437553652812,-2.0665642380340197,-2.0674879291399213,-2.1940558082955812,-1.9807529587167665
powertrain_simple_cvt,SimpleCVT,EngineModelType_SIMPLE_MAP,TransmissionModelType_AUTOMATIC_SIMPLE_CVT,2.6099999999999666,12.004034467511893,0.6326162719403294,-0.09074095671438696,8.936110269055574,-0.000751701650985872,-0.08200007089842956,8.934002519596286,1.1738612892024742,-1.5723665719997453,0.009041061097277562,-0.017566364803455373,0.0,0.45,0.0,152.48351252059277,1456.1102854600351,568.59,0.0,1.0,673.8039906831491,152.51076403048398,0.0,1,0,0.0,0.0,0.0,0.0,-22.071152113857202,-19.019742610844567,-23.946973736514146,-17.34478566233877,-2.160872112533293,-2.0003777179637203,-2.2595343390720792,-1.9122803317836192
powertrain_simple_cvt,SimpleCVT,EngineModelType_SIMPLE_MAP,TransmissionModelType_AUTOMATIC_SIMPLE_CVT,2.6149999999999665,12.048846050181064,0.6326128514551606,-0.09115140477903459,8.962316533834205,-0.000684097033775415,-0.08208961292952625,8.961238969465535,5.44728997385005,-1.5723798416269068,0.009276392558845149,-0.01756867045113432,0.0,0.45,0.0,152.51076403048398,1456.3705182103893,568.59,0.0,1.0,679.7876784410803,152.47132936013327,0.0,1,0,0.0,0.0,0.0,0.0,-23.409702988010956,-17.913096847521647,-23.208189552596128,-17.090116980386238,-2.22753332117896,-1.9393080842204626,-2.2169665721363243,-1.8961535337297735
powertrain_simple_cvt,SimpleCVT,EngineModelType_SIMPLE_MAP,TransmissionModelType_AUTOMATIC_SIMPLE_CVT,2.6199999999999664,12.093782938015352,0.6326186598535072,-0.09156166526234229,8.987377566857411,0.0011616796693240882,-0.08205209666153773,8.986503543599085,5.052914826710016,-1.572386540410383,0.009456431895965534,-0.01756523097749283,0.0,0.45,0.0,152.47132936013327,1455.9939448474584,568.59,0.0,1.0,685.3000908538427,152.435000565061,0.0,1,0,0.0,0.0,0.0,0.0,-22.988107208497834,-17.569516694107342,-21.911281368802968,-18.47075090340345,-2.20203720221835,-1.9187016790797988,-2.1457304907573578,-1.965826787626591
powertrain_simple_cvt,SimpleCVT,EngineModelType_SIMPLE_MAP,TransmissionModelType_AUTOMATIC_SIMPLE_CVT,2.6249999999999662,12.138768163414523,0.6326184189189279,-0.09196935936232234,8.997045079834244,-4.818691584798293e-05,-0.08153881999601,8.995797620180488,1.858815316280666,-1.5723849976926818,0.009534365656584845,-0.01757070850917671,0.0,0.45,0.0,152.435000565061,1455.647030408719,568.59,0.0,1.0,682.9423097793797,152.4505391966193,0.0,1,0,0.0,0.0,0.0,0.0,-21.957742855936214,-18.362517060777922,-20.507346490266002,-20.408292737456826,-2.1469737096861694,-1.9591752873033648,-2.0712115281649317,-2.066037405712397
powertrain_simple_cvt,SimpleCVT,EngineModelType_SIMPLE_MAP,TransmissionModelType_AUTOMATIC_SIMPLE_CVT,2.629999999999966,12.18375601744029,0.6326151771942493,-0.09237500524534116,8.99757080515324,-0.0006483449357142371,-0.08112917660376553,8.995609204851792,-0.03768306573910332,-1.5723748137555749,0.00948906326972796,-0.0175928313547041,0.0,0.45,0.0,152.4505391966193,1455.7954134100023,568.59,0.0,1.0,676.0376746302288,152.4960432439583,0.0,1,0,0.0,0.0,0.0,0.0,-20.731338501358323,-20.013920515683754,-19.039096057077497,-22.32051541867395,-2.0829345450593943,-2.045459071882252,-1.9945375608797486,-2.1659477369890583
powertrain_simple_cvt,SimpleCVT,EngineModelType_SIMPLE_MAP,TransmissionModelType_AUTOMATIC_SIMPLE_CVT,2.634999999999966,12.228767032639272,0.632611152616333,-0.09278430675793528,9.002203039796324,-0.0008049155832520172,-0.08186030251882451,9.000187573183512,0.9156736663438831,-1.5723585784976513,0.009323501731719044,-0.017616160799701956,0.0,0.45,0.0,152.4960432439583,1456.2299450538835,568.59,0.0,1.0,671.3121374180342,152.52718624635608,0.0,1,0,0.0,0.0,0.0,0.0,-19.435706994981693,-21.78012227551966,-17.578687735572544,-23.907426383951986,-2.0147387087968727,-2.1371406844631555,-1.917783690592991,-2.248207280845076
powertrain_simple_cvt,SimpleCVT,EngineModelType_SIMPLE_MAP,TransmissionModelType_AUTOMATIC_SIMPLE_CVT,2.639999999999966,12.273899177291513,0.6326074067198079,-0.09319711008467095,9.0264289304483,-0.0007491793050308875,-0.08256066534713313,9.025371802601192,5.036845883536253,-1.5723398790901302,0.009097742443609174,-0.017616919886227603,0.0,0.45,0.0,152.52718624635608,1456.5273388203434,568.59,0.0,1.0,676.2627954447546,152.4945596162242,0.0,1,0,0.0,0.0,0.0,0.0,-18.2040261200638,-23.3228896183442,-17.015776749878416,-23.518932642180502,-1.9477805525255616,-2.2142907872782964,-1.8859151367551898,-2.2244976373577723
powertrain_simple_cvt,SimpleCVT,EngineModelType_SIMPLE_MAP,TransmissionModelType_AUTOMATIC_SIMPLE_CVT,2.644999999999966,12.319162248986167,0.6326118450382846,-0.09361251931687448,9.05261433893093,0.000887663695346718,-0.0830818464407059,9.052046000322168,5.334839544195205,-1.572334805631647,0.008906424066654758,-0.01760560931981705,0.0,0.45,0.0,152.4945596162242,1456.2157774526281,568.59,0.0,1.0,682.3195946332753,152.454643115056,0.0,1,0,0.0,0.0,0.0,0.0,-17.586261887725264,-23.247726153810387,-18.127445742196517,-22.33833073207545,-1.9129189644802944,-2.2068107607149483,-1.9410123141171596,-2.1596032113213592
powertrain_simple_cvt,SimpleCVT,EngineModelType_SIMPLE_MAP,TransmissionModelType_AUTOMATIC_SIMPLE_CVT,2.6499999999999657,12.364476023410202,0.6326147205251984,-0.0940283538775188,9.06275488480684,0.0005750973827698359,-0.08316691212886423,9.061787199961532,1.9482399278729605,-1.5723339976549071,0.008808254615712233,-0.017603917596353783,0.0,0.45,0.0,152.454643115056,1455.834602944317,568.59,0.0,1.0,680.3221139864329,152.46780723625125,0.0,1,0,0.0,0.0,0.0,0.0,-18.149027158949067,-22.31505053672202,-20.112985028420418,-20.975952723866815,-1.9411198556976008,-2.157149469063916,-2.0429611131118675,-2.087710400547351
powertrain_simple_cvt,SimpleCVT,EngineModelType_SIMPLE_MAP,TransmissionModelType_AUTOMATIC_SIMPLE_CVT,2.6549999999999656,12.409785136958336,0.6326104446263912,-0.09444728685970942,9.061822709626972,-0.0008551797614446805,-0.08378659643812394,9.060088208857628,-0.33979822078081423,-1.5723354691292144,0.008831142476560609,-0.017621074715952638,0.0,0.45,0.0,152.46780723625125,1455.9603110418982,568.59,0.0,1.0,672.8021372568961,152.51736660755722,0.0,1,0,0.0,0.0,0.0,0.0,-19.7616970134415,-21.12579479933883,-22.044007105122205,-19.573298702562624,-2.0249371984632165,-2.095685908058173,-2.1433088398157008,-2.0151659507401054
powertrain_simple_cvt,SimpleCVT,EngineModelType_SIMPLE_MAP,TransmissionModelType_AUTOMATIC_SIMPLE_CVT,2.6599999999999655,12.455089872984704,0.6326070129828244,-0.0948637500594263,9.060947205273779,-0.0006863287133400935,-0.08329263994337574,9.05876739102108,-0.26416356730969986,-1.5723329446046288,0.008979678263738184,-0.017648616867452935,0.0,0.45,0.0,152.51736660755722,1456.4335681770906,568.59,0.0,1.0,665.5431199262941,152.5652061618727,0.0,1,0,0.0,0.0,0.0,0.0,-21.559336293407256,-19.85720233906116,-23.933390705534453,-18.09016368396128,-2.1183345025851428,-2.030040730306586,-2.2414824012014933,-1.938380195468872
powertrain_simple_cvt,SimpleCVT,EngineModelType_SIMPLE_MAP,TransmissionModelType_AUTOMATIC_SIMPLE_CVT,2.6649999999999654,12.500488219645831,0.6326020081604825,-0.09527834483877978,9.079669332225519,-0.0010009644683726423,-0.0829189558706972,9.078281976858147,3.902917167413461,-1.5723462688918028,0.009203657238239392,-0.01765760698487034,0.0,0.45,0.0,152.5652061618727,1456.890402269768,568.59,0.0,1.0,667.7819018644011,152.55045177773906,0.0,1,0,0.0,0.0,0.0,0.0,-23.30222982057412,-18.60787244774248,-23.892699789252173,-17.33049187675745,-2.206144270534909,-1.9631601315627234,-2.236707524572304,-1.897041769978894
powertrain_simple_cvt,SimpleCVT,EngineModelType_SIMPLE_MAP,TransmissionModelType_AUTOMATIC_SIMPLE_CVT,2.6699999999999653,12.54603203848177,0.632604809007728,-0.09569427241276673,9.108763767187641,0.0005601694490859525,-0.08318551479739118,9.108172774405169,5.978159509404562,-1.5723558797259303,0.009414645287348406,-0.01764719137229082,0.0,0.45,0.0,152.55045177773906,1456.749508279739,568.59,0.0,1.0,675.1917966244578,152.50161788649717,0.0,1,0,0.0,0.0,0.0,0.0,-23.594791454342854,-17.865735201441325,-22.773511401486637,-17.94807400708099,-2.2172795552969498,-1.9217116516221928,-2.1749088727906174,-1.9259595952798718
powertrain_simple_cvt,SimpleCVT,EngineModelType_SIMPLE_MAP,TransmissionModelType_AUTOMATIC_SIMPLE_CVT,2.674999999999965,12.591654691311104,0.6326080964097688,-0.09610809778969338,9.124530565866975,0.000657480408159535,-0.08276507538533051,9.123701366489609,3.1057184168880476,-1.5723602192543014,0.009537455586679842,-0.01764203313883521,0.0,0.45,0.0,152.50161788649717,1456.2831789688455,568.59,0.0,1.0,676.0512433627375,152.4959538210948,0.0,1,0,0.0,0.0,0.0,0.0,-22.71382676442133,-18.166532741309418,-21.381469164714233,-19.817097255368918,-2.1698352201446682,-1.935634935016044,-2.1012145133773608,-2.0206443225443613
powertrain_simple_cvt,SimpleCVT,EngineModelType_SIMPLE_MAP,TransmissionModelType_AUTOMATIC_SIMPLE_CVT,2.679999999999965,12.637291679319214,0.6326048678743,-0.09651869383962304,9.127397601621887,-0.0006457070937472826,-0.08211920998593197,9.126000946283225,0.4599159587233102,-1.5723529612151288,0.009542714637507702,-0.01765036204231717,0.0,0.45,0.0,152.4959538210948,1456.2290911284385,568.59,0.0,1.0,670.5150743347726,152.53243918086886,0.0,1,0,0.0,0.0,0.0,0.0,-21.53682487187657,-19.5816683647678,-19.94820270547588,-21.722522246266166,-2.1089363311337883,-2.0082648488385137,-2.0271377908546846,-2.118497933936515
powertrain_simple_cvt,SimpleCVT,EngineModelType_SIMPLE_MAP,TransmissionModelType_AUTOMATIC_SIMPLE_CVT,2.684999999999965,12.682932160102874,0.6326011257850652,-0.09693035804302357,9.128096156732202,-0.0007484178469704585,-0.08233284068010412,9.126287010652794,0.05721287391367136,-1.5723426604176842,0.00942222855477864,-0.01766821092633172,0.0,0.45,0.0,152.53243918086886,1456.5775006499503,568.59,0.0,1.0,664.0439050907208,152.5750865308387,0.0,1,0,0.0,0.0,0.0,0.0,-20.253132825815577,-21.32816091776803,-18.41368766251389,-23.632621510461593,-2.042806028754294,-2.0981577506340474,-1.9480955203924017,-2.2168112656114656
powertrain_simple_cvt,SimpleCVT,EngineModelType_SIMPLE_MAP,TransmissionModelType_AUTOMATIC_SIMPLE_CVT,2.689999999999965,12.72865082595856,0.632596115914623,-0.09734590871376854,9.143733171137143,-0.0010019740884655533,-0.08311013414899496,9.142541194775362,3.250836824513639,-1.572324165024218,0.009209907749723753,-0.017671633035061703,0.0,0.45,0.0,152.5750865308387,1456.9847528433984,568.59,0.0,1.0,664.8278311671153,152.56992017396107,0.0,1,0,0.0,0.0,0.0,0.0,-18.95639145223393,-23.06090200586121,-17.368517274297698,-24.13022497750701,-1.9743033313861476,-2.1852632240527123,-1.8926912215453267,-2.2402233115898085
powertrain_simple_cvt,SimpleCVT,EngineModelType_SIMPLE_MAP,TransmissionModelType_AUTOMATIC_SIMPLE_CVT,2.6949999999999648,12.774512393009244,0.6325970400292433,-0.09776523482873026,9.172313410136852,0.0001848229240850709,-0.08386522299234259,9.17202484982374,5.89673100967593,-1.5723169433384205,0.008991420619195256,-0.0176534455495244,0.0,0.45,0.0,152.56992017396107,1456.9354177693072,568.59,0.0,1.0,671.9160510297469,152.52320623684332,0.0,1,0,0.0,0.0,0.0,0.0,-18.016428586704592,-23.7131989301831,-17.66638061562883,-23.193087041419723,-1.9230153571874784,-2.2148715643206276,-1.9050817444572792,-2.188225258784876
powertrain_simple_cvt,SimpleCVT,EngineModelType_SIMPLE_MAP,TransmissionModelType_AUTOMATIC_SIMPLE_CVT,2.6999999999999647,12.820458329366573,0.6326006393617734,-0.09818873970541796,9.189187271465961,0.0007198665059974228,-0.08470097533754123,9.188674296619023,3.329889359056608,-1.572312863088347,0.008850730351831353,-0.01764056282226831,0.0,0.45,0.0,152.52320623684332,1456.489332529093,568.59,0.0,1.0,673.393301520827,152.51347062086572,0.0,1,0,0.0,0.0,0.0,0.0,-18.036112075537037,-23.007212281402943,-19.52216296092681,-21.843371801859472,-1.9223494914182881,-2.1765667932107666,-1.998344709934369,-2.117049106144777
powertrain_simple_cvt,SimpleCVT,EngineModelType_SIMPLE_MAP,TransmissionModelType_AUTOMATIC_SIMPLE_CVT,2.7049999999999645,12.866417084555499,0.632596911894364,-0.09861674044653537,9.191751037784927,-0.0007454934818876668,-0.08560014822348364,9.190656669743115,0.39647462481831885,-1.572312415218163,0.008824012680931893,-0.01764227416439845,0.0,0.45,0.0,152.51347062086572,1456.3963642446802,568.59,0.0,1.0,667.8215615027874,152.5501904063525,0.0,1,0,0.0,0.0,0.0,0.0,-19.299870659211656,-21.893363547897422,-21.47343572219338,-20.460113686036095,-1.9867640092160075,-2.119364143481224,-2.0978940687750334,-2.0460849280465054
powertrain_simple_cvt,SimpleCVT,EngineModelType_SIMPLE_MAP,TransmissionModelType_AUTOMATIC_SIMPLE_CVT,2.7099999999999644,12.912364524488813,0.6325926269501558,-0.09904502459218968,9.189487986662982,-0.0008569888416138059,-0.08565682913086159,9.187737343640224,-0.5838652205781738,-1.5723051726820148,0.008923558345336313,-0.017659595007887274,0.0,0.45,0.0,152.5501904063525,1456.7470123668497,568.59,0.0,1.0,660.0713135697863,152.60126734832178,0.0,1,0,0.0,0.0,0.0,0.0,-21.06554493684179,-20.64132978336146,-23.454118587599623,-18.982826780763254,-2.0773816442057806,-2.0556854753706553,-2.1995434688761417,-1.9708625715617698
powertrain_simple_cvt,SimpleCVT,EngineModelType_SIMPLE_MAP,TransmissionModelType_AUTOMATIC_SIMPLE_CVT,2.7149999999999643,12.95835633778975,0.6325876797667234,-0.0994699221798232,9.198362660187335,-0.0009894366864922235,-0.0849795175267049,9.19680066047965,1.8126633678850754,-1.5723082253919498,0.009126851734699279,-0.017672476759079035,0.0,0.45,0.0,152.60126734832178,1457.2347612343956,568.59,0.0,1.0,657.7164382001704,152.61678683023237,0.0,1,0,0.0,0.0,0.0,0.0,-22.866417699584602,-19.363678852996657,-24.422931543864635,-17.795567296079597,-2.16833343177783,-1.98936500082286,-2.247861724542745,-1.909244136209394
powertrain_simple_cvt,SimpleCVT,EngineModelType_SIMPLE_MAP,TransmissionModelType_AUTOMATIC_SIMPLE_CVT,2.7199999999999642,13.004484371703471,0.632584924188852,-0.09989558384764649,9.22560678274424,-0.0005511155742633801,-0.08513233356465802,9.225019591638828,5.64378623183591,-1.5723180882534276,0.009359041461716693,-0.01766228242695681,0.0,0.45,0.0,152.61678683023237,1457.3829613700134,568.59,0.0,1.0,664.0683527972221,152.5749254115949,0.0,1,0,0.0,0.0,0.0,0.0,-23.969563552327223,-18.32222222252836,-23.585774588120227,-17.7202083221977,-2.2209511103312067,-1.933289315739716,-2.2014018364798726,-1.902624195849697
powertrain_simple_cvt,SimpleCVT,EngineModelType_SIMPLE_MAP,TransmissionModelType_AUTOMATIC_SIMPLE_CVT,2.724999999999964,13.050725758111739,0.6325890803294636,-0.1003203279234902,9.248277281653627,0.0008312281223054174,-0.08494881516874092,9.24779533133789,4.55514793981254,-1.5723224271783627,0.00952594766497281,-0.017648842445621295,0.0,0.45,0.0,152.5749254115949,1456.9832142679538,568.59,0.0,1.0,668.3375934611598,152.54678956877675,0.0,1,0,0.0,0.0,0.0,0.0,-23.40386552569133,-18.138068485250773,-22.243022805552094,-19.26256331505184,-2.189199805628845,-1.9216335435471077,-2.1302149368412575,-1.97877149930754
powertrain_simple_cvt,SimpleCVT,EngineModelType_SIMPLE_MAP,TransmissionModelType_AUTOMATIC_SIMPLE_CVT,2.729999999999964,13.09700431909699,0.6325866507098287,-0.10074171945570225,9.255712197050471,-0.0004859239269805835,-0.0842783064424088,9.2547452449792,1.3899827282618145,-1.5723183252460369,0.009584833865913816,-0.01764698536269647,0.0,0.45,0.0,152.54678956877675,1456.7145367602,568.59,0.0,1.0,665.216629504874,152.56735785204478,0.0,1,0,0.0,0.0,0.0,0.0,-22.31354529586502,-19.133851193767157,-20.820127110885757,-21.191510921945188,-2.1329468998852534,-1.9715012610237868,-2.0571201551671887,-2.0759767793310475
powertrain_simple_cvt,SimpleCVT,EngineModelType_SIMPLE_MAP,TransmissionModelType_AUTOMATIC_SIMPLE_CVT,2.734999999999964,13.143284321460236,0.6325820184073113,-0.10116188396594111,9.256000472648905,-0.0009264605034781787,-0.08403290204777199,9.254418470007646,-0.06535499431059716,-1.5723085240263244,0.009519289687478644,-0.01765946261105725,0.0,0.45,0.0,152.56735785204478,1456.9109493973813,568.59,0.0,1.0,658.7232528027888,152.61015155720932,0.0,1,0,0.0,0.0,0.0,0.0,-21.060709537362065,-20.822084207000692,-19.319672055434253,-23.115264514843965,-2.0693732343830633,-2.057256855261003,-1.9809707577272606,-2.1736947957051056
powertrain_simple_cvt,SimpleCVT,EngineModelType_SIMPLE_MAP,TransmissionModelType_AUTOMATIC_SIMPLE_CVT,2.739999999999964,13.189598789182938,0.6325768613087392,-0.10158613455889436,9.26289354454054,-0.0010314197144127748,-0.08485011859064734,9.26133749209658,1.3838044177866788,-1.5722920931253177,0.009338441133336605,-0.01767131693149269,0.0,0.45,0.0,152.61015155720932,1457.3195991799903,568.59,0.0,1.0,655.4752922712096,152.63155679392227,0.0,1,0,0.0,0.0,0.0,0.0,-19.753605673024456,-22.58443649906244,-17.92965576476209,-24.48291479534206,-2.0022547298028424,-2.1458848918923263,-1.90971150236686,-2.242209526663826
powertrain_simple_cvt,SimpleCVT,EngineModelType_SIMPLE_MAP,TransmissionModelType_AUTOMATIC_SIMPLE_CVT,2.7449999999999637,13.236039819593342,0.6325723834540649,-0.10201344906558739,9.28820608208108,-0.0008955709348869743,-0.0854629013386058,9.2876129896322,5.2550995071240845,-1.5722772657301063,0.009110057575937771,-0.017660499448313743,0.0,0.45,0.0,152.63155679392227,1457.5240041338454,568.59,0.0,1.0,660.8690519435761,152.59600996339978,0.0,1,0,0.0,0.0,0.0,0.0,-18.5723664136889,-23.94628036229212,-17.575187134879904,-23.923223055557884,-1.9396553223669606,-2.211544576071604,-1.8892037646162854,-2.2103780084673645
powertrain_simple_cvt,SimpleCVT,EngineModelType_SIMPLE_MAP,TransmissionModelType_AUTOMATIC_SIMPLE_CVT,2.7499999999999636,13.282598133349804,0.6325760547674224,-0.10244368581949978,9.311662751292415,0.0007342626715014806,-0.0860473507824788,9.311271102719324,4.731622617425048,-1.5722747069190777,0.008930615645534731,-0.01764442171486649,0.0,0.45,0.0,152.59600996339978,1457.184556906511,568.59,0.0,1.0,665.5190681959064,152.56536467149044,0.0,1,0,0.0,0.0,0.0,0.0,-18.116778254012182,-23.664602720125423,-18.973508261587693,-22.65360648644647,-1.91427625805827,-2.194251213987248,-1.9575117547072896,-2.143230561171437
powertrain_simple_cvt,SimpleCVT,EngineModelType_SIMPLE_MAP,TransmissionModelType_AUTOMATIC_SIMPLE_CVT,2.7549999999999635,13.32919750002971,0.632574855327593,-0.10287751269736783,9.319873335981377,-0.0002398879658586663,-0.08676537557361212,9.319029067472238,1.5515929505827917,-1.572275670216443,0.008852189565449834,-0.017639646360603136,0.0,0.45,0.0,152.56536467149044,1456.8919159251193,568.59,0.0,1.0,662.8645278980517,152.58285905385353,0.0,1,0,0.0,0.0,0.0,0.0,-18.863257520871638,-22.670435655364752,-20.9611424223311,-21.266017510645536,-1.9511553880646793,-2.1431274264010263,-2.056938523631526,-2.0723114560434444
powertrain_simple_cvt,SimpleCVT,EngineModelType_SIMPLE_MAP,TransmissionModelType_AUTOMATIC_SIMPLE_CVT,2.7599999999999634,13.375789658228543,0.6325699695115569,-0.1033135890139664,9.31843163976644,-0.0009771632072330116,-0.08721526331971091,9.316793805766675,-0.4470523411125622,-1.5722759651182874,0.008896741971217582,-0.017654036835771637,0.0,0.45,0.0,152.58285905385353,1457.0589749708847,568.59,0.0,1.0,655.6744986623755,152.63024395162748,0.0,1,0,0.0,0.0,0.0,0.0,-20.537043905680193,-21.450959231863386,-22.90444005462171,-19.828263607266972,-2.035802351373923,-2.0818964069821595,-2.1552038830144613,-2.0000544461215575
powertrain_simple_cvt,SimpleCVT,EngineModelType_SIMPLE_MAP,TransmissionModelType_AUTOMATIC_SIMPLE_CVT,2.7649999999999633,13.422387339586182,0.6325651832204743,-0.10374643256735933,9.319536271527728,-0.0009572582165068063,-0.08656871067858629,9.317560351612594,0.15330916918366072,-1.5722764711370354,0.009063865247515325,-0.017676322717264537,0.0,0.45,0.0,152.63024395162748,1457.5114674134024,568.59,0.0,1.0,649.8428855840417,152.66867639473955,0.0,1,0,0.0,0.0,0.0,0.0,-22.33056594160932,-20.168755529137,-24.635257475161826,-18.374411580274206,-2.126167423658938,-2.0171437442314217,-2.2423968346580185,-1.926652007150835
powertrain_simple_cvt,SimpleCVT,EngineModelType_SIMPLE_MAP,TransmissionModelType_AUTOMATIC_SIMPLE_CVT,2.769999999999963,13.469090761039133,0.632559708523298,-0.10417801836888461,9.340684290590222,-0.0010949394352567927,-0.08631716030505762,9.339523004069278,4.392530491336992,-1.5722925609428609,0.009294945202256755,-0.017679478219454973,0.0,0.45,0.0,152.66867639473955,1457.8784702111855,568.59,0.0,1.0,653.2715509337213,152.64608024780185,0.0,1,0,0.0,0.0,0.0,0.0,-23.976830809715256,-18.94151928158118,-24.302225819886733,-17.808934059957416,-2.206347775210386,-1.9530058340813499,-2.2227193945332315,-1.896022003599951
powertrain_simple_cvt,SimpleCVT,EngineModelType_SIMPLE_MAP,TransmissionModelType_AUTOMATIC_SIMPLE_CVT,2.774999999999963,13.515928559992552,0.6325622746071174,-0.10461037785413427,9.367559790683842,0.0005132167638817697,-0.0864718970499316,9.3669310815509,5.481615496324583,-1.5723030142704408,0.00949574161901745,-0.01766936172220095,0.0,0.45,0.0,152.64608024780185,1457.6626929023876,568.59,0.0,1.0,659.4681718166476,152.60524227100692,0.0,1,0,0.0,0.0,0.0,0.0,-24.018354861914222,-18.332136708727138,-23.070717228532416,-18.777527259449673,-2.204901034431953,-1.919647103670651,-2.157361993090743,-1.9419904963958021
powertrain_simple_cvt,SimpleCVT,EngineModelType_SIMPLE_MAP,TransmissionModelType_AUTOMATIC_SIMPLE_CVT,2.779999999999963,13.562829904716695,0.6325642360563254,-0.10504270949719582,9.380268944828604,0.00039228984158746734,-0.0864663286123125,9.379307332544213,2.475250198662646,-1.57230585826205,0.009602488676310238,-0.017666910389225188,0.0,0.45,0.0,152.60524227100692,1457.2727189500206,568.59,0.0,1.0,659.0091058734453,152.60826768190265,0.0,1,0,0.0,0.0,0.0,0.0,-23.04953511830491,-18.872403706123386,-21.64963554338029,-20.694521691660324,-2.1547736062033365,-1.945500790952526,-2.0846391296440054,-2.036788261449727
powertrain_simple_cvt,SimpleCVT,EngineModelType_SIMPLE_MAP,TransmissionModelType_AUTOMATIC_SIMPLE_CVT,2.784999999999963,13.609740337800208,0.6325598595605733,-0.10547226311208306,9.382086616702393,-0.0008752991504177303,-0.08591072297744697,9.380441108415804,0.22675517431807662,-1.5722974922748865,0.00958872708580081,-0.017680671838350374,0.0,0.45,0.0,152.60826768190265,1457.3016094959567,568.59,0.0,1.0,653.4178280555545,152.64511622856944,0.0,1,0,0.0,0.0,0.0,0.0,-21.830960586797797,-20.403506947566807,-20.185676658274904,-22.602086941530366,-2.0935912566555994,-2.022084974880337,-2.011173073003309,-2.132219746499616
powertrain_simple_cvt,SimpleCVT,EngineModelType_SIMPLE_MAP,TransmissionModelType_AUTOMATIC_SIMPLE_CVT,2.7899999999999627,13.656659976575801,0.6325555692102828,-0.1059039923708013,9.38392775511866,-0.0008580700581072684,-0.08634585174364649,9.381953354925004,0.30244930184011953,-1.5722858341473278,0.009449522489387551,-0.017701975820379287,0.0,0.45,0.0,152.64511622856944,1457.653487196823,568.59,0.0,1.0,647.9704512863808,152.6810164151866,0.0,1,0,0.0,0.0,0.0,0.0,-20.52729521349699,-22.155438301723663,-18.64664032325865,-24.43539292936374,-2.028120227837068,-2.109666618893904,-1.9339266522040048,-2.223859328982968
powertrain_simple_cvt,SimpleCVT,EngineModelType_SIMPLE_MAP,TransmissionModelType_AUTOMATIC_SIMPLE_CVT,2.7949999999999626,13.70367514402913,0.6325503903749412,-0.10633980143139295,9.403033490665731,-0.0010357670683191938,-0.08716181211832963,9.401808157864098,3.9709605878187797,-1.5722677521790207,0.00923117846116492,-0.01770573344956603,0.0,0.45,0.0,152.6810164151866,1457.9963087263059,568.59,0.0,1.0,650.4613312181606,152.66460061393383,0.0,1,0,0.0,0.0,0.0,0.0,-19.23667371517234,-23.827586211221885,-17.804247527871684,-24.544743502013958,-1.9614440995797804,-2.1908967480141395,-1.8898518000868825,-2.226740088495547
powertrain_simple_cvt,SimpleCVT,EngineModelType_SIMPLE_MAP,TransmissionModelType_AUTOMATIC_SIMPLE_CVT,2.7999999999999625,13.750825412469284,0.6325523249233187,-0.10677783894757018,9.43005368803065,0.00038690967549524563,-0.08760750323544597,9.429495871943042,5.537542815788872,-1.572263186823321,0.009023776577276559,-0.01769325986410641,0.0,0.45,0.0,152.66460061393383,1457.839549371454,568.59,0.0,1.0,656.6942309791369,152.62352354618784,0.0,1,0,0.0,0.0,0.0,0.0,-18.425389597268442,-24.181678726416784,-18.491120456094002,-23.466697592619276,-1.918192307344672,-2.2050454221368456,-1.9214678727600016,-2.169415772436154
powertrain_simple_cvt,SimpleCVT,EngineModelType_SIMPLE_MAP,TransmissionModelType_AUTOMATIC_SIMPLE_CVT,2.8049999999999624,13.798042646238,0.6325549735005064,-0.1072197520392831,9.44344675374324,0.0005297154375383281,-0.08838261834258487,9.442552717846343,2.6113691806604167,-1.5722627715944466,0.008904364381204132,-0.01768885837966179,0.0,0.45,0.0,152.62352354618784,1457.4472922686846,568.59,0.0,1.0,656.6142704236249,152.62405051522023,0.0,1,0,0.0,0.0,0.0,0.0,-18.721949724297346,-23.345321209637255,-20.431943716084568,-22.08208201433373,-1.9316807052419445,-2.161758558750263,-2.016776992310817,-2.0988946155338026
powertrain_simple_cvt,SimpleCVT,EngineModelType_SIMPLE_MAP,TransmissionModelType_AUTOMATIC_SIMPLE_CVT,2.8099999999999623,13.845263924341854,0.6325513937759418,-0.1076653923731451,9.44425562077079,-0.0007159449129193651,-0.08912806677239804,9.442708077524438,0.03107193561895438,-1.572265005409048,0.008902770538391544,-0.017700594154767973,0.0,0.45,0.0,152.62405051522023,1457.4523244522663,568.59,0.0,1.0,650.6695310214899,152.66322850179435,0.0,1,0,0.0,0.0,0.0,0.0,-20.17950546026576,-22.167263655606593,-22.36888497644357,-20.672878725454538,-2.0041981111699085,-2.1031154522888067,-2.1131487878407973,-2.0287499765255714
powertrain_simple_cvt,SimpleCVT,EngineModelType_SIMPLE_MAP,TransmissionModelType_AUTOMATIC_SIMPLE_CVT,2.814999999999962,13.892476244651577,0.6325479719107893,-0.10810997045541641,9.442464061944856,-0.000684373030506411,-0.0889156164542628,9.44034089403424,-0.4734366980397299,-1.572262543365636,0.009029085847125456,-0.017725894979411207,0.0,0.45,0.0,152.66322850179435,1457.8264466656856,568.59,0.0,1.0,643.6935641624806,152.70920265094642,0.0,1,0,0.0,0.0,0.0,0.0,-21.960300683319204,-20.889392564417133,-24.336276848287596,-19.16539802964921,-2.0930903244831773,-2.0397850751579023,-2.2113563079313163,-1.9539719630064774
powertrain_simple_cvt,SimpleCVT,EngineModelType_SIMPLE_MAP,TransmissionModelType_AUTOMATIC_SIMPLE_CVT,2.819999999999962,13.939752637505293,0.6325427017420707,-0.10855325260550633,9.455278570743301,-0.0010540337436992587,-0.08865643001798212,9.45363146472332,2.6581141378163267,-1.572271575722619,0.00924571702875874,-0.01774014860855122,0.0,0.45,0.0,152.70920265094642,1458.2654674512055,568.59,0.0,1.0,643.37219908605,152.71132056323796,0.0,1,0,0.0,0.0,0.0,0.0,-23.736975618329957,-19.60175237016055,-24.891822308589703,-18.15404931706211,-2.179864572114425,-1.9743201301118225,-2.23726711226823,-1.9023609399117984
powertrain_simple_cvt,SimpleCVT,EngineModelType_SIMPLE_MAP,TransmissionModelType_AUTOMATIC_SIMPLE_CVT,2.824999999999962,13.987168520299424,0.6325434658797836,-0.10899731541763656,9.483176558826049,0.00015282754257010995,-0.08881256242604757,9.482348801092426,5.7434672738211905,-1.5722819166265614,0.009470137020790734,-0.017734604137533354,0.0,0.45,0.0,152.71132056323796,1458.2856920238194,568.59,0.0,1.0,649.908388924112,152.66824470399516,0.0,1,0,0.0,0.0,0.0,0.0,-24.452684714306663,-18.69618356113211,-23.896149700705177,-18.430666395620808,-2.211758477596705,-1.9264937242515119,-2.1841792555730213,-1.913335959367416
powertrain_simple_cvt,SimpleCVT,EngineModelType_SIMPLE_MAP,TransmissionModelType_AUTOMATIC_SIMPLE_CVT,2.829999999999962,14.034677571372917,0.6325474059867546,-0.10943949509458976,9.501810214698857,0.000788021394200057,-0.0884359353906394,9.500928281848559,3.7158961512265956,-1.572287540589391,0.009615530865186659,-0.017729790573672934,0.0,0.45,0.0,152.66824470399516,1457.874347868234,568.59,0.0,1.0,652.2767253197896,152.65263650904558,0.0,1,0,0.0,0.0,0.0,0.0,-23.701138546455432,-18.779757266797755,-22.49833494583138,-20.17896492858865,-2.1722186161805754,-1.9288153407628181,-2.112729964633437,-1.9980178082239888
powertrain_simple_cvt,SimpleCVT,EngineModelType_SIMPLE_MAP,TransmissionModelType_AUTOMATIC_SIMPLE_CVT,2.8349999999999618,14.082210495749905,0.632545160632081,-0.10987798073593179,9.506584875397655,-0.00044907093472133525,-0.08769712826840427,9.505157698336888,0.8458832976657684,-1.5722830444000693,0.009646903763673234,-0.017737897520054294,0.0,0.45,0.0,152.65263650904558,1457.725300585496,568.59,0.0,1.0,648.2362134354613,152.6792649463325,0.0,1,0,0.0,0.0,0.0,0.0,-22.53182608992089,-20.03268507126081,-21.063023200445844,-22.08856676064021,-2.1138905229848373,-1.9903421924953972,-2.04127831604743,-2.091977413761469
powertrain_simple_cvt,SimpleCVT,EngineModelType_SIMPLE_MAP,TransmissionModelType_AUTOMATIC_SIMPLE_CVT,2.8399999999999617,14.129745256616541,0.6325413435571171,-0.1103160875932234,9.506952173327294,-0.000763414992783053,-0.08762137145832043,9.505068946534067,-0.017750360564150847,-1.572275259979757,0.009551738014948586,-0.017756568984133973,0.0,0.45,0.0,152.6792649463325,1457.9795834307577,568.59,0.0,1.0,642.2696878905274,152.7185865114813,0.0,1,0,0.0,0.0,0.0,0.0,-21.239531104880292,-21.75998094822348,-19.534283369879823,-24.010044027971432,-2.050014021184194,-2.0757433854594676,-1.9657120644930852,-2.1869792583522254
powertrain_simple_cvt,SimpleCVT,EngineModelType_SIMPLE_MAP,TransmissionModelType_AUTOMATIC_SIMPLE_CVT,2.8449999999999616,14.177335066410926,0.6325371969232071,-0.11075814859702553,9.51796195887708,-0.0008293267820025523,-0.08841220076042705,9.516371335051554,2.2604777034974917,-1.5722602568803465,0.009352661607359373,-0.017768332689561447,0.0,0.45,0.0,152.7185865114813,1458.3550767185702,568.59,0.0,1.0,641.1571417482864,152.72591859365937,0.0,1,0,0.0,0.0,0.0,0.0,-19.912155229223934,-23.513616703140244,-18.302792900269907,-24.96509873343944,-1.9832236902892606,-2.1610568881553363,-1.903756492998414,-2.232728261835911
powertrain_simple_cvt,SimpleCVT,EngineModelType_SIMPLE_MAP,TransmissionModelType_AUTOMATIC_SIMPLE_CVT,2.8499999999999615,14.225059949645704,0.6325352525268132,-0.11120262365104625,9.544976646955744,-0.0003888792787753834,-0.08889501080414375,9.544393333133595,5.604399616408293,-1.572252312549114,0.009125439404774466,-0.01775624935476523,0.0,0.45,0.0,152.72591859365937,1458.4250929458779,568.59,0.0,1.0,647.2679885894942,152.68564589887725,0.0,1,0,0.0,0.0,0.0,0.0,-18.842840422130664,-24.527507334430798,-18.25591194911099,-24.20613372293467,-1.9276913058079292,-2.207565037836199,-1.8987950019942015,-2.1917428210885106
powertrain_simple_cvt,SimpleCVT,EngineModelType_SIMPLE_MAP,TransmissionModelType_AUTOMATIC_SIMPLE_CVT,2.8549999999999613,14.272883706855815,0.6325397748422148,-0.11165057031021226,9.564751442022253,0.000904463080319118,-0.08958933183320435,9.5641280211238,3.9469375980410732,-1.5722533019644955,0.008964914478085595,-0.017744757092558586,0.0,0.45,0.0,152.68564589887725,1458.0405170391055,568.59,0.0,1.0,650.1728005856711,152.6665021353431,0.0,1,0,0.0,0.0,0.0,0.0,-18.68339873539323,-23.97918786175789,-19.898349611674412,-22.87647710265459,-1.9179434911756539,-2.178133579073113,-1.9776358557596074,-2.1239557403241753
powertrain_simple_cvt,SimpleCVT,EngineModelType_SIMPLE_MAP,TransmissionModelType_AUTOMATIC_SIMPLE_CVT,2.8599999999999612,14.320729714258169,0.6325371224661611,-0.11210283552519339,9.569201480470955,-0.0005304752107292894,-0.09045304299622503,9.568083332485314,0.791062272302784,-1.5722573229450398,0.008915367338684461,-0.017745789140353897,0.0,0.45,0.0,152.6665021353431,1457.857707563355,568.59,0.0,1.0,646.0746083883552,152.69351070679153,0.0,1,0,0.0,0.0,0.0,0.0,-19.79980305281876,-22.867580356105265,-21.862120409486554,-21.47420324612745,-1.972391975614497,-2.1230541829470795,-2.0736748441079174,-2.0546237689104885
powertrain_simple_cvt,SimpleCVT,EngineModelType_SIMPLE_MAP,TransmissionModelType_AUTOMATIC_SIMPLE_CVT,2.864999999999961,14.368565587658917,0.6325334057613806,-0.11255598342433797,9.567174680149815,-0.0007433409560967125,-0.09062957982891681,9.565366943316674,-0.5432778337279958,-1.572257431683308,0.008991336780960384,-0.017763267177501752,0.0,0.45,0.0,152.69351070679153,1458.115620422467,568.59,0.0,1.0,639.1462809062378,152.73917089518903,0.0,1,0,0.0,0.0,0.0,0.0,-21.54827346638379,-21.604336014344454,-23.81791638575799,-20.005093495222585,-2.0585619727770568,-2.061316053351574,-2.1700585012567197,-1.9827530390742776
powertrain_simple_cvt,SimpleCVT,EngineModelType_SIMPLE_MAP,TransmissionModelType_AUTOMATIC_SIMPLE_CVT,2.869999999999961,14.416423543602082,0.6325289705599784,-0.11300542902441736,9.571591188633143,-0.0008870402804492315,-0.08988912001587986,9.56972277772525,0.871166881715287,-1.57226274421957,0.009182479986442595,-0.01778215952608822,0.0,0.45,0.0,152.73917089518903,1458.5516431036253,568.59,0.0,1.0,635.2039958323523,152.76515198220534,0.0,1,0,0.0,0.0,0.0,0.0,-23.348922442998685,-20.29840170728917,-25.219196026885843,-18.66445224274058,-2.1464970209485084,-1.996707969896119,-2.238332654799281,-1.9164765074781565
powertrain_simple_cvt,SimpleCVT,EngineModelType_SIMPLE_MAP,TransmissionModelType_AUTOMATIC_SIMPLE_CVT,2.874999999999961,14.464401542904604,0.6325252032913382,-0.11345461668247482,9.595599860504144,-0.0007534537280345004,-0.08983753161149281,9.594651957120913,4.985835879132701,-1.5722791411277195,0.009418073307494378,-0.017779345257664423,0.0,0.45,0.0,152.76515198220534,1458.799744209158,568.59,0.0,1.0,639.8908809592314,152.7342637110543,0.0,1,0,0.0,0.0,0.0,0.0,-24.709507397947398,-19.155550386750136,-24.60211457011251,-18.383578939591313,-2.210153070500706,-1.9381469142352188,-2.204893485262477,-1.9003394580980837
powertrain_simple_cvt,SimpleCVT,EngineModelType_SIMPLE_MAP,TransmissionModelType_AUTOMATIC_SIMPLE_CVT,2.879999999999961,14.512501297022116,0.6325287979148791,-0.11390341219705628,9.619950823502512,0.0007189247081930872,-0.08975910291629202,9.619336284202756,4.936865416368724,-1.5722888895868827,0.009600428282978772,-0.017767920274386326,0.0,0.45,0.0,152.7342637110543,1458.5047829469231,568.59,0.0,1.0,644.8466453660715,152.70160342802723,0.0,1,0,0.0,0.0,0.0,0.0,-24.34215969287114,-18.83119291765402,-23.275089915937855,-19.71384242476059,-2.189102917471,-1.9198948129651552,-2.136977066646511,-1.9630118213673362
powertrain_simple_cvt,SimpleCVT,EngineModelType_SIMPLE_MAP,TransmissionModelType_AUTOMATIC_SIMPLE_CVT,2.8849999999999607,14.560647847161576,0.632528054758744,-0.11434919796958423,9.62931002789191,-0.000148631227032665,-0.08915715450559011,9.62826557425092,1.7858580096327283,-1.5722911988698878,0.009678356369951483,-0.017766612680683906,0.0,0.45,0.0,152.70160342802723,1458.1929002177305,568.59,0.0,1.0,643.0323625368121,152.71356020922795,0.0,1,0,0.0,0.0,0.0,0.0,-23.260104077171206,-19.688026128853817,-21.839876720912443,-21.632410363095687,-2.1351912576126777,-1.960858776339701,-2.065878167985119,-2.055752934028256
powertrain_simple_cvt,SimpleCVT,EngineModelType_SIMPLE_MAP,TransmissionModelType_AUTOMATIC_SIMPLE_CVT,2.8899999999999606,14.608797734438989,0.6325237025314201,-0.11479319263567643,9.629977455482484,-0.0008704454647665498,-0.088798933218441,9.628348359609152,0.016557071646517228,-1.5722850207656471,0.009632546662954733,-0.01777901632437377,0.0,0.45,0.0,152.71356020922795,1458.3070790676243,568.59,0.0,1.0,637.3545108353047,152.75097930915547,0.0,1,0,0.0,0.0,0.0,0.0,-21.99038603687712,-21.34974017319416,-20.34620851227085,-23.53800603627234,-2.0732144302211375,-2.041948476798899,-1.9929723170406946,-2.1487441691290607
powertrain_simple_cvt,SimpleCVT,EngineModelType_SIMPLE_MAP,TransmissionModelType_AUTOMATIC_SIMPLE_CVT,2.8949999999999605,14.65696934031969,0.6325192124981878,-0.11524046679605128,9.634321176140276,-0.0008980066464577231,-0.08945483207497067,9.63256716036662,0.8437601514934736,-1.5722734623942385,0.00946581380607421,-0.017794261449138864,0.0,0.45,0.0,152.75097930915547,1458.6644051507953,568.59,0.0,1.0,633.4026490640946,152.777023510077,0.0,1,0,0.0,0.0,0.0,0.0,-20.65838972621942,-23.111030954998334,-18.871995724306185,-25.144929915402766,-2.0077663794851794,-2.12741217008451,-1.9206217452953587,-2.226630696732983
powertrain_simple_cvt,SimpleCVT,EngineModelType_SIMPLE_MAP,TransmissionModelType_AUTOMATIC_SIMPLE_CVT,2.8999999999999604,14.705253204318053,0.6325141649795701,-0.11569119215542129,9.656772799672531,-0.0010095037235191688,-0.09014507187400042,9.655940015562221,4.674571039120423,-1.5722587753470703,0.009237492516533708,-0.017787911244076436,0.0,0.45,0.0,152.777023510077,1458.9131089497275,568.59,0.0,1.0,637.4086814313737,152.7506223053001,0.0,1,0,0.0,0.0,0.0,0.0,-19.409570520398013,-24.619925718063463,-18.317514838260546,-24.856495785237286,-1.9445540437115048,-2.1981125686647522,-1.8914098688088694,-2.209625096123065
powertrain_simple_cvt,SimpleCVT,EngineModelType_SIMPLE_MAP,TransmissionModelType_AUTOMATIC_SIMPLE_CVT,2.9049999999999603,14.753660588979203,0.6325172708096265,-0.11614447598775006,9.68147693223001,0.0006211660112623255,-0.0906567664657537,9.68103344973717,5.018686834989801,-1.5722575554022586,0.009045137426162924,-0.017771845497022806,0.0,0.45,0.0,152.7506223053001,1458.6609960150984,568.59,0.0,1.0,642.498187201003,152.7170806182348,0.0,1,0,0.0,0.0,0.0,0.0,-18.839911684422855,-24.555469888202406,-19.446038022650715,-23.641729215471265,-1.9144555223854376,-2.1918784663200985,-1.9438758077105551,-2.147527132927276
powertrain_simple_cvt,SimpleCVT,EngineModelType_SIMPLE_MAP,TransmissionModelType_AUTOMATIC_SIMPLE_CVT,2.90999999999996,14.802116380612107,0.6325178451940927,-0.11659968305739278,9.691158326580878,0.00011487689323848782,-0.09104141392854484,9.690355360540721,1.8643821607103603,-1.572259986543257,0.008949521551704144,-0.017764628288915014,0.0,0.45,0.0,152.7170806182348,1458.3406964973333,568.59,0.0,1.0,640.8989242831747,152.7276203403125,0.0,1,0,0.0,0.0,0.0,0.0,-19.472968502545037,-23.58361812187892,-21.415740106114644,-22.23879213734326,-1.9442737194764053,-2.1436053419255137,-2.0384816553623004,-2.0783926942339184
powertrain_simple_cvt,SimpleCVT,EngineModelType_SIMPLE_MAP,TransmissionModelType_AUTOMATIC_SIMPLE_CVT,2.91499999999996,14.850567299127595,0.6325133261207161,-0.11705740440965262,9.690183703097713,-0.000903814675314237,-0.09154427045196888,9.68860248682384,-0.35057474337634925,-1.572264094044656,0.008976609021222185,-0.017776350972231177,0.0,0.45,0.0,152.7276203403125,1458.4413434293822,568.59,0.0,1.0,634.5985666585212,152.7691419798216,0.0,1,0,0.0,0.0,0.0,0.0,-21.113157248309477,-22.347421973211013,-23.350655626965576,-20.800578353531712,-2.0239941833172463,-2.083856376550996,-2.132513496557765,-2.0088340172503836
powertrain_simple_cvt,SimpleCVT,EngineModelType_SIMPLE_MAP,TransmissionModelType_AUTOMATIC_SIMPLE_CVT,2.91999999999996,14.899016490277889,0.6325088287767947,-0.11751254235268788,9.689838230058802,-0.0008994687842667445,-0.09102758860705212,9.687874481770935,-0.14560101058087893,-1.5722649191752849,0.009129063348986074,-0.017797057264173206,0.0,0.45,0.0,152.7691419798216,1458.837845879771,568.59,0.0,1.0,628.7235269729695,152.80786062000968,0.0,1,0,0.0,0.0,0.0,0.0,-22.904748488367336,-21.044670964450095,-25.205270865658317,-19.304751619922964,-2.110970351126634,-2.02074927836879,-2.222554730870933,-1.9363563497102176
powertrain_simple_cvt,SimpleCVT,EngineModelType_SIMPLE_MAP,TransmissionModelType_AUTOMATIC_SIMPLE_CVT,2.92499999999996,14.947553535856613,0.6325036816418547,-0.11796563969073559,9.707409115744912,-0.0010294269880157599,-0.09061946760954248,9.706085303207,3.642164287213212,-1.572280934580248,0.009357065445683379,-0.017802720143141083,0.0,0.45,0.0,152.80786062000968,1459.207581658315,568.59,0.0,1.0,630.5962385091045,152.79551877246067,0.0,1,0,0.0,0.0,0.0,0.0,-24.609901753762898,-19.77442264180138,-25.215579852911446,-18.57555401848424,-2.191437379009254,-1.957337681373178,-2.2207600286562603,-1.8992969421360537
powertrain_simple_cvt,SimpleCVT,EngineModelType_SIMPLE_MAP,TransmissionModelType_AUTOMATIC_SIMPLE_CVT,2.9299999999999597,14.996224576055734,0.6325050467108725,-0.11841952759341275,9.734208039824185,0.0002730138035636701,-0.09077758053543197,9.733588106808147,5.500560720229448,-1.5722923717117474,0.009567040768016247,-0.017791239053332103,0.0,0.45,0.0,152.79551877246067,1459.0897256956564,568.59,0.0,1.0,636.5365354693911,152.75637006318786,0.0,1,0,0.0,0.0,0.0,0.0,-24.88202165740301,-19.071280245991627,-24.04476407650787,-19.318234660704142,-2.2012078021501313,-1.920687673369216,-2.1607882433044634,-1.932609677690751
powertrain_simple_cvt,SimpleCVT,EngineModelType_SIMPLE_MAP,TransmissionModelType_AUTOMATIC_SIMPLE_CVT,2.9349999999999596,15.044965875339626,0.632507625684231,-0.11887219743772914,9.748259856778233,0.0005157946717174976,-0.09053396886328022,9.747324278262973,2.747234290965098,-1.5722965669723055,0.009685600329788144,-0.01778681797986418,0.0,0.45,0.0,152.75637006318786,1458.7158830598703,568.59,0.0,1.0,636.915075719562,152.75387534578553,0.0,1,0,0.0,0.0,0.0,0.0,-23.945566436042668,-19.528863552216876,-22.608483484785825,-21.18774553158022,-2.154370301744144,-1.9414494399915492,-2.0899120708636225,-2.0214209911423793
powertrain_simple_cvt,SimpleCVT,EngineModelType_SIMPLE_MAP,TransmissionModelType_AUTOMATIC_SIMPLE_CVT,2.9399999999999595,15.093719627014172,0.6325037798527416,-0.11932188550984989,9.750750334909373,-0.0007691662978733002,-0.08993761442414977,9.749251998932234,0.38554413385228625,-1.5722889349344975,0.009684109236446,-0.017795780671476618,0.0,0.45,0.0,152.75387534578553,1458.6920602634982,568.59,0.0,1.0,632.2062490465903,152.78490821967526,0.0,1,0,0.0,0.0,0.0,0.0,-22.709896957116765,-21.014053306208943,-21.1375802074852,-23.089730900899013,-2.094584546723987,-2.012847308662148,-2.0188011285978797,-2.1128919994601385
powertrain_simple_cvt,SimpleCVT,EngineModelType_SIMPLE_MAP,TransmissionModelType_AUTOMATIC_SIMPLE_CVT,2.9449999999999594,15.142479936168046,0.6325002161846974,-0.11977303869534273,9.752061830774574,-0.0007127336088399087,-0.09023063709856899,9.7501591702023,0.18143425401327237,-1.5722778900186547,0.0095565578346402,-0.01781402092886938,0.0,0.45,0.0,152.78490821967526,1458.9884023801721,568.59,0.0,1.0,627.0711797875956,152.8187501866442,0.0,1,0,0.0,0.0,0.0,0.0,-21.38869500147691,-22.76190666239943,-19.58409330785289,-24.963554407476877,-2.030808585352096,-2.0969892648880286,-1.9438374579036883,-2.2030956634967427
powertrain_simple_cvt,SimpleCVT,EngineModelType_SIMPLE_MAP,TransmissionModelType_AUTOMATIC_SIMPLE_CVT,2.9499999999999593,15.19131937577938,0.6324951709609514,-0.12022793030941098,9.767887922266787,-0.0010090447492050784,-0.09097832281365185,9.766606689944025,3.2895039483449997,-1.5722588515576126,0.009340165217979637,-0.01781775128935743,0.0,0.45,0.0,152.8187501866442,1459.3115693597956,568.59,0.0,1.0,628.2193065027432,152.811183615599,0.0,1,0,0.0,0.0,0.0,0.0,-20.06727915238898,-24.453611297882354,-18.59803315923481,-25.404290405337747,-1.9654954656274406,-2.176534728352082,-1.8948057456355423,-2.222274679470749
powertrain_simple_cvt,SimpleCVT,EngineModelType_SIMPLE_MAP,TransmissionModelType_AUTOMATIC_SIMPLE_CVT,2.954999999999959,15.240292357846856,0.6324963679487898,-0.1206855120395128,9.794596413495345,0.00023939756769158008,-0.09151634602036515,9.794050256090237,5.4887132292426095,-1.5722513684201562,0.009124250366445501,-0.017803749956895147,0.0,0.45,0.0,152.811183615599,1459.2393139287497,568.59,0.0,1.0,634.0897876958493,152.77249501752783,0.0,1,0,0.0,0.0,0.0,0.0,-19.182183251889782,-24.99996136961576,-19.071936827300465,-24.410698753292937,-1.9203248578858385,-2.1994508441773113,-1.9150354430309058,-2.171179138787816
powertrain_simple_cvt,SimpleCVT,EngineModelType_SIMPLE_MAP,TransmissionModelType_AUTOMATIC_SIMPLE_CVT,2.959999999999959,15.289338371281827,0.6324991922517672,-0.12114689706815972,9.809202686994361,0.0005648605954857084,-0.0922770057293835,9.808411427066089,2.872234195170326,-1.5722483376294816,0.008992561350330379,-0.01779560720272561,0.0,0.45,0.0,152.77249501752783,1458.8698650312904,568.59,0.0,1.0,634.7539705915127,152.76811781159682,0.0,1,0,0.0,0.0,0.0,0.0,-19.401924563708015,-24.211656533203943,-20.946395097264762,-23.014575448055616,-1.9295046828203328,-2.1599286479314888,-2.0034969606845787,-2.1025790550749974
powertrain_simple_cvt,SimpleCVT,EngineModelType_SIMPLE_MAP,TransmissionModelType_AUTOMATIC_SIMPLE_CVT,2.964999999999959,15.33839194709043,0.6324962747530013,-0.12161216879003409,9.810715161720797,-0.000583499753183878,-0.093054344374875,9.809284825975858,0.17467978195391626,-1.5722481481915531,0.008978368511339707,-0.017803241569914655,0.0,0.45,0.0,152.76811781159682,1458.8280657936393,568.59,0.0,1.0,629.7129660013677,152.80133985831634,0.0,1,0,0.0,0.0,0.0,0.0,-20.803564241019245,-23.02168968659002,-22.886989203536825,-21.594277916771652,-1.9965654999606393,-2.102821681258751,-2.096369043975849,-2.034443527036797
powertrain_simple_cvt,SimpleCVT,EngineModelType_SIMPLE_MAP,TransmissionModelType_AUTOMATIC_SIMPLE_CVT,2.969999999999959,15.387436392933136,0.6324927545303607,-0.1220769244356544,9.808889168541166,-0.0007040445281190962,-0.09295112912406481,9.806907235417025,-0.47551811176661424,-1.5722424744727626,0.009091364392864313,-0.01782397308928851,0.0,0.45,0.0,152.80133985831634,1459.1453129709419,568.59,0.0,1.0,623.3577286061281,152.84322317539775,0.0,1,0,0.0,0.0,0.0,0.0,-22.57754880398806,-21.72798135513064,-24.853290480715504,-20.083299550271104,-2.081807947023254,-2.0411007460031025,-2.19085058281288,-1.9622954752330835
powertrain_simple_cvt,SimpleCVT,EngineModelType_SIMPLE_MAP,TransmissionModelType_AUTOMATIC_SIMPLE_CVT,2.974999999999959,15.43653189850726,0.6324887694150549,-0.12253879039239639,9.819101114824916,-0.0007970230611415458,-0.09237319134839721,9.817365619080276,2.091676732650116,-1.5722477532867194,0.009303784909267048,-0.017838880424630617,0.0,0.45,0.0,152.84322317539775,1459.5452691877374,568.59,0.0,1.0,622.1673601785324,152.85106813463315,0.0,1,0,0.0,0.0,0.0,0.0,-24.355306161276125,-20.41672321046192,-25.67017368540735,-18.969993020989186,-2.165746373236919,-1.9772293921650685,-2.2286814083127693,-1.9079828608235039
powertrain_simple_cvt,SimpleCVT,EngineModelType_SIMPLE_MAP,TransmissionModelType_AUTOMATIC_SIMPLE_CVT,2.9799999999999587,15.48576067925151,0.6324877365689511,-0.1230012191436783,9.845756148849876,-0.00020656922077587044,-0.0924857502563829,9.844960671196716,5.519010423288268,-1.5722571410563912,0.009533357770960694,-0.01783142729285613,0.0,0.45,0.0,152.85106813463315,1459.6201830301773,568.59,0.0,1.0,627.9408004153431,152.81301907162404,0.0,1,0,0.0,0.0,0.0,0.0,-25.233319998277643,-19.448957231703474,-24.77186379599776,-19.094468519443016,-2.204386433140454,-1.9282987823319109,-2.1823611273324057,-1.9113790351176294
powertrain_simple_cvt,SimpleCVT,EngineModelType_SIMPLE_MAP,TransmissionModelType_AUTOMATIC_SIMPLE_CVT,2.9849999999999586,15.535087791775245,0.6324921639414735,-0.12346221555398522,9.865422504747135,0.0008854745044712497,-0.09219928206138364,9.86457823918553,3.92351359776279,-1.5722607070617731,0.009688955645199542,-0.01782441674830231,0.0,0.45,0.0,152.81301907162404,1459.2568412427024,568.59,0.0,1.0,630.7962447617851,152.79420065878867,0.0,1,0,0.0,0.0,0.0,0.0,-24.547067615317456,-19.479467988838795,-23.370452062699062,-20.74155656267299,-2.169301595340181,-1.927906068157568,-2.113253416211842,-1.9880257617181976
powertrain_simple_cvt,SimpleCVT,EngineModelType_SIMPLE_MAP,TransmissionModelType_AUTOMATIC_SIMPLE_CVT,2.9899999999999585,15.584442717034687,0.6324900337933008,-0.12391970581063215,9.870985051888336,-0.000426029634532418,-0.09149805132938485,9.869683042540887,1.0209606710713577,-1.5722545179536058,0.00973052166782591,-0.01782832704600379,0.0,0.45,0.0,152.79420065878867,1459.077138637269,568.59,0.0,1.0,627.5568053973269,152.8155497379229,0.0,1,0,0.0,0.0,0.0,0.0,-23.364627734930465,-20.685383502827115,-21.914145972978734,-22.65214508079409,-2.112400319779402,-1.9848403100770795,-2.043342237873091,-2.078478703681334
powertrain_simple_cvt,SimpleCVT,EngineModelType_SIMPLE_MAP,TransmissionModelType_AUTOMATIC_SIMPLE_CVT,2.9949999999999584,15.633800076045475,0.6324870346679935,-0.12437670135949241,9.871471802157604,-0.0005998250614656872,-0.09139910977205389,9.869638349333702,-0.008938641436984276,-1.5722442059653075,0.009646364807049326,-0.01784451954025458,0.0,0.45,0.0,152.8155497379229,1459.2810073257492,568.59,0.0,1.0,622.2116061936704,152.85077653736204,0.0,1,0,0.0,0.0,0.0,0.0,-22.057890235528845,-22.405466334782353,-20.381697155726293,-24.56442071322151,-2.05019072176791,-2.066739049402453,-1.9703860622332077,-2.1695282931944555
powertrain_simple_cvt,SimpleCVT,EngineModelType_SIMPLE_MAP,TransmissionModelType_AUTOMATIC_SIMPLE_CVT,2.9999999999999583,15.683201612740545,0.632482975402221,-0.12483774355284755,9.880307339014209,-0.000811853154511955,-0.09220843867102553,9.878680567307335,1.8084435947266218,-1.5722266270202352,0.009452409317394456,-0.01785589550508279,0.0,0.45,0.0,152.85077653736204,1459.617398481352,568.59,0.0,1.0,620.4509286327927,152.86238004042167,0.0,1,0,0.0,0.0,0.0,0.0,-20.71021120115995,-24.155144221068248,-19.076333393269373,-25.724753153238225,-1.9851242964198477,-2.1489897048643827,-1.9074054981758173,-2.223651420282894
powertrain_simple_cvt,SimpleCVT,EngineModelType_SIMPLE_MAP,TransmissionModelType_AUTOMATIC_SIMPLE_CVT,3.004999999999958,15.73272957974415,0.6324810952462926,-0.12530154212395048,9.905593400720944,-0.0003760311856791981,-0.09275971422058767,9.904884158639684,5.240718266469925,-1.5722139839961875,0.00922453838695925,-0.017845546808834822,0.0,0.45,0.0,152.86238004042167,1459.7282037734994,568.59,0.0,1.0,625.6263254837153,152.82827230001033,0.0,1,0,0.0,0.0,0.0,0.0,-19.599365623777995,-25.27010230349103,-18.950768590288373,-25.066534832259062,-1.9298182350350805,-2.1988450225389857,-1.8990479866247618,-2.1891875290034895
powertrain_simple_cvt,SimpleCVT,EngineModelType_SIMPLE_MAP,TransmissionModelType_AUTOMATIC_SIMPLE_CVT,3.009999999999958,15.782358337472123,0.6324851603444945,-0.12576864701177076,9.92575154559453,0.000813019640391756,-0.09342097756405664,9.925115603550845,4.046288982232313,-1.572210947891609,0.009057820120389574,-0.017833156593894374,0.0,0.45,0.0,152.82827230001033,1459.4024988444498,568.59,0.0,1.0,628.7044272454311,152.80798649413444,0.0,1,0,0.0,0.0,0.0,0.0,-19.40492728778118,-24.79023479429499,-20.517347320290185,-23.724420907426293,-1.9187172922465665,-2.1736821811598497,-1.9713843033077743,-2.1232217164716176
powertrain_simple_cvt,SimpleCVT,EngineModelType_SIMPLE_MAP,TransmissionModelType_AUTOMATIC_SIMPLE_CVT,3.014999999999958,15.832012693630851,0.6324837310206263,-0.12624006351535058,9.930871231745378,-0.0002858647736538123,-0.09428330071596207,9.929705385922615,0.917956474354062,-1.5722120330529286,0.009002070772526757,-0.017833973047108875,0.0,0.45,0.0,152.80798649413444,1459.2087836676646,568.59,0.0,1.0,625.3542550604097,152.8300653426772,0.0,1,0,0.0,0.0,0.0,0.0,-20.48453055442416,-23.668485839954407,-22.476564647187015,-22.303982956059652,-1.9693823264052004,-2.1200555367898457,-2.063650664065683,-2.0554836406235055
powertrain_simple_cvt,SimpleCVT,EngineModelType_SIMPLE_MAP,TransmissionModelType_AUTOMATIC_SIMPLE_CVT,3.019999999999958,15.881658281873502,0.6324802822402772,-0.12671249147665462,9.929117648530326,-0.0006897560698074794,-0.09448559226080411,9.92731696803225,-0.4776835780731505,-1.5722099463729935,0.009071798451013054,-0.01785003121672832,0.0,0.45,0.0,152.8300653426772,1459.419621140666,568.59,0.0,1.0,619.1623643703209,152.87087214578744,0.0,1,0,0.0,0.0,0.0,0.0,-22.222847178279505,-22.386565831253936,-24.42471553807149,-20.824662086923393,-2.051897095932398,-2.0596465608966392,-2.1561204168556682,-1.985715349490341
powertrain_simple_cvt,SimpleCVT,EngineModelType_SIMPLE_MAP,TransmissionModelType_AUTOMATIC_SIMPLE_CVT,3.0249999999999577,15.93132102158446,0.632476781578166,-0.12718148162645757,9.93254794219127,-0.000700132422236743,-0.09379802996059172,9.93057198779517,0.6510039525842753,-1.5722126435720727,0.009259563415693063,-0.01787014162900631,0.0,0.45,0.0,152.87087214578744,1459.8092974062727,568.59,0.0,1.0,615.2440020411759,152.89669557324817,0.0,1,0,0.0,0.0,0.0,0.0,-24.016520444484634,-21.06046565938376,-25.926086753136182,-19.445956278389954,-2.1364262774322786,-1.9965501307988254,-2.2267841349190545,-1.9201539313592169
powertrain_simple_cvt,SimpleCVT,EngineModelType_SIMPLE_MAP,TransmissionModelType_AUTOMATIC_SIMPLE_CVT,3.0299999999999576,15.98109603296789,0.6324730926141198,-0.12764998152208365,9.955002276686146,-0.0007377928092567887,-0.09369997912521894,9.953930979295007,4.671798299967477,-1.5722267215424834,0.009496033650752248,-0.017868980480271537,0.0,0.45,0.0,152.89669557324817,1460.0558929739495,568.59,0.0,1.0,619.1909150845606,152.87068398623606,0.0,1,0,0.0,0.0,0.0,0.0,-25.41544329733243,-19.89128460792267,-25.42517803589112,-19.106588327197485,-2.1997990372103584,-1.9390174250459655,-2.200258589688494,-1.9019738908804433
powertrain_simple_cvt,SimpleCVT,EngineModelType_SIMPLE_MAP,TransmissionModelType_AUTOMATIC_SIMPLE_CVT,3.0349999999999575,16.03099143347769,0.632476954230246,-0.12811830749068842,9.979080101959815,0.0007723232252492438,-0.09366519372095491,9.978335152231743,4.880834587347242,-1.5722350882093905,0.009682713048139446,-0.017859364156575262,0.0,0.45,0.0,152.87068398623606,1459.8075006149109,568.59,0.0,1.0,623.8887868952497,152.83972330885797,0.0,1,0,0.0,0.0,0.0,0.0,-25.120476549279946,-19.54905661488782,-24.09984478459863,-20.3686995155809,-2.1829740884045723,-1.9206046462852306,-2.134910472690433,-1.9592032895618634
powertrain_simple_cvt,SimpleCVT,EngineModelType_SIMPLE_MAP,TransmissionModelType_AUTOMATIC_SIMPLE_CVT,3.0399999999999574,16.080934543776667,0.6324768247660448,-0.1285837710086052,9.988622059794857,-2.5892840217913056e-05,-0.09309270358335758,9.98749886475105,1.832742503861379,-1.5722359522441847,0.009765083391204776,-0.017858631541984683,0.0,0.45,0.0,152.83972330885797,1459.5118479241391,568.59,0.0,1.0,622.4612863721774,152.84913105452088,0.0,1,0,0.0,0.0,0.0,0.0,-24.02892343852912,-20.40224087851,-22.64668072053952,-22.27858882653505,-2.130532406227841,-1.9599012844594514,-2.065499522421901,-2.0481812344966674
powertrain_simple_cvt,SimpleCVT,EngineModelType_SIMPLE_MAP,TransmissionModelType_AUTOMATIC_SIMPLE_CVT,3.0449999999999573,16.130881770407306,0.6324734587602191,-0.12904748500798194,9.989445326127976,-0.0006732011651503413,-0.0927427998753444,9.987726719664709,0.045570982731747284,-1.5722287594300688,0.00972324623523184,-0.017871834302215887,0.0,0.45,0.0,152.84913105452088,1459.6016852776754,568.59,0.0,1.0,617.396304710623,152.88251111882838,0.0,1,0,0.0,0.0,0.0,0.0,-22.73812276603291,-22.06106027028325,-21.145038779316465,-24.177945511882662,-2.0697773565151723,-2.037923094210782,-1.994826350508553,-2.137517767047501
powertrain_simple_cvt,SimpleCVT,EngineModelType_SIMPLE_MAP,TransmissionModelType_AUTOMATIC_SIMPLE_CVT,3.049999999999957,16.180848094599728,0.6324695556922495,-0.12951429759313907,9.993264838484135,-0.00078061359391671,-0.09336251703142615,9.991421582444628,0.738972555983979,-1.5722165767603653,0.009559388479804464,-0.01788790188597999,0.0,0.45,0.0,152.88251111882838,1459.9204414117912,568.59,0.0,1.0,613.6573962187204,152.90715188048145,0.0,1,0,0.0,0.0,0.0,0.0,-21.387780519056513,-23.820282009909068,-19.6552771256727,-25.82519750571048,-2.005874687898583,-2.1202760712372637,-1.92439445629856,-2.21456793788539
powertrain_simple_cvt,SimpleCVT,EngineModelType_SIMPLE_MAP,TransmissionModelType_AUTOMATIC_SIMPLE_CVT,3.054999999999957,16.230919436722665,0.6324655295934318,-0.12998469988022054,10.014268424587138,-0.0008052197635383454,-0.09408045741629448,10.013251547081762,4.365992927426725,-1.5722014278290175,0.009331227517992695,-0.01788456803360472,0.0,0.45,0.0,152.90715188048145,1460.1557433529094,568.59,0.0,1.0,617.0061681095033,152.8850822603851,0.0,1,0,0.0,0.0,0.0,0.0,-20.123412833206373,-25.335669454074687,-19.064657198357526,-25.64605137489827,-1.9443477621491998,-2.188947568179222,-1.8946626752944242,-2.203513113038375
powertrain_simple_cvt,SimpleCVT,EngineModelType_SIMPLE_MAP,TransmissionModelType_AUTOMATIC_SIMPLE_CVT,3.059999999999957,16.281111857282664,0.6324682733126963,-0.13045782037857398,10.038484111999821,0.0005487438528883181,-0.09462409967068937,10.03792586374667,4.934863332981825,-1.572199370393827,0.00913653436142548,-0.017870004419184807,0.0,0.45,0.0,152.8850822603851,1459.94499400508,568.59,0.0,1.0,621.7452889570808,152.8538497369085,0.0,1,0,0.0,0.0,0.0,0.0,-19.557751964668384,-25.318847921371997,-20.1366408934185,-24.437803811795625,-1.9155464757305374,-2.185237548049793,-1.9426456903802605,-2.143993706173538
powertrain_simple_cvt,SimpleCVT,EngineModelType_SIMPLE_MAP,TransmissionModelType_AUTOMATIC_SIMPLE_CVT,3.064999999999957,16.331352595790836,0.6324695781569389,-0.1309334756139687,10.048147701634202,0.0002609688485382907,-0.09513104707894639,10.04719584154323,1.8539955593120223,-1.572201568085909,0.009039018404446372,-0.01786501342605674,0.0,0.45,0.0,152.8538497369085,1459.6467453752875,568.59,0.0,1.0,620.4248488298597,152.8625519157723,0.0,1,0,0.0,0.0,0.0,0.0,-20.217339026330997,-24.331172194207255,-22.08698529861145,-23.01779015243219,-1.9455501573077463,-2.1379511253064085,-2.032992145818805,-2.0765252079496204
powertrain_simple_cvt,SimpleCVT,EngineModelType_SIMPLE_MAP,TransmissionModelType_AUTOMATIC_SIMPLE_CVT,3.0699999999999568,16.381589333137747,0.6324656223732548,-0.13141161643211136,10.047347469382267,-0.0007911567368375726,-0.0956281636285292,10.045711915668267,-0.2967851749925706,-1.572206016203143,0.009065548131945394,-0.01787675064766969,0.0,0.45,0.0,152.8625519157723,1459.7298450621981,568.59,0.0,1.0,614.777887570168,152.89976743649598,0.0,1,0,0.0,0.0,0.0,0.0,-21.860840687147004,-23.06916131659627,-24.019134515148043,-21.564098193785156,-2.022566556270495,-2.079087176067747,-2.123523290675338,-2.0086860768379475
powertrain_simple_cvt,SimpleCVT,EngineModelType_SIMPLE_MAP,TransmissionModelType_AUTOMATIC_SIMPLE_CVT,3.0749999999999567,16.431824728952428,0.6324620625796463,-0.13188741536729426,10.047079162936196,-0.000711958721694321,-0.09515978703658022,10.045038941439254,-0.1345948458027408,-1.5722076392788247,0.009217510825535383,-0.017897955662916302,0.0,0.45,0.0,152.89976743649598,1460.085227107173,568.59,0.0,1.0,609.4741626255974,152.93472090554064,0.0,1,0,0.0,0.0,0.0,0.0,-23.650574181647727,-21.745268708529473,-25.869340503583956,-20.063982378369978,-2.1063575634445413,-2.017228686290583,-2.2101499231114365,-1.9385792702805789
powertrain_simple_cvt,SimpleCVT,EngineModelType_SIMPLE_MAP,TransmissionModelType_AUTOMATIC_SIMPLE_CVT,3.0799999999999566,16.482142253166398,0.632457380068627,-0.13236127863908373,10.063504842793698,-0.0009365022038654246,-0.09477265435789231,10.062088934683414,3.4099986488322305,-1.572223664386589,0.009446651976226614,-0.017904525187879692,0.0,0.45,0.0,152.93472090554064,1460.4190081497732,568.59,0.0,1.0,610.9363505953756,152.92508455703592,0.0,1,0,0.0,0.0,0.0,0.0,-25.33576008246662,-20.460953050576688,-25.98149965114162,-19.309266074368615,-2.1831811207426624,-1.9555274159151022,-2.213337187270207,-1.901743582992023
powertrain_simple_cvt,SimpleCVT,EngineModelType_SIMPLE_MAP,TransmissionModelType_AUTOMATIC_SIMPLE_CVT,3.0849999999999564,16.532589781118336,0.6324589774386256,-0.13283589322214084,10.08950559038734,0.00031947399972038213,-0.09492291661142149,10.088769491360136,5.336111335344398,-1.5722363186532051,0.009658420430788172,-0.017894530071651572,0.0,0.45,0.0,152.92508455703592,1460.3269877999,568.59,0.0,1.0,616.3792564679824,152.8892138352471,0.0,1,0,0.0,0.0,0.0,0.0,-25.624353268384866,-19.767785875858024,-24.821913511900785,-20.040539065957127,-2.1934937765329727,-1.920715117043812,-2.1561189071899096,-1.9334190175677883
powertrain_simple_cvt,SimpleCVT,EngineModelType_SIMPLE_MAP,TransmissionModelType_AUTOMATIC_SIMPLE_CVT,3.0899999999999563,16.583105389352937,0.6324618833451318,-0.13331041678544545,10.103121646920115,0.0005811813012422933,-0.0949047126609183,10.102131633593313,2.672428446635479,-1.5722403845225494,0.009778694789840886,-0.01789019456997356,0.0,0.45,0.0,152.8892138352471,1459.984447638802,568.59,0.0,1.0,616.723877936441,152.8869426549057,0.0,1,0,0.0,0.0,0.0,0.0,-24.671876653993905,-20.275905612736697,-23.369253445468235,-21.88942342492327,-2.147610747929644,-1.9431324390727625,-2.08701931357823,-2.0181851158192425
powertrain_simple_cvt,SimpleCVT,EngineModelType_SIMPLE_MAP,TransmissionModelType_AUTOMATIC_SIMPLE_CVT,3.0949999999999562,16.63363304958617,0.632458545747365,-0.1337821334365703,10.10553204664647,-0.0006675195533347455,-0.09434333022497189,10.103961119467312,0.3658971747999196,-1.5722331355350891,0.009778386937496478,-0.017899666039239696,0.0,0.45,0.0,152.8869426549057,1459.9627594641229,568.59,0.0,1.0,612.4580533045566,152.915055984835,0.0,1,0,0.0,0.0,0.0,0.0,-23.406715268085193,-21.786419089770312,-21.887047161408457,-23.78477038216104,-2.0885647098623332,-2.013210384446016,-2.017890245176245,-2.1061467349714724
powertrain_simple_cvt,SimpleCVT,EngineModelType_SIMPLE_MAP,TransmissionModelType_AUTOMATIC_SIMPLE_CVT,3.099999999999956,16.684167701400817,0.6324551224408036,-0.13425537624553818,10.106930362929376,-0.0006846613122843349,-0.09464856179357535,10.105022311171611,0.21223834085973178,-1.5722220312984179,0.009651296838628943,-0.01791687825168121,0.0,0.45,0.0,152.915055984835,1460.2312219896244,568.59,0.0,1.0,607.8547697474269,152.94539329135063,0.0,1,0,0.0,0.0,0.0,0.0,-22.06444175854843,-23.536625677435683,-20.3314240931402,-25.64503182006731,-2.0260324879124187,-2.094491438539408,-1.9454443431366246,-2.1925357590677543
powertrain_simple_cvt,SimpleCVT,EngineModelType_SIMPLE_MAP,TransmissionModelType_AUTOMATIC_SIMPLE_CVT,3.104999999999956,16.734777413539536,0.6324503299038573,-0.13473174290789425,10.121942427743711,-0.0009585073892670694,-0.09527333247121222,10.120602089459165,3.115955657510905,-1.572204193080891,0.009435276475579681,-0.017920812776630615,0.0,0.45,0.0,152.94539329135063,1460.5209219271476,568.59,0.0,1.0,608.7739614109504,152.939335485244,0.0,1,0,0.0,0.0,0.0,0.0,-20.728272466530083,-25.214403668259173,-19.34093681354242,-26.1430548573615,-1.962414602009414,-2.170705870953587,-1.8980005466423049,-2.2138231864948903
powertrain_simple_cvt,SimpleCVT,EngineModelType_SIMPLE_MAP,TransmissionModelType_AUTOMATIC_SIMPLE_CVT,3.109999999999956,16.78551734501984,0.63245146184156,-0.13521083046481636,10.147986296060576,0.00022638754054143994,-0.09581751138441955,10.147401472189838,5.359876546134616,-1.5721979306156255,0.009220254186242234,-0.017906567096415756,0.0,0.45,0.0,152.939335485244,1460.4630741399778,568.59,0.0,1.0,614.1858609324877,152.90366910654296,0.0,1,0,0.0,0.0,0.0,0.0,-19.86801206447196,-25.735566027023836,-19.820449627896746,-25.15886202290736,-1.9200364147098876,-2.191747710903249,-1.9178339208982504,-2.165042035339212
powertrain_simple_cvt,SimpleCVT,EngineModelType_SIMPLE_MAP,TransmissionModelType_AUTOMATIC_SIMPLE_CVT,3.114999999999956,16.83632722137303,0.6324543304791231,-0.13569336534667267,10.161975270637637,0.000573727512625492,-0.09650697637126428,10.161130775504533,2.7458606629391955,-1.572197025291757,0.009090662216937936,-0.017898498351983923,0.0,0.45,0.0,152.90366910654296,1460.1224853116305,568.59,0.0,1.0,614.7352429372827,152.9000484800778,0.0,1,0,0.0,0.0,0.0,0.0,-20.16766380791139,-24.919186916642282,-21.669668974975764,-23.748162635458815,-1.9326506500815122,-2.1523841382258753,-2.0021106583814743,-2.098230292370979
powertrain_simple_cvt,SimpleCVT,EngineModelType_SIMPLE_MAP,TransmissionModelType_AUTOMATIC_SIMPLE_CVT,3.1199999999999557,16.88714341996487,0.632451373435212,-0.13617949007590316,10.163239718368049,-0.0005914087822396245,-0.09722494584609803,10.161806519034108,0.13514870591500316,-1.5721992382813303,0.009080053057328322,-0.01790502400292074,0.0,0.45,0.0,152.9000484800778,1460.0879108756894,568.59,0.0,1.0,610.0783142519501,152.93073932742516,0.0,1,0,0.0,0.0,0.0,0.0,-21.613990972919062,-23.694497962276394,-23.604909494891047,-22.311104545443186,-1.9994693698557098,-2.0956757119532305,-2.091532981943018,-2.0317051408394917
powertrain_simple_cvt,SimpleCVT,EngineModelType_SIMPLE_MAP,TransmissionModelType_AUTOMATIC_SIMPLE_CVT,3.1249999999999556,16.937951740958695,0.632448118806913,-0.13666504605141622,10.161664198765399,-0.00065092565980526,-0.09711119510261021,10.159700101041327,-0.4212835985562525,-1.572196690334405,0.009196743254642826,-0.017924129577927276,0.0,0.45,0.0,152.93073932742516,1460.38098687947,568.59,0.0,1.0,604.3880135044855,152.96824047107611,0.0,1,0,0.0,0.0,0.0,0.0,-23.390138514231225,-22.37837146555831,-25.556085930172856,-20.79202917472059,-2.081825839200777,-2.0350302319049796,-2.182003864204355,-1.9616597352317322
powertrain_simple_cvt,SimpleCVT,EngineModelType_SIMPLE_MAP,TransmissionModelType_AUTOMATIC_SIMPLE_CVT,3.1299999999999555,16.988809848872467,0.632444113189872,-0.1371478655223454,10.171621582754145,-0.0008011234081959744,-0.09656389418583639,10.169918399420743,2.043659675883135,-1.5722047862631543,0.009412759301148621,-0.01793710209089846,0.0,0.45,0.0,152.96824047107611,1460.739096422489,568.59,0.0,1.0,603.3474673061726,152.9750980475365,0.0,1,0,0.0,0.0,0.0,0.0,-25.150372831344328,-21.05137986474043,-26.391270660268304,-19.68359147651364,-2.16207030669212,-1.9726767718219802,-2.2194058591430217,-1.9094782545492777
powertrain_simple_cvt,SimpleCVT,EngineModelType_SIMPLE_MAP,TransmissionModelType_AUTOMATIC_SIMPLE_CVT,3.1349999999999554,17.039798695189607,0.6324432691465202,-0.13763120819754115,10.197769263427777,-0.00016880867037316876,-0.09666853503915117,10.196988823633845,5.414084842620541,-1.572216638916091,0.009643101521310536,-0.01792810234898911,0.0,0.45,0.0,152.9750980475365,1460.804581453967,568.59,0.0,1.0,608.7174096011192,152.93970818216079,0.0,1,0,0.0,0.0,0.0,0.0,-25.950948688745726,-20.11649110774238,-25.501944955607726,-19.84678760370425,-2.1958776262045547,-1.9270128010358576,-2.17518653221095,-1.9145842617151334
powertrain_simple_cvt,SimpleCVT,EngineModelType_SIMPLE_MAP,TransmissionModelType_AUTOMATIC_SIMPLE_CVT,3.1399999999999553,17.090881015856,0.6324470504883265,-0.13811319648464054,10.21646413327808,0.0007562683612713822,-0.09639765741987988,10.215622312372274,3.726697747685827,-1.5722220023668596,0.009796579465425205,-0.017919919486467664,0.0,0.45,0.0,152.93970818216079,1460.4666331333729,568.59,0.0,1.0,611.1848230312129,152.92344703365654,0.0,1,0,0.0,0.0,0.0,0.0,-25.223836307675928,-20.244293585923515,-24.080864927913964,-21.49380293556623,-2.1602504789768884,-1.9312005930861784,-2.1076758795127244,-1.9886757449118302
powertrain_simple_cvt,SimpleCVT,EngineModelType_SIMPLE_MAP,TransmissionModelType_AUTOMATIC_SIMPLE_CVT,3.144999999999955,17.1419882179867,0.6324447893466434,-0.1385918653448247,10.221440426140466,-0.0004522283366158613,-0.09573377203683274,10.220133865888721,0.9023107032895631,-1.57221749453895,0.009834228689356935,-0.017922796618764454,0.0,0.45,0.0,152.92344703365654,1460.3113506034847,568.59,0.0,1.0,608.080396070322,152.94390633213317,0.0,1,0,0.0,0.0,0.0,0.0,-24.002505407675475,-21.52434397800279,-22.60833942599214,-23.39509036573002,-2.1035841055576943,-1.9896435181755805,-2.0394833214202617,-2.0756564549069707
powertrain_simple_cvt,SimpleCVT,EngineModelType_SIMPLE_MAP,TransmissionModelType_AUTOMATIC_SIMPLE_CVT,3.149999999999955,17.193098761648237,0.6324416927617671,-0.13907039648201153,10.222108732307198,-0.0006193169752478991,-0.09570622743736477,10.220328083597801,0.038843541815936904,-1.5722086510354292,0.009745341249271027,-0.017936634013051986,0.0,0.45,0.0,152.94390633213317,1460.5067225125695,568.59,0.0,1.0,603.2998144004937,152.97541209745063,0.0,1,0,0.0,0.0,0.0,0.0,-22.671526017977964,-23.25141084086522,-21.062887874353546,-25.298407015727907,-2.042368697825365,-2.0690300609485335,-1.9684083457205994,-2.1631447992133124
powertrain_simple_cvt,SimpleCVT,EngineModelType_SIMPLE_MAP,TransmissionModelType_AUTOMATIC_SIMPLE_CVT,3.154999999999955,17.24425459273956,0.6324377174993514,-0.13955279958354821,10.231166218264272,-0.0007950524831482001,-0.0964806203073362,10.229599319395618,1.854247159563411,-1.5721925229048574,0.009547902872782739,-0.017945481321522735,0.0,0.45,0.0,152.97541209745063,1460.8075804097396,568.59,0.0,1.0,601.9020724099553,152.98462372360194,0.0,1,0,0.0,0.0,0.0,0.0,-21.306211138696007,-24.986604360664856,-19.777091777195153,-26.431302104313577,-1.9787077969994984,-2.1477678668034192,-1.908467197584535,-2.2141305315124256
powertrain_simple_cvt,SimpleCVT,EngineModelType_SIMPLE_MAP,TransmissionModelType_AUTOMATIC_SIMPLE_CVT,3.159999999999955,17.29553534249998,0.6324359145577201,-0.14003804746162668,10.256149952084744,-0.00036058832627395903,-0.09704957561569437,10.255497034088094,5.179542938495384,-1.5721814225143862,0.009319752895516273,-0.017932709415078785,0.0,0.45,0.0,152.98462372360194,1460.8955449598934,568.59,0.0,1.0,606.8185059208832,152.95222264542943,0.0,1,0,0.0,0.0,0.0,0.0,-20.237057753602688,-25.994295634055696,-19.71197147205113,-25.77120444049774,-1.9272484216815402,-2.191041202375901,-1.9031893202181056,-2.180819313421671
powertrain_simple_cvt,SimpleCVT,EngineModelType_SIMPLE_MAP,TransmissionModelType_AUTOMATIC_SIMPLE_CVT,3.1649999999999547,17.34691046426485,0.632439456605516,-0.1405267301497752,10.275024352973764,0.0007084095591814057,-0.09773653762970491,10.2743715698942,3.7749071612211886,-1.5721802046820363,0.009158739557689968,-0.017919684447877476,0.0,0.45,0.0,152.95222264542943,1460.5861374547335,568.59,0.0,1.0,609.3606418814086,152.93546904837604,0.0,1,0,0.0,0.0,0.0,0.0,-20.167899770325523,-25.446105835523767,-21.299849773180064,-24.405792436967843,-1.9223820685875341,-2.1637816532885763,-1.9741519800339844,-2.116202756354984
powertrain_simple_cvt,SimpleCVT,EngineModelType_SIMPLE_MAP,TransmissionModelType_AUTOMATIC_SIMPLE_CVT,3.1699999999999546,17.39830607210034,0.6324374960850709,-0.14101954528426838,10.279121567097443,-0.000392104089010031,-0.09856302689863568,10.277930190400868,0.7117241013336592,-1.5721817619602816,0.009111019026316704,-0.017920074131931734,0.0,0.45,0.0,152.93546904837604,1460.4261523875966,568.59,0.0,1.0,605.9716596338454,152.9578036692927,0.0,1,0,0.0,0.0,0.0,0.0,-21.36153723115764,-24.27713406505078,-23.249871381992136,-22.96574778677573,-1.9766349993596788,-2.1099341098679347,-2.0629683564694457,-2.0499784183283123
powertrain_simple_cvt,SimpleCVT,EngineModelType_SIMPLE_MAP,TransmissionModelType_AUTOMATIC_SIMPLE_CVT,3.1749999999999545,17.449693385120884,0.6324341616434587,-0.1415130700984323,10.277462604108917,-0.0006668883224638018,-0.09870496283278692,10.275668033302322,-0.45243141970915246,-1.5721806548265165,0.00918956332825019,-0.01793489732214974,0.0,0.45,0.0,152.9578036692927,1460.6394323068548,568.59,0.0,1.0,600.37378598069,152.9946956849037,0.0,1,0,0.0,0.0,0.0,0.0,-23.110878916722353,-22.971581451418356,-25.19613609227424,-21.468960168550076,-2.056846325491676,-2.0504763377950885,-2.15220385783081,-1.981762387662458
powertrain_simple_cvt,SimpleCVT,EngineModelType_SIMPLE_MAP,TransmissionModelType_AUTOMATIC_SIMPLE_CVT,3.1799999999999544,17.501100930418627,0.6324305851116448,-0.1420033989525002,10.281509059548581,-0.0007153063627551525,-0.09806577081357615,10.279584729008723,0.7833391412802537,-1.5721842751041495,0.009384280459035256,-0.017952725964889265,0.0,0.45,0.0,152.9946956849037,1460.9917251055617,568.59,0.0,1.0,597.0683842997065,153.01647947960345,0.0,1,0,0.0,0.0,0.0,0.0,-24.894734845962027,-21.625287291464925,-26.637501846226762,-20.11282366624627,-2.1379872059525904,-1.9885343392893342,-2.217652507130897,-1.919396657541875
powertrain_simple_cvt,SimpleCVT,EngineModelType_SIMPLE_MAP,TransmissionModelType_AUTOMATIC_SIMPLE_CVT,3.1849999999999543,17.55262138561345,0.6324273276615552,-0.1424934435511636,10.304091038964211,-0.0006514900179355771,-0.09800891973268426,10.303058695704667,4.694793339188863,-1.5721984521999306,0.009622248896931099,-0.017949543225120518,0.0,0.45,0.0,153.01647947960345,1461.1997450219076,568.59,0.0,1.0,601.0085104038392,152.9905126209801,0.0,1,0,0.0,0.0,0.0,0.0,-26.162496274641335,-20.50088957140599,-26.115092988103868,-19.849734528126906,-2.193214302911738,-1.9350007890006309,-2.1910523425656083,-1.90530302992988
powertrain_simple_cvt,SimpleCVT,EngineModelType_SIMPLE_MAP,TransmissionModelType_AUTOMATIC_SIMPLE_CVT,3.189999999999954,17.604255403022997,0.6324308394562637,-0.14298306845689268,10.326803481909227,0.0007023589416975168,-0.09792498114581238,10.326015042497136,4.59126935849393,-1.5722055510275095,0.009803738339627253,-0.017939890021556635,0.0,0.45,0.0,152.9905126209801,1460.951779787519,568.59,0.0,1.0,605.0469326646294,152.96389795506937,0.0,1,0,0.0,0.0,0.0,0.0,-25.75701488022745,-20.292738568775484,-24.75921222963352,-21.180130888269463,-2.1721095933336896,-1.923449928575895,-2.1267031646596615,-1.9638319781094373
powertrain_simple_cvt,SimpleCVT,EngineModelType_SIMPLE_MAP,TransmissionModelType_AUTOMATIC_SIMPLE_CVT,3.194999999999954,17.655929952531555,0.6324300449923934,-0.14346952451723946,10.334909901711288,-0.0001588927740384322,-0.09729121206935448,10.333691787138502,1.5353489282731274,-1.572205154032852,0.009876631101965566,-0.017940338744255522,0.0,0.45,0.0,152.96389795506937,1460.697628449213,568.59,0.0,1.0,603.2983738001911,152.9754215915286,0.0,1,0,0.0,0.0,0.0,0.0,-24.60816712054313,-21.29590559077262,-23.28620466976782,-23.081644606707137,-2.1189977375109255,-1.9683805403949515,-2.0588846464283694,-2.0495827652021603
powertrain_simple_cvt,SimpleCVT,EngineModelType_SIMPLE_MAP,TransmissionModelType_AUTOMATIC_SIMPLE_CVT,3.199999999999954,17.707608246833107,0.6324267811846456,-0.14395471529410825,10.335658860310888,-0.000652761549568487,-0.09703815537375696,10.333901460728244,0.04193471794842286,-1.572197145275177,0.009824458117431776,-0.01795336627895457,0.0,0.45,0.0,152.9754215915286,1460.8076710715059,568.59,0.0,1.0,598.6670205667564,153.0059438873814,0.0,1,0,0.0,0.0,0.0,0.0,-23.28966846300593,-22.981330345320128,-21.765908550433384,-24.978762137197975,-2.059020666333629,-2.0450000099483154,-1.9897327226040609,-2.1358266161986577
powertrain_simple_cvt,SimpleCVT,EngineModelType_SIMPLE_MAP,TransmissionModelType_AUTOMATIC_SIMPLE_CVT,3.204999999999954,17.75930948579196,0.632423080178732,-0.14444310579565373,10.340247791770471,-0.0007402011827071743,-0.0976781003090959,10.338400304469204,0.8997687481919506,-1.5721838470584175,0.00965194743811113,-0.017968449965223267,0.0,0.45,0.0,153.0059438873814,1461.099137527075,568.59,0.0,1.0,595.6200900417924,153.026024263513,0.0,1,0,0.0,0.0,0.0,0.0,-21.918293513038773,-24.734336625550707,-20.300049362500193,-26.55556315876769,-1.9962282189174443,-2.12422274607822,-1.9226759377188378,-2.207000963476971
powertrain_simple_cvt,SimpleCVT,EngineModelType_SIMPLE_MAP,TransmissionModelType_AUTOMATIC_SIMPLE_CVT,3.209999999999954,17.811118018634325,0.6324195072740512,-0.14493489946224167,10.361706568472751,-0.0007145809361849488,-0.09835873331758607,10.360706475968675,4.461234299894296,-1.5721689129904837,0.00942145220813891,-0.01796362525113135,0.0,0.45,0.0,153.026024263513,1461.2908909943044,568.59,0.0,1.0,599.096053798084,153.00311640293845,0.0,1,0,0.0,0.0,0.0,0.0,-20.691445916230833,-26.124081702355824,-19.800805457012626,-26.317347571191036,-1.9384408735629028,-2.184832908876446,-1.8980467216045047,-2.1935982987633533
powertrain_simple_cvt,SimpleCVT,EngineModelType_SIMPLE_MAP,TransmissionModelType_AUTOMATIC_SIMPLE_CVT,3.2149999999999537,17.8630411518784,0.6324223742388949,-0.1454296582486468,10.38462664881513,0.0005733929687558523,-0.0989517572810262,10.383982087122599,4.655122230784869,-1.5721666742145954,0.00923290083063413,-0.017950041595587735,0.0,0.45,0.0,153.00311640293845,1461.0721370395386,568.59,0.0,1.0,603.2186313522859,152.97594712315282,0.0,1,0,0.0,0.0,0.0,0.0,-20.276101445571292,-25.947934192469155,-20.97933351461036,-25.070280450553277,-1.9175420363147109,-2.174206019881523,-1.9493649676785132,-2.134490091072506
powertrain_simple_cvt,SimpleCVT,EngineModelType_SIMPLE_MAP,TransmissionModelType_AUTOMATIC_SIMPLE_CVT,3.2199999999999536,17.915003371181797,0.63242238931293,-0.14592826243441073,10.392443860679958,3.014807016933716e-06,-0.09972083715278658,10.391332169624594,1.470016500399072,-1.5721677833268912,0.009148548980479072,-0.01794793735800892,0.0,0.45,0.0,152.97594712315282,1460.8126895288508,568.59,0.0,1.0,601.4080950535197,152.98787921336012,0.0,1,0,0.0,0.0,0.0,0.0,-21.13101304690544,-24.884702821354047,-22.921875757284056,-23.629688873307618,-1.9555524612875104,-2.125295743113244,-2.0365359554026172,-2.068543534199079
powertrain_simple_cvt,SimpleCVT,EngineModelType_SIMPLE_MAP,TransmissionModelType_AUTOMATIC_SIMPLE_CVT,3.2249999999999535,17.96696001969891,0.63241883320572,-0.14642874125728766,10.39132970342234,-0.0007112214420150519,-0.10009576457538866,10.389596752973342,-0.3470833302504491,-1.5721693061236814,0.009188870647004785,-0.017960922927941807,0.0,0.45,0.0,152.98787921336012,1460.9266325971253,568.59,0.0,1.0,596.1410040444439,153.0225912514966,0.0,1,0,0.0,0.0,0.0,0.0,-22.820486757092578,-23.590488473726303,-24.85279308490128,-22.155289081967204,-2.0321234771781636,-2.0669490642773583,-2.1240404943775086,-2.00203796038927
powertrain_simple_cvt,SimpleCVT,EngineModelType_SIMPLE_MAP,TransmissionModelType_AUTOMATIC_SIMPLE_CVT,3.2299999999999534,18.01891940972057,0.6324155272834402,-0.14692670867196173,10.39187800433243,-0.0006611844559612804,-0.09959348293481458,10.389792906684422,0.039230742216035126,-1.5721702734160157,0.009353718859753932,-0.017982134228072065,0.0,0.45,0.0,153.0225912514966,1461.2581081443782,568.59,0.0,1.0,591.6151538185104,153.0524182443038,0.0,1,0,0.0,0.0,0.0,0.0,-24.608101937698866,-22.243009229525647,-26.635422780428563,-20.671263113365093,-2.1129526068883675,-2.005986368624312,-2.2046424098088657,-1.9349008805287147
powertrain_simple_cvt,SimpleCVT,EngineModelType_SIMPLE_MAP,TransmissionModelType_AUTOMATIC_SIMPLE_CVT,3.2349999999999532,18.070966246852425,0.6324113275834191,-0.14742315721237517,10.409367426371011,-0.0008399400042067788,-0.09928970808268774,10.407964505096631,3.634319682441933,-1.5721844357758081,0.009588564670301508,-0.017987334823437458,0.0,0.45,0.0,153.0524182443038,1461.5429349449482,568.59,0.0,1.0,593.5658941502843,153.03956215871986,0.0,1,0,0.0,0.0,0.0,0.0,-26.18610785500735,-20.98584960103357,-26.636775609607348,-20.016626146159524,-2.182253463205264,-1.9474715947288985,-2.2026002637523683,-1.9037129807153423
powertrain_simple_cvt,SimpleCVT,EngineModelType_SIMPLE_MAP,TransmissionModelType_AUTOMATIC_SIMPLE_CVT,3.239999999999953,18.123139345204624,0.632413461887887,-0.14791999176360987,10.43461967044005,0.0004268608935879977,-0.09936691024693887,10.433811631971292,5.169425374932256,-1.5721946358496326,0.009794497989051357,-0.017977925415329676,0.0,0.45,0.0,153.03956215871986,1461.4201683707784,568.59,0.0,1.0,598.5437093376786,153.0067565530595,0.0,1,0,0.0,0.0,0.0,0.0,-26.23974761009944,-20.448782692126812,-25.427713537459034,-20.898269640750332,-2.181740464261781,-1.9209369812261938,-2.1451694752317985,-1.9411801986244255
powertrain_simple_cvt,SimpleCVT,EngineModelType_SIMPLE_MAP,TransmissionModelType_AUTOMATIC_SIMPLE_CVT,3.244999999999953,18.175372998319805,0.6324154896186723,-0.14841612935616885,10.446730623036496,0.0004055461570507614,-0.09922751851179852,10.445631674972192,2.3640086001802065,-1.5721966317272764,0.009903538402297806,-0.01797513123001223,0.0,0.45,0.0,153.0067565530595,1461.10689791266,568.59,0.0,1.0,598.4406946590386,153.00743545711626,0.0,1,0,0.0,0.0,0.0,0.0,-25.218209287052417,-21.103420070647243,-23.95752095473924,-22.757925854569017,-2.13444901301457,-1.9493439362750207,-2.077736555042942,-2.0237723951807296
powertrain_simple_cvt,SimpleCVT,EngineModelType_SIMPLE_MAP,TransmissionModelType_AUTOMATIC_SIMPLE_CVT,3.249999999999953,18.22761503346441,0.6324122225332258,-0.1489099566189377,10.448407028920803,-0.0006534170893042028,-0.09876545255376466,10.446735481062786,0.22076121811878596,-1.5721879796268028,0.009889755384400869,-0.017985892497303486,0.0,0.45,0.0,153.00743545711626,1461.1133809688513,568.59,0.0,1.0,594.2912891440354,153.034781542884,0.0,1,0,0.0,0.0,0.0,0.0,-23.914372726861863,-22.69822418579023,-22.456549356107367,-24.647599863419465,-2.075681849580934,-2.020978808570134,-2.0101081396732483,-2.1086628159405194
powertrain_simple_cvt,SimpleCVT,EngineModelType_SIMPLE_MAP,TransmissionModelType_AUTOMATIC_SIMPLE_CVT,3.254999999999953,18.27986721114621,0.6324088866864922,-0.14940576405884815,10.450435536360496,-0.0006671693467145477,-0.09916148798209226,10.448505782592367,0.3540603059161005,-1.572175801705483,0.009750167418522259,-0.018002566729142112,0.0,0.45,0.0,153.034781542884,1461.3745168523003,568.59,0.0,1.0,590.3447932947196,153.06079038043603,0.0,1,0,0.0,0.0,0.0,0.0,-22.54595458648485,-24.451998387610224,-20.909992000098,-26.45500877071474,-2.0139578118279684,-2.099678201019024,-1.940383768291147,-2.189759462263949
powertrain_simple_cvt,SimpleCVT,EngineModelType_SIMPLE_MAP,TransmissionModelType_AUTOMATIC_SIMPLE_CVT,3.2599999999999527,18.332200117223575,0.6324047802601377,-0.14990519312385464,10.466581215472992,-0.0008212852709065309,-0.09988581300129838,10.465260518558624,3.350947193251557,-1.5721574277735626,0.009528074213789248,-0.01800497823647483,0.0,0.45,0.0,153.06079038043603,1461.622882955929,568.59,0.0,1.0,591.7987940838276,153.0512079884183,0.0,1,0,0.0,0.0,0.0,0.0,-21.218222343596008,-26.075547428900816,-20.033186569384554,-26.790432401385765,-1.9527180581481585,-2.170816504291675,-1.899508841873564,-2.202915509182663
powertrain_simple_cvt,SimpleCVT,EngineModelType_SIMPLE_MAP,TransmissionModelType_AUTOMATIC_SIMPLE_CVT,3.2649999999999526,18.384657586311498,0.6324061668575197,-0.15040720279760036,10.491493817584418,0.00027731947639407116,-0.1004019347491451,10.490858393939275,5.119575076130299,-1.5721511734859868,0.009317792238105603,-0.017990906152417024,0.0,0.45,0.0,153.0512079884183,1461.531377852553,568.59,0.0,1.0,596.6287842303731,153.01937660333746,0.0,1,0,0.0,0.0,0.0,0.0,-20.48986461142205,-26.394265778279262,-20.701207400550516,-25.735085542881386,-1.9177692634255334,-2.182235525777245,-1.9272355981030502,-2.152709934926414
powertrain_simple_cvt,SimpleCVT,EngineModelType_SIMPLE_MAP,TransmissionModelType_AUTOMATIC_SIMPLE_CVT,3.2699999999999525,18.437173194354763,0.6324096662900028,-0.1509093765347492,10.50312160865268,0.0006998864966287124,-0.10043474742976803,10.502173385601392,2.2629983324233423,-1.5721525733951167,0.009197681244883727,-0.017984093836604643,0.0,0.45,0.0,153.01937660333746,1461.2274105156885,568.59,0.0,1.0,596.373654632824,153.02105799982454,0.0,1,0,0.0,0.0,0.0,0.0,-21.01636237778939,-25.47615855581169,-22.57269103417218,-24.299967621263598,-1.9403376157227403,-2.1398828095705063,-2.00997261495413,-2.087256357896999
powertrain_simple_cvt,SimpleCVT,EngineModelType_SIMPLE_MAP,TransmissionModelType_AUTOMATIC_SIMPLE_CVT,3.2749999999999524,18.489690052303693,0.6324063853827186,-0.15141449104839028,10.50337158978585,-0.0006561814568430604,-0.10102290272821635,10.501776916336581,-0.07929385296208294,-1.5721582403130299,0.009199804764968168,-0.017993280643525403,0.0,0.45,0.0,153.02105799982454,1461.2434666694212,568.59,0.0,1.0,591.7498317941071,153.0515306676477,0.0,1,0,0.0,0.0,0.0,0.0,-22.58337667885824,-24.201596320379956,-24.500660582789134,-22.840099732255037,-2.010488871163084,-2.0828957995913746,-2.0962773728266106,-2.0219758950974334
powertrain_simple_cvt,SimpleCVT,EngineModelType_SIMPLE_MAP,TransmissionModelType_AUTOMATIC_SIMPLE_CVT,3.2799999999999523,18.54220157603298,0.632403489021406,-0.15191820738401057,10.50230474585736,-0.0005792722625318687,-0.10074326712405694,10.50025484053069,-0.30441516117819073,-1.5721601786144748,0.009329343524643059,-0.018013162568696523,0.0,0.45,0.0,153.0515306676477,1461.534459212217,568.59,0.0,1.0,586.7330395698167,153.08459314610351,0.0,1,0,0.0,0.0,0.0,0.0,-24.36618289280892,-22.859579224607845,-26.419431237198882,-21.31450983052331,-2.090418234149471,-2.022995769224619,-2.1823037561374385,-1.9538519132604883
powertrain_simple_cvt,SimpleCVT,EngineModelType_SIMPLE_MAP,TransmissionModelType_AUTOMATIC_SIMPLE_CVT,3.284999999999952,18.59477214100952,0.6323990684567217,-0.1524208521844743,10.51411299530847,-0.0008841129368668934,-0.10052896009274663,10.512471947930067,2.4434214798752927,-1.5721736251956957,0.009550104442763397,-0.0180235581226125,0.0,0.45,0.0,153.08459314610351,1461.8501826248435,568.59,0.0,1.0,586.5795998499226,153.08560436945228,0.0,1,0,0.0,0.0,0.0,0.0,-26.08320404573771,-21.5337838756541,-27.039537307470233,-20.32002501861471,-2.1659006218328587,-1.9625447842609713,-2.2086480367048287,-1.908290628839885
powertrain_simple_cvt,SimpleCVT,EngineModelType_SIMPLE_MAP,TransmissionModelType_AUTOMATIC_SIMPLE_CVT,3.289999999999952,18.647471744155627,0.6324005282162268,-0.15292283871853266,10.539920629221166,0.00029195190102264694,-0.10039730681167064,10.5391131514066,5.328240695306732,-1.5721872062084585,0.009771101092423956,-0.018013771994806218,0.0,0.45,0.0,153.08560436945228,1461.859839096515,568.59,0.0,1.0,591.6948596991008,153.05189295367143,0.0,1,0,0.0,0.0,0.0,0.0,-26.639481084764824,-20.721397800248006,-26.060109465115758,-20.696832219838235,-2.1877557420531435,-1.9238903393913172,-2.161923708545015,-1.9227950511949845
powertrain_simple_cvt,SimpleCVT,EngineModelType_SIMPLE_MAP,TransmissionModelType_AUTOMATIC_SIMPLE_CVT,3.294999999999952,18.70025136633304,0.632403876192844,-0.15342374723748714,10.55592443548209,0.000669595323438001,-0.10018170379089918,10.554951715757666,3.167712870213247,-1.5721944930782077,0.009906604494995502,-0.01800747655832566,0.0,0.45,0.0,153.05189295367143,1461.537918788906,568.59,0.0,1.0,593.1232609348226,153.04247927198585,0.0,1,0,0.0,0.0,0.0,0.0,-25.779360411225113,-21.084712149470988,-24.60491743025856,-22.42043521876979,-2.147681371118913,-1.9386784995183857,-2.09539588733671,-1.9981440742709893
powertrain_simple_cvt,SimpleCVT,EngineModelType_SIMPLE_MAP,TransmissionModelType_AUTOMATIC_SIMPLE_CVT,3.299999999999952,18.75304860991315,0.6324019671053844,-0.15392184158437625,10.559448716022485,-0.0003818174919069258,-0.09961886937781912,10.557987270568265,0.6071109621199741,-1.5721907688085293,0.009923683142453302,-0.018012759492555836,0.0,0.45,0.0,153.04247927198585,1461.4480247505287,568.59,0.0,1.0,589.799175834269,153.06438619719,0.0,1,0,0.0,0.0,0.0,0.0,-24.5047452796207,-22.51250739423973,-23.11563695166715,-24.310413081916984,-2.0906226264349344,-2.0019549137023986,-2.028798153021808,-2.081973563184448
powertrain_simple_cvt,SimpleCVT,EngineModelType_SIMPLE_MAP,TransmissionModelType_AUTOMATIC_SIMPLE_CVT,3.3049999999999518,18.805851073696324,0.632399254188174,-0.1544205031667862,10.560492756634805,-0.0005425834420780924,-0.09973231648199167,10.558664383798389,0.13542264602471055,-1.5721828006530068,0.009812444855765408,-0.018026517245743383,0.0,0.45,0.0,153.06438619719,1461.65722047658,568.59,0.0,1.0,585.5890415408121,153.09213250761113,0.0,1,0,0.0,0.0,0.0,0.0,-23.143116220124554,-24.25494597916815,-21.55353024832922,-26.195658180860775,-2.029955107629281,-2.079435684412861,-1.9592125950352859,-2.1658046256375374
powertrain_simple_cvt,SimpleCVT,EngineModelType_SIMPLE_MAP,TransmissionModelType_AUTOMATIC_SIMPLE_CVT,3.3099999999999516,18.85870905428244,0.632396065178288,-0.1549229333391168,10.571596117223216,-0.0006378019772026095,-0.10048603446612105,10.570098792294928,2.28688169930789,-1.5721674912115666,0.009600883570652675,-0.018032509285381595,0.0,0.45,0.0,153.09213250761113,1461.9221782239451,568.59,0.0,1.0,585.1783293633611,153.09483924967085,0.0,1,0,0.0,0.0,0.0,0.0,-21.77416418004746,-25.952220432790767,-20.38421749706003,-27.10031880229794,-1.9679833603506791,-2.1537213247484392,-1.9061924576192972,-2.204760717514066
powertrain_simple_cvt,SimpleCVT,EngineModelType_SIMPLE_MAP,TransmissionModelType_AUTOMATIC_SIMPLE_CVT,3.3149999999999515,18.91169349046223,0.6323959740099957,-0.15542825774394123,10.596887235958143,-1.8233658450542232e-05,-0.1010648809648873,10.596296041580569,5.239449857128276,-1.5721599999071474,0.009374477040988849,-0.018017022669074907,0.0,0.45,0.0,153.09483924967085,1461.9480257066539,568.59,0.0,1.0,590.0834715363501,153.0625125855065,0.0,1,0,0.0,0.0,0.0,0.0,-20.828902174737436,-26.678323115775157,-20.556640100875313,-26.316867164451747,-1.9236719221039424,-2.183068497039917,-1.9115982741041335,-2.167039485500377
powertrain_simple_cvt,SimpleCVT,EngineModelType_SIMPLE_MAP,TransmissionModelType_AUTOMATIC_SIMPLE_CVT,3.3199999999999514,18.964757898596517,0.632399833103523,-0.1559370732132479,10.612881626857314,0.0007718187054662658,-0.10176309386133625,10.61211493266512,3.163778216910341,-1.5721597319052527,0.00922600542018256,-0.018005546208035222,0.0,0.45,0.0,153.0625125855065,1461.639328802928,568.59,0.0,1.0,591.5397429103266,153.05291522951183,0.0,1,0,0.0,0.0,0.0,0.0,-21.008334072266713,-25.967055831099927,-22.259941650766212,-24.909359994269916,-1.9302402247992736,-2.149810345294618,-1.9856608836282308,-2.102976017087658
powertrain_simple_cvt,SimpleCVT,EngineModelType_SIMPLE_MAP,TransmissionModelType_AUTOMATIC_SIMPLE_CVT,3.3249999999999513,19.017834249757875,0.6323977428145525,-0.15644966173656016,10.615270232271575,-0.00041805779409108965,-0.10251770466245022,10.61398850954461,0.37471537589795734,-1.5721623864467043,0.009195485951970145,-0.018006966042052902,0.0,0.45,0.0,153.05291522951183,1461.5476808040983,568.59,0.0,1.0,587.8450182472158,153.07726480372435,0.0,1,0,0.0,0.0,0.0,0.0,-22.37604266262551,-24.735590559441043,-24.197488060874846,-23.451912784414812,-1.9906268918336,-2.095088240714521,-2.0712654936059405,-2.0382575605284248
powertrain_simple_cvt,SimpleCVT,EngineModelType_SIMPLE_MAP,TransmissionModelType_AUTOMATIC_SIMPLE_CVT,3.329999999999951,19.070903338253608,0.6323953837937233,-0.15696225023242086,10.613817699146185,-0.0004718041658515813,-0.10251769917213946,10.611974687107468,-0.40276448742845056,-1.5721613566517483,0.009292552825425446,-0.018021710204313597,0.0,0.45,0.0,153.07726480372435,1461.7802021099844,568.59,0.0,1.0,582.7866053105809,153.11060157775464,0.0,1,0,0.0,0.0,0.0,0.0,-24.141263462304828,-23.401865383585594,-26.14011876963511,-21.93233630851553,-2.068979151893274,-2.0362384822785726,-2.1574887965737894,-1.9711674909941366
powertrain_simple_cvt,SimpleCVT,EngineModelType_SIMPLE_MAP,TransmissionModelType_AUTOMATIC_SIMPLE_CVT,3.334999999999951,19.12400410987021,0.6323922759441275,-0.1574719364795057,10.620154323320257,-0.0006215699191560748,-0.10193724941696729,10.618362617405614,1.2775860596292705,-1.5721672783648781,0.009498415046219974,-0.01803525500121296,0.0,0.45,0.0,153.11060157775464,1462.098544852404,568.59,0.0,1.0,580.6686542502181,153.12455964262415,0.0,1,0,0.0,0.0,0.0,0.0,-25.90016521312077,-22.047727095291496,-27.34037636741132,-20.68272192676642,-2.146173668404919,-1.9756896929753551,-2.20990809204306,-1.9152833994816179
powertrain_simple_cvt,SimpleCVT,EngineModelType_SIMPLE_MAP,TransmissionModelType_AUTOMATIC_SIMPLE_CVT,3.339999999999951,19.177223872347923,0.6323909152766582,-0.15798170812234674,10.643952495542663,-0.00027213349384710896,-0.10195432856820963,10.643049912588756,4.937459036628516,-1.572180263934922,0.009732308381980933,-0.018027739529931273,0.0,0.45,0.0,153.12455964262415,1462.2318345536028,568.59,0.0,1.0,584.9758353958113,153.09617375828518,0.0,1,0,0.0,0.0,0.0,0.0,-26.879217772757727,-21.044086214365173,-26.655432205363184,-20.65056886098392,-2.1867410690688636,-1.9291148865546328,-2.1768607397476307,-1.9117407498294885
powertrain_simple_cvt,SimpleCVT,EngineModelType_SIMPLE_MAP,TransmissionModelType_AUTOMATIC_SIMPLE_CVT,3.344999999999951,19.23054236199948,0.6323946743709531,-0.15849057383747642,10.66369793031098,0.0007518188589639375,-0.10177314302593746,10.662857537470904,3.961524976429671,-1.5721854914876148,0.00989622402607059,-0.018018129724555063,0.0,0.45,0.0,153.09617375828518,1461.9607693252078,568.59,0.0,1.0,587.8208131732281,153.07742432393192,0.0,1,0,0.0,0.0,0.0,0.0,-26.259959747245574,-21.100426591295914,-25.239204335423885,-22.155644079365544,-2.15724654876684,-1.9298717928479125,-2.112263019133303,-1.9763740269724368
powertrain_simple_cvt,SimpleCVT,EngineModelType_SIMPLE_MAP,TransmissionModelType_AUTOMATIC_SIMPLE_CVT,3.349999999999951,19.283889781006042,0.6323935547067727,-0.15899629157787548,10.669483801312591,-0.00022393283607866294,-0.1011435480798126,10.668169442361156,1.0623809780504927,-1.5721816151870835,0.009945536486076998,-0.018019712708383633,0.0,0.45,0.0,153.07742432393192,1461.781725415758,568.59,0.0,1.0,585.4429970359498,153.09309499381337,0.0,1,0,0.0,0.0,0.0,0.0,-25.030848754480488,-22.33246438562707,-23.7481870833195,-24.049398384360078,-2.10253177860354,-1.983676259690486,-2.0460344833051303,-2.059301913216484
powertrain_simple_cvt,SimpleCVT,EngineModelType_SIMPLE_MAP,TransmissionModelType_AUTOMATIC_SIMPLE_CVT,3.3549999999999507,19.337241007031196,0.632390953889733,-0.1595015314134551,10.670245205030614,-0.00052016340794167,-0.10104796711592494,10.668465847931424,0.059281114053534464,-1.5721718448027844,0.009868563906521433,-0.01803208889053801,0.0,0.45,0.0,153.09309499381337,1461.9313692901496,568.59,0.0,1.0,581.2321152269011,153.12084623063313,0.0,1,0,0.0,0.0,0.0,0.0,-23.682132787889522,-24.050088098489724,-22.201686415315447,-25.943925730524686,-2.0430960135835283,-2.0593028612142548,-1.9778887232018993,-2.1427182572025902
powertrain_simple_cvt,SimpleCVT,EngineModelType_SIMPLE_MAP,TransmissionModelType_AUTOMATIC_SIMPLE_CVT,3.3599999999999506,19.390625989170193,0.6323877483210967,-0.16001021784045188,10.676996427799601,-0.00064111372727284,-0.10173728539935416,10.67526264440515,1.3593592947451616,-1.5721556242878207,0.009677159121539469,-0.018043377909813946,0.0,0.45,0.0,153.12084623063313,1462.1963740811564,568.59,0.0,1.0,579.2750675356376,153.13374388400138,0.0,1,0,0.0,0.0,0.0,0.0,-22.295032104281486,-25.783130442264223,-20.8245270007366,-27.30677144723196,-1.9813749726609784,-2.134912872721649,-1.9166467902103217,-2.2019799728093052
powertrain_simple_cvt,SimpleCVT,EngineModelType_SIMPLE_MAP,TransmissionModelType_AUTOMATIC_SIMPLE_CVT,3.3649999999999505,19.44412658196431,0.6323855576783163,-0.16052192235459076,10.70011855882335,-0.0004381285560876916,-0.10234090282777333,10.69928140235062,4.803751589094065,-1.572141729345091,0.009444569009644153,-0.01803354706844482,0.0,0.45,0.0,153.13374388400138,1462.319537598427,568.59,0.0,1.0,583.3242657888109,153.1070582003965,0.0,1,0,0.0,0.0,0.0,0.0,-21.181376170623203,-26.896858144568068,-20.572917267633613,-26.856841888699215,-1.930261415536669,-2.1812787389025767,-1.9035386079234404,-2.179521271468489
powertrain_simple_cvt,SimpleCVT,EngineModelType_SIMPLE_MAP,TransmissionModelType_AUTOMATIC_SIMPLE_CVT,3.3699999999999504,19.497726726158486,0.6323889384720912,-0.16103684609400287,10.720028838835674,0.0006761587549783299,-0.1029847478824247,10.719298313940048,4.003382317885681,-1.5721392281399416,0.009271811477621341,-0.01802091624353461,0.0,0.45,0.0,153.1070582003965,1462.064708091097,568.59,0.0,1.0,586.2414305173583,153.08783302788032,0.0,1,0,0.0,0.0,0.0,0.0,-21.05825548061859,-26.44621019147282,-21.985154211743122,-25.5270484997682,-1.9231270518401602,-2.1593178774409263,-1.963759348936417,-2.119024747584627
powertrain_simple_cvt,SimpleCVT,EngineModelType_SIMPLE_MAP,TransmissionModelType_AUTOMATIC_SIMPLE_CVT,3.3749999999999503,19.551351462184055,0.6323877408530801,-0.16155573455023853,10.724947205113974,-0.0002395238022245027,-0.10377769124713002,10.723702485120294,0.8808342360492293,-1.5721390906302766,0.009210586292079572,-0.018021035220494766,0.0,0.45,0.0,153.08783302788032,1461.8811212168323,568.59,0.0,1.0,583.5943288359506,153.10527838706585,0.0,1,0,0.0,0.0,0.0,0.0,-22.19953393838486,-25.278168430871617,-23.923611837130842,-24.06695554091813,-1.9727574046483842,-2.1076595384987806,-2.0483044655394202,-2.054585617641794
powertrain_simple_cvt,SimpleCVT,EngineModelType_SIMPLE_MAP,TransmissionModelType_AUTOMATIC_SIMPLE_CVT,3.37999999999995,19.604969468604445,0.6323847654268911,-0.16207559571894,10.723601284077647,-0.0005950852377959682,-0.1039722337402972,10.72177477412553,-0.38554219895275676,-1.5721384462870178,0.009276455381804162,-0.018035125195742005,0.0,0.45,0.0,153.10527838706585,1462.0477121257354,568.59,0.0,1.0,578.6845158159555,153.13763583380435,0.0,1,0,0.0,0.0,0.0,0.0,-23.93542249083884,-23.951958328695095,-25.856781354762706,-22.565379823747367,-2.04901056638382,-2.04973527757878,-2.133217383741766,-1.9889661182557075
powertrain_simple_cvt,SimpleCVT,EngineModelType_SIMPLE_MAP,TransmissionModelType_AUTOMATIC_SIMPLE_CVT,3.38499999999995,19.658600119280052,0.6323815659675985,-0.16259265286638935,10.726130135121718,-0.000639891858529089,-0.10341142948987181,10.724089682543733,0.4629816836406163,-1.5721399724791585,0.009462218686949304,-0.018054209568058203,0.0,0.45,0.0,153.13763583380435,1462.3567029813914,568.59,0.0,1.0,575.2686610347037,153.16014755445457,0.0,1,0,0.0,0.0,0.0,0.0,-25.711593278113664,-22.584279118204044,-27.45503510013819,-21.14883771887157,-2.126611026113669,-1.9895807543383814,-2.2030038330017785,-1.9266836755640142
powertrain_simple_cvt,SimpleCVT,EngineModelType_SIMPLE_MAP,TransmissionModelType_AUTOMATIC_SIMPLE_CVT,3.38999999999995,19.71233229307201,0.6323782930839615,-0.16310903672457108,10.746434758391352,-0.0006545767273928428,-0.10327677163634694,10.745194026864276,4.220868864108685,-1.5721530992005237,0.009700525802991026,-0.018054470542345255,0.0,0.45,0.0,153.16014755445457,1462.5716740785308,568.59,0.0,1.0,578.261268870765,153.14042518452518,0.0,1,0,0.0,0.0,0.0,0.0,-27.031285600808715,-21.427806204327013,-27.17044229966063,-20.738424806927043,-2.18210998070984,-1.9370632219613475,-2.188195467172628,-1.9069157608891363
powertrain_simple_cvt,SimpleCVT,EngineModelType_SIMPLE_MAP,TransmissionModelType_AUTOMATIC_SIMPLE_CVT,3.39499999999995,19.766179646530507,0.632381061123623,-0.16362525416836074,10.769470691699155,0.0005536079322959497,-0.10324348875793081,10.768595609717089,4.680316570562681,-1.5721600375690812,0.009889640155138846,-0.018045481309016967,0.0,0.45,0.0,153.14042518452518,1462.3833393187058,568.59,0.0,1.0,582.3008482132536,153.11380289302681,0.0,1,0,0.0,0.0,0.0,0.0,-26.72733215104087,-21.182114461826092,-25.859383318828613,-21.908476968068122,-2.1662777425165154,-1.9243058191014732,-2.128403801378962,-1.9560014787820297
powertrain_simple_cvt,SimpleCVT,EngineModelType_SIMPLE_MAP,TransmissionModelType_AUTOMATIC_SIMPLE_CVT,3.3999999999999497,19.82007043820598,0.6323809123071659,-0.16413865613878004,10.778158335094766,-2.9763291434711358e-05,-0.10268039408385982,10.77685685592759,1.652249242100403,-1.572159435222263,0.00997127978715712,-0.018046416567443765,0.0,0.45,0.0,153.11380289302681,1462.1291151614018,568.59,0.0,1.0,581.0723056705859,153.12189943351189,0.0,1,0,0.0,0.0,0.0,0.0,-25.579025508012585,-22.159863883545277,-24.368453711527152,-23.786137210188105,-2.115314441576162,-1.966229780917106,-2.062530249044587,-2.037139680380894
powertrain_simple_cvt,SimpleCVT,EngineModelType_SIMPLE_MAP,TransmissionModelType_AUTOMATIC_SIMPLE_CVT,3.4049999999999496,19.87396617917171,0.6323777595766441,-0.1646506544766775,10.779148193145764,-0.0006305461043427773,-0.10239966757949605,10.777356847630868,0.09999834065546268,-1.5721506485219494,0.009927629063383165,-0.01805881334488569,0.0,0.45,0.0,153.12189943351189,1462.2064314278105,568.59,0.0,1.0,577.0471063276224,153.14842695560313,0.0,1,0,0.0,0.0,0.0,0.0,-24.238383097191125,-23.835912937897493,-22.84199358280522,-25.673615743371318,-2.0568097891157637,-2.039261819745737,-1.9959262680366434,-2.11938689684031
powertrain_simple_cvt,SimpleCVT,EngineModelType_SIMPLE_MAP,TransmissionModelType_AUTOMATIC_SIMPLE_CVT,3.4099999999999495,19.92788019016803,0.6323743945075782,-0.16516530441245103,10.78280219926399,-0.0006730138131817104,-0.1029299871547041,10.78085678590394,0.6999876546142907,-1.5721374319703856,0.009761623300831924,-0.01807472584815836,0.0,0.45,0.0,153.14842695560313,1462.4597506039383,568.59,0.0,1.0,574.0467787520353,153.16820020141304,0.0,1,0,0.0,0.0,0.0,0.0,-22.844986221592514,-25.58492878288061,-21.343115387548877,-27.337786536727446,-1.9957333854543213,-2.1151579390976543,-1.9302720664764224,-2.191558903778827
powertrain_simple_cvt,SimpleCVT,EngineModelType_SIMPLE_MAP,TransmissionModelType_AUTOMATIC_SIMPLE_CVT,3.4149999999999494,19.981890576962503,0.6323707222345988,-0.16568335277224022,10.802077358894635,-0.0007344545958741046,-0.1036096719578386,10.80090200233709,4.009043286630117,-1.5721214189531083,0.00953005668184103,-0.018072575314795565,0.0,0.45,0.0,153.16820020141304,1462.6485711926355,568.59,0.0,1.0,576.6772178378167,153.15086465476995,0.0,1,0,0.0,0.0,0.0,0.0,-21.598480685621738,-26.996466375579665,-20.721794668682833,-27.3274757418039,-1.9396554169251417,-2.174498162018318,-1.9015146431943502,-2.188898931616553
powertrain_simple_cvt,SimpleCVT,EngineModelType_SIMPLE_MAP,TransmissionModelType_AUTOMATIC_SIMPLE_CVT,3.4199999999999493,20.03601612015396,0.6323728228344195,-0.16620429587856567,10.82510863829162,0.00042011996414478186,-0.10418862126508863,10.824378577289814,4.69531499054493,-1.572118554429287,0.00933483232976074,-0.018059598644859606,0.0,0.45,0.0,153.15086465476995,1462.4830289162685,568.59,0.0,1.0,580.6998215777421,153.12435423864315,0.0,1,0,0.0,0.0,0.0,0.0,-21.17300732428975,-26.897464475184407,-21.738541353498334,-26.137070206550256,-1.9191470965878592,-2.1676530404624583,-1.9436976459267985,-2.1346433610356095
powertrain_simple_cvt,SimpleCVT,EngineModelType_SIMPLE_MAP,TransmissionModelType_AUTOMATIC_SIMPLE_CVT,3.424999999999949,20.090182544472132,0.6323729956445401,-0.16672889665022916,10.83328486363422,3.4562024099034534e-05,-0.10492015433270196,10.83210705126479,1.5456947949953888,-1.5721193568468543,0.009243041752610762,-0.018057554263553054,0.0,0.45,0.0,153.12435423864315,1462.2298730900684,568.59,0.0,1.0,579.332322143202,153.13336655539288,0.0,1,0,0.0,0.0,0.0,0.0,-22.029783650922756,-25.830546142745945,-23.647345523551856,-24.6784366598917,-1.9556585148740657,-2.120536713220451,-2.0258288261857196,-2.0705578639133813
powertrain_simple_cvt,SimpleCVT,EngineModelType_SIMPLE_MAP,TransmissionModelType_AUTOMATIC_SIMPLE_CVT,3.429999999999949,20.144345036952917,0.6323695654226349,-0.16725536505430685,10.832498496156955,-0.0006860443810348458,-0.10529368081553835,10.830751005447716,-0.27120916341481527,-1.572121523395812,0.009275841847138162,-0.018069388017287073,0.0,0.45,0.0,153.13336655539288,1462.3159343756342,568.59,0.0,1.0,574.726201752251,153.16372255767124,0.0,1,0,0.0,0.0,0.0,0.0,-23.711818575924074,-24.511355313984005,-25.57028582237224,-23.193165318899958,-2.0287544735561145,-2.063442955732963,-2.109385425063239,-2.0062523252422024
powertrain_simple_cvt,SimpleCVT,EngineModelType_SIMPLE_MAP,TransmissionModelType_AUTOMATIC_SIMPLE_CVT,3.434999999999949,20.19850855979292,0.6323662790563548,-0.167779766608084,10.83270456800056,-0.0006572732560187525,-0.10488031075542648,10.8305969793851,-0.030805212523433257,-1.5721229990882504,0.009434589709407694,-0.01808965937155605,0.0,0.45,0.0,153.16372255767124,1462.6058128445407,568.59,0.0,1.0,570.5750403403978,153.1910802154354,0.0,1,0,0.0,0.0,0.0,0.0,-25.49504413552971,-23.14093600637662,-27.38907262007138,-21.69185770216949,-2.106136740392825,-2.0040005966516663,-2.188311710671948,-1.9411303877016892
powertrain_simple_cvt,SimpleCVT,EngineModelType_SIMPLE_MAP,TransmissionModelType_AUTOMATIC_SIMPLE_CVT,3.439999999999949,20.252748623820583,0.6323621782191514,-0.1683024853010963,10.84801280553258,-0.0008201674406717479,-0.10454373860245622,10.846478962217413,3.176396566462781,-1.572136437010976,0.00966900320666442,-0.018096457833856557,0.0,0.45,0.0,153.1910802154354,1462.8670592324158,568.59,0.0,1.0,571.787602556927,153.18308899108965,0.0,1,0,0.0,0.0,0.0,0.0,-27.06175037799995,-21.86909925762465,-27.622976772933647,-20.938583199727987,-2.1723912015058664,-1.9474309383675767,-2.196705108710037,-1.907118363463891
powertrain_simple_cvt,SimpleCVT,EngineModelType_SIMPLE_MAP,TransmissionModelType_AUTOMATIC_SIMPLE_CVT,3.4449999999999488,20.307112943805524,0.6323633037153021,-0.16882567558924003,10.872863996988055,0.00022509923015257477,-0.10463805762874559,10.871999234748476,5.104054506212671,-1.5721476795525688,0.009879911712561865,-0.018087010920979262,0.0,0.45,0.0,153.18308899108965,1462.7907486610566,568.59,0.0,1.0,576.4296343547751,153.15249631962834,0.0,1,0,0.0,0.0,0.0,0.0,-27.163743427404512,-21.337241619005216,-26.47637547272958,-21.6973722936491,-2.1740474553880595,-1.922219512739187,-2.1443386414958163,-1.9377847643880548
powertrain_simple_cvt,SimpleCVT,EngineModelType_SIMPLE_MAP,TransmissionModelType_AUTOMATIC_SIMPLE_CVT,3.4499999999999487,20.361538385116454,0.6323650216426876,-0.1693477878788564,10.885088262185796,0.0003435854770806467,-0.104422457923273,10.883929033331487,2.385959716602366,-1.572150240340098,0.009993496057991533,-0.018084188390597094,0.0,0.45,0.0,153.15249631962834,1462.4986101679294,568.59,0.0,1.0,576.5485587757927,153.15171256460476,0.0,1,0,0.0,0.0,0.0,0.0,-26.138482677362394,-22.0190519407895,-24.990931853287123,-23.51331993695278,-2.128496241796334,-1.9506449808052382,-2.078952172684748,-2.0151581294344516
powertrain_simple_cvt,SimpleCVT,EngineModelType_SIMPLE_MAP,TransmissionModelType_AUTOMATIC_SIMPLE_CVT,3.4549999999999486,20.41597299519358,0.6323617058558033,-0.16986774720739123,10.886922015425405,-0.0006631573768659097,-0.10399186570696498,10.885255605102719,0.2653143542463766,-1.5721431928004876,0.009984187133604352,-0.018093381744428583,0.0,0.45,0.0,153.15171256460476,1462.4911258587592,568.59,0.0,1.0,572.9215024594522,153.17561617989432,0.0,1,0,0.0,0.0,0.0,0.0,-24.80790572829681,-23.61797396063179,-23.478295067459854,-25.395352945595803,-2.0709197215600583,-2.019552169165269,-2.0135224428747143,-2.096278928309361
powertrain_simple_cvt,SimpleCVT,EngineModelType_SIMPLE_MAP,TransmissionModelType_AUTOMATIC_SIMPLE_CVT,3.4599999999999485,20.470417019392283,0.6323584290251748,-0.17038933689710486,10.888804839740663,-0.0006553661256935499,-0.10431793794272785,10.886867629407494,0.3224048609549681,-1.572131637910124,0.009848065879199211,-0.01810876660575912,0.0,0.45,0.0,153.17561617989432,1462.719388570625,568.59,0.0,1.0,569.3746120775769,153.1989914726298,0.0,1,0,0.0,0.0,0.0,0.0,-23.417820872801208,-25.369603846683987,-21.925269834504405,-27.21309830274995,-2.0107621772129667,-2.095005216684682,-1.946340549544675,-2.174574297010915
powertrain_simple_cvt,SimpleCVT,EngineModelType_SIMPLE_MAP,TransmissionModelType_AUTOMATIC_SIMPLE_CVT,3.4649999999999483,20.524933166418776,0.6323535018306182,-0.17091293035239674,10.903229405299028,-0.000985438911310684,-0.10471869105837749,10.901858693664444,2.9982128513901003,-1.5721156657056055,0.00962641517855794,-0.018110899688881393,0.0,0.45,0.0,153.1989914726298,1462.9426061737292,568.59,0.0,1.0,570.2706653691713,153.19308615677775,0.0,1,0,0.0,0.0,0.0,0.0,-22.079975612173023,-26.97108944139975,-20.974905705834313,-27.733648497996953,-1.9517074869251148,-2.162527903235345,-1.9040759441231216,-2.19539628933021
powertrain_simple_cvt,SimpleCVT,EngineModelType_SIMPLE_MAP,TransmissionModelType_AUTOMATIC_SIMPLE_CVT,3.4699999999999482,20.57957171795269,0.6323546298503904,-0.17143929823717113,10.927710306782576,0.0002256039544316379,-0.10527357695487734,10.927005050319812,5.029271331073667,-1.5721118978253807,0.009413734747086162,-0.01809697320647874,0.0,0.45,0.0,153.19308615677775,1462.8862145612272,568.59,0.0,1.0,574.7854652302806,153.16333198987851,0.0,1,0,0.0,0.0,0.0,0.0,-21.37641556461794,-27.300138011653516,-21.53270763927246,-26.748134162254495,-1.9192617398415113,-2.174002829924612,-1.9259828537736412,-2.1502647051925283
powertrain_simple_cvt,SimpleCVT,EngineModelType_SIMPLE_MAP,TransmissionModelType_AUTOMATIC_SIMPLE_CVT,3.474999999999948,20.634269958217683,0.6323573608717614,-0.17196565786863777,10.939648052999022,0.000546204274208839,-0.10527192629332752,10.938709002781543,2.3407904923463505,-1.572115974054433,0.009290711625413292,-0.018088489288407027,0.0,0.45,0.0,153.16333198987851,1462.6020831968515,568.59,0.0,1.0,574.8181842211754,153.1631163598737,0.0,1,0,0.0,0.0,0.0,0.0,-21.92131977954898,-26.382034089531093,-23.351123634423054,-25.30062436790419,-1.9416859120935317,-2.133307213448892,-2.00310676452086,-2.0868525149956043
powertrain_simple_cvt,SimpleCVT,EngineModelType_SIMPLE_MAP,TransmissionModelType_AUTOMATIC_SIMPLE_CVT,3.479999999999948,20.688969894988638,0.6323542147297156,-0.17249473464000786,10.9399873541911,-0.0006292284091649427,-0.10581535427402017,10.938392545499745,-0.06329145635959456,-1.5721243556801388,0.009290081851427979,-0.018096141165118554,0.0,0.45,0.0,153.1631163598737,1462.6000240819826,568.59,0.0,1.0,570.7224223996835,153.19010891426487,0.0,1,0,0.0,0.0,0.0,0.0,-23.499199756174807,-25.079802257229503,-25.272113888017934,-23.827959110829774,-2.0094969548308574,-2.0773977100977885,-2.085659183155332,-2.023620055653009
powertrain_simple_cvt,SimpleCVT,EngineModelType_SIMPLE_MAP,TransmissionModelType_AUTOMATIC_SIMPLE_CVT,3.484999999999948,20.743665089668667,0.6323507066757565,-0.17302286483452156,10.939038936005884,-0.0007016107918186272,-0.10562603890273722,10.937061539068146,-0.2662012863197617,-1.5721290580410752,0.00941671984923612,-0.01811287015904491,0.0,0.45,0.0,153.19010891426487,1462.8577839894645,568.59,0.0,1.0,566.2649559227723,153.21948523338898,0.0,1,0,0.0,0.0,0.0,0.0,-25.2796185568471,-23.71525805027188,-27.184602387178778,-22.29683034998071,-2.0861137351591195,-2.0189025377626453,-2.167959475779239,-1.957961198630013
powertrain_simple_cvt,SimpleCVT,EngineModelType_SIMPLE_MAP,TransmissionModelType_AUTOMATIC_SIMPLE_CVT,3.489999999999948,20.79841146260068,0.6323468631438192,-0.173549015963936,10.949274586402694,-0.0007687063874670689,-0.10523022588288387,10.947538833369395,2.0954588602496664,-1.5721442110104595,0.009639142406691838,-0.018123900770588695,0.0,0.45,0.0,153.21948523338898,1463.1383071733712,568.59,0.0,1.0,565.727784357781,153.22302538863178,0.0,1,0,0.0,0.0,0.0,0.0,-26.978991263210677,-22.376043982198176,-27.95899920621232,-21.25054211534287,-2.1580162616953134,-1.9604444640274281,-2.200081034373972,-1.912134671727515
powertrain_simple_cvt,SimpleCVT,EngineModelType_SIMPLE_MAP,TransmissionModelType_AUTOMATIC_SIMPLE_CVT,3.4949999999999477,20.853282744538532,0.6323469701796701,-0.17407418134730554,10.974256387570323,2.140717019302854e-05,-0.10503307667391075,10.973467903914658,5.18581410905281,-1.5721609222903075,0.009863370307788309,-0.018112239737428266,0.0,0.45,0.0,153.22302538863178,1463.1721131657434,568.59,0.0,1.0,570.3599799165991,153.19249754154947,0.0,1,0,0.0,0.0,0.0,0.0,-27.525773542381945,-21.588443308986044,-27.051944430883843,-21.560582206505742,-2.178694019139664,-1.924448825085973,-2.1584039612069725,-1.9232557717895926
powertrain_simple_cvt,SimpleCVT,EngineModelType_SIMPLE_MAP,TransmissionModelType_AUTOMATIC_SIMPLE_CVT,3.4999999999999476,20.908232558608695,0.6323503325443051,-0.17459926319979796,10.989962814032515,0.0006724729269910268,-0.1050163704984867,10.9889351841881,3.0934560546882697,-1.5721694794183318,0.010002638768187246,-0.018105737146926783,0.0,0.45,0.0,153.19249754154947,1462.8805936998374,568.59,0.0,1.0,571.747990679075,153.18335004771697,0.0,1,0,0.0,0.0,0.0,0.0,-26.65589305073922,-22.018587316633507,-25.585408257129743,-23.229395254223153,-2.139837840027063,-1.9415411053632965,-2.0940626310476813,-1.9933166996621916
powertrain_simple_cvt,SimpleCVT,EngineModelType_SIMPLE_MAP,TransmissionModelType_AUTOMATIC_SIMPLE_CVT,3.5049999999999475,20.963199894208007,0.6323477040666992,-0.17512178504063391,10.99346711986226,-0.0005256955211745879,-0.10450436816719016,10.992033371869427,0.6196375362655847,-1.5721664525854406,0.010021625657130292,-0.01810895763270245,0.0,0.45,0.0,153.18335004771697,1462.7932415682167,568.59,0.0,1.0,568.8131402338412,153.202691775514,0.0,1,0,0.0,0.0,0.0,0.0,-25.351644723707317,-23.474709257088755,-24.07553137083272,-25.112341646737626,-2.083761070645663,-2.0035236890870167,-2.0292083191911074,-2.0735310693289066
powertrain_simple_cvt,SimpleCVT,EngineModelType_SIMPLE_MAP,TransmissionModelType_AUTOMATIC_SIMPLE_CVT,3.5099999999999474,21.018173427792508,0.6323453843633018,-0.17564503837499593,10.994706716900305,-0.0004639406794816848,-0.10465066687240314,10.992859338350952,0.1651932963049809,-1.572158900776471,0.009913514783140256,-0.01812166962014217,0.0,0.45,0.0,153.202691775514,1462.977941463427,568.59,0.0,1.0,565.1251821557057,153.2269967554799,0.0,1,0,0.0,0.0,0.0,0.0,-23.965885979649343,-25.21725922264291,-22.510075007348075,-26.98481565303617,-2.0244440936807786,-2.077935207210381,-1.9622140992062944,-2.1534910513340435
powertrain_simple_cvt,SimpleCVT,EngineModelType_SIMPLE_MAP,TransmissionModelType_AUTOMATIC_SIMPLE_CVT,3.5149999999999473,21.073197904857928,0.6323418420998532,-0.17617198355635685,11.004895413083599,-0.000708452689715977,-0.1053890362721877,11.003388568341755,2.105845998160705,-1.5721432165810283,0.009702614287541473,-0.018126464432542906,0.0,0.45,0.0,153.2269967554799,1463.2100369256261,568.59,0.0,1.0,564.5889637544943,153.23053062902795,0.0,1,0,0.0,0.0,0.0,0.0,-22.586846119258574,-26.888508348357902,-21.30971371413427,-27.98422749458765,-1.9645718612515652,-2.1482744605826,-1.9100318880932463,-2.195067175718984
powertrain_simple_cvt,SimpleCVT,EngineModelType_SIMPLE_MAP,TransmissionModelType_AUTOMATIC_SIMPLE_CVT,3.519999999999947,21.128344988698032,0.6323419900127054,-0.1767022180141839,11.0294167680212,2.9582570434013612e-05,-0.10604689156540831,11.028753256323725,5.072937596394064,-1.572134475946481,0.009476011907243198,-0.018111227319857804,0.0,0.45,0.0,153.23053062902795,1463.243782932232,568.59,0.0,1.0,569.0433070238196,153.20117489297343,0.0,1,0,0.0,0.0,0.0,0.0,-21.67794379216767,-27.5676910271744,-21.443494115433868,-27.27095643571545,-1.9236280430971489,-2.1745713874087795,-1.913638890149689,-2.1619284729028614
powertrain_simple_cvt,SimpleCVT,EngineModelType_SIMPLE_MAP,TransmissionModelType_AUTOMATIC_SIMPLE_CVT,3.524999999999947,21.183568766494734,0.6323451022716189,-0.17723560842183397,11.044755559340535,0.0006224517826976528,-0.10667808153001486,11.043957402694117,3.0408292740784697,-1.572133162790051,0.00932875023128885,-0.018099118641483638,0.0,0.45,0.0,153.20117489297343,1462.9634563021614,568.59,0.0,1.0,570.3236438636471,153.19273700930384,0.0,1,0,0.0,0.0,0.0,0.0,-21.95941529296568,-26.822435761323174,-23.097722490842276,-25.856322674861044,-1.9343325829604678,-2.141245126603903,-1.982765452880061,-2.1001387982493758
powertrain_simple_cvt,SimpleCVT,EngineModelType_SIMPLE_MAP,TransmissionModelType_AUTOMATIC_SIMPLE_CVT,3.529999999999947,21.23880290791046,0.6323435364680637,-0.17777249623217573,11.046828283145866,-0.0003131607110319879,-0.1073775620683514,11.045462985926692,0.3011166465150048,-1.5721343440477038,0.009300773320846986,-0.018101012028438425,0.0,0.45,0.0,153.19273700930384,1462.8828804484465,568.59,0.0,1.0,566.9444292075515,153.21500725825373,0.0,1,0,0.0,0.0,0.0,0.0,-23.37804811845766,-25.559837280567937,-25.02604060670746,-24.380624914989568,-1.9945572064167851,-2.087375654007609,-2.0646666867722265,-2.0372091837300585
powertrain_simple_cvt,SimpleCVT,EngineModelType_SIMPLE_MAP,TransmissionModelType_AUTOMATIC_SIMPLE_CVT,3.534999999999947,21.294030816326206,0.6323412023592239,-0.17830934958122543,11.045581683149015,-0.00046682176797252376,-0.10737066980994084,11.043735881681172,-0.3454208491039242,-1.5721319993642793,0.00939982616555246,-0.018114372015936218,0.0,0.45,0.0,153.21500725825373,1463.0955456607023,568.59,0.0,1.0,562.4644883353201,153.24453169178602,0.0,1,0,0.0,0.0,0.0,0.0,-25.143417696822773,-24.202145487752468,-26.95959404189642,-22.84980511441155,-2.0698274662050733,-2.0297772679948998,-2.147103966991888,-1.9722365274120885
powertrain_simple_cvt,SimpleCVT,EngineModelType_SIMPLE_MAP,TransmissionModelType_AUTOMATIC_SIMPLE_CVT,3.5399999999999467,21.349288277577173,0.6323388208153714,-0.17884371526302653,11.051492250193723,-0.000476308770488825,-0.10687313636021713,11.049624576791615,1.177739022088556,-1.5721365805122476,0.00960926994041319,-0.01812820286625681,0.0,0.45,0.0,153.24453169178602,1463.3774832330214,568.59,0.0,1.0,560.5026424795263,153.25746096679703,0.0,1,0,0.0,0.0,0.0,0.0,-26.87655394321886,-22.837600220859983,-28.206146782978,-21.589842075859032,-2.1429612481536093,-1.9711993624038664,-2.1995039542936063,-1.9181367856383673
powertrain_simple_cvt,SimpleCVT,EngineModelType_SIMPLE_MAP,TransmissionModelType_AUTOMATIC_SIMPLE_CVT,3.5449999999999466,21.404662020385224,0.6323376607346965,-0.17937804838561158,11.07474856160984,-0.00023201613496927787,-0.10686662451700764,11.073807298230916,4.836544287860281,-1.5721470516698433,0.009844751569051279,-0.01812013557073182,0.0,0.45,0.0,153.25746096679703,1463.500948714737,568.59,0.0,1.0,564.4834301407013,153.2312261337801,0.0,1,0,0.0,0.0,0.0,0.0,-27.755758873347414,-21.883579579391853,-27.585654937549794,-21.548022553684202,-2.177772986592383,-1.9285960796878772,-2.1705548874076452,-1.9143572328185428
powertrain_simple_cvt,SimpleCVT,EngineModelType_SIMPLE_MAP,TransmissionModelType_AUTOMATIC_SIMPLE_CVT,3.5499999999999465,21.460130132224887,0.632341702712485,-0.1799118057697997,11.093622367932669,0.0008083955576926197,-0.10675147683762468,11.092666571051755,3.771854564167834,-1.572149392560156,0.010007539129848707,-0.018111776119998875,0.0,0.45,0.0,153.2312261337801,1463.250424513387,568.59,0.0,1.0,566.9841332799456,153.21474559403094,0.0,1,0,0.0,0.0,0.0,0.0,-27.08201915226158,-22.055878487089274,-26.16700226355622,-23.023027868606242,-2.147230083779676,-1.9343161299132583,-2.108468760409088,-1.975285854502369
powertrain_simple_cvt,SimpleCVT,EngineModelType_SIMPLE_MAP,TransmissionModelType_AUTOMATIC_SIMPLE_CVT,3.5549999999999464,21.515624389099965,0.6323406962451686,-0.18044274090271117,11.098851375016043,-0.00020129346327357918,-0.10618702658229194,11.09746566897459,0.9598195845669215,-1.5721425317024895,0.010053843495443476,-0.018113607521139396,0.0,0.45,0.0,153.21474559403094,1463.093046951433,568.59,0.0,1.0,564.7362998412609,153.229559630833,0.0,1,0,0.0,0.0,0.0,0.0,-25.81962793187227,-23.356320824694045,-24.65630455221705,-24.906232583484897,-2.0932805315276855,-1.9889767162071192,-2.044021928491115,-2.054604631370845
powertrain_simple_cvt,SimpleCVT,EngineModelType_SIMPLE_MAP,TransmissionModelType_AUTOMATIC_SIMPLE_CVT,3.5599999999999463,21.571123418555224,0.6323390034395961,-0.18097339996863807,11.099805891051757,-0.00033856111449795737,-0.10613181318537908,11.097956255795545,0.09811736419109916,-1.572130172528077,0.009973942326228669,-0.018126151057184247,0.0,0.45,0.0,153.229559630833,1463.2345105824845,568.59,0.0,1.0,561.0377228650261,153.2539345931848,0.0,1,0,0.0,0.0,0.0,0.0,-24.445651522127616,-25.078649999437523,-23.099690782435573,-26.790868473134225,-2.035056490175752,-2.0618583605050382,-1.9780669925598275,-2.1343556241674286
powertrain_simple_cvt,SimpleCVT,EngineModelType_SIMPLE_MAP,TransmissionModelType_AUTOMATIC_SIMPLE_CVT,3.564999999999946,21.626655863927443,0.6323363070742798,-0.18150725070082274,11.106489074443953,-0.0005392730632742999,-0.10677014643693797,11.104720257769612,1.3528003948135425,-1.572111019789393,0.009779087096485903,-0.018136810686650802,0.0,0.45,0.0,153.2539345931848,1463.4672743272426,568.59,0.0,1.0,559.3490916708502,153.26506328458385,0.0,1,0,0.0,0.0,0.0,0.0,-23.04745944056191,-26.78765084666348,-21.725453706295397,-28.16142952023273,-1.9752610547341471,-2.133528521264648,-1.9193199341915386,-2.191660431274585
powertrain_simple_cvt,SimpleCVT,EngineModelType_SIMPLE_MAP,TransmissionModelType_AUTOMATIC_SIMPLE_CVT,3.569999999999946,21.68230187507798,0.6323352072154809,-0.1820441491154248,11.129202230107262,-0.00021997175977656698,-0.10737968292041337,11.128287217964933,4.713392039064346,-1.5720958459195828,0.009546381640133488,-0.01812731736558057,0.0,0.45,0.0,153.26506328458385,1463.5735455020208,568.59,0.0,1.0,563.1348253652669,153.24011392788034,0.0,1,0,0.0,0.0,0.0,0.0,-21.990852094282207,-27.782592449181486,-21.486623133076453,-27.758785797404087,-1.928579681374627,-2.1731401190647737,-1.9072882477308146,-2.172134865924637
powertrain_simple_cvt,SimpleCVT,EngineModelType_SIMPLE_MAP,TransmissionModelType_AUTOMATIC_SIMPLE_CVT,3.574999999999946,21.738041906709856,0.6323385042161379,-0.18258432721326345,11.148006326375311,0.0006594001314075564,-0.10803561956773299,11.147187816277247,3.780119662462847,-1.5720913840321378,0.009377404905597533,-0.018115370450037343,0.0,0.45,0.0,153.24011392788034,1463.3352966952411,568.59,0.0,1.0,565.6221191305746,153.22372176076394,0.0,1,0,0.0,0.0,0.0,0.0,-22.01476872959507,-27.248983927540895,-22.88079577627538,-26.42440509572526,-1.9280134143726562,-2.148657200236143,-1.9645200307446213,-2.113897797285707
powertrain_simple_cvt,SimpleCVT,EngineModelType_SIMPLE_MAP,TransmissionModelType_AUTOMATIC_SIMPLE_CVT,3.579999999999946,21.793802565934712,0.6323379877075691,-0.18312817626414185,11.152131844970734,-0.00010330171375301164,-0.10876981017568187,11.150757494454918,0.7139356355342282,-1.5720901491608092,0.00932303550650188,-0.018117072830129644,0.0,0.45,0.0,153.22372176076394,1463.1787630297674,568.59,0.0,1.0,563.0339919366506,153.2407784567092,0.0,1,0,0.0,0.0,0.0,0.0,-23.259115556678253,-26.035920733916917,-24.80264303519708,-24.94529407751802,-1.9801538958692397,-2.0971702289240404,-2.0451991237397835,-2.0512105292268052
powertrain_simple_cvt,SimpleCVT,EngineModelType_SIMPLE_MAP,TransmissionModelType_AUTOMATIC_SIMPLE_CVT,3.584999999999946,21.849557530505212,0.6323356057270332,-0.18367272877282348,11.150992914099703,-0.0004763961071812218,-0.10891050173632447,11.149126281079308,-0.3262426751220529,-1.572087975348658,0.009395260736378757,-0.01813063396201612,0.0,0.45,0.0,153.2407784567092,1463.3416424781178,568.59,0.0,1.0,558.7037459943336,153.26931634641548,0.0,1,0,0.0,0.0,0.0,0.0,-25.003612833408308,-24.68264041136646,-26.729053574844045,-23.427430714302936,-2.053822279361712,-2.0402943187560973,-2.126544085892561,-1.9873912461941592
powertrain_simple_cvt,SimpleCVT,EngineModelType_SIMPLE_MAP,TransmissionModelType_AUTOMATIC_SIMPLE_CVT,3.5899999999999457,21.905326957662055,0.6323334120473756,-0.1842148800438528,11.15388543136841,-0.00043873593150947545,-0.10843025420586631,11.151795810028139,0.5339057897661207,-1.572089741567233,0.009586926992878289,-0.01814937090982561,0.0,0.45,0.0,153.26931634641548,1463.6141592508475,568.59,0.0,1.0,555.7668316282088,153.28867167619896,0.0,1,0,0.0,0.0,0.0,0.0,-26.759347034426845,-23.29835421656375,-28.301388077816384,-22.021733565742984,-2.1275508793094953,-1.9817160242943581,-2.1925274174951346,-1.9279234285510574
powertrain_simple_cvt,SimpleCVT,EngineModelType_SIMPLE_MAP,TransmissionModelType_AUTOMATIC_SIMPLE_CVT,3.5949999999999456,21.96119755437758,0.6323309409350668,-0.18475654198830876,11.1741193431053,-0.0004942224617611084,-0.10833238889119137,11.172871013223677,4.21504063910776,-1.5721013758815257,0.009826617345856804,-0.018148327854451855,0.0,0.45,0.0,153.28867167619896,1463.7989890354604,568.59,0.0,1.0,558.6959172648884,153.26936794057903,0.0,1,0,0.0,0.0,0.0,0.0,-27.93566866871793,-22.200421214123654,-28.049151085942555,-21.64123325601382,-2.174896827493497,-1.9336882092498797,-2.1796695835550985,-1.9101703129808887
powertrain_simple_cvt,SimpleCVT,EngineModelType_SIMPLE_MAP,TransmissionModelType_AUTOMATIC_SIMPLE_CVT,3.5999999999999455,22.017177037835708,0.6323342047837271,-0.18529790014561018,11.195896691625242,0.0006527697320744643,-0.1082716314602815,11.194913160215373,4.408429398339303,-1.5721073174084397,0.010011354387729076,-0.018140413156351374,0.0,0.45,0.0,153.26936794057903,1463.6146519388176,568.59,0.0,1.0,562.1768974120826,153.2464270201709,0.0,1,0,0.0,0.0,0.0,0.0,-27.50864484989193,-22.11887117643679,-26.73298762140965,-22.82866154922022,-2.1546594448719723,-1.9284268146665722,-2.1221016816765306,-1.9582198547194634
powertrain_simple_cvt,SimpleCVT,EngineModelType_SIMPLE_MAP,TransmissionModelType_AUTOMATIC_SIMPLE_CVT,3.6049999999999454,22.073193299433715,0.6323339415808275,-0.18583654985271067,11.203252319601026,-5.264057992861561e-05,-0.107729941420098,11.20184699283863,1.3867665246515355,-1.5721051470153085,0.010084722941267405,-0.018142373055818596,0.0,0.45,0.0,153.2464270201709,1463.3955822858957,568.59,0.0,1.0,560.7293455306782,153.25596691155025,0.0,1,0,0.0,0.0,0.0,0.0,-26.305403121329775,-23.23968270926415,-25.22305859486457,-24.69271892311375,-2.1034706093214113,-1.974868422329337,-2.0580679455186344,-2.0358210239248087
powertrain_simple_cvt,SimpleCVT,EngineModelType_SIMPLE_MAP,TransmissionModelType_AUTOMATIC_SIMPLE_CVT,3.6099999999999453,22.129214387969373,0.6323316819736918,-0.18637424986738452,11.20421770713187,-0.0004519214271139363,-0.10754000293476954,11.202349449575188,0.10049134731140655,-1.5720964870983853,0.010032609009302427,-0.018155102198119586,0.0,0.45,0.0,153.25596691155025,1463.4866815380703,568.59,0.0,1.0,557.1202460608547,153.27975218471505,0.0,1,0,0.0,0.0,0.0,0.0,-24.93569941303162,-24.938680499681972,-23.68316003914462,-26.57263027287903,-2.04596675964504,-2.0460918059688766,-1.9934270442541924,-2.1146303747647655
powertrain_simple_cvt,SimpleCVT,EngineModelType_SIMPLE_MAP,TransmissionModelType_AUTOMATIC_SIMPLE_CVT,3.614999999999945,22.18525571729681,0.6323288034568614,-0.18691452288639107,11.20826586548701,-0.0005757033660898779,-0.10805460380131296,11.206302494892581,0.7906090634787146,-1.5720823267761135,0.009858435984197535,-0.018170003307109366,0.0,0.45,0.0,153.27975218471505,1463.7138141658886,568.59,0.0,1.0,554.6058423164483,153.29632301641627,0.0,1,0,0.0,0.0,0.0,0.0,-23.524511767483016,-26.673432450278092,-22.199922042145374,-28.200018679534825,-1.9864242094641253,-2.118463999530455,-1.9308818294311183,-2.182476448726314
powertrain_simple_cvt,SimpleCVT,EngineModelType_SIMPLE_MAP,TransmissionModelType_AUTOMATIC_SIMPLE_CVT,3.619999999999945,22.241394392922484,0.6323261882784182,-0.18745811015978533,11.227735125134888,-0.0005230356886363243,-0.1087174546788548,11.22653468125358,4.046437272199996,-1.5720684165588152,0.009624764491897692,-0.018166972081284177,0.0,0.45,0.0,153.29632301641627,1463.8720539524722,568.59,0.0,1.0,557.2654643700613,153.27879514344153,0.0,1,0,0.0,0.0,0.0,0.0,-22.3381076181023,-27.93635316736597,-21.63088372502759,-28.186684193784092,-1.9349881390625325,-2.169309384067163,-1.9053864394471802,-2.179787287770636
powertrain_simple_cvt,SimpleCVT,EngineModelType_SIMPLE_MAP,TransmissionModelType_AUTOMATIC_SIMPLE_CVT,3.624999999999945,22.297642070563487,0.6323283099307783,-0.18800478108641722,11.249535528200617,0.000424330472002321,-0.10933418532637369,11.248731260572553,4.439315863794586,-1.572066438003075,0.009434730470419135,-0.018154376022500703,0.0,0.45,0.0,153.27879514344153,1463.7046750949232,568.59,0.0,1.0,560.755492758669,153.25579459184405,0.0,1,0,0.0,0.0,0.0,0.0,-22.101277708791656,-27.670111862733492,-22.691010592236722,-26.98210440772764,-1.9232499341292462,-2.1558801844499453,-1.9478851996993412,-2.1271396362389288
powertrain_simple_cvt,SimpleCVT,EngineModelType_SIMPLE_MAP,TransmissionModelType_AUTOMATIC_SIMPLE_CVT,3.629999999999945,22.353922822337072,0.6323283068674294,-0.18855510856472119,11.25615035471693,-6.126697754253209e-07,-0.11006549566079522,11.254835024616495,1.2207528087884871,-1.5720688456445027,0.00935324597193121,-0.018154218267176985,0.0,0.45,0.0,153.25579459184405,1463.4850360060884,568.59,0.0,1.0,559.0951877865411,153.26673660317658,0.0,1,0,0.0,0.0,0.0,0.0,-23.139182446662982,-26.530242821640364,-24.58240089314747,-25.504657366701863,-1.9660827375883663,-2.1076627133691463,-2.02633847181457,-2.064843551273785
powertrain_simple_cvt,SimpleCVT,EngineModelType_SIMPLE_MAP,TransmissionModelType_AUTOMATIC_SIMPLE_CVT,3.6349999999999447,22.41019926400753,0.6323251434391869,-0.1891068565016781,11.25528833409156,-0.000632685648495817,-0.11034958739138408,11.253487087571783,-0.26958740894259003,-1.5720716104463497,0.009397378544157349,-0.018165912358666943,0.0,0.45,0.0,153.26673660317658,1463.589524517545,568.59,0.0,1.0,554.9319807836181,153.29417364575025,0.0,1,0,0.0,0.0,0.0,0.0,-24.852582299514303,-25.179809086027362,-26.498692781065685,-24.00032368850254,-2.037743086357567,-2.051406750409957,-2.1064779868610075,-2.0021562217530207
powertrain_simple_cvt,SimpleCVT,EngineModelType_SIMPLE_MAP,TransmissionModelType_AUTOMATIC_SIMPLE_CVT,3.6399999999999446,22.466479926912566,0.6323223743294998,-0.1896565972793974,11.256132581006808,-0.000553821937415972,-0.10994815554385967,11.253995632801516,0.10170904594666513,-1.5720755512425628,0.009565957149249201,-0.01818543920292044,0.0,0.45,0.0,153.29417364575025,1463.8515289745103,568.59,0.0,1.0,551.4106010236301,153.31738081424442,0.0,1,0,0.0,0.0,0.0,0.0,-26.624813108396044,-23.78727358484285,-28.268804321123717,-22.51408658127246,-2.111694022980607,-1.9932152297037231,-2.180337329417401,-1.9400545041713642
powertrain_simple_cvt,SimpleCVT,EngineModelType_SIMPLE_MAP,TransmissionModelType_AUTOMATIC_SIMPLE_CVT,3.6449999999999445,22.522840901080055,0.6323186908706733,-0.19020525229579394,11.27219483349776,-0.0007366917652970643,-0.1097310032793037,11.270704257809635,3.3417250016239564,-1.5720903048174153,0.009804821115703712,-0.018189816214480615,0.0,0.45,0.0,153.31738081424442,1464.073141109371,568.59,0.0,1.0,552.930633720358,153.30736324803064,0.0,1,0,0.0,0.0,0.0,0.0,-28.04019154711122,-22.570182391308286,-28.459815817552638,-21.82524305780274,-2.1690561394029713,-1.9409996450156963,-2.1865511814314043,-1.90994151547852
powertrain_simple_cvt,SimpleCVT,EngineModelType_SIMPLE_MAP,TransmissionModelType_AUTOMATIC_SIMPLE_CVT,3.6499999999999444,22.579321365525107,0.6323201896675934,-0.19075407190170662,11.296092889010248,0.0002997593840277584,-0.10976392118253979,11.295178949422073,4.8949383224877225,-1.572101909491858,0.010009422086074077,-0.018180097074828993,0.0,0.45,0.0,153.30736324803064,1463.9774803985308,568.59,0.0,1.0,557.0942436399037,153.27992355009044,0.0,1,0,0.0,0.0,0.0,0.0,-27.920983870585538,-22.232263475482476,-27.292744238828114,-22.66797625357406,-2.1615637414455877,-1.9249026203045452,-2.1354278294529827,-1.9430290648117137
powertrain_simple_cvt,SimpleCVT,EngineModelType_SIMPLE_MAP,TransmissionModelType_AUTOMATIC_SIMPLE_CVT,3.6549999999999443,22.635852719726973,0.6323206008534333,-0.19130089476214934,11.306270840373111,8.223716798709405e-05,-0.10936457208854278,11.304988131775168,1.9618364706190468,-1.5721049829505067,0.010110070652955598,-0.018178843821342612,0.0,0.45,0.0,153.27992355009044,1463.7154505846827,568.59,0.0,1.0,556.6545643455078,153.28282119594627,0.0,1,0,0.0,0.0,0.0,0.0,-26.804156061930982,-23.133445002635348,-25.786710410059015,-24.47838849866842,-2.114134113781117,-1.9615583563670154,-2.071843250116179,-2.017461904554704
powertrain_simple_cvt,SimpleCVT,EngineModelType_SIMPLE_MAP,TransmissionModelType_AUTOMATIC_SIMPLE_CVT,3.659999999999944,22.69239135633774,0.6323174975333838,-0.1918461146877461,11.307727322153296,-0.0006206640098997311,-0.10904398511934864,11.306002069931822,0.20278763133064082,-1.5720997356827664,0.010085870520523404,-0.018187991626954586,0.0,0.45,0.0,153.28282119594627,1463.74312106436,568.59,0.0,1.0,553.2973264028685,153.3049466103918,0.0,1,0,0.0,0.0,0.0,0.0,-25.439877547620817,-24.7860406951699,-24.25717183522328,-26.352168559367858,-2.0573320600585303,-2.030157296152925,-2.0081764513103573,-2.0952486944062296
powertrain_simple_cvt,SimpleCVT,EngineModelType_SIMPLE_MAP,TransmissionModelType_AUTOMATIC_SIMPLE_CVT,3.664999999999944,22.748942395533604,0.6323142268297421,-0.1923932037468308,11.310207839172898,-0.0006541407283346882,-0.10941781181694417,11.30826592247524,0.45277050868365165,-1.5720896704384153,0.009936325401739507,-0.018202098739521694,0.0,0.45,0.0,153.3049466103918,1463.9544032089777,568.59,0.0,1.0,550.3284696976659,153.32451245176327,0.0,1,0,0.0,0.0,0.0,0.0,-24.024207173284655,-26.531624208641745,-22.715570153444336,-28.125669182265764,-1.998294082233206,-2.102486473267498,-1.9439154056227814,-2.168724899056301
powertrain_simple_cvt,SimpleCVT,EngineModelType_SIMPLE_MAP,TransmissionModelType_AUTOMATIC_SIMPLE_CVT,3.669999999999944,22.805570249831405,0.6323101996224156,-0.19294309982118762,11.325570859560507,-0.0008054414653008097,-0.10997921487136356,11.32422308742397,3.191432989746158,-1.5720760571463948,0.009707242309061073,-0.018202281378857075,0.0,0.45,0.0,153.32451245176327,1464.1412432311788,568.59,0.0,1.0,551.6239714368238,153.31597462591253,0.0,1,0,0.0,0.0,0.0,0.0,-22.735464401149887,-27.99540545875098,-21.849670123904275,-28.562033288245495,-1.9434108317739425,-2.1616727190473948,-1.9066546916251352,-2.185185009031788
powertrain_simple_cvt,SimpleCVT,EngineModelType_SIMPLE_MAP,TransmissionModelType_AUTOMATIC_SIMPLE_CVT,3.674999999999944,22.862316509805,0.6323108799991274,-0.19349595217410837,11.349251994719083,0.0001360753423591322,-0.11057047058414782,11.348539384208843,4.863259356974685,-1.5720743529409107,0.009499620352458051,-0.018187261886447554,0.0,0.45,0.0,153.31597462591253,1464.0597129999348,568.59,0.0,1.0,555.7020775350986,153.28909842913444,0.0,1,0,0.0,0.0,0.0,0.0,-22.240290866137308,-28.060092874152616,-22.53176770537967,-27.536606282789496,-1.9208861443913898,-2.1618620859624857,-1.9329550954804235,-2.1401864904560006
powertrain_simple_cvt,SimpleCVT,EngineModelType_SIMPLE_MAP,TransmissionModelType_AUTOMATIC_SIMPLE_CVT,3.6799999999999438,22.919111153239825,0.6323115431999865,-0.19405194543455057,11.358928686964637,0.00013264017183432482,-0.11119865208843739,11.3578146795437,1.85505906697156,-1.5720776300023267,0.009391260206000972,-0.018181901932336708,0.0,0.45,0.0,153.28909842913444,1463.8030642258102,568.59,0.0,1.0,555.1261774253492,153.2928938195194,0.0,1,0,0.0,0.0,0.0,0.0,-23.02988625071036,-27.03029696292632,-24.354997710003552,-26.067028116254395,-1.952801560382878,-2.118308134200809,-2.007624595648927,-2.0784553945830044
powertrain_simple_cvt,SimpleCVT,EngineModelType_SIMPLE_MAP,TransmissionModelType_AUTOMATIC_SIMPLE_CVT,3.6849999999999437,22.9759043390059,0.6323080433596018,-0.1946100315568484,11.35863715321505,-0.0006999680769461105,-0.11161722445956557,11.357007146526099,-0.1615066035203262,-1.5720829187298961,0.009407575796377863,-0.018189230309586028,0.0,0.45,0.0,153.2928938195194,1463.839307534254,568.59,0.0,1.0,551.2523735940115,153.318423590335,0.0,1,0,0.0,0.0,0.0,0.0,-24.686026171803704,-25.689743535000922,-26.268856672703137,-24.572241254421193,-2.02139265639881,-2.062921800730699,-2.086882802066293,-2.016684767076543
powertrain_simple_cvt,SimpleCVT,EngineModelType_SIMPLE_MAP,TransmissionModelType_AUTOMATIC_SIMPLE_CVT,3.6899999999999435,23.032695760209744,0.6323048126891868,-0.19516679662795292,11.358284240768526,-0.0006461340829950106,-0.11135301422090563,11.35625465224525,-0.15049885616989267,-1.5720862033590046,0.009550492383299091,-0.018205954084004255,0.0,0.45,0.0,153.318423590335,1464.083098887532,568.59,0.0,1.0,547.4067550925678,153.34376760961445,0.0,1,0,0.0,0.0,0.0,0.0,-26.463147880521852,-24.297837856392235,-28.142292553623694,-23.046025252439563,-2.0949942185911343,-2.005397849762143,-2.164473999210051,-1.9536002491790092
powertrain_simple_cvt,SimpleCVT,EngineModelType_SIMPLE_MAP,TransmissionModelType_AUTOMATIC_SIMPLE_CVT,3.6949999999999434,23.08954565578034,0.6323004623438689,-0.1957222369594337,11.369979114119436,-0.0008700690635752846,-0.1110880662961537,11.368347863392206,2.4186422293912617,-1.5720997682370932,0.009781995345611206,-0.01821339166286161,0.0,0.45,0.0,153.34376760961445,1464.3251164443006,568.59,0.0,1.0,547.5263007891205,153.34297976016,0.0,1,0,0.0,0.0,0.0,0.0,-28.04817634302244,-22.996350556287673,-28.781339062512387,-22.092826278311755,-2.159345071241821,-1.950532588925826,-2.189649664840484,-1.913186260037699
powertrain_simple_cvt,SimpleCVT,EngineModelType_SIMPLE_MAP,TransmissionModelType_AUTOMATIC_SIMPLE_CVT,3.6999999999999433,23.146518366644486,0.6323003827929289,-0.19627805947450067,11.394542172829192,-1.5910188014029308e-05,-0.11116450301339179,11.393682286774492,5.0668846764574145,-1.5721120761545315,0.010002371065239395,-0.018202284917628597,0.0,0.45,0.0,153.34297976016,1464.3175930361954,568.59,0.0,1.0,551.8583816464926,153.31442977769868,0.0,1,0,0.0,0.0,0.0,0.0,-28.301220885028297,-22.4086433460766,-27.81560900511005,-22.559600565668624,-2.16720331137473,-1.924180720796836,-2.147175631417526,-1.9304065217013102
powertrain_simple_cvt,SimpleCVT,EngineModelType_SIMPLE_MAP,TransmissionModelType_AUTOMATIC_SIMPLE_CVT,3.7049999999999432,23.203559105937977,0.6323022028426812,-0.19683374822125235,11.40814785869803,0.00036400995047629293,-0.11113774935033972,11.407072957662184,2.67813417753834,-1.572115745419057,0.010129978348993216,-0.01819588794090782,0.0,0.45,0.0,153.31442977769868,1464.0449607861613,568.59,0.0,1.0,552.591836470139,153.3095960446635,0.0,1,0,0.0,0.0,0.0,0.0,-27.31517155797603,-23.048161155017063,-26.323819697411057,-24.265733111984208,-2.1252140810120217,-1.9494399629896058,-2.0843765900089877,-1.9995963058746185
powertrain_simple_cvt,SimpleCVT,EngineModelType_SIMPLE_MAP,TransmissionModelType_AUTOMATIC_SIMPLE_CVT,3.709999999999943,23.26061203433216,0.63229912706269,-0.19738734614822612,11.410585678836151,-0.0006151559982539923,-0.11071958539475091,11.409020162676148,0.38944100279288685,-1.5721084598508133,0.010134710410608896,-0.018201126792929824,0.0,0.45,0.0,153.3095960446635,1463.9988020357928,568.59,0.0,1.0,549.6444195681065,153.329020589964,0.0,1,0,0.0,0.0,0.0,0.0,-25.965708119477682,-24.617224151511902,-24.797375781911214,-26.138596145056265,-2.069442079281993,-2.0139024617239425,-2.021322314605049,-2.076562768180865
powertrain_simple_cvt,SimpleCVT,EngineModelType_SIMPLE_MAP,TransmissionModelType_AUTOMATIC_SIMPLE_CVT,3.714999999999943,23.317673124366568,0.6322958239600792,-0.19794198666280352,11.412218006882055,-0.0006606205221472757,-0.11092810291548053,11.410377538175554,0.2714750998812634,-1.572097850609629,0.010013596566402588,-0.018212671783878538,0.0,0.45,0.0,153.329020589964,1464.1842927799062,568.59,0.0,1.0,546.4615111743726,153.34999710951868,0.0,1,0,0.0,0.0,0.0,0.0,-24.55490258159038,-26.36182928592882,-23.229775512360337,-27.98267590386085,-2.011215333102311,-2.0856278453551167,-1.9566442018888246,-2.1523772428415775
powertrain_simple_cvt,SimpleCVT,EngineModelType_SIMPLE_MAP,TransmissionModelType_AUTOMATIC_SIMPLE_CVT,3.719999999999943,23.37479182015971,0.6322919952313805,-0.19849983445815725,11.42373915862831,-0.0007657457397503686,-0.11156955907074813,11.422242200888757,2.3729325426405774,-1.5720790238662696,0.00979439225007453,-0.018216156114569823,0.0,0.45,0.0,153.34999710951868,1464.3846037864655,568.59,0.0,1.0,546.530237990597,153.34954417489845,0.0,1,0,0.0,0.0,0.0,0.0,-23.19708517606218,-27.962957766196006,-22.134906042298553,-28.817890616884313,-1.9543056549250437,-2.15036904516988,-1.9106086323810207,-2.1855401560142265
powertrain_simple_cvt,SimpleCVT,EngineModelType_SIMPLE_MAP,TransmissionModelType_AUTOMATIC_SIMPLE_CVT,3.724999999999943,23.432029002272778,0.63229156476485,-0.19906078810159689,11.447436422613217,-8.609330609234589e-05,-0.1121907286879289,11.44674745572405,4.901050967058856,-1.5720713865895006,0.009574197360369664,-0.01820047720890084,0.0,0.45,0.0,153.34954417489845,1464.3802785794435,568.59,0.0,1.0,550.5633533740854,153.32296448323197,0.0,1,0,0.0,0.0,0.0,0.0,-22.455562659640705,-28.40747741557538,-22.451094780525263,-28.013423824385505,-1.9218224595746287,-2.1661542887367315,-1.9216390488368218,-2.1499780095608045
powertrain_simple_cvt,SimpleCVT,EngineModelType_SIMPLE_MAP,TransmissionModelType_AUTOMATIC_SIMPLE_CVT,3.7299999999999427,23.489330680426566,0.6322947127094547,-0.19962148584410366,11.460335630757877,0.0006295889209220196,-0.11213954850135795,11.45939954078802,2.5304170127939156,-1.5720716230799636,0.00943968261232519,-0.01819036792265904,0.0,0.45,0.0,153.32296448323197,1464.1264612205687,568.59,0.0,1.0,551.0864639278877,153.3195169951476,0.0,1,0,0.0,0.0,0.0,0.0,-22.980428277955046,-27.525923469701354,-24.15806380244691,-26.56861558746507,-1.9423271445746715,-2.128718079195554,-1.9906168416909198,-2.089463057825394
powertrain_simple_cvt,SimpleCVT,EngineModelType_SIMPLE_MAP,TransmissionModelType_AUTOMATIC_SIMPLE_CVT,3.7349999999999426,23.546637222427616,0.6322916708332692,-0.20018484154473834,11.461308400210426,-0.0006083752370899856,-0.11267114012693492,11.459793809589002,0.07885376019629743,-1.5720772949818553,0.009427371674729979,-0.018194614435957778,0.0,0.45,0.0,153.3195169951476,1464.0935401343759,568.59,0.0,1.0,547.7008916734782,153.34182914297384,0.0,1,0,0.0,0.0,0.0,0.0,-24.525908454006213,-26.211283571231476,-26.07599838908987,-25.071212316777686,-2.0056659460045596,-2.0747734518413123,-2.0692261873665228,-2.028025710008508
powertrain_simple_cvt,SimpleCVT,EngineModelType_SIMPLE_MAP,TransmissionModelType_AUTOMATIC_SIMPLE_CVT,3.7399999999999425,23.603939655100607,0.6322890589579419,-0.20074755866542426,11.46048653459843,-0.0005223750654690064,-0.11254342413718452,11.458529629891036,-0.2528359395931599,-1.5720796948168365,0.009542626994569257,-0.018209285735409808,0.0,0.45,0.0,153.34182914297384,1464.3066054514284,568.59,0.0,1.0,543.7947664854131,153.36757192324106,0.0,1,0,0.0,0.0,0.0,0.0,-26.297702011073405,-24.82534109721074,-27.98679291493779,-23.532132214554164,-2.078435940224636,-2.018056256637725,-2.1477034502248196,-1.965023374270766
powertrain_simple_cvt,SimpleCVT,EngineModelType_SIMPLE_MAP,TransmissionModelType_AUTOMATIC_SIMPLE_CVT,3.7449999999999424,23.66127998932222,0.6322857347487576,-0.20130804745607883,11.468066844322461,-0.0006648418368486158,-0.11209775813091281,11.466224405043707,1.538955030534372,-1.572091243820473,0.009760947646190695,-0.018221275781948897,0.0,0.45,0.0,153.36757192324106,1464.5524308951358,568.59,0.0,1.0,542.6216423218973,153.37530323652817,0.0,1,0,0.0,0.0,0.0,0.0,-27.979525722419847,-23.469632843501053,-29.043536317044342,-22.372646477985782,-2.1466354287625657,-1.9618144633825616,-2.1902398935586778,-1.9168586108764059
powertrain_simple_cvt,SimpleCVT,EngineModelType_SIMPLE_MAP,TransmissionModelType_AUTOMATIC_SIMPLE_CVT,3.7499999999999423,23.718737853231147,0.6322855343613066,-0.20186835500414416,11.491572781784937,-4.007749018244467e-05,-0.11206150961306682,11.490621731806113,4.879465352481309,-1.5721055548154192,0.009990291510348494,-0.018212001926875165,0.0,0.45,0.0,153.37530323652817,1464.62625949871,568.59,0.0,1.0,546.5644506465131,153.34931870109995,0.0,1,0,0.0,0.0,0.0,0.0,-28.584143330258556,-22.66452812841566,-28.310996027243796,-22.52884923582042,-2.168926213427555,-1.9268481737644432,-2.157756067835576,-1.9212996914352383
powertrain_simple_cvt,SimpleCVT,EngineModelType_SIMPLE_MAP,TransmissionModelType_AUTOMATIC_SIMPLE_CVT,3.754999999999942,23.776276425309987,0.6322889869443676,-0.20242883373330955,11.507714415768113,0.000690516612199451,-0.11209574583307871,11.506635250811803,3.202703801137898,-1.5721112510126234,0.010137857622888049,-0.018205264972028474,0.0,0.45,0.0,153.34931870109995,1464.378125463269,568.59,0.0,1.0,548.1463290989477,153.3388935489479,0.0,1,0,0.0,0.0,0.0,0.0,-27.75567885924086,-23.083093372501786,-26.851743389422552,-24.100113615408617,-2.1334671875548614,-1.9426513780362806,-2.0965528969730287,-1.9841837462503684
powertrain_simple_cvt,SimpleCVT,EngineModelType_SIMPLE_MAP,TransmissionModelType_AUTOMATIC_SIMPLE_CVT,3.759999999999942,23.833834561680753,0.6322875885839461,-0.20298683010922228,11.511627274153364,-0.00027967208431699383,-0.11159927518254285,11.510105188420171,0.6939875216737482,-1.5721063675418143,0.010165675814410344,-0.018209023246245102,0.0,0.45,0.0,153.3388935489479,1464.2785725934202,568.59,0.0,1.0,545.7531676979851,153.35466534967696,0.0,1,0,0.0,0.0,0.0,0.0,-26.439168559042592,-24.52067339989893,-25.32414002469106,-25.97395798073415,-2.0793789546244232,-2.0010563971391475,-2.033857919002706,-2.060386734556177
powertrain_simple_cvt,SimpleCVT,EngineModelType_SIMPLE_MAP,TransmissionModelType_AUTOMATIC_SIMPLE_CVT,3.764999999999942,23.89139925010514,0.632285922065515,-0.20354515069052082,11.512937684878045,-0.00033330368621164097,-0.11166411625970948,11.51104091778781,0.1871458735276872,-1.5720966416708566,0.010066233854595413,-0.01822139308807044,0.0,0.45,0.0,153.35466534967696,1464.4291821962695,568.59,0.0,1.0,542.5407694200567,153.37583621825337,0.0,1,0,0.0,0.0,0.0,0.0,-25.0340255009502,-26.25441188586343,-23.75321779339602,-27.84270582466568,-2.02193091544993,-2.071749134876513,-1.96964619627656,-2.136585957816641
powertrain_simple_cvt,SimpleCVT,EngineModelType_SIMPLE_MAP,TransmissionModelType_AUTOMATIC_SIMPLE_CVT,3.769999999999942,23.94900601038525,0.632283594347389,-0.20410665747489729,11.521352056021573,-0.000465543625198409,-0.11230135687529322,11.519639857437504,1.7197879299388685,-1.5720798696900045,0.009859288969404785,-0.018229429335430442,0.0,0.45,0.0,153.37583621825337,1464.6313490992784,568.59,0.0,1.0,541.6471101320885,153.38172575675415,0.0,1,0,0.0,0.0,0.0,0.0,-23.643227266664624,-27.909868169733514,-22.47879877776374,-29.025105358926673,-1.9644357488687212,-2.138477175958791,-1.916937306755424,-2.1839690456428524
powertrain_simple_cvt,SimpleCVT,EngineModelType_SIMPLE_MAP,TransmissionModelType_AUTOMATIC_SIMPLE_CVT,3.7749999999999417,24.00672871433812,0.6322836740058596,-0.20467135965381886,11.54454079057392,1.5931694117767015e-05,-0.11294043578431254,11.543697094456814,4.8114474038620925,-1.5720696051969785,0.009630234256656017,-0.018216935963970712,0.0,0.45,0.0,153.38172575675415,1464.687590049174,568.59,0.0,1.0,545.4766170851261,153.35648791841626,0.0,1,0,0.0,0.0,0.0,0.0,-22.737315331286307,-28.624320523428242,-22.459335310333778,-28.477740503838113,-1.9255496212995686,-2.1651872102931202,-1.914234111998106,-2.159220495241451
powertrain_simple_cvt,SimpleCVT,EngineModelType_SIMPLE_MAP,TransmissionModelType_AUTOMATIC_SIMPLE_CVT,3.7799999999999416,24.064529628231476,0.6322873811243007,-0.2052386969019203,11.560182778670889,0.0007414236882134248,-0.11346744962028624,11.55922858475539,3.106298059715295,-1.572068072332963,0.009476725760437859,-0.018206903824627956,0.0,0.45,0.0,153.35648791841626,1464.4465864457084,568.59,0.0,1.0,546.9123186020529,153.3470261252325,0.0,1,0,0.0,0.0,0.0,0.0,-23.04457583355037,-27.90381934638146,-23.986098109251202,-27.08989616864568,-1.936796612748572,-2.134332158476137,-1.9750709071020287,-2.1012449590654048
powertrain_simple_cvt,SimpleCVT,EngineModelType_SIMPLE_MAP,TransmissionModelType_AUTOMATIC_SIMPLE_CVT,3.7849999999999415,24.122342657425104,0.6322866414359236,-0.20580926425229967,11.562605838725778,-0.0001479376754160381,-0.11411347007587856,11.561134993495376,0.3812817479971723,-1.5720699733608459,0.009442725073383769,-0.018209646772118053,0.0,0.45,0.0,153.3470261252325,1464.356232976366,568.59,0.0,1.0,544.0767827616265,153.3657133337999,0.0,1,0,0.0,0.0,0.0,0.0,-24.461530249370227,-26.624159743251795,-25.89979502194366,-25.592838596824386,-1.9942339632437638,-2.082133602833363,-2.052691944835753,-2.040215762848024
powertrain_simple_cvt,SimpleCVT,EngineModelType_SIMPLE_MAP,TransmissionModelType_AUTOMATIC_SIMPLE_CVT,3.7899999999999414,24.180151041281135,0.6322853666638691,-0.20637996047375057,11.561676771205926,-0.00025495441089429813,-0.11413924429018081,11.559735077953894,-0.27998310829638373,-1.5720697988749373,0.009535999441467881,-0.018223601928740604,0.0,0.45,0.0,153.3657133337999,1464.5346826733316,568.59,0.0,1.0,540.2150812236107,153.3911633461176,0.0,1,0,0.0,0.0,0.0,0.0,-26.221155352123784,-25.241399650028796,-27.81789406593761,-24.057289836952734,-2.065882636312447,-2.0260558408617055,-2.1307896187442554,-1.977922107916077
powertrain_simple_cvt,SimpleCVT,EngineModelType_SIMPLE_MAP,TransmissionModelType_AUTOMATIC_SIMPLE_CVT,3.7949999999999413,24.23798288668369,0.6322837452878294,-0.20694837374482694,11.566369080510569,-0.00032427520795163135,-0.1136826542152768,11.564361486422566,0.9252816937344674,-1.572075377615799,0.009742198815971636,-0.01823908683160794,0.0,0.45,0.0,153.3911633461176,1464.777712389058,568.59,0.0,1.0,538.179791263992,153.40457664438324,0.0,1,0,0.0,0.0,0.0,0.0,-27.93190903126175,-23.863198427331504,-29.200086039270126,-22.74285735059454,-2.1349700603184947,-1.969644277737976,-2.186500477865783,-1.924120945336374
powertrain_simple_cvt,SimpleCVT,EngineModelType_SIMPLE_MAP,TransmissionModelType_AUTOMATIC_SIMPLE_CVT,3.799999999999941,24.295923311792716,0.6322832350514911,-0.20751660544767164,11.588085021805213,-0.00010204726765108399,-0.1136463405689413,11.586945643388685,4.516831393223793,-1.5720874847009718,0.009979341753140542,-0.01823404092145266,0.0,0.45,0.0,153.40457664438324,1464.9057999523866,568.59,0.0,1.0,541.5174870067568,153.38258002011545,0.0,1,0,0.0,0.0,0.0,0.0,-28.80088306465064,-22.92091999785321,-28.75935188096036,-22.585201192778825,-2.1679984845532907,-1.929540936712404,-2.1663142181541297,-1.9159261091849729
powertrain_simple_cvt,SimpleCVT,EngineModelType_SIMPLE_MAP,TransmissionModelType_AUTOMATIC_SIMPLE_CVT,3.804999999999941,24.353957360737276,0.6322871867121049,-0.20808440822270205,11.606809788911896,0.0007903321227747384,-0.11356055500608385,11.605738905020896,3.758652326442382,-1.5720922169832516,0.010146919506818912,-0.01822682536373932,0.0,0.45,0.0,153.38258002011545,1464.6957476633736,568.59,0.0,1.0,543.9292087320845,153.36668590012403,0.0,1,0,0.0,0.0,0.0,0.0,-28.139013648788456,-23.139682671615184,-27.374189854313286,-23.945232922612682,-2.139308976513796,-1.9368931161020633,-2.108342339752012,-1.9695087096494903
powertrain_simple_cvt,SimpleCVT,EngineModelType_SIMPLE_MAP,TransmissionModelType_AUTOMATIC_SIMPLE_CVT,3.809999999999941,24.412017857765616,0.6322871333272522,-0.2086496340830289,11.612099405667655,-1.0676970553069164e-05,-0.11304517206536809,11.610591275663317,0.9704741284842762,-1.5720877048153996,0.010197443978271676,-0.0182298945874907,0.0,0.45,0.0,153.36668590012403,1464.5439699976096,568.59,0.0,1.0,542.0394242535757,153.37914026454922,0.0,1,0,0.0,0.0,0.0,0.0,-26.856566641524807,-24.463935189967373,-25.846622991086164,-25.806843898287923,-2.086930059393683,-1.990096272690378,-2.0460559548736263,-2.0444460286207686
powertrain_simple_cvt,SimpleCVT,EngineModelType_SIMPLE_MAP,TransmissionModelType_AUTOMATIC_SIMPLE_CVT,3.814999999999941,24.47008407434786,0.6322859689308422,-0.20921453339350318,11.613243316448555,-0.0002328792819941885,-0.11297986209485857,11.611344659752596,0.15067681785581366,-1.5720775358417922,0.010121220903734126,-0.018241990620711447,0.0,0.45,0.0,153.37914026454922,1464.6629004172898,568.59,0.0,1.0,538.8516745852548,153.40014868985756,0.0,1,0,0.0,0.0,0.0,0.0,-25.456701532695455,-26.185848576086784,-24.2842922290943,-27.67888803916441,-2.0302083351015154,-2.0597162177567605,-1.9827620532189552,-2.1201380951756605
powertrain_simple_cvt,SimpleCVT,EngineModelType_SIMPLE_MAP,TransmissionModelType_AUTOMATIC_SIMPLE_CVT,3.8199999999999408,24.528179499753417,0.6322841833400866,-0.20978223455057957,11.619085081111862,-0.0003571181511133033,-0.11354023141527478,11.617202239351816,1.1715159198438378,-1.572061360907513,0.009929276216530213,-0.018253680658371345,0.0,0.45,0.0,153.40014868985756,1464.863516101354,568.59,0.0,1.0,537.1923877142033,153.4110839915351,0.0,1,0,0.0,0.0,0.0,0.0,-24.045873888455304,-27.8760339723824,-22.88152146608493,-29.132605951751387,-1.9726228318476433,-2.127547587942598,-1.925526363007796,-2.178374212196876
powertrain_simple_cvt,SimpleCVT,EngineModelType_SIMPLE_MAP,TransmissionModelType_AUTOMATIC_SIMPLE_CVT,3.8249999999999407,24.58638144902593,0.6322833230671684,-0.2103530244128442,11.64038985450217,-0.0001720545836453849,-0.11415797245292902,11.63935351953133,4.430256035902952,-1.5720484019597216,0.009695686998805658,-0.01824544703966572,0.0,0.45,0.0,153.4110839915351,1464.9679405403247,568.59,0.0,1.0,540.3845210795788,153.39004667607486,0.0,1,0,0.0,0.0,0.0,0.0,-23.013849953876395,-28.830734048579476,-22.55086392076708,-28.892740452095897,-1.9291072803296005,-2.163944535810697,-1.910415766527481,-2.1664478371292346
powertrain_simple_cvt,SimpleCVT,EngineModelType_SIMPLE_MAP,TransmissionModelType_AUTOMATIC_SIMPLE_CVT,3.8299999999999406,24.644675811733322,0.6322865747120103,-0.21092689505683154,11.658872541478575,0.000650328968391599,-0.11477412879746958,11.657956594380972,3.720614969928428,-1.572046232489236,0.009523894431945734,-0.018234206991060598,0.0,0.45,0.0,153.39004667607486,1464.767048975632,568.59,0.0,1.0,542.7281646691148,153.3746012156645,0.0,1,0,0.0,0.0,0.0,0.0,-23.110721960722138,-28.28712574340223,-23.83153087358823,-27.599153977005294,-1.9315293088822807,-2.140175834350883,-1.96058312336629,-2.112445594457407
powertrain_simple_cvt,SimpleCVT,EngineModelType_SIMPLE_MAP,TransmissionModelType_AUTOMATIC_SIMPLE_CVT,3.8349999999999405,24.70299027586032,0.6322863020345391,-0.2115041113465517,11.662892825399364,-5.453549424705873e-05,-0.11544325794403341,11.66146414359711,0.7015098432276695,-1.5720474368347608,0.009467649051049557,-0.018235566430311205,0.0,0.45,0.0,153.3746012156645,1464.6195556932737,568.59,0.0,1.0,540.477432123512,153.38943435863155,0.0,1,0,0.0,0.0,0.0,0.0,-24.39986780162499,-27.048870665309384,-25.727587667508438,-26.10142121616292,-1.9831953980048787,-2.089937264233465,-2.0366960182782936,-2.0517596828704616
powertrain_simple_cvt,SimpleCVT,EngineModelType_SIMPLE_MAP,TransmissionModelType_AUTOMATIC_SIMPLE_CVT,3.8399999999999403,24.76130043926987,0.632284439007365,-0.2120819933610856,11.662032681910581,-0.00037260543482826695,-0.11557640290678203,11.660144981086209,-0.2638325021802557,-1.57204836683869,0.009538418319077197,-0.018247976433182603,0.0,0.45,0.0,153.38943435863155,1464.761201774761,568.59,0.0,1.0,536.7073041839907,153.41428086775593,0.0,1,0,0.0,0.0,0.0,0.0,-26.1442832911121,-25.668614151520973,-27.64007638029149,-24.574457411107726,-2.0536060004760883,-2.0344366909129192,-2.113885969013831,-1.990342534866475
powertrain_simple_cvt,SimpleCVT,EngineModelType_SIMPLE_MAP,TransmissionModelType_AUTOMATIC_SIMPLE_CVT,3.8449999999999402,24.819623085369503,0.6322824876187632,-0.21265779549797412,11.664529219926472,-0.0003902777203624885,-0.11516042737770496,11.662432167364978,0.4574372557538551,-1.5720525111267785,0.00972889487540285,-0.018265279561751124,0.0,0.45,0.0,153.41428086775593,1464.9984684595045,568.59,0.0,1.0,534.0507287786978,153.43178866221442,0.0,1,0,0.0,0.0,0.0,0.0,-27.880916895640524,-24.271896966779746,-29.253654822045267,-23.154085977582152,-2.123371408403363,-1.9779576181892375,-2.1786814451401795,-1.9329190382184331
powertrain_simple_cvt,SimpleCVT,EngineModelType_SIMPLE_MAP,TransmissionModelType_AUTOMATIC_SIMPLE_CVT,3.84999999999994,24.878040392678493,0.6322804183438748,-0.21323302117632412,11.683461461797618,-0.00041385497767441773,-0.11504513567000142,11.68214170684809,3.9419078966226935,-1.5720654824721958,0.009969464520730035,-0.01826429376198117,0.0,0.45,0.0,153.43178866221442,1465.165655581347,568.59,0.0,1.0,536.4943921696027,153.41568403507364,0.0,1,0,0.0,0.0,0.0,0.0,-28.981788172739805,-23.207196962246794,-29.15777939142464,-22.710494023013162,-2.1657573246511146,-1.9334813877636157,-2.1728363582508803,-1.9135021136713433
powertrain_simple_cvt,SimpleCVT,EngineModelType_SIMPLE_MAP,TransmissionModelType_AUTOMATIC_SIMPLE_CVT,3.85499999999994,24.93656316568746,0.6322829851074122,-0.21380794640523237,11.704554601793724,0.0005133527074749438,-0.11498504578165128,11.703544936879785,4.2806460063389755,-1.5720729450043849,0.010155154817943907,-0.01825547457052509,0.0,0.45,0.0,153.41568403507364,1465.0118677203805,568.59,0.0,1.0,539.6347131964701,153.39498818169693,0.0,1,0,0.0,0.0,0.0,0.0,-28.520298633299625,-23.21558275126857,-27.881008334524598,-23.81427180623016,-2.145096498545204,-1.9321109453294831,-2.1194288471614113,-1.95614844750884
powertrain_simple_cvt,SimpleCVT,EngineModelType_SIMPLE_MAP,TransmissionModelType_AUTOMATIC_SIMPLE_CVT,3.85999999999994,24.99512130950623,0.6322827735669875,-0.21438044015988264,11.71162876375404,-4.230808494522578e-05,-0.1144987509300517,11.710190361808705,1.3290849857839078,-1.5720718129793938,0.01022828254264375,-0.01825664882331456,0.0,0.45,0.0,153.39498818169693,1464.8142368783958,568.59,0.0,1.0,538.3687671308552,153.40333122495036,0.0,1,0,0.0,0.0,0.0,0.0,-27.287688621075983,-24.400927063449018,-26.35372201390655,-25.648150788036475,-2.0949851784529914,-1.9791468176733984,-2.057507486361816,-2.0291947169880875
powertrain_simple_cvt,SimpleCVT,EngineModelType_SIMPLE_MAP,TransmissionModelType_AUTOMATIC_SIMPLE_CVT,3.86499999999994,25.053685511227947,0.6322804534749683,-0.21495208923151934,11.712840344342936,-0.0004640184038416349,-0.11432981432734352,11.711015455333312,0.16501870492149703,-1.572063992287463,0.010175332817308144,-0.018266824713695975,0.0,0.45,0.0,153.40333122495036,1464.8939070728488,568.59,0.0,1.0,535.2732918053305,153.42373152890656,0.0,1,0,0.0,0.0,0.0,0.0,-25.891344969060473,-26.103217093917056,-24.800927622279858,-27.516760638043078,-2.0388802787738483,-2.04738156645892,-1.9951277012790536,-2.104099458593741
powertrain_simple_cvt,SimpleCVT,EngineModelType_SIMPLE_MAP,TransmissionModelType_AUTOMATIC_SIMPLE_CVT,3.8699999999999397,25.11226963708328,0.63227776909753,-0.2155260172849858,11.716825171066416,-0.0005368754876758138,-0.11478561069329031,11.714886894192563,0.7742877718502849,-1.5720506739256865,0.01000091173014983,-0.018279579436517267,0.0,0.45,0.0,153.42373152890656,1465.088715625761,568.59,0.0,1.0,533.0806653786663,153.43818173149663,0.0,1,0,0.0,0.0,0.0,0.0,-24.466310153064335,-27.81849459266284,-23.314522758261397,-29.155270815917213,-1.9813768792444948,-2.1158375430472507,-1.9351771248886758,-2.1694574501774357
powertrain_simple_cvt,SimpleCVT,EngineModelType_SIMPLE_MAP,TransmissionModelType_AUTOMATIC_SIMPLE_CVT,3.8749999999999396,25.170945998805333,0.6322750805471369,-0.21610308636874617,11.73527234441072,-0.0005377100786281858,-0.11541381675207564,11.734078302289568,3.8382816194009557,-1.5720375678017942,0.009766527115831791,-0.018274871006991152,0.0,0.45,0.0,153.43818173149663,1465.2267048960146,568.59,0.0,1.0,535.3790064027114,153.42303483140702,0.0,1,0,0.0,0.0,0.0,0.0,-23.320083524464728,-28.99007429078128,-22.70843587948012,-29.26377429907911,-1.9338703020251549,-2.1609293511003838,-1.9093764115828022,-2.171889873996678
powertrain_simple_cvt,SimpleCVT,EngineModelType_SIMPLE_MAP,TransmissionModelType_AUTOMATIC_SIMPLE_CVT,3.8799999999999395,25.229726730218562,0.6322766338659658,-0.21668327509214286,11.756146282645476,0.00031066376576954335,-0.11603774467933861,11.75531795780445,4.247931102976656,-1.5720360027997824,0.009577541787964638,-0.018261366999270643,0.0,0.45,0.0,153.42303483140702,1465.0820626547077,568.59,0.0,1.0,538.4459362278012,153.40282265264136,0.0,1,0,0.0,0.0,0.0,0.0,-23.19811579845077,-28.66193826916956,-23.70568925608586,-28.096576144124793,-1.9273075090627294,-2.1457150577319006,-1.9475969447546309,-2.1231156126541806
powertrain_simple_cvt,SimpleCVT,EngineModelType_SIMPLE_MAP,TransmissionModelType_AUTOMATIC_SIMPLE_CVT,3.8849999999999394,25.288537652247697,0.6322760285965899,-0.21726684600390217,11.762184405826993,-0.00012105387517887412,-0.11671418235186151,11.760859997056482,1.108407850406247,-1.5720382811128861,0.00949879742078797,-0.01825995118542224,0.0,0.45,0.0,153.40282265264136,1464.8890505650347,568.59,0.0,1.0,536.8848351916769,153.41311087409179,0.0,1,0,0.0,0.0,0.0,0.0,-24.32848726018672,-27.485017761673824,-25.566756360222705,-26.600089566361895,-1.972034032071034,-2.0981518230336014,-2.0215085305560545,-2.062794905335308
powertrain_simple_cvt,SimpleCVT,EngineModelType_SIMPLE_MAP,TransmissionModelType_AUTOMATIC_SIMPLE_CVT,3.8899999999999393,25.347345190623862,0.6322729099215959,-0.21785159537245696,11.761507675232846,-0.0006237349988012291,-0.11694987371095866,11.759729888181873,-0.2260217749217523,-1.5720413540410105,0.00954651389739836,-0.018269564198876174,0.0,0.45,0.0,153.41311087409179,1464.9872958430026,568.59,0.0,1.0,533.2581189375719,153.43701224824798,0.0,1,0,0.0,0.0,0.0,0.0,-26.049506011976288,-26.10891772560815,-27.474679832883997,-25.08057684111075,-2.040896601488195,-2.0432705985528434,-2.0978442682128824,-2.0021797413460853
powertrain_simple_cvt,SimpleCVT,EngineModelType_SIMPLE_MAP,TransmissionModelType_AUTOMATIC_SIMPLE_CVT,3.894999999999939,25.406157786707833,0.6322699457473884,-0.21843461160955027,11.76251921679424,-0.0005928348415123398,-0.11660324741866102,11.760429576365848,0.13993763679494306,-1.5720454521521858,0.009718117624835234,-0.018286484978967617,0.0,0.45,0.0,153.43701224824798,1465.2155371536214,568.59,0.0,1.0,530.2027800248019,153.45714803870183,0.0,1,0,0.0,0.0,0.0,0.0,-27.80423253813104,-24.7018564472424,-29.23518098763264,-23.594694201400024,-2.1109465674556698,-1.9869879556003485,-2.1681215772675633,-1.9427501549364297
powertrain_simple_cvt,SimpleCVT,EngineModelType_SIMPLE_MAP,TransmissionModelType_AUTOMATIC_SIMPLE_CVT,3.899999999999939,25.4650471683962,0.6322663572070557,-0.2190166916318238,11.77787633767364,-0.0007177080665439896,-0.11641600445470732,11.77638850060859,3.191784848548519,-1.572058919038441,0.009958130218281739,-0.018289288295109982,0.0,0.45,0.0,153.45714803870183,1465.407819788649,568.59,0.0,1.0,531.5448981292684,153.4483029941135,0.0,1,0,0.0,0.0,0.0,0.0,-29.109708382473745,-23.529089229979856,-29.519425018610924,-22.8929025302193,-2.1615319898980503,-1.9388548134766574,-2.1778804525282456,-1.913469770328494
powertrain_simple_cvt,SimpleCVT,EngineModelType_SIMPLE_MAP,TransmissionModelType_AUTOMATIC_SIMPLE_CVT,3.904999999999939,25.524050652631328,0.632267159101828,-0.21959872400758643,11.800696847025646,0.00016037895445772496,-0.11640647515252296,11.79975313945232,4.6729277687462485,-1.5720689563794492,0.010160555433135052,-0.018278819993731706,0.0,0.45,0.0,153.4483029941135,1465.323355834563,568.59,0.0,1.0,535.1972633404602,153.42423258403693,0.0,1,0,0.0,0.0,0.0,0.0,-28.892729516238916,-23.31951074459414,-28.383170219467246,-23.71250794157387,-2.1505913250241795,-1.9286497750743103,-2.1302992129161358,-1.944300050184163
powertrain_simple_cvt,SimpleCVT,EngineModelType_SIMPLE_MAP,TransmissionModelType_AUTOMATIC_SIMPLE_CVT,3.909999999999939,25.583100846422454,0.6322669471806425,-0.2201787367864079,11.810038758224952,-4.238423708828078e-05,-0.11600255576429452,11.808700491097648,1.7894703290654617,-1.5720705116393614,0.010256611740295716,-0.01827741939042353,0.0,0.45,0.0,153.42423258403693,1465.0935003498068,568.59,0.0,1.0,534.6788383625467,153.42764919247853,0.0,1,0,0.0,0.0,0.0,0.0,-27.73148293763643,-24.334379371428156,-26.858796792743718,-25.49524962103029,-2.1035104025391442,-1.9683305013328527,-2.068783870200194,-2.014524655439757
powertrain_simple_cvt,SimpleCVT,EngineModelType_SIMPLE_MAP,TransmissionModelType_AUTOMATIC_SIMPLE_CVT,3.9149999999999388,25.642158678099612,0.6322637172270232,-0.22075743873294268,11.811566335431722,-0.0006459907238366511,-0.11574038930695812,11.80983662417418,0.22722661530636887,-1.572063921626529,0.0102270875492966,-0.018285200513350044,0.0,0.45,0.0,153.42764919247853,1465.1261265571322,568.59,0.0,1.0,531.7566920066429,153.44690719572392,0.0,1,0,0.0,0.0,0.0,0.0,-26.340356307815096,-26.003707198685714,-25.312198496611785,-27.36113974782474,-2.0480528920871346,-2.03465800599226,-2.0071436593128653,-2.088668706998467
powertrain_simple_cvt,SimpleCVT,EngineModelType_SIMPLE_MAP,TransmissionModelType_AUTOMATIC_SIMPLE_CVT,3.9199999999999386,25.70123035921851,0.6322604554067576,-0.2213378569780464,11.814336223779641,-0.0006523640531363901,-0.11608364902074095,11.812395750371735,0.5118252395110654,-1.5720524575272028,0.010072962597561134,-0.018297793383206654,0.0,0.45,0.0,153.44690719572392,1465.3100269417673,568.59,0.0,1.0,529.2405584253565,153.4634894276769,0.0,1,0,0.0,0.0,0.0,0.0,-24.90806758642847,-27.733500101357055,-23.77449550051849,-29.114304476385474,-1.9908490374185444,-2.1032454358141166,-1.9457552618267187,-2.1581741725020516
powertrain_simple_cvt,SimpleCVT,EngineModelType_SIMPLE_MAP,TransmissionModelType_AUTOMATIC_SIMPLE_CVT,3.9249999999999385,25.760377411170328,0.6322561553590704,-0.22192023422394136,11.82941039036332,-0.0008600095374325891,-0.11647544917899157,11.828073408483,3.1355316222531076,-1.5720385488128252,0.009842125856217087,-0.01829624469913475,0.0,0.45,0.0,153.4634894276769,1465.468375592736,568.59,0.0,1.0,530.4975146328544,153.45520563084568,0.0,1,0,0.0,0.0,0.0,0.0,-23.66435275579261,-29.08619217948811,-22.919263646166016,-29.594758497533242,-1.940126001582968,-2.155522225228934,-1.9105254605208506,-2.1757263028159075
powertrain_simple_cvt,SimpleCVT,EngineModelType_SIMPLE_MAP,TransmissionModelType_AUTOMATIC_SIMPLE_CVT,3.9299999999999384,25.819637235148797,0.6322567615221173,-0.22250552205003732,11.851964795693997,0.00012123260937800745,-0.1170575652191924,11.851161318089286,4.61758192125724,-1.5720375162721225,0.009638367083124216,-0.018281871381094914,0.0,0.45,0.0,153.45520563084568,1465.3892711599406,568.59,0.0,1.0,534.0630061165115,153.43170775010987,0.0,1,0,0.0,0.0,0.0,0.0,-23.31812009999976,-29.019227927542403,-23.605308612492856,-28.590821963835538,-1.924566322311818,-2.1506159470075183,-1.9359533820605126,-2.1336295979955793
powertrain_simple_cvt,SimpleCVT,EngineModelType_SIMPLE_MAP,TransmissionModelType_AUTOMATIC_SIMPLE_CVT,3.9349999999999383,25.878939408610325,0.6322564763212607,-0.22309403654781493,11.86043469230536,-5.704017132581677e-05,-0.11770289955552396,11.859226337298763,1.6130038418954118,-1.5720401850033556,0.009537577141199877,-0.01827732419620868,0.0,0.45,0.0,153.43170775010987,1465.164882927663,568.59,0.0,1.0,533.3092525350445,153.43667525931377,0.0,1,0,0.0,0.0,0.0,0.0,-24.257804697070352,-27.928736067147266,-25.401423091538874,-27.105584693318207,-1.9611708304531534,-2.1066247244710024,-2.0064846028929804,-2.074008867452932
powertrain_simple_cvt,SimpleCVT,EngineModelType_SIMPLE_MAP,TransmissionModelType_AUTOMATIC_SIMPLE_CVT,3.939999999999938,25.93824014290384,0.6322532840611855,-0.22368424333863304,11.860146858703262,-0.0006384520150351444,-0.11804135816362236,11.858442870435482,-0.15669337265613925,-1.5720451636075379,0.00956214163545665,-0.018284859175495813,0.0,0.45,0.0,153.43667525931377,1465.2123191463427,568.59,0.0,1.0,529.8646031409659,153.45937674689546,0.0,1,0,0.0,0.0,0.0,0.0,-25.93747694740987,-26.560159249667834,-27.305929753621353,-25.59299043422773,-2.0277926495707197,-2.0524669189522844,-2.082018653833214,-2.0141421041902756
powertrain_simple_cvt,SimpleCVT,EngineModelType_SIMPLE_MAP,TransmissionModelType_AUTOMATIC_SIMPLE_CVT,3.944999999999938,25.997541196965614,0.6322498275573675,-0.22427329748695415,11.860210812354909,-0.0006913007636183736,-0.11781082966421974,11.858159903796972,-0.056593327702004856,-1.572048639477082,0.00971280375334018,-0.018300599197204892,0.0,0.45,0.0,153.45937674689546,1465.4291023841924,568.59,0.0,1.0,526.5915870737068,153.48094710866673,0.0,1,0,0.0,0.0,0.0,0.0,-27.70200845522045,-25.14941676017738,-29.153188622446415,-24.069112580864456,-2.097739774021769,-1.9965889338212865,-2.155245286353504,-1.953780020973299
powertrain_simple_cvt,SimpleCVT,EngineModelType_SIMPLE_MAP,TransmissionModelType_AUTOMATIC_SIMPLE_CVT,3.949999999999938,26.056901493912772,0.6322460197367553,-0.2248612195300724,11.872059389431916,-0.0007615641224312454,-0.11758440862364883,11.870386550015983,2.4453292438022154,-1.5720616525865365,0.009948403576343513,-0.018307461028801004,0.0,0.45,0.0,153.48094710866673,1465.635084166203,568.59,0.0,1.0,526.8845085003137,153.4790166503333,0.0,1,0,0.0,0.0,0.0,0.0,-29.172083270540746,-23.88976770959841,-29.799843347770196,-23.143116879314206,-2.1548033310514763,-1.9456980865315778,-2.179653782133857,-1.9161412373361253
powertrain_simple_cvt,SimpleCVT,EngineModelType_SIMPLE_MAP,TransmissionModelType_AUTOMATIC_SIMPLE_CVT,3.954999999999938,26.11637971223324,0.6322456676983027,-0.22544940605151037,11.895643664093768,-7.04076905245311e-05,-0.11763730428759309,11.894713538251688,4.865397647141127,-1.5720724990623773,0.010165603705862142,-0.01829650784394087,0.0,0.45,0.0,153.4790166503333,1465.6166496470312,568.59,0.0,1.0,530.7369613942303,153.45362758993124,0.0,1,0,0.0,0.0,0.0,0.0,-29.244458256363195,-23.461802672738976,-28.846506506331476,-23.651638244436704,-2.155300704844456,-1.9268572160620927,-2.1395796429846183,-1.934356659815311
powertrain_simple_cvt,SimpleCVT,EngineModelType_SIMPLE_MAP,TransmissionModelType_AUTOMATIC_SIMPLE_CVT,3.959999999999938,26.17591791697194,0.6322466058512803,-0.2260363631543023,11.907640947740115,0.00018763059551668917,-0.1173914205583881,11.906386965428146,2.334685435291611,-1.5720754033320483,0.010284708266545945,-0.018292809046891637,0.0,0.45,0.0,153.45362758993124,1465.3742019792244,568.59,0.0,1.0,531.063817008203,153.45147349300797,0.0,1,0,0.0,0.0,0.0,0.0,-28.182156654228574,-24.278777036976887,-27.341823715674952,-25.341989657695514,-2.112242987757269,-1.9581913776867736,-2.0790782292983923,-2.0001523530797582
powertrain_simple_cvt,SimpleCVT,EngineModelType_SIMPLE_MAP,TransmissionModelType_AUTOMATIC_SIMPLE_CVT,3.9649999999999377,26.235466926075652,0.6322434760892973,-0.22662171996348296,11.90980182074216,-0.0006259523965981733,-0.11707136183612973,11.908157893073758,0.35418552912248247,-1.5720682894668199,0.010279486511039038,-0.018298338900102674,0.0,0.45,0.0,153.45147349300797,1465.35363186883,568.59,0.0,1.0,528.396144172121,153.46905442355617,0.0,1,0,0.0,0.0,0.0,0.0,-26.801546092646888,-25.893985269373836,-25.796227515427944,-27.20547995728596,-2.057598213092216,-2.0217855513282954,-2.0179279967852968,-2.073537582111189
powertrain_simple_cvt,SimpleCVT,EngineModelType_SIMPLE_MAP,TransmissionModelType_AUTOMATIC_SIMPLE_CVT,3.9699999999999376,26.295026177459416,0.6322406654956295,-0.22720821669563984,11.91185027675268,-0.0005621187335531767,-0.11729934643137764,11.909918578888979,0.35213716304412696,-1.572056792979581,0.010147556957050184,-0.018310432608780184,0.0,0.45,0.0,153.46905442355617,1465.5215173888841,568.59,0.0,1.0,525.7221348482938,153.48667711385448,0.0,1,0,0.0,0.0,0.0,0.0,-25.368512639613115,-27.630160926810014,-24.233597043412086,-29.02068720927623,-2.000902232067671,-2.0901344567142446,-1.9561246934873349,-2.1449969896360965
powertrain_simple_cvt,SimpleCVT,EngineModelType_SIMPLE_MAP,TransmissionModelType_AUTOMATIC_SIMPLE_CVT,3.9749999999999375,26.354645157097096,0.6322369708702814,-0.2277977512304742,11.9237959275363,-0.0007389250696283172,-0.11790690696686795,11.922279693943425,2.4722230108893046,-1.5720399798284896,0.009924512113210986,-0.018312817125927604,0.0,0.45,0.0,153.48667711385448,1465.6898016851776,568.59,0.0,1.0,526.0529143216303,153.48449715727628,0.0,1,0,0.0,0.0,0.0,0.0,-24.049384321868644,-29.123766738219643,-23.1825952315767,-29.82267119445889,-1.9478728886545866,-2.147872583231006,-1.9137096074714504,-2.175418926079653
powertrain_simple_cvt,SimpleCVT,EngineModelType_SIMPLE_MAP,TransmissionModelType_AUTOMATIC_SIMPLE_CVT,3.9799999999999374,26.414378836829897,0.632236866829629,-0.22839028178495036,11.946735946560125,-2.0808130478079494e-05,-0.1185061108952352,11.945929010317876,4.729863274890279,-1.5720333905025663,0.009708150273536886,-0.018298343599171915,0.0,0.45,0.0,153.48449715727628,1465.6689846332688,568.59,0.0,1.0,529.6964093334541,153.4604852050274,0.0,1,0,0.0,0.0,0.0,0.0,-23.484205853145156,-29.3513733264992,-23.56505455918114,-29.01495218961009,-1.9237647671321014,-2.1545531799334685,-1.926944997563196,-2.14131986069244
powertrain_simple_cvt,SimpleCVT,EngineModelType_SIMPLE_MAP,TransmissionModelType_AUTOMATIC_SIMPLE_CVT,3.9849999999999373,26.47416859040157,0.6322381214531076,-0.2289854486766983,11.95795071433411,0.00025092469573182504,-0.11903337834958895,11.95683898931707,2.181995799838934,-1.5720329940538702,0.009584999071613818,-0.018291114602692577,0.0,0.45,0.0,153.4604852050274,1465.439687379647,568.59,0.0,1.0,529.8145723866032,153.459706467694,0.0,1,0,0.0,0.0,0.0,0.0,-24.197271386806335,-28.38004236096313,-25.26315734683721,-27.557695172039217,-1.9509451314698791,-2.11532671112587,-1.992834113421213,-2.0830087260446457
powertrain_simple_cvt,SimpleCVT,EngineModelType_SIMPLE_MAP,TransmissionModelType_AUTOMATIC_SIMPLE_CVT,3.989999999999937,26.53396079676761,0.6322355426245129,-0.22958275856321778,11.958441273208338,-0.0005157657189627861,-0.11946197730390007,11.956816109020425,-0.0045760593291533785,-1.572035837337305,0.0095860516543139,-0.018296488116903105,0.0,0.45,0.0,153.459706467694,1465.432250985888,568.59,0.0,1.0,526.6737409174899,153.48040568507002,0.0,1,0,0.0,0.0,0.0,0.0,-25.812872632423712,-27.02651184025112,-27.167457200688013,-26.041257573192727,-2.01443969191976,-2.0621354211639242,-2.0676745399615553,-2.023415165213725
powertrain_simple_cvt,SimpleCVT,EngineModelType_SIMPLE_MAP,TransmissionModelType_AUTOMATIC_SIMPLE_CVT,3.994999999999937,26.59375094081407,0.632233041069186,-0.230179306323395,11.9580288092916,-0.0005003110653799435,-0.11930955203544849,11.956010897981326,-0.16104220781976497,-1.5720368987389928,0.009714097583854067,-0.018311136823147254,0.0,0.45,0.0,153.48040568507002,1465.6299139517,568.59,0.0,1.0,523.3221873347323,153.50249363752437,0.0,1,0,0.0,0.0,0.0,0.0,-27.57939312414794,-25.616587191245387,-29.05304821661147,-24.50184032081736,-2.0839365185946117,-2.006793522009803,-2.1418547100262986,-1.9629812874038133
powertrain_simple_cvt,SimpleCVT,EngineModelType_SIMPLE_MAP,TransmissionModelType_AUTOMATIC_SIMPLE_CVT,3.999999999999937,26.65358300017678,0.6322301576021427,-0.23077403585975365,11.966411872542327,-0.0005766934086450654,-0.11894590727172838,11.964553816944003,1.708583792535415,-1.572046517272444,0.009940513668521965,-0.01832201514769145,0.0,0.45,0.0,153.50249363752437,1465.8408383606532,568.59,0.0,1.0,522.6073061174964,153.50720496376363,0.0,1,0,0.0,0.0,0.0,0.0,-29.169686873311598,-24.289870098318957,-30.037836997041097,-23.398439657712288,-2.14562031075139,-1.9539687090575855,-2.179716337179285,-1.9189583634609233
powertrain_simple_cvt,SimpleCVT,EngineModelType_SIMPLE_MAP,TransmissionModelType_AUTOMATIC_SIMPLE_CVT,4.004999999999937,26.713528588442305,0.6322298569226105,-0.2313685855071504,11.989117653104925,-6.013590645976565e-05,-0.11890992947934709,11.988082348789169,4.7057063690332805,-1.5720578745835008,0.010168286867704419,-0.018313273230995516,0.0,0.45,0.0,153.50720496376363,1465.8858282122228,568.59,0.0,1.0,526.1592894493506,153.4837961066425,0.0,1,0,0.0,0.0,0.0,0.0,-29.567721861720287,-23.6446479007167,-29.2860099358492,-23.643596426011975,-2.158973728957216,-1.9268054493860713,-2.147931392900841,-1.9267642344569966
powertrain_simple_cvt,SimpleCVT,EngineModelType_SIMPLE_MAP,TransmissionModelType_AUTOMATIC_SIMPLE_CVT,4.009999999999937,26.77354681747572,0.6322328798423351,-0.23196383793946437,12.003645806683,0.0006045839449263877,-0.11905048646279856,12.002446524320979,2.872835106362065,-1.572060284607522,0.010308969435466869,-0.018307960159408325,0.0,0.45,0.0,153.4837961066425,1465.6622900928455,568.59,0.0,1.0,527.273142981982,153.47645540828802,0.0,1,0,0.0,0.0,0.0,0.0,-28.641761740215962,-24.231943131497225,-27.814938121652688,-25.228297955795597,-2.1213350390235455,-1.9486890905464564,-2.0889646037480705,-1.9876967321126238
powertrain_simple_cvt,SimpleCVT,EngineModelType_SIMPLE_MAP,TransmissionModelType_AUTOMATIC_SIMPLE_CVT,4.014999999999937,26.833580526706342,0.6322309877851221,-0.23255707853798205,12.00674184612455,-0.0003784114426070408,-0.11864811970353405,12.005098161743954,0.530327484595017,-1.5720522948194446,0.010327355913946549,-0.018313204874135465,0.0,0.45,0.0,153.47645540828802,1465.5921915871136,568.59,0.0,1.0,524.94800491074,153.49177891062783,0.0,1,0,0.0,0.0,0.0,0.0,-27.282582351935226,-25.76528226908904,-26.269284664541104,-27.090072541920545,-2.0678867656432405,-2.0084970547617886,-2.028224567392849,-2.0603516036223115
powertrain_simple_cvt,SimpleCVT,EngineModelType_SIMPLE_MAP,TransmissionModelType_AUTOMATIC_SIMPLE_CVT,4.0199999999999365,26.893622135442456,0.6322292621056094,-0.23315095921310344,12.0083217472229,-0.00034513590255227716,-0.11877613502428024,12.0063609786578,0.25256338276911633,-1.572039876579608,0.010218586052619893,-0.018325689996508028,0.0,0.45,0.0,153.49177891062783,1465.7385202556852,568.59,0.0,1.0,522.1977766692738,153.50990391120922,0.0,1,0,0.0,0.0,0.0,0.0,-25.85284440362194,-27.501326997382293,-24.697739380099584,-28.93503833729665,-2.0118179527382503,-2.0763355840326065,-1.9666099291315975,-2.132447586647163
powertrain_simple_cvt,SimpleCVT,EngineModelType_SIMPLE_MAP,TransmissionModelType_AUTOMATIC_SIMPLE_CVT,4.024999999999936,26.953709091562267,0.6322267861896202,-0.2337479251546417,12.017391223962159,-0.0004951831978179165,-0.11939318830765577,12.015660874110084,1.859979090457071,-1.5720213942711971,0.010007194807452807,-0.018332780582019165,0.0,0.45,0.0,153.50990391120922,1465.9116012618495,568.59,0.0,1.0,521.6883849580537,153.51326098715035,0.0,1,0,0.0,0.0,0.0,0.0,-24.47720627769246,-29.100817252687133,-23.487291201456557,-30.02486401565494,-1.9572373380369346,-2.138054258547011,-1.9185244366662306,-2.1741912283290192
powertrain_simple_cvt,SimpleCVT,EngineModelType_SIMPLE_MAP,TransmissionModelType_AUTOMATIC_SIMPLE_CVT,4.029999999999936,27.013908362360226,0.632227556076252,-0.23434924825583967,12.039854159591945,0.00015397732634857405,-0.12026462023958846,12.038968058995076,4.661436976998445,-1.5720098804543015,0.009783531219787645,-0.018319911373437286,0.0,0.45,0.0,153.51326098715035,1465.9436589756715,568.59,0.0,1.0,525.1662405700229,153.49034065856142,0.0,1,0,0.0,0.0,0.0,0.0,-23.708968384028616,-29.623043046456473,-23.582443831529893,-29.433469740665878,-1.9253986046861395,-2.1562343100602783,-1.9204601509143706,-2.148834963541999
powertrain_simple_cvt,SimpleCVT,EngineModelType_SIMPLE_MAP,TransmissionModelType_AUTOMATIC_SIMPLE_CVT,4.034999999999936,27.0741766633326,0.6322315865763309,-0.23495022540935134,12.053660194475077,0.0008061000157840057,-0.12019543070233707,12.052610718974918,2.728531995968511,-1.5720085382310447,0.009640036793549986,-0.018310647504345225,0.0,0.45,0.0,153.49034065856142,1465.7247859601384,568.59,0.0,1.0,526.0702891805553,153.48438265066068,0.0,1,0,0.0,0.0,0.0,0.0,-24.200382324616708,-28.797440863155508,-25.13888239607696,-28.025582363676577,-1.9435100759069868,-2.1227374530808434,-1.9800997570857615,-2.0926446941457075
powertrain_simple_cvt,SimpleCVT,EngineModelType_SIMPLE_MAP,TransmissionModelType_AUTOMATIC_SIMPLE_CVT,4.039999999999936,27.1344534639662,0.6322303483817407,-0.23555378431674537,12.055360126719656,-0.00024763891804814326,-0.12071178147880306,12.053764956239352,0.23084745288671152,-1.5720121084125966,0.009617499884646412,-0.018314877527985707,0.0,0.45,0.0,153.48438265066068,1465.6678911756353,568.59,0.0,1.0,523.3644992147551,153.50221478690443,0.0,1,0,0.0,0.0,0.0,0.0,-25.714264498574735,-27.472462844777947,-27.037667630736205,-26.50934052815323,-2.0024364115069053,-2.0709774363137017,-2.0540275230028024,-2.0334313933781547
powertrain_simple_cvt,SimpleCVT,EngineModelType_SIMPLE_MAP,TransmissionModelType_AUTOMATIC_SIMPLE_CVT,4.044999999999936,27.19472759020145,0.6322290684043749,-0.2361570930878491,12.054825247049617,-0.00025599547317762834,-0.12066175422074789,12.052835098587442,-0.18597153038193823,-1.572015042573619,0.00972322061367184,-0.018328470610684034,0.0,0.45,0.0,153.50221478690443,1465.8381755333803,568.59,0.0,1.0,520.0381966298271,153.52413632613406,0.0,1,0,0.0,0.0,0.0,0.0,-27.47596892847725,-26.06109526240502,-28.93522710013893,-24.966523452745108,-2.071196751128254,-2.0160355272129564,-2.128088379467564,-1.9733618086104783
powertrain_simple_cvt,SimpleCVT,EngineModelType_SIMPLE_MAP,TransmissionModelType_AUTOMATIC_SIMPLE_CVT,4.049999999999936,27.25503024256051,0.6322275759380913,-0.23675842291476962,12.06053047181222,-0.0002984932567026508,-0.12026596538410489,12.058545826868961,1.1421456563038634,-1.5720245518737093,0.009936747636611384,-0.018341905215916395,0.0,0.45,0.0,153.52413632613406,1466.047510813095,568.59,0.0,1.0,518.5777728853486,153.53376104775484,0.0,1,0,0.0,0.0,0.0,0.0,-29.137938676692794,-24.69102636477969,-30.201034450407807,-23.717724583427874,-2.1354534436208295,-1.962165210912712,-2.1768803877350678,-1.9242373783511657
powertrain_simple_cvt,SimpleCVT,EngineModelType_SIMPLE_MAP,TransmissionModelType_AUTOMATIC_SIMPLE_CVT,4.054999999999936,27.315440821550087,0.6322279980913617,-0.23735960190513547,12.082115797914794,8.44306540700333e-05,-0.12023579807317325,12.081001181340461,4.491070894300105,-1.5720389741231582,0.010170624967596515,-0.018334691996393402,0.0,0.45,0.0,153.53376104775484,1466.1394201344046,568.59,0.0,1.0,521.764821938162,153.51275723975658,0.0,1,0,0.0,0.0,0.0,0.0,-29.792642264267545,-23.879264236513077,-29.694586889102606,-23.69027746277664,-2.1588081475897996,-1.9288026792074588,-2.154994206998421,-1.921451890672158
powertrain_simple_cvt,SimpleCVT,EngineModelType_SIMPLE_MAP,TransmissionModelType_AUTOMATIC_SIMPLE_CVT,4.059999999999936,27.37593317269774,0.6322326799853015,-0.237961707194477,12.09847022953061,0.0009363787879663342,-0.12042105786830926,12.097312999050562,3.2623635420201667,-1.572044264368499,0.01032767495633823,-0.018328000818855765,0.0,0.45,0.0,153.51275723975658,1465.9388485424042,568.59,0.0,1.0,523.4331553175115,153.5017623183116,0.0,1,0,0.0,0.0,0.0,0.0,-29.006665496121453,-24.306501835236737,-28.2831255500189,-25.113820076678607,-2.1267156696447564,-1.9441456307920737,-2.098610964021262,-1.9755045649358216
powertrain_simple_cvt,SimpleCVT,EngineModelType_SIMPLE_MAP,TransmissionModelType_AUTOMATIC_SIMPLE_CVT,4.0649999999999356,27.436446995303786,0.632232586072414,-0.23856160433491885,12.102764521209677,-1.8782577523089854e-05,-0.11997942808836677,12.10120657307175,0.7787148042375402,-1.5720399700291785,0.010364965549102524,-0.018330829780973466,0.0,0.45,0.0,153.5017623183116,1465.8338547765916,568.59,0.0,1.0,521.5196136856596,153.51437325098507,0.0,1,0,0.0,0.0,0.0,0.0,-27.67775571496169,-25.73907675515226,-26.737637565027775,-26.965158102808594,-2.074750466569313,-1.9994699366722675,-2.038244890370244,-2.0470797036640778
powertrain_simple_cvt,SimpleCVT,EngineModelType_SIMPLE_MAP,TransmissionModelType_AUTOMATIC_SIMPLE_CVT,4.0699999999999354,27.496968028430302,0.6322324025880323,-0.23916169692545558,12.10420662530313,-3.669687634259237e-05,-0.12001851810734723,12.102288702184357,0.21642582252142012,-1.5720303709120935,0.010275468852198197,-0.01834191421312845,0.0,0.45,0.0,153.51437325098507,1465.9542803129107,568.59,0.0,1.0,518.7837849316652,153.53240335372678,0.0,1,0,0.0,0.0,0.0,0.0,-26.250870722778686,-27.467096841009784,-25.166215294690613,-28.820443453247677,-2.0192521808215744,-2.0664750381686843,-1.977137866892954,-2.1190219232033973
powertrain_simple_cvt,SimpleCVT,EngineModelType_SIMPLE_MAP,TransmissionModelType_AUTOMATIC_SIMPLE_CVT,4.074999999999935,27.55752348161571,0.6322312335414811,-0.23976447837108733,12.111090637081325,-0.0002338093102274676,-0.12055628912635181,12.10928767758714,1.3997950805567725,-1.572014776112344,0.010074996368415244,-0.018350312482042143,0.0,0.45,0.0,153.53240335372678,1466.1264551114584,568.59,0.0,1.0,517.6769472631697,153.5396978149946,0.0,1,0,0.0,0.0,0.0,0.0,-24.85057332599023,-29.103680771547342,-23.83025236679076,-30.155275104056457,-1.9643246338507658,-2.1293661492461213,-1.9247311555642408,-2.1701731884380826
powertrain_simple_cvt,SimpleCVT,EngineModelType_SIMPLE_MAP,TransmissionModelType_AUTOMATIC_SIMPLE_CVT,4.079999999999935,27.618185767423004,0.6322321437250642,-0.2403704766110919,12.132457161458897,0.00018203671662022237,-0.12119964800091212,12.13147192275264,4.436849033100026,-1.5720045660734145,0.009844788741896236,-0.01833939910836971,0.0,0.45,0.0,153.5396978149946,1466.1961120855365,568.59,0.0,1.0,520.7938541741773,153.51915626912492,0.0,1,0,0.0,0.0,0.0,0.0,-23.95421464579794,-29.834005184589174,-23.65458042346507,-29.81933878419626,-1.9278416942093897,-2.1555892908547847,-1.91623567294744,-2.155021203025994
powertrain_simple_cvt,SimpleCVT,EngineModelType_SIMPLE_MAP,TransmissionModelType_AUTOMATIC_SIMPLE_CVT,4.084999999999935,27.67892724674076,0.6322360827793427,-0.24097874494112925,12.148295863551287,0.0007878108556965929,-0.12165366600747077,12.147309068121375,3.1674290737470976,-1.5720045415463255,0.009686022595012025,-0.018328419697938348,0.0,0.45,0.0,153.51915626912492,1465.999954771702,568.59,0.0,1.0,522.3139861745486,153.5091380484641,0.0,1,0,0.0,0.0,0.0,0.0,-24.292551551639157,-29.135846251167088,-25.027886255857705,-28.48504882505195,-1.9397200573476987,-2.1270754762758965,-1.9681653513280002,-2.1019003770982483
powertrain_simple_cvt,SimpleCVT,EngineModelType_SIMPLE_MAP,TransmissionModelType_AUTOMATIC_SIMPLE_CVT,4.089999999999935,27.73968298250189,0.6322364980196998,-0.24158986408243255,12.151147152225956,8.304807141288045e-05,-0.12222382826065988,12.149647399133945,0.4676662025140488,-1.5720079953259891,0.009645793013565683,-0.018330030803024307,0.0,0.45,0.0,153.5091380484641,1465.9042878113526,568.59,0.0,1.0,520.010855806678,153.52431651206481,0.0,1,0,0.0,0.0,0.0,0.0,-25.709078154653778,-27.84385879540954,-26.913595674208565,-26.96890639185755,-1.9943248086140304,-2.0768896263520853,-2.040910751715485,-2.043049950111079
powertrain_simple_cvt,SimpleCVT,EngineModelType_SIMPLE_MAP,TransmissionModelType_AUTOMATIC_SIMPLE_CVT,4.094999999999935,27.800435705395877,0.6322357934611068,-0.2422012175967571,12.150544578797103,-0.00014091171859687522,-0.1222707028649143,12.148642711400186,-0.20093754675194903,-1.5720113785988088,0.009733216830070383,-0.018341296897011403,0.0,0.45,0.0,153.52431651206481,1466.0492314619883,568.59,0.0,1.0,516.7305710313703,153.54593477725575,0.0,1,0,0.0,0.0,0.0,0.0,-27.459297117997526,-26.438768975453492,-28.81456402728804,-25.427578238090906,-2.0621041397191515,-2.0226309092049775,-2.1145248039698177,-1.983518842221495
powertrain_simple_cvt,SimpleCVT,EngineModelType_SIMPLE_MAP,TransmissionModelType_AUTOMATIC_SIMPLE_CVT,4.099999999999935,27.861207268172937,0.6322350190476381,-0.24281070552167616,12.154312555412242,-0.0001548826937464976,-0.12189758498380814,12.15227548030963,0.7265537818888544,-1.572018827079317,0.009935141106838068,-0.018355714667758996,0.0,0.45,0.0,153.54593477725575,1466.2556706879607,568.59,0.0,1.0,514.7543469154208,153.55895881021073,0.0,1,0,0.0,0.0,0.0,0.0,-29.143014438714964,-25.052283316757247,-30.298978794408338,-24.072003189667804,-2.1268920381982026,-1.9687130570417488,-2.1715904695019073,-1.9308079229402637
powertrain_simple_cvt,SimpleCVT,EngineModelType_SIMPLE_MAP,TransmissionModelType_AUTOMATIC_SIMPLE_CVT,4.104999999999935,27.922077973625434,0.6322346428142502,-0.243419842230359,12.17414109049944,-7.52466775801059e-05,-0.12182734173656923,12.172928409302093,4.130585798492791,-1.5720332526794494,0.01017350676494878,-0.01835069762768447,0.0,0.45,0.0,153.55895881021073,1466.3800410413874,568.59,0.0,1.0,517.4114310161418,153.54144766326507,0.0,1,0,0.0,0.0,0.0,0.0,-29.986788589314017,-24.13114927345503,-30.068732664853577,-23.793183329482023,-2.1575515343827214,-1.9315118484498361,-2.1607147437437995,-1.9184656699352596
powertrain_simple_cvt,SimpleCVT,EngineModelType_SIMPLE_MAP,TransmissionModelType_AUTOMATIC_SIMPLE_CVT,4.109999999999935,27.98304088932453,0.6322383697574684,-0.24402886478308541,12.192583139819355,0.0007453886436311083,-0.12180451054528287,12.191484110719752,3.711140283531912,-1.5720402661764121,0.010345451819362453,-0.018342508426606383,0.0,0.45,0.0,153.54144766326507,1466.2128219056508,568.59,0.0,1.0,519.681656191742,153.52648605680372,0.0,1,0,0.0,0.0,0.0,0.0,-29.33902806587414,-24.392592986898144,-28.741121301429175,-25.023147275397385,-2.1308228893996684,-1.9401709701991932,-2.1077775910536167,-1.9644746117800622
powertrain_simple_cvt,SimpleCVT,EngineModelType_SIMPLE_MAP,TransmissionModelType_AUTOMATIC_SIMPLE_CVT,4.1149999999999345,28.044031573314914,0.6322385169784769,-0.2446357073979928,12.198136798076593,2.944420170151443e-05,-0.1213685229814781,12.196640950124173,1.0313678808842262,-1.5720387459708736,0.010401081483398234,-0.018343651316791502,0.0,0.45,0.0,153.52648605680372,1466.0699490881557,568.59,0.0,1.0,518.1878351075584,153.53633087899382,0.0,1,0,0.0,0.0,0.0,0.0,-28.04452622905461,-25.728210795684845,-27.19435518119411,-26.854929644725615,-2.0804714944813223,-1.991230807099329,-2.0477169535365403,-2.0346399055002182
powertrain_simple_cvt,SimpleCVT,EngineModelType_SIMPLE_MAP,TransmissionModelType_AUTOMATIC_SIMPLE_CVT,4.119999999999934,28.105029413413614,0.6322375983718135,-0.24524224677454726,12.199568019739877,-0.00018372133268994067,-0.12130787531088666,12.197707135394335,0.21323705403233817,-1.5720302829223518,0.01032920751183291,-0.01835323329341993,0.0,0.45,0.0,153.53633087899382,1466.1639602150806,568.59,0.0,1.0,515.5119338334719,153.55396603792985,0.0,1,0,0.0,0.0,0.0,0.0,-26.622591354946536,-27.441542082017083,-25.62601652057466,-28.712163783152008,-2.0255989538713375,-2.057147911587644,-1.987207270133293,-2.10609687640012
powertrain_simple_cvt,SimpleCVT,EngineModelType_SIMPLE_MAP,TransmissionModelType_AUTOMATIC_SIMPLE_CVT,4.124999999999934,28.166053472711457,0.6322358747580824,-0.2458511648322683,12.204811859568782,-0.00034472274621194466,-0.1217836115442067,12.20294350323536,1.0472735682050651,-1.5720169783636917,0.010141174420251291,-0.018362968935465983,0.0,0.45,0.0,153.55396603792985,1466.3323635780932,568.59,0.0,1.0,513.9635019014061,153.56417076539418,0.0,1,0,0.0,0.0,0.0,0.0,-25.20606120386262,-29.103468591075984,-24.199589834742675,-30.228201303475203,-1.9706123900807018,-2.1206902570122335,-1.931856093599933,-2.1640004551964886
powertrain_simple_cvt,SimpleCVT,EngineModelType_SIMPLE_MAP,TransmissionModelType_AUTOMATIC_SIMPLE_CVT,4.129999999999934,28.22717538625168,0.6322349497419981,-0.24646313515959054,12.224382708044784,-0.00018500321686590728,-0.12239406546444719,12.223277678116514,4.066834976230725,-1.5720056104622546,0.009907882487415176,-0.01835475189593535,0.0,0.45,0.0,153.56417076539418,1466.4298115472247,568.59,0.0,1.0,516.5432589547406,153.54716923170815,0.0,1,0,0.0,0.0,0.0,0.0,-24.209272310104815,-30.01052967376836,-23.778849217392796,-30.16847963625269,-1.9306781174483774,-2.1536961087737247,-1.9141313436131175,-2.159768186110581
powertrain_simple_cvt,SimpleCVT,EngineModelType_SIMPLE_MAP,TransmissionModelType_AUTOMATIC_SIMPLE_CVT,4.134999999999934,28.288386800309233,0.6322372762456387,-0.24707798957158972,12.242282811510865,0.0004653007281267521,-0.12297088239983425,12.24134206788639,3.6128779539752345,-1.5720053822731317,0.009734305885671889,-0.018342567494524432,0.0,0.45,0.0,153.54716923170815,1466.267458859648,568.59,0.0,1.0,518.65868716906,153.53322779330813,0.0,1,0,0.0,0.0,0.0,0.0,-24.375287712725452,-29.463488521658704,-24.94106123885273,-28.931469189623456,-1.9356774471859317,-2.130994720966727,-1.9573954073942859,-2.1105724598505056
powertrain_simple_cvt,SimpleCVT,EngineModelType_SIMPLE_MAP,TransmissionModelType_AUTOMATIC_SIMPLE_CVT,4.139999999999934,28.3496187617951,0.6322368694940388,-0.24769586308658378,12.24639229717302,-8.135031999038402e-05,-0.12357470299881519,12.244942242290799,0.720034880881941,-1.5720079300473588,0.009676046376487144,-0.01834282343509956,0.0,0.45,0.0,153.53322779330813,1466.1343279295377,568.59,0.0,1.0,516.7784391078025,153.54561930928838,0.0,1,0,0.0,0.0,0.0,0.0,-25.692359573603877,-28.209574755024516,-26.80366139149752,-27.41580584425808,-1.985945015072432,-2.08254321785238,-2.0285912533229222,-2.0520823137673507
powertrain_simple_cvt,SimpleCVT,EngineModelType_SIMPLE_MAP,TransmissionModelType_AUTOMATIC_SIMPLE_CVT,4.144999999999934,28.410847930887687,0.6322347221003813,-0.24831434540822156,12.245833818517799,-0.00042947873149147726,-0.1236964643275569,12.24397366142732,-0.19371617269570565,-1.5720113644975624,0.009745046904884544,-0.018352995483733512,0.0,0.45,0.0,153.54561930928838,1466.2526581907773,568.59,0.0,1.0,513.5720311689098,153.56675069936006,0.0,1,0,0.0,0.0,0.0,0.0,-27.428929817396657,-26.808626094037365,-28.70365304338239,-25.87772371443611,-2.052669213247245,-2.028863157495525,-2.101590622297456,-1.9931369267578123
powertrain_simple_cvt,SimpleCVT,EngineModelType_SIMPLE_MAP,TransmissionModelType_AUTOMATIC_SIMPLE_CVT,4.149999999999934,28.47208854341839,0.6322325807591755,-0.24893117116675584,12.2481225061406,-0.00042826824116861794,-0.12336515170685622,12.246027004460066,0.4106686065490893,-1.5720166856778006,0.0099333601720379,-0.018368680069396483,0.0,0.45,0.0,153.56675069936006,1466.4544481018359,568.59,0.0,1.0,511.22348470973907,153.5822284714577,0.0,1,0,0.0,0.0,0.0,0.0,-29.13661220413769,-25.407086001652765,-30.34397187746974,-24.44646456041018,-2.1180192620625333,-1.9749112677792124,-2.1643476190302344,-1.9380506586138488
powertrain_simple_cvt,SimpleCVT,EngineModelType_SIMPLE_MAP,TransmissionModelType_AUTOMATIC_SIMPLE_CVT,4.154999999999934,28.533416082772117,0.6322302119633945,-0.24954734024177375,12.26550787074551,-0.00047375915621059917,-0.12323381500357959,12.264121307734651,3.618860654917177,-1.5720302104006434,0.010173792292740277,-0.01836769268343998,0.0,0.45,0.0,153.5822284714577,1466.6022499380792,568.59,0.0,1.0,513.1682019832824,153.56941208000984,0.0,1,0,0.0,0.0,0.0,0.0,-30.16019189962926,-24.385945391210306,-30.410140713258144,-23.93960461974742,-2.155588225036368,-1.9343478796237008,-2.1651650177455317,-1.917246325974021
powertrain_simple_cvt,SimpleCVT,EngineModelType_SIMPLE_MAP,TransmissionModelType_AUTOMATIC_SIMPLE_CVT,4.1599999999999335,28.594844169530724,0.6322317855620859,-0.25016337294338126,12.285617351721607,0.00031471973829597685,-0.12320654032150376,12.28453140051516,4.082018556101817,-1.5720377759402981,0.01036039192951081,-0.01835916614061538,0.0,0.45,0.0,153.56941208000984,1466.4798624149873,568.59,0.0,1.0,515.9092279978533,153.55134772543786,0.0,1,0,0.0,0.0,0.0,0.0,-29.67204882208572,-24.483443330175646,-29.188052909051006,-24.956049856069193,-2.1349961416447174,-1.9365249390275545,-2.116482641038135,-1.9546027801170454
powertrain_simple_cvt,SimpleCVT,EngineModelType_SIMPLE_MAP,TransmissionModelType_AUTOMATIC_SIMPLE_CVT,4.164999999999933,28.656307045346352,0.6322310141899249,-0.25077738022847834,12.292575163125504,-0.00015427443221606744,-0.1228014570194208,12.291085484859511,1.3108168688703183,-1.572036733961342,0.010433682880326724,-0.018360031395705752,0.0,0.45,0.0,153.55134772543786,1466.3073605355537,568.59,0.0,1.0,514.8617827492958,153.55825076913905,0.0,1,0,0.0,0.0,0.0,0.0,-28.418347407204365,-25.717271030164675,-27.64329246469565,-26.754785152717755,-2.0864607087059053,-1.9831959652351658,-2.0568296140451876,-2.022861126362573
powertrain_simple_cvt,SimpleCVT,EngineModelType_SIMPLE_MAP,TransmissionModelType_AUTOMATIC_SIMPLE_CVT,4.169999999999933,28.717777505831197,0.6322284322098802,-0.25139073561738245,12.294092096968996,-0.0005163960089306172,-0.12267107778081908,12.292244333454704,0.23176971903851534,-1.5720284094518502,0.010380555909437742,-0.01836922039199513,0.0,0.45,0.0,153.55825076913905,1466.3732797471991,568.59,0.0,1.0,512.2655964725518,153.57536057736002,0.0,1,0,0.0,0.0,0.0,0.0,-26.999483340173583,-27.415332063153457,-26.077833611957086,-28.611231730678032,-2.0321188610787972,-2.048015658248409,-1.9968866288240048,-2.093731740562229
powertrain_simple_cvt,SimpleCVT,EngineModelType_SIMPLE_MAP,TransmissionModelType_AUTOMATIC_SIMPLE_CVT,4.174999999999933,28.779267918709408,0.6322254069760791,-0.25200605628479067,12.298082575642328,-0.0006050467602376256,-0.12306413348164319,12.296125950269193,0.7763233628978293,-1.572014946730502,0.010206702780787795,-0.018380883380694865,0.0,0.45,0.0,153.57536057736002,1466.5366663804225,568.59,0.0,1.0,510.40523055015547,153.5876210628414,0.0,1,0,0.0,0.0,0.0,0.0,-25.569352766968226,-29.1005166417633,-24.589229382491826,-30.25457719669458,-1.9771401914547997,-2.1120846374922833,-1.9396844936010071,-2.156187394487086
powertrain_simple_cvt,SimpleCVT,EngineModelType_SIMPLE_MAP,TransmissionModelType_AUTOMATIC_SIMPLE_CVT,4.179999999999933,28.84084477506728,0.6322225409541531,-0.2526243555424638,12.315371271574042,-0.000573204385190868,-0.12365985153463176,12.314091335787024,3.593077103566321,-1.5720015470171285,0.009972720879684973,-0.018376655157775146,0.0,0.45,0.0,153.5876210628414,1466.6537453925669,568.59,0.0,1.0,512.3205666384144,153.57499830405007,0.0,1,0,0.0,0.0,0.0,0.0,-24.475652729818478,-30.174730206467913,-23.946455023520585,-30.485413161458062,-1.9339795283406218,-2.1514536750927107,-1.9137855899160547,-2.163309192204687
powertrain_simple_cvt,SimpleCVT,EngineModelType_SIMPLE_MAP,TransmissionModelType_AUTOMATIC_SIMPLE_CVT,4.184999999999933,28.90252004698488,0.6322230915929208,-0.25324565413859457,12.335054383520339,0.00011012775353729529,-0.12425971922614501,12.334120594160618,4.005851674718826,-1.5719994772357189,0.00978520136006046,-0.018364159335792055,0.0,0.45,0.0,153.57499830405007,1466.5332069251408,568.59,0.0,1.0,514.9380959225388,153.5577478376774,0.0,1,0,0.0,0.0,0.0,0.0,-24.471473036874407,-29.791158273647405,-24.875583173244678,-29.36862049270134,-1.932303611939011,-2.134970682823909,-1.9476992254025514,-2.1188730209151587
powertrain_simple_cvt,SimpleCVT,EngineModelType_SIMPLE_MAP,TransmissionModelType_AUTOMATIC_SIMPLE_CVT,4.189999999999933,28.96422355608053,0.6322219769756507,-0.2538699767673968,12.34070181912985,-0.00022292345401567172,-0.12486452576044331,12.339277898817441,1.0314609313646137,-1.5720009734051594,0.00970903411226171,-0.018363552426332242,0.0,0.45,0.0,153.5577478376774,1466.3684771055098,568.59,0.0,1.0,513.5396926490452,153.56696382192297,0.0,1,0,0.0,0.0,0.0,0.0,-25.674460797095232,-28.584614689367687,-26.69781642104884,-27.859823127669465,-1.977725700602891,-2.0885491479060656,-2.016696766141652,-2.060947892983796
powertrain_simple_cvt,SimpleCVT,EngineModelType_SIMPLE_MAP,TransmissionModelType_AUTOMATIC_SIMPLE_CVT,4.194999999999933,29.02592505701514,0.6322186342319578,-0.25449528635086915,12.340300186922159,-0.0006685487385888114,-0.1250619166944695,12.338468918615375,-0.161796040413268,-1.5720037705706127,0.009759487186438974,-0.018372856309859662,0.0,0.45,0.0,153.56696382192297,1466.4564832723981,568.59,0.0,1.0,510.4467315398273,153.58734755628277,0.0,1,0,0.0,0.0,0.0,0.0,-27.394458568985876,-27.186164503098624,-28.59469873513076,-26.32480783025805,-2.043294444916512,-2.0353617441733305,-2.0890045616085895,-2.0025577144969153
powertrain_simple_cvt,SimpleCVT,EngineModelType_SIMPLE_MAP,TransmissionModelType_AUTOMATIC_SIMPLE_CVT,4.199999999999933,29.08763280618693,0.6322155058225214,-0.25511920038867375,12.341549834358204,-0.0006256818872831501,-0.12478280756091531,12.339417446136391,0.18970550420327875,-1.5720076275546553,0.009932907095498256,-0.018389215691771488,0.0,0.45,0.0,153.58734755628277,1466.6511335973203,568.59,0.0,1.0,507.8551303613824,153.60442714704467,0.0,1,0,0.0,0.0,0.0,0.0,-29.121696663227656,-25.771696168617346,-30.340175707616297,-24.84247101926819,-2.108989571167752,-1.981417484455484,-2.155390732766957,-1.9460314624179615
powertrain_simple_cvt,SimpleCVT,EngineModelType_SIMPLE_MAP,TransmissionModelType_AUTOMATIC_SIMPLE_CVT,4.204999999999933,29.149413391904336,0.6322118390059008,-0.25574250072767946,12.35611714348062,-0.0007333633241047529,-0.12466006780114003,12.3545593999748,3.0283907676818633,-1.5720195248082869,0.01017294504026313,-0.01839209801487833,0.0,0.45,0.0,153.60442714704467,1466.8142316750648,568.59,0.0,1.0,509.0052939960985,153.59684715196147,0.0,1,0,0.0,0.0,0.0,0.0,-30.307967454545643,-24.656479838688444,-30.72084173956147,-24.12403032180159,-2.152749640502764,-1.9377979012528228,-2.1684531245565406,-1.91754642810149
powertrain_simple_cvt,SimpleCVT,EngineModelType_SIMPLE_MAP,TransmissionModelType_AUTOMATIC_SIMPLE_CVT,4.2099999999999325,29.211301111268707,0.6322120813545503,-0.25636571787800494,12.377543872873952,4.8469729900318015e-05,-0.12464343006509132,12.376464316315644,4.380983268168941,-1.5720274477909093,0.010372805425322214,-0.01838329053997164,0.0,0.45,0.0,153.59684715196147,1466.7418480538986,568.59,0.0,1.0,512.0981827951302,153.576463894152,0.0,1,0,0.0,0.0,0.0,0.0,-30.001124459316742,-24.583732755909267,-29.631326138320482,-24.906837665958655,-2.139059429505117,-1.933376102153273,-2.125019213608638,-1.9456434988306952
powertrain_simple_cvt,SimpleCVT,EngineModelType_SIMPLE_MAP,TransmissionModelType_AUTOMATIC_SIMPLE_CVT,4.214999999999932,29.273231804017637,0.6322112623319902,-0.25698711880458674,12.386138549785958,-0.00016380451202956028,-0.12428018531636478,12.384682955676045,1.643727872080127,-1.5720270334357656,0.010464210081134821,-0.018383126843894232,0.0,0.45,0.0,153.576463894152,1466.5472022796969,568.59,0.0,1.0,511.55591816457076,153.5800376145422,0.0,1,0,0.0,0.0,0.0,0.0,-28.801198700793314,-25.698387181065193,-28.097656595903715,-26.65263697722167,-2.092775916665685,-1.9750489519675682,-2.066082101711294,-2.0112551254173634
powertrain_simple_cvt,SimpleCVT,EngineModelType_SIMPLE_MAP,TransmissionModelType_AUTOMATIC_SIMPLE_CVT,4.219999999999932,29.335171036503798,0.6322081158040244,-0.2576075180824082,12.387846497232145,-0.0006293055931670462,-0.12407985556429954,12.386034361176254,0.2702811000418195,-1.5720187323071364,0.010429744841349326,-0.018391281854536992,0.0,0.45,0.0,153.5800376145422,1466.5813287956166,568.59,0.0,1.0,509.06046144704266,153.59648357847135,0.0,1,0,0.0,0.0,0.0,0.0,-27.385340011467633,-27.375917697516254,-26.535760826648147,-28.50596531852283,-2.0389419967802014,-2.038584534076914,-2.006710755746508,-2.081456155584394
powertrain_simple_cvt,SimpleCVT,EngineModelType_SIMPLE_MAP,TransmissionModelType_AUTOMATIC_SIMPLE_CVT,4.224999999999932,29.397125456797003,0.6322047894087406,-0.2582294448264879,12.390884058640708,-0.0006652790567537583,-0.1243853488159332,12.388897998789462,0.5727275226416262,-1.572005731140609,0.010271763839453713,-0.018403394027578623,0.0,0.45,0.0,153.59648357847135,1466.7383761828107,568.59,0.0,1.0,506.9864194106526,153.61015226696367,0.0,1,0,0.0,0.0,0.0,0.0,-25.944821789220896,-29.08144530225836,-25.006225653730894,-30.23689572404747,-1.9840642614013084,-2.1030336313097795,-1.9484641358606953,-2.146858849117833
powertrain_simple_cvt,SimpleCVT,EngineModelType_SIMPLE_MAP,TransmissionModelType_AUTOMATIC_SIMPLE_CVT,4.229999999999932,29.45915451296152,0.6322006337705,-0.25885286450650163,12.405811232902815,-0.0008311276481296802,-0.12468393600274132,12.404429369805207,3.1062742031491504,-1.5719918398885522,0.010041347102817073,-0.018401321345369332,0.0,0.45,0.0,153.61015226696367,1466.8689025431588,568.59,0.0,1.0,508.23383881970955,153.60193132108958,0.0,1,0,0.0,0.0,0.0,0.0,-24.763526111821076,-30.30886945523619,-24.166160635344966,-30.74169417563825,-1.9380827261808542,-2.1481493692635,-1.915453548406711,-2.164545475045843
powertrain_simple_cvt,SimpleCVT,EngineModelType_SIMPLE_MAP,TransmissionModelType_AUTOMATIC_SIMPLE_CVT,4.234999999999932,29.521289175918103,0.6322009317347806,-0.25947925504661845,12.426932591316728,5.959285614743747e-05,-0.12527810802336048,12.426007982148256,4.3157224686098985,-1.5719907497656114,0.00984233209155589,-0.018388262035281287,0.0,0.45,0.0,153.60193132108958,1466.7903982927937,568.59,0.0,1.0,511.23732419838655,153.58213726421317,0.0,1,0,0.0,0.0,0.0,0.0,-24.580719251759692,-30.11740773416107,-24.835965407290807,-29.775180851810482,-1.9295406853911412,-2.1389152424989515,-1.9391930346135449,-2.125973643535908
powertrain_simple_cvt,SimpleCVT,EngineModelType_SIMPLE_MAP,TransmissionModelType_AUTOMATIC_SIMPLE_CVT,4.239999999999932,29.583461283765793,0.6322001379015193,-0.2601086676213885,12.434421569538246,-0.00015876665226409155,-0.12588251495401737,12.433100756480712,1.4185548664912364,-1.5719929236316035,0.009748571728110398,-0.018384834510704693,0.0,0.45,0.0,153.58213726421317,1466.6013789730505,568.59,0.0,1.0,510.4028058963209,153.5876370421887,0.0,1,0,0.0,0.0,0.0,0.0,-25.65022909758857,-28.97287668029864,-26.59127829444043,-28.28468840383309,-1.9694317523063793,-2.095008801000498,-2.0049980222386963,-2.068999225638326
powertrain_simple_cvt,SimpleCVT,EngineModelType_SIMPLE_MAP,TransmissionModelType_AUTOMATIC_SIMPLE_CVT,4.244999999999932,29.645632748364566,0.6321970952477388,-0.2607393756461131,12.434292919754462,-0.0006085307561051112,-0.1261416049449235,12.432528022565927,-0.11454678295699483,-1.5719982751906563,0.009781438207349908,-0.018392201775424378,0.0,0.45,0.0,153.5876370421887,1466.6538979840932,568.59,0.0,1.0,507.4390657829445,153.60716916336622,0.0,1,0,0.0,0.0,0.0,0.0,-27.345224392667156,-27.57885974810557,-28.48282044723616,-26.753790159224838,-2.0335404769481715,-2.0423709620531514,-2.0765370730605404,-2.0111866205329587
powertrain_simple_cvt,SimpleCVT,EngineModelType_SIMPLE_MAP,TransmissionModelType_AUTOMATIC_SIMPLE_CVT,4.249999999999932,29.70780684067701,0.6321938328552729,-0.26136909432851135,12.434818462488254,-0.0006524784931843885,-0.12594373647965276,12.432751952451268,0.04478597706807459,-1.5720024797609,0.009939066893523568,-0.018406705482806714,0.0,0.45,0.0,153.60716916336622,1466.8404160021616,568.59,0.0,1.0,504.69924228947673,153.62522559288843,0.0,1,0,0.0,0.0,0.0,0.0,-29.086771087301337,-26.156082078958946,-30.29543026500872,-25.23908269981903,-2.0993441987900443,-1.9885778318354963,-2.145025874880487,-1.9539195349511216
powertrain_simple_cvt,SimpleCVT,EngineModelType_SIMPLE_MAP,TransmissionModelType_AUTOMATIC_SIMPLE_CVT,4.2549999999999315,29.77004025157303,0.6321904499406226,-0.26199787324155027,12.446682179204304,-0.0006765829300536569,-0.12575578260778,12.444993785252972,2.448366560340939,-1.5720152859346193,0.010176140936032236,-0.018412309331373267,0.0,0.45,0.0,153.62522559288843,1467.0128422029445,568.59,0.0,1.0,505.1084897106397,153.62252850410331,0.0,1,0,0.0,0.0,0.0,0.0,-30.415922192025473,-24.959544424725895,-30.953676472759156,-24.348128797631723,-2.148449094042054,-1.9424263384588174,-2.1687537033393434,-1.9193404126536957
powertrain_simple_cvt,SimpleCVT,EngineModelType_SIMPLE_MAP,TransmissionModelType_AUTOMATIC_SIMPLE_CVT,4.259999999999931,29.832383767180943,0.6321898089130011,-0.2626264377061786,12.468703121582452,-0.00012820552427765552,-0.1257128929256701,12.467691160242731,4.539474997951939,-1.572025864016564,0.0103891543345352,-0.01840169009152066,0.0,0.45,0.0,153.62252850410331,1466.9870869022182,568.59,0.0,1.0,508.3445101598098,153.60120195685963,0.0,1,0,0.0,0.0,0.0,0.0,-30.322353536290578,-24.70462807523987,-30.021418893033523,-24.896538831434313,-2.142831799695104,-1.9311030072330737,-2.1314897487051487,-1.9383360115782031
powertrain_simple_cvt,SimpleCVT,EngineModelType_SIMPLE_MAP,TransmissionModelType_AUTOMATIC_SIMPLE_CVT,4.264999999999931,29.894779750375445,0.6321902983412504,-0.26325358922895453,12.479196638900424,9.78856498557272e-05,-0.12543030455518425,12.477809435423444,2.0236550361425008,-1.572028450391149,0.010499529814244247,-0.01839953227816747,0.0,0.45,0.0,153.60120195685963,1466.7834333774429,568.59,0.0,1.0,508.36005157337917,153.60109953331317,0.0,1,0,0.0,0.0,0.0,0.0,-29.19411110104692,-25.676329686674634,-28.508861182105196,-26.57004468875968,-2.0994167587971666,-1.9669411431718153,-2.0736110323531816,-2.000597425683034
powertrain_simple_cvt,SimpleCVT,EngineModelType_SIMPLE_MAP,TransmissionModelType_AUTOMATIC_SIMPLE_CVT,4.269999999999931,29.95718614444531,0.6321872599877761,-0.26387964210799403,12.481278813973088,-0.0006076706948542321,-0.1252105758078998,12.479576087935236,0.3533305023584252,-1.5720222848943812,0.01048574591827713,-0.018404841610611837,0.0,0.45,0.0,153.60109953331317,1466.7824553046207,568.59,0.0,1.0,506.0299264872496,153.616455901888,0.0,1,0,0.0,0.0,0.0,0.0,-27.78644230822466,-27.321059713180006,-26.945229827104093,-28.421490767933296,-2.046257432835208,-2.0287341387849476,-2.0145828196838282,-2.0701692443514323
powertrain_simple_cvt,SimpleCVT,EngineModelType_SIMPLE_MAP,TransmissionModelType_AUTOMATIC_SIMPLE_CVT,4.274999999999931,30.019604886502982,0.632184838777052,-0.2645068823516885,12.483748411534732,-0.00048424214482445187,-0.1254480487388965,12.481776281491088,0.4400387111704967,-1.5720104418225744,0.010344800690728257,-0.018416265996868034,0.0,0.45,0.0,153.616455901888,1466.9290978226181,568.59,0.0,1.0,503.8314476422185,153.63094467403556,0.0,1,0,0.0,0.0,0.0,0.0,-26.340473478393307,-29.03775451981048,-25.392809875541538,-30.201839227651206,-1.9916367837685995,-2.0931810137546316,-1.9559602008097796,-2.1370051772293044
powertrain_simple_cvt,SimpleCVT,EngineModelType_SIMPLE_MAP,TransmissionModelType_AUTOMATIC_SIMPLE_CVT,4.279999999999931,30.08208523949821,0.6321814122752173,-0.2651370364334785,12.496070599045419,-0.0006853003669512521,-0.12603081635799893,12.494563620499832,2.5574678017488686,-1.5719958347366283,0.010119218894179426,-0.018416840857734807,0.0,0.45,0.0,153.63094467403556,1467.0674554050152,568.59,0.0,1.0,504.3694512251263,153.62739903549328,0.0,1,0,0.0,0.0,0.0,0.0,-25.083040943137323,-30.397828024608604,-24.393180724902923,-30.96943183150599,-1.943331939968042,-2.143212345994055,-1.9173874311084858,-2.164709425605574
powertrain_simple_cvt,SimpleCVT,EngineModelType_SIMPLE_MAP,TransmissionModelType_AUTOMATIC_SIMPLE_CVT,4.284999999999931,30.14467325997383,0.6321815501139796,-0.26577019480243064,12.51760409512371,2.756775244924987e-05,-0.1266316737904243,12.51669902149432,4.427080198897665,-1.5719906925361242,0.009909005419342722,-0.01840309731462762,0.0,0.45,0.0,153.62739903549328,1467.0335970509898,568.59,0.0,1.0,507.4654309894921,153.60699540710235,0.0,1,0,0.0,0.0,0.0,0.0,-24.718500066813036,-30.422200926945706,-24.837430195296307,-30.16202644699972,-1.9279781483479939,-2.142105613550586,-1.932443005038909,-2.1323381830230423
powertrain_simple_cvt,SimpleCVT,EngineModelType_SIMPLE_MAP,TransmissionModelType_AUTOMATIC_SIMPLE_CVT,4.289999999999931,30.207308498694516,0.6321819325899843,-0.26640628634725977,12.527047744137848,7.649520094447524e-05,-0.12721830896582376,12.525808074076103,1.8218105163566312,-1.5719913782111472,0.009797231962816975,-0.01839741431564122,0.0,0.45,0.0,153.60699540710235,1466.8387567520642,568.59,0.0,1.0,507.20791403687804,153.6086925371243,0.0,1,0,0.0,0.0,0.0,0.0,-25.62014822813086,-29.36649117926237,-26.519048150368807,-28.69648672236848,-1.9611282227224032,-2.101670576742668,-1.9948500449762352,-2.076535663894527
powertrain_simple_cvt,SimpleCVT,EngineModelType_SIMPLE_MAP,TransmissionModelType_AUTOMATIC_SIMPLE_CVT,4.294999999999931,30.269945483380774,0.632179689384769,-0.26704406003534786,12.527396937251801,-0.0004486410430658114,-0.12755473761762315,12.525691659913434,-0.02328283253376689,-1.5719943772170233,0.009810796715841204,-0.01840308463793768,0.0,0.45,0.0,153.6086925371243,1466.8549631499882,568.59,0.0,1.0,504.43365146316074,153.6269759326634,0.0,1,0,0.0,0.0,0.0,0.0,-27.27537436042407,-27.983561425336447,-28.40867999842772,-27.16267491805014,-2.023232789050776,-2.0498003520115766,-2.0657486303916763,-2.019004881370357
powertrain_simple_cvt,SimpleCVT,EngineModelType_SIMPLE_MAP,TransmissionModelType_AUTOMATIC_SIMPLE_CVT,4.2999999999999305,30.332582856871156,0.632177357142171,-0.2676810857876528,12.527474698076425,-0.0004664485195975685,-0.12740515046099027,12.525427182413639,-0.05289549995915023,-1.5719971450738255,0.009950749978053529,-0.018416851197541825,0.0,0.45,0.0,153.6269759326634,1467.0295567165813,568.59,0.0,1.0,501.62366490022026,153.64549476223513,0.0,1,0,0.0,0.0,0.0,0.0,-29.023859534624208,-26.558547512699384,-30.259121130435613,-25.62956090555984,-2.0888500165861665,-1.9963621435394896,-2.135191703413963,-1.9615105731828484
powertrain_simple_cvt,SimpleCVT,EngineModelType_SIMPLE_MAP,TransmissionModelType_AUTOMATIC_SIMPLE_CVT,4.30499999999993,30.395266452160605,0.6321749103093925,-0.268316786877635,12.536719057889716,-0.00048936655570568,-0.12714021799643274,12.534885146745049,1.8915928662821506,-1.5720066853774974,0.01018131023286463,-0.01842557194640077,0.0,0.45,0.0,153.64549476223513,1467.2063985125783,568.59,0.0,1.0,501.3328242666953,153.64741150738826,0.0,1,0,0.0,0.0,0.0,0.0,-30.47764129722687,-25.29116038580009,-31.173745015188842,-24.589240532278133,-2.1425269141206114,-1.9480993344700472,-2.168622018562415,-1.9217861983456515
powertrain_simple_cvt,SimpleCVT,EngineModelType_SIMPLE_MAP,TransmissionModelType_AUTOMATIC_SIMPLE_CVT,4.30999999999993,30.45805904731001,0.6321747174131502,-0.26895257818617907,12.558519029880948,-3.857924846071095e-05,-0.12715826170881012,12.557436503571656,4.510271365321568,-1.5720173706185794,0.010403642234804297,-0.01841638094272789,0.0,0.45,0.0,153.64741150738826,1467.2247020805241,568.59,0.0,1.0,504.4811129903857,153.62666314400263,0.0,1,0,0.0,0.0,0.0,0.0,-30.62680836749172,-24.851841619103624,-30.40723831524715,-24.9202504817409,-2.1460569398691396,-1.9299573502518053,-2.1378406158192127,-1.932517213846904
powertrain_simple_cvt,SimpleCVT,EngineModelType_SIMPLE_MAP,TransmissionModelType_AUTOMATIC_SIMPLE_CVT,4.31499999999993,30.52091384904657,0.6321766280465441,-0.26958752123548907,12.57096034731213,0.0003821266787646881,-0.12698860986199934,12.569612545560583,2.435208397785312,-1.572018694882172,0.010531186688004766,-0.018413018876507536,0.0,0.45,0.0,153.62666314400263,1467.0265698048909,568.59,0.0,1.0,505.0582998442721,153.6228592735076,0.0,1,0,0.0,0.0,0.0,0.0,-29.596780246591372,-25.653087461785987,-28.92693089936167,-26.506432434886168,-2.106440392451495,-1.959010132937684,-2.0813988721084984,-1.9909114187892831
powertrain_simple_cvt,SimpleCVT,EngineModelType_SIMPLE_MAP,TransmissionModelType_AUTOMATIC_SIMPLE_CVT,4.31999999999993,30.583781941745407,0.6321748063913241,-0.27022102526322944,12.573618539767617,-0.00036433104399027916,-0.12670080554807173,12.571918629222663,0.4612167324161574,-1.5720116086037053,0.010534770512564804,-0.018417981299726577,0.0,0.45,0.0,153.6228592735076,1466.990245517361,568.59,0.0,1.0,502.9378562248961,153.63683376524418,0.0,1,0,0.0,0.0,0.0,0.0,-28.20310135214929,-27.248555689631573,-27.362831063411644,-28.35374744661593,-2.0541459673919618,-2.0184679599178703,-2.022739225086135,-2.059776659243986
powertrain_simple_cvt,SimpleCVT,EngineModelType_SIMPLE_MAP,TransmissionModelType_AUTOMATIC_SIMPLE_CVT,4.32499999999993,30.646660179288922,0.6321734057767714,-0.2708554300125234,12.57564750870303,-0.0002801229105331175,-0.12688094985878529,12.573650336603986,0.34634147626456296,-1.5719991020886128,0.010412085121457432,-0.018429716906779296,0.0,0.45,0.0,153.63683376524418,1467.1236920835852,568.59,0.0,1.0,500.66510060350475,153.65181204826013,0.0,1,0,0.0,0.0,0.0,0.0,-26.756391976836888,-28.970652430899193,-25.79726076174681,-30.16535191938238,-1.9999346453363716,-2.0826855537447964,-1.9640901812463547,-2.127333629252666
powertrain_simple_cvt,SimpleCVT,EngineModelType_SIMPLE_MAP,TransmissionModelType_AUTOMATIC_SIMPLE_CVT,4.32999999999993,30.709588534329136,0.6321710837988882,-0.271492655036008,12.585671008042421,-0.0004643955766448517,-0.1274450046969292,12.583988369608752,2.067606600953242,-1.5719823689486978,0.010193387493307535,-0.018434108111792365,0.0,0.45,0.0,153.65181204826013,1467.2667241504464,568.59,0.0,1.0,500.59109053024054,153.65229980145844,0.0,1,0,0.0,0.0,0.0,0.0,-25.436401646518675,-30.441546864086938,-24.660644873998116,-31.163297967428644,-1.949823281986293,-2.1367209227545714,-1.920855668801925,-2.163671904708698
powertrain_simple_cvt,SimpleCVT,EngineModelType_SIMPLE_MAP,TransmissionModelType_AUTOMATIC_SIMPLE_CVT,4.33499999999993,30.77262380998159,0.6321715949855577,-0.27213308648136786,12.607055130490643,0.0001022373339030656,-0.1280862890719669,12.606070124616204,4.41635100149052,-1.571973858806259,0.00997402115977772,-0.018421982105715343,0.0,0.45,0.0,153.65229980145844,1467.2713818503976,568.59,0.0,1.0,503.6203707096235,153.63233574749933,0.0,1,0,0.0,0.0,0.0,0.0,-24.880007945031142,-30.717800943765155,-24.87134820833296,-30.531854815720806,-1.9274195381906198,-2.1450273178545167,-1.9270967405039303,-2.1380960470695465
powertrain_simple_cvt,SimpleCVT,EngineModelType_SIMPLE_MAP,TransmissionModelType_AUTOMATIC_SIMPLE_CVT,4.33999999999993,30.835717209563573,0.632173654851217,-0.2727760741744659,12.618679916396728,0.0004119731318571792,-0.1285975386196124,12.617467799157588,2.2795349082767076,-1.5719732481490163,0.009844326010313813,-0.018415246033271666,0.0,0.45,0.0,153.63233574749933,1467.0807391780927,568.59,0.0,1.0,503.9870735214979,153.6299190431043,0.0,1,0,0.0,0.0,0.0,0.0,-25.59667730715958,-29.76948993142185,-26.44671539716995,-29.10854504340529,-1.953271992296056,-2.108675967432157,-1.9849291286449628,-2.084061044071725
powertrain_simple_cvt,SimpleCVT,EngineModelType_SIMPLE_MAP,TransmissionModelType_AUTOMATIC_SIMPLE_CVT,4.34499999999993,30.8988160625599,0.6321724924652001,-0.27342112068205227,12.61977059926542,-0.00023247720337705178,-0.1290093015172641,12.61808570110217,0.12358038891662468,-1.5719754172902662,0.00983789095093643,-0.018420094748241984,0.0,0.45,0.0,153.6299190431043,1467.0576613510655,568.59,0.0,1.0,501.4679385638027,153.64652105521532,0.0,1,0,0.0,0.0,0.0,0.0,-27.19066214689253,-28.40473324882315,-28.329386377832535,-27.574577951953895,-2.0125856207894324,-2.0577978680598217,-2.0549919357245074,-2.026882721084335
powertrain_simple_cvt,SimpleCVT,EngineModelType_SIMPLE_MAP,TransmissionModelType_AUTOMATIC_SIMPLE_CVT,4.3499999999999295,30.9619141722645,0.6321711706669197,-0.27406570451750845,12.619621940919888,-0.00026435965607053344,-0.1289167670912333,12.617577124925461,-0.10171523534197252,-1.5719779734531274,0.009958681029029158,-0.018433474455343723,0.0,0.45,0.0,153.64652105521532,1467.2161988886298,568.59,0.0,1.0,498.64821448286824,153.66510405855874,0.0,1,0,0.0,0.0,0.0,0.0,-28.9414061123934,-26.977927176136856,-30.197958567272945,-26.03277077582317,-2.0778271135231123,-2.004703823448323,-2.1246232608897473,-1.969504593983734
powertrain_simple_cvt,SimpleCVT,EngineModelType_SIMPLE_MAP,TransmissionModelType_AUTOMATIC_SIMPLE_CVT,4.354999999999929,31.025046868150273,0.6321695935688914,-0.2747087136831853,12.626539177154473,-0.00031541960567457315,-0.1286018331353695,12.624572690350824,1.399113085072686,-1.5719866104598168,0.01018035345947259,-0.018444993345889504,0.0,0.45,0.0,153.66510405855874,1467.3936534990055,568.59,0.0,1.0,497.7551784159645,153.67098948980689,0.0,1,0,0.0,0.0,0.0,0.0,-30.49458711997565,-25.65223350977023,-31.341503649573667,-24.864681623121086,-2.1350409110186175,-1.9548033681531334,-2.1665640434856894,-1.9254898507285567
powertrain_simple_cvt,SimpleCVT,EngineModelType_SIMPLE_MAP,TransmissionModelType_AUTOMATIC_SIMPLE_CVT,4.359999999999929,31.088283849334665,0.6321699527079421,-0.27535086139116205,12.647396236878462,7.182781013594704e-05,-0.1284295415953514,12.64622311600226,4.330085130287124,-1.5719990707369902,0.010409084869315532,-0.018437611946176848,0.0,0.45,0.0,153.67098948980689,1467.449855227528,568.59,0.0,1.0,500.6327588374072,153.65202519221685,0.0,1,0,0.0,0.0,0.0,0.0,-30.91018320232822,-25.027657418892304,-30.77071546069945,-24.971638654800348,-2.148540157289712,-1.9299611522950293,-2.1433579071277307,-1.927879644084605
powertrain_simple_cvt,SimpleCVT,EngineModelType_SIMPLE_MAP,TransmissionModelType_AUTOMATIC_SIMPLE_CVT,4.364999999999929,31.151593332252165,0.6321731649905903,-0.27599335558336385,12.661896583500036,0.0006424565296368851,-0.12849883844035823,12.66060110677724,2.8755981549960454,-1.572003101083035,0.010554016825552107,-0.018432710139481067,0.0,0.45,0.0,153.65202519221685,1467.2687595253044,568.59,0.0,1.0,501.77248730604794,153.64451396865903,0.0,1,0,0.0,0.0,0.0,0.0,-30.00578430794597,-25.634099282438044,-29.340017821164693,-26.441462151691894,-2.1136689267270423,-1.9514132189481652,-2.088958909445868,-1.9813786059833276
powertrain_simple_cvt,SimpleCVT,EngineModelType_SIMPLE_MAP,TransmissionModelType_AUTOMATIC_SIMPLE_CVT,4.369999999999929,31.214920341116514,0.6321723154125185,-0.27663408885311463,12.665401772869725,-0.00016991561436552425,-0.12814665395015906,12.6637228191622,0.6243424769920258,-1.5719977125730178,0.010576627912701626,-0.018436883073175852,0.0,0.45,0.0,153.64451396865903,1467.1970326238309,568.59,0.0,1.0,499.9288594308103,153.65666414434506,0.0,1,0,0.0,0.0,0.0,0.0,-28.63549241746933,-27.1574649113691,-27.77749114004167,-28.2795436121244,-2.062548357944796,-2.0077046808496553,-2.030711369247192,-2.049340524354306
powertrain_simple_cvt,SimpleCVT,EngineModelType_SIMPLE_MAP,TransmissionModelType_AUTOMATIC_SIMPLE_CVT,4.374999999999929,31.278256235938983,0.6321715149418458,-0.27727543307835245,12.66717896449395,-0.0001600941345524568,-0.12826884504756142,12.665204407807414,0.29631772904288944,-1.5719873230940582,0.010472751907318317,-0.01844781298150845,0.0,0.45,0.0,153.65666414434506,1467.3130582550227,568.59,0.0,1.0,497.637342401724,153.6717660718354,0.0,1,0,0.0,0.0,0.0,0.0,-27.188333661744785,-28.881029058347448,-26.2066669612806,-30.10729486470982,-2.0087320801374737,-2.071533874822546,-1.9723106243365895,-2.1170303614054604
powertrain_simple_cvt,SimpleCVT,EngineModelType_SIMPLE_MAP,TransmissionModelType_AUTOMATIC_SIMPLE_CVT,4.379999999999929,31.341631686749444,0.632169867805871,-0.2779194869173263,12.67509016209265,-0.0003294271949369663,-0.1288107677947682,12.67329173184399,1.6174648073154063,-1.5719717549250907,0.010264567628004151,-0.018454626251368563,0.0,0.45,0.0,153.6717660718354,1467.457271039641,568.59,0.0,1.0,497.0155664024659,153.67586380095406,0.0,1,0,0.0,0.0,0.0,0.0,-25.81754459281436,-30.441814857185424,-24.955664592128915,-31.309446092809345,-1.9572622851946522,-2.1287208646391726,-1.9253055196682607,-2.160890874313554
powertrain_simple_cvt,SimpleCVT,EngineModelType_SIMPLE_MAP,TransmissionModelType_AUTOMATIC_SIMPLE_CVT,4.384999999999929,31.405110797359463,0.6321707291255623,-0.27856775828867053,12.695822122003607,0.00017226393824723552,-0.1296542742688421,12.694806721936214,4.302998018444717,-1.571961827886167,0.010039668585262682,-0.018442978021242347,0.0,0.45,0.0,153.67586380095406,1467.496401470322,568.59,0.0,1.0,499.8474067929171,153.65720094674091,0.0,1,0,0.0,0.0,0.0,0.0,-25.08647969549734,-30.951478593786085,-24.939556804357625,-30.880257524941314,-1.928579463013382,-2.145673196117933,-1.9231410921851553,-2.143036938553465
powertrain_simple_cvt,SimpleCVT,EngineModelType_SIMPLE_MAP,TransmissionModelType_AUTOMATIC_SIMPLE_CVT,4.389999999999929,31.468658898582166,0.632174321350289,-0.2792165800951778,12.709620244540618,0.0007184449453343732,-0.1297643613014545,12.708516636382228,2.741982889202946,-1.5719620352893517,0.009892540055936008,-0.01843325325989551,0.0,0.45,0.0,153.65720094674091,1467.3181843403086,568.59,0.0,1.0,500.8154714238102,153.65082105007156,0.0,1,0,0.0,0.0,0.0,0.0,-25.5957618423211,-30.142687098558433,-26.381811531349662,-29.516443165987184,-1.9464085253879462,-2.1145320160390275,-1.9754728732928066,-2.0913765186403164
powertrain_simple_cvt,SimpleCVT,EngineModelType_SIMPLE_MAP,TransmissionModelType_AUTOMATIC_SIMPLE_CVT,4.3949999999999285,31.532217358045628,0.63217375362841,-0.2798677808000734,12.711691892691995,-0.00011354437579226247,-0.13024014097912123,12.710083632021043,0.3133991277628989,-1.5719664456749116,0.009865849092851563,-0.018435957759062597,0.0,0.45,0.0,153.65082105007156,1467.257260814828,568.59,0.0,1.0,498.60950734267533,153.6653591526371,0.0,1,0,0.0,0.0,0.0,0.0,-27.10579761726303,-28.806522685916143,-28.25338701343359,-27.983769034749326,-2.0021188427323175,-2.0649957468422726,-2.0445459638176566,-2.0345780130274234
powertrain_simple_cvt,SimpleCVT,EngineModelType_SIMPLE_MAP,TransmissionModelType_AUTOMATIC_SIMPLE_CVT,4.399999999999928,31.595774675890993,0.6321727794537683,-0.28051886648016394,12.711463569073162,-0.00019483492834743155,-0.13021713601810528,12.70950279344985,-0.11616771423846009,-1.5719714726820997,0.009967100305565638,-0.018447067461581448,0.0,0.45,0.0,153.6653591526371,1467.3960894680172,568.59,0.0,1.0,495.82104490506583,153.6837361304242,0.0,1,0,0.0,0.0,0.0,0.0,-28.852910950546445,-27.379615200191996,-30.130496821232523,-26.43951877373946,-2.066759500823998,-2.0122883162039087,-2.113994834132614,-1.9775307558202158
powertrain_simple_cvt,SimpleCVT,EngineModelType_SIMPLE_MAP,TransmissionModelType_AUTOMATIC_SIMPLE_CVT,4.404999999999928,31.65935666776768,0.6321716056759435,-0.28116828973437497,12.716398375336928,-0.00023475556493464302,-0.12988465084219974,12.714394164748427,0.9782742597153269,-1.5719812245753777,0.010176473063330353,-0.018459181514995714,0.0,0.45,0.0,153.6837361304242,1467.5715766792514,568.59,0.0,1.0,494.4301538802369,153.69290260622924,0.0,1,0,0.0,0.0,0.0,0.0,-30.478371392035413,-26.01294807538686,-31.466454722885935,-25.167205661828632,-2.1264230549675442,-1.9613894411512565,-2.16294074909834,-1.9301323985441559
powertrain_simple_cvt,SimpleCVT,EngineModelType_SIMPLE_MAP,TransmissionModelType_AUTOMATIC_SIMPLE_CVT,4.409999999999928,31.723036692211952,0.6321718058284508,-0.281817377938278,12.736004888854724,4.003050144229419e-05,-0.12981764078060798,12.734791912340112,4.079549518337176,-1.571996181394043,0.010409919612019751,-0.018452544734091615,0.0,0.45,0.0,153.69290260622924,1467.6591100753576,568.59,0.0,1.0,496.942515209252,153.6763452347855,0.0,1,0,0.0,0.0,0.0,0.0,-31.11151128481496,-25.240754429139145,-31.113174558903395,-25.059047518601865,-2.1479809998754935,-1.9313564436619841,-2.1480423728841407,-1.9246516558767413
powertrain_simple_cvt,SimpleCVT,EngineModelType_SIMPLE_MAP,TransmissionModelType_AUTOMATIC_SIMPLE_CVT,4.414999999999928,31.78679579992119,0.632176201623722,-0.2824689837199194,12.751821541847292,0.0008791590542369962,-0.13032115632828498,12.750642345565302,3.1700866450379515,-1.5720007372875604,0.010569897758817956,-0.01844473556693062,0.0,0.45,0.0,153.6763452347855,1467.5009988247648,568.59,0.0,1.0,498.45598113617444,153.66637094596396,0.0,1,0,0.0,0.0,0.0,0.0,-30.34074029139204,-25.704173612541297,-29.7457388510623,-26.386403872977773,-2.1181486764769755,-1.94727707461217,-2.096221061441315,-1.9724193373069272
powertrain_simple_cvt,SimpleCVT,EngineModelType_SIMPLE_MAP,TransmissionModelType_AUTOMATIC_SIMPLE_CVT,4.419999999999928,31.850577572501226,0.6321761072178571,-0.28311880719069477,12.756354516007061,-1.8881172972909973e-05,-0.12996469415507683,12.754754442893086,0.8224194655568515,-1.5719955551560343,0.010610670411976447,-0.0184469227125655,0.0,0.45,0.0,153.66637094596396,1467.4057513825785,568.59,0.0,1.0,496.9275562532982,153.67644381972516,0.0,1,0,0.0,0.0,0.0,0.0,-29.000452082406042,-27.144960908260558,-28.183783612494,-28.209744003893714,-2.068410410763784,-2.0000519561471384,-2.038323393743594,-2.039279804780227
powertrain_simple_cvt,SimpleCVT,EngineModelType_SIMPLE_MAP,TransmissionModelType_AUTOMATIC_SIMPLE_CVT,4.424999999999928,31.91436789426488,0.6321755908909024,-0.28376885121498463,12.758064352731287,-0.0001032653909500453,-0.13000880485797528,12.756167099627037,0.28253134679019953,-1.5719844245690242,0.010525021296561127,-0.0184559333796894,0.0,0.45,0.0,153.67644381972516,1467.5019402415926,568.59,0.0,1.0,494.6642779559159,153.691359643742,0.0,1,0,0.0,0.0,0.0,0.0,-27.556826396597444,-28.859918512522967,-26.609465224136713,-30.045277024800733,-2.0151131309764465,-2.063115244816058,-1.9802151078114543,-2.1067803959989404
powertrain_simple_cvt,SimpleCVT,EngineModelType_SIMPLE_MAP,TransmissionModelType_AUTOMATIC_SIMPLE_CVT,4.429999999999928,31.978190090590743,0.632174378273153,-0.2844212520113381,12.764439265172632,-0.00024252354985551173,-0.13048015927069379,12.762605419092514,1.2876638930954973,-1.5719677455802958,0.01032813173302003,-0.018463438991919403,0.0,0.45,0.0,153.691359643742,1467.6443758689468,568.59,0.0,1.0,493.6631969759735,153.69795713011425,0.0,1,0,0.0,0.0,0.0,0.0,-26.160183410528738,-30.462970374032032,-25.266310119018236,-31.41662994557057,-1.9631787382706316,-2.1216009042592097,-1.9302676636202762,-2.1567132201187578
powertrain_simple_cvt,SimpleCVT,EngineModelType_SIMPLE_MAP,TransmissionModelType_AUTOMATIC_SIMPLE_CVT,4.434999999999928,32.04211011683527,0.6321747540231124,-0.285076828160564,12.784005248905123,7.514999188252755e-05,-0.13111522984518198,12.78293258786676,4.065433754849311,-1.5719561326049338,0.010100204565834539,-0.01845301038395927,0.0,0.45,0.0,153.69795713011425,1467.707377223034,568.59,0.0,1.0,496.1537755854875,153.68154331468432,0.0,1,0,0.0,0.0,0.0,0.0,-25.311372702719297,-31.151845249151464,-25.038342416227096,-31.205471151075617,-1.930444868675683,-2.1451403644630447,-1.9204082882008346,-2.1471116500926097
powertrain_simple_cvt,SimpleCVT,EngineModelType_SIMPLE_MAP,TransmissionModelType_AUTOMATIC_SIMPLE_CVT,4.439999999999928,32.10610517182827,0.6321783712538109,-0.28573332778243454,12.799010998600027,0.0007234461396944353,-0.13129992437410865,12.797951132236467,3.0037088739412994,-1.5719553609701977,0.009941386260301681,-0.018442097279935975,0.0,0.45,0.0,153.68154331468432,1467.5506368313938,568.59,0.0,1.0,497.4598471083216,153.67293583012946,0.0,1,0,0.0,0.0,0.0,0.0,-25.71487153582882,-30.450667565198003,-26.32700875877714,-29.91326008631497,-1.9441681726889326,-2.118051517859332,-1.966643901662368,-2.0983196270497912
powertrain_simple_cvt,SimpleCVT,EngineModelType_SIMPLE_MAP,TransmissionModelType_AUTOMATIC_SIMPLE_CVT,4.4449999999999275,32.17011544370297,0.6321784670317954,-0.28639234272062725,12.802054374939932,1.9155596884132698e-05,-0.13180298763853984,12.80051178052473,0.5121296576526044,-1.5719592593321003,0.009901072099258298,-0.0184430505050099,0.0,0.45,0.0,153.67293583012946,1467.4684414085243,568.59,0.0,1.0,495.56206244102117,153.68544291869745,0.0,1,0,0.0,0.0,0.0,0.0,-27.141795367630444,-29.146658736308524,-28.18274529748208,-28.38218377300195,-1.9963609160263376,-2.06995838721301,-2.0345736359881665,-2.0418949166723785
powertrain_simple_cvt,SimpleCVT,EngineModelType_SIMPLE_MAP,TransmissionModelType_AUTOMATIC_SIMPLE_CVT,4.449999999999927,32.234124572144715,0.6321777168385351,-0.28705153241244336,12.801825688349,-0.00015003865206193994,-0.13183793836321678,12.799907125693101,-0.12093096632561898,-1.5719633913160407,0.00998726065178826,-0.018453013499053154,0.0,0.45,0.0,153.68544291869745,1467.5878753066813,568.59,0.0,1.0,492.8226251174174,153.7034968032204,0.0,1,0,0.0,0.0,0.0,0.0,-28.878319357629543,-27.724207252105273,-30.063413497683662,-26.835143011620247,-2.0601578693419875,-2.017789024548007,-2.10366410192188,-1.985150405962617
powertrain_simple_cvt,SimpleCVT,EngineModelType_SIMPLE_MAP,TransmissionModelType_AUTOMATIC_SIMPLE_CVT,4.454999999999927,32.298152081993535,0.6321767140638609,-0.28770916061199125,12.80550196976422,-0.00020055493482700696,-0.13152563990957877,12.803458834766642,0.7103418147082303,-1.5719721977223235,0.010187649470972246,-0.018465904577742075,0.0,0.45,0.0,153.7034968032204,1467.7602772045116,568.59,0.0,1.0,491.14170449149293,153.71457467918094,0.0,1,0,0.0,0.0,0.0,0.0,-30.520498857156863,-26.342874490188503,-31.55424947916822,-25.48250856153507,-2.1201334419129565,-1.9668103660650533,-2.1580731442662064,-1.935234058827165
powertrain_simple_cvt,SimpleCVT,EngineModelType_SIMPLE_MAP,TransmissionModelType_AUTOMATIC_SIMPLE_CVT,4.459999999999927,32.36227079004203,0.6321763870320903,-0.28836636412118544,12.823741609698805,-6.540635411014253e-05,-0.13144070183883982,12.822431086576426,3.7944503619567724,-1.5719860532986396,0.01042399756966532,-0.01846148864168095,0.0,0.45,0.0,153.71457467918094,1467.8660631275961,568.59,0.0,1.0,493.2794170301255,153.70048637900956,0.0,1,0,0.0,0.0,0.0,0.0,-31.295176915639644,-25.475306331919512,-31.4322241772165,-25.177195641292258,-2.1468654838827015,-1.933586335114021,-2.1518878160582577,-1.9226615570762275
powertrain_simple_cvt,SimpleCVT,EngineModelType_SIMPLE_MAP,TransmissionModelType_AUTOMATIC_SIMPLE_CVT,4.464999999999927,32.426475518951364,0.6321795389568247,-0.28902405625083144,12.84094578186664,0.000630384946866561,-0.13153842592920162,12.839764484164418,3.4666795175984104,-1.5719932570491608,0.010594795698948608,-0.01845362521703364,0.0,0.45,0.0,153.70048637900956,1467.7315297708742,568.59,0.0,1.0,495.1551495864226,153.68812462184306,0.0,1,0,0.0,0.0,0.0,0.0,-30.62667251781589,-25.821280373396263,-30.143281563715362,-26.349104061155852,-2.120851821999619,-1.944987710827822,-2.1031610450689375,-1.9643046033755105
powertrain_simple_cvt,SimpleCVT,EngineModelType_SIMPLE_MAP,TransmissionModelType_AUTOMATIC_SIMPLE_CVT,4.469999999999927,32.49070787663849,0.6321797228206582,-0.2896799781659891,12.846471537424383,3.677276670016128e-05,-0.1311843830315344,12.844904196733099,1.0279425137362572,-1.5719907558815895,0.010648768676946864,-0.01845481150470498,0.0,0.45,0.0,153.68812462184306,1467.613483685373,568.59,0.0,1.0,493.9313772944353,153.69618972464775,0.0,1,0,0.0,0.0,0.0,0.0,-29.31884052055195,-27.180573726530074,-28.58468211187885,-28.1508282440797,-2.0725594328769934,-1.9943360727707786,-2.0457020090339073,-2.0298305062685795
powertrain_simple_cvt,SimpleCVT,EngineModelType_SIMPLE_MAP,TransmissionModelType_AUTOMATIC_SIMPLE_CVT,4.474999999999927,32.55494896926127,0.6321788257188946,-0.29033571360963223,12.848218524555378,-0.00017942035270076834,-0.13114708872862413,12.846338953719364,0.28695139725308294,-1.5719825543201258,0.010576374988895928,-0.018463213936804366,0.0,0.45,0.0,153.69618972464775,1467.6904997440477,568.59,0.0,1.0,491.7225609343445,153.71074662476505,0.0,1,0,0.0,0.0,0.0,0.0,-27.879239587129284,-28.882803309410438,-27.009232357891566,-29.99000710382707,-2.019781178839214,-2.056490049343007,-1.987957606497583,-2.096989919762956
powertrain_simple_cvt,SimpleCVT,EngineModelType_SIMPLE_MAP,TransmissionModelType_AUTOMATIC_SIMPLE_CVT,4.479999999999927,32.619216444902044,0.632177360533323,-0.29099360124288987,12.853495128155467,-0.000293037114319122,-0.1315775266515294,12.851598783505374,1.051965957201895,-1.5719684710731476,0.01038881010258159,-0.0184719683097076,0.0,0.45,0.0,153.71074662476505,1467.8295079006336,568.59,0.0,1.0,490.4626047600084,153.71905019246466,0.0,1,0,0.0,0.0,0.0,0.0,-26.47054783743244,-30.501524814143515,-25.59709807018526,-31.492278044350428,-1.9678570455198108,-2.115243850326355,-1.9359206263595556,-2.1514692998378786
powertrain_simple_cvt,SimpleCVT,EngineModelType_SIMPLE_MAP,TransmissionModelType_AUTOMATIC_SIMPLE_CVT,4.484999999999927,32.68357517213636,0.6321766189828039,-0.29165456893415753,12.871745446862501,-0.0001483101038151581,-0.13219353825352786,12.87055972051303,3.7921874015315025,-1.5719580378008071,0.010158334349146621,-0.018464028509198694,0.0,0.45,0.0,153.71905019246466,1467.908801131315,568.59,0.0,1.0,492.6002108461361,153.70496259385388,0.0,1,0,0.0,0.0,0.0,0.0,-25.54078115859378,-31.319076408121646,-25.174404396024126,-31.507182164638046,-1.932485713678412,-2.143449416634208,-1.91910941579627,-2.1503170973649985
powertrain_simple_cvt,SimpleCVT,EngineModelType_SIMPLE_MAP,TransmissionModelType_AUTOMATIC_SIMPLE_CVT,4.4899999999999265,32.748016162572576,0.63217878794949,-0.29231789832936766,12.888198087243824,0.0004337933372199291,-0.13266587904202112,12.887136554202812,3.315366737956253,-1.5719571822393423,0.009987967732381028,-0.018453068818289182,0.0,0.45,0.0,153.70496259385388,1467.774274474003,568.59,0.0,1.0,494.28122043267416,153.69388413161067,0.0,1,0,0.0,0.0,0.0,0.0,-25.818748468054945,-30.72849288592281,-26.293091188498238,-30.302883245391598,-1.9414216924071006,-2.120444308661113,-1.9587175163008586,-2.104925425219128
powertrain_simple_cvt,SimpleCVT,EngineModelType_SIMPLE_MAP,TransmissionModelType_AUTOMATIC_SIMPLE_CVT,4.494999999999926,32.812476925705646,0.6321784391473285,-0.2929838394195008,12.892152626614585,-6.976043228914186e-05,-0.13318821802663014,12.890627129754353,0.6981151103083654,-1.5719608296851988,0.00993347823252225,-0.018453447261981473,0.0,0.45,0.0,153.69388413161067,1467.6684829523313,568.59,0.0,1.0,492.66845572962444,153.70451283534499,0.0,1,0,0.0,0.0,0.0,0.0,-27.173520782186934,-29.455689196640993,-28.12292686168669,-28.7778240426296,-1.9905520722165957,-2.0737435979009162,-2.0251606224652625,-2.0490334862311186
powertrain_simple_cvt,SimpleCVT,EngineModelType_SIMPLE_MAP,TransmissionModelType_AUTOMATIC_SIMPLE_CVT,4.499999999999926,32.876936752721946,0.6321768074008155,-0.2936502645531371,12.89196540326073,-0.0003263493025960594,-0.13328502672725687,12.890056119809621,-0.11420198894640764,-1.571964749809285,0.01000552776838739,-0.01846307171388664,0.0,0.45,0.0,153.70451283534499,1467.7699795966098,568.59,0.0,1.0,489.98923789114014,153.72216985164206,0.0,1,0,0.0,0.0,0.0,0.0,-28.89953336418258,-28.036714973971602,-30.003960181994312,-27.230815190348903,-2.053516804085874,-2.0220632279499986,-2.0937780843212774,-1.992684588725742
powertrain_simple_cvt,SimpleCVT,EngineModelType_SIMPLE_MAP,TransmissionModelType_AUTOMATIC_SIMPLE_CVT,4.504999999999926,32.94140967389977,0.6321749342204673,-0.294315286165273,12.894584235565064,-0.00037463606963184654,-0.1330043224271838,12.892481485160522,0.4850730701800746,-1.5719721433047062,0.010195503802926447,-0.018477251222872946,0.0,0.45,0.0,153.72216985164206,1467.9385916820459,568.59,0.0,1.0,488.069821903609,153.73481949844788,0.0,1,0,0.0,0.0,0.0,0.0,-30.561028841000194,-26.64257124430818,-31.610263544327452,-25.818218196029196,-2.1138761353983972,-1.971057762782937,-2.1521182215057904,-1.9410120731434246
powertrain_simple_cvt,SimpleCVT,EngineModelType_SIMPLE_MAP,TransmissionModelType_AUTOMATIC_SIMPLE_CVT,4.509999999999926,33.00596502723331,0.6321732310535587,-0.29497972298499187,12.911070666707372,-0.0003406333817136747,-0.13288736394376272,12.909615586956418,3.4268203591793895,-1.5719851791889876,0.010433760423120737,-0.018476161115946438,0.0,0.45,0.0,153.73481949844788,1468.0593869110965,568.59,0.0,1.0,489.7467310616319,153.72376805951424,0.0,1,0,0.0,0.0,0.0,0.0,-31.46344802734772,-25.699132686286386,-31.72751977014713,-25.32862249274122,-2.145245118141921,-1.9354285081491747,-2.154857124874858,-1.9219422243187883
powertrain_simple_cvt,SimpleCVT,EngineModelType_SIMPLE_MAP,TransmissionModelType_AUTOMATIC_SIMPLE_CVT,4.514999999999926,33.07061239237298,0.6321747185470634,-0.2956442298690639,12.929473027934744,0.000297498700931832,-0.13290137681441208,12.928275025982634,3.731887805243241,-1.5719927694169713,0.010615415574918737,-0.018468629175626933,0.0,0.45,0.0,153.72376805951424,1467.9538534430224,568.59,0.0,1.0,491.92740623420207,153.70939662001888,0.0,1,0,0.0,0.0,0.0,0.0,-30.90949053412568,-25.926213574913973,-30.53354041512572,-26.328177953386202,-2.123457659494037,-1.9423320384481153,-2.1097931171971687,-1.956942112960337
powertrain_simple_cvt,SimpleCVT,EngineModelType_SIMPLE_MAP,TransmissionModelType_AUTOMATIC_SIMPLE_CVT,4.519999999999926,33.13529222858872,0.6321742093487579,-0.2963070590382819,12.935967243147138,-0.00010183966111108151,-0.13256583384360607,12.934387198148924,1.2224344332580277,-1.57199111856514,0.010683096026311043,-0.018469969328559592,0.0,0.45,0.0,153.70939662001888,1467.8166163049204,568.59,0.0,1.0,490.991335209475,153.71556566723163,0.0,1,0,0.0,0.0,0.0,0.0,-29.63196381508179,-27.21725214284495,-28.982286182749334,-28.09611899456967,-2.076514842442605,-1.9887895410888246,-2.0529123698433067,-2.020718346628568
powertrain_simple_cvt,SimpleCVT,EngineModelType_SIMPLE_MAP,TransmissionModelType_AUTOMATIC_SIMPLE_CVT,4.524999999999926,33.199981174999195,0.6321721237588195,-0.29696945326502583,12.937789282096,-0.0004171179876767566,-0.13247884534878432,12.935902228361288,0.30300604247273744,-1.5719831211549373,0.01062487518814881,-0.01847843145908119,0.0,0.45,0.0,153.71556566723163,1467.875526366405,568.59,0.0,1.0,488.8420114860705,153.72973048931763,0.0,1,0,0.0,0.0,0.0,0.0,-28.19474954420119,-28.908249923354553,-27.407019671314263,-29.93461161443666,-2.024181582153043,-2.050099668286154,-1.995567090427988,-2.0873825226341167
powertrain_simple_cvt,SimpleCVT,EngineModelType_SIMPLE_MAP,TransmissionModelType_AUTOMATIC_SIMPLE_CVT,4.529999999999926,33.26469193582194,0.6321697002233604,-0.2976336823694498,12.942152164549613,-0.000484707091808121,-0.1328458208847935,12.940179399267013,0.855434181145061,-1.5719692846170519,0.010447990350913369,-0.018488820218166165,0.0,0.45,0.0,153.72973048931763,1468.0107904535853,568.59,0.0,1.0,487.3795100108266,153.73936890393702,0.0,1,0,0.0,0.0,0.0,0.0,-26.772324331363535,-30.548296535108758,-25.942962129669368,-31.535213361644324,-1.9721901694825286,-2.1093080009895933,-1.9420733305615658,-2.145146160761577
powertrain_simple_cvt,SimpleCVT,EngineModelType_SIMPLE_MAP,TransmissionModelType_AUTOMATIC_SIMPLE_CVT,4.5349999999999255,33.32948586462442,0.6321674650595753,-0.2983008352632805,12.958785760494715,-0.0004470327570086021,-0.13343057876613157,12.9574633426434,3.456788675277596,-1.5719573040721495,0.010216206224464643,-0.018483948748320645,0.0,0.45,0.0,153.73936890393702,1468.1028305333998,568.59,0.0,1.0,489.0909518831573,153.7280898819041,0.0,1,0,0.0,0.0,0.0,0.0,-25.76757236536442,-31.486420969090535,-25.339449701957594,-31.783151512721005,-1.9344562229735467,-2.141849204750077,-1.9189304341509155,-2.1526100827680046
powertrain_simple_cvt,SimpleCVT,EngineModelType_SIMPLE_MAP,TransmissionModelType_AUTOMATIC_SIMPLE_CVT,4.539999999999925,33.39436850807007,0.632168159461513,-0.29897072334874925,12.976528689131996,0.00013888038751533804,-0.13397761709375441,12.975460454366004,3.599422344520852,-1.5719552813801714,0.010034963483508973,-0.0184730051578464,0.0,0.45,0.0,153.7280898819041,1467.9951238068134,568.59,0.0,1.0,491.103156479671,153.71482872454567,0.0,1,0,0.0,0.0,0.0,0.0,-25.923899808567235,-31.010642175253174,-26.272282873350186,-30.68452399793921,-1.938821443977878,-2.1230353488725937,-1.9514379675083722,-2.1112251374308664
powertrain_simple_cvt,SimpleCVT,EngineModelType_SIMPLE_MAP,TransmissionModelType_AUTOMATIC_SIMPLE_CVT,4.544999999999925,33.459276010215135,0.632167119937416,-0.29964323221717737,12.981500429012872,-0.00020790481939352533,-0.1345017736856221,12.979984032049797,0.904715536758635,-1.5719574412346973,0.009966170386103616,-0.018472953555693304,0.0,0.45,0.0,153.71482872454567,1467.8684890821305,568.59,0.0,1.0,489.7921271566791,153.72346888279984,0.0,1,0,0.0,0.0,0.0,0.0,-27.20707019048711,-29.770295987199482,-28.06290282794522,-29.17037536894867,-1.9849474584053821,-2.0777410858013114,-2.0159302204294782,-2.0560228234506037
powertrain_simple_cvt,SimpleCVT,EngineModelType_SIMPLE_MAP,TransmissionModelType_AUTOMATIC_SIMPLE_CVT,4.549999999999925,33.5241830561696,0.6321644611817062,-0.300316516993109,12.981409190892833,-0.0005317511419742189,-0.13465695518633472,12.979514298438662,-0.09394672222704714,-1.5719610134267892,0.010024637736655097,-0.018482067827640544,0.0,0.45,0.0,153.72346888279984,1467.9509965158452,568.59,0.0,1.0,487.1861982611505,153.7406428984086,0.0,1,0,0.0,0.0,0.0,0.0,-28.922306229478572,-28.353222038205143,-29.94141309426174,-27.6243623585172,-2.047080143735951,-2.0264774728400488,-2.083975077147998,-2.0000904173917133
powertrain_simple_cvt,SimpleCVT,EngineModelType_SIMPLE_MAP,TransmissionModelType_AUTOMATIC_SIMPLE_CVT,4.554999999999925,33.58909918888527,0.6321617757268281,-0.30098861641555424,12.983226543134066,-0.0005370909756323536,-0.13441988448904457,12.981090064663839,0.3151532450353112,-1.5719663589350106,0.010203319415917336,-0.018496861077287013,0.0,0.45,0.0,153.7406428984086,1468.1149962844574,568.59,0.0,1.0,485.1013185775762,153.75438301092262,0.0,1,0,0.0,0.0,0.0,0.0,-30.603297695991117,-26.9454645900677,-31.633428673376166,-26.166862337804776,-2.107802928391332,-1.9753937263974066,-2.145092442897583,-1.9472092521725277
powertrain_simple_cvt,SimpleCVT,EngineModelType_SIMPLE_MAP,TransmissionModelType_AUTOMATIC_SIMPLE_CVT,4.559999999999925,33.654087803733475,0.6321588494536297,-0.3016603232557962,12.997722969640371,-0.0005852546396740096,-0.13434136804839378,12.996145484047004,3.011083876633045,-1.5719779274373706,0.010441604986554635,-0.018498521251211663,0.0,0.45,0.0,153.75438301092262,1468.2462046939722,568.59,0.0,1.0,486.26502886737757,153.74671373847417,0.0,1,0,0.0,0.0,0.0,0.0,-31.622929118255485,-25.928822469735376,-32.00002466648279,-25.504178516166007,-2.1433862764085463,-1.9375051774762502,-2.1570208727840274,-1.922151379380716
powertrain_simple_cvt,SimpleCVT,EngineModelType_SIMPLE_MAP,TransmissionModelType_AUTOMATIC_SIMPLE_CVT,4.564999999999925,33.71917349791629,0.6321591656932367,-0.30233199303753744,13.017138836561875,6.324792140394988e-05,-0.13433395634824247,13.015944649045121,3.9598329996235426,-1.5719852445996558,0.010634101746636081,-0.018490776094801282,0.0,0.45,0.0,153.74671373847417,1468.1729685367668,568.59,0.0,1.0,488.6957700977756,153.7306942730531,0.0,1,0,0.0,0.0,0.0,0.0,-31.19540524339084,-26.03028053653238,-30.92052581799824,-26.31894215519855,-2.126212604549202,-1.9397419206921647,-2.1162889420356663,-1.9501631462173656
powertrain_simple_cvt,SimpleCVT,EngineModelType_SIMPLE_MAP,TransmissionModelType_AUTOMATIC_SIMPLE_CVT,4.569999999999925,33.7842971501803,0.6321582990494093,-0.3030020945386004,13.024730452802565,-0.00017332876547306855,-0.13402030021259492,13.023176214420777,1.4463130751313311,-1.5719837262761445,0.01071587888282237,-0.018491323460986215,0.0,0.45,0.0,153.7306942730531,1468.0199939103197,568.59,0.0,1.0,488.0728529383296,153.73479952283085,0.0,1,0,0.0,0.0,0.0,0.0,-29.95312322424685,-27.246718884655603,-29.38273435934771,-28.039781743568504,-2.0807634306205687,-1.9831114156101517,-2.0601827578873446,-2.0117265730239415
powertrain_simple_cvt,SimpleCVT,EngineModelType_SIMPLE_MAP,TransmissionModelType_AUTOMATIC_SIMPLE_CVT,4.574999999999925,33.84943035372854,0.6321555911767653,-0.30367155283933267,13.026640709648792,-0.0005415745287931026,-0.13389166014646048,13.024780755539922,0.3209082238289153,-1.571975171972148,0.010671811101463508,-0.01849897798095657,0.0,0.45,0.0,153.73479952283085,1468.0591961580049,568.59,0.0,1.0,485.99280425407227,153.748507797309,0.0,1,0,0.0,0.0,0.0,0.0,-28.51848940658767,-28.92629234070883,-27.809278785238057,-29.87590750607243,-2.028872456563668,-2.043584919087233,-2.0032859935569536,-2.077844548832982
powertrain_simple_cvt,SimpleCVT,EngineModelType_SIMPLE_MAP,TransmissionModelType_AUTOMATIC_SIMPLE_CVT,4.579999999999925,33.914581636751514,0.6321527160316911,-0.3043425120121699,13.030256604594696,-0.0005750290148383293,-0.13419183456744152,13.028262840520672,0.6964169961499216,-1.5719616592529455,0.010507136095239898,-0.018509657523323158,0.0,0.45,0.0,153.748507797309,1468.1901005366726,568.59,0.0,1.0,484.3679340315439,153.75921628080283,0.0,1,0,0.0,0.0,0.0,0.0,-27.083520970129587,-30.58639533730064,-26.306014149114237,-31.550708027242592,-1.9768413993216056,-2.1031821621141913,-1.9487984852610454,-2.1379627417317892
powertrain_simple_cvt,SimpleCVT,EngineModelType_SIMPLE_MAP,TransmissionModelType_AUTOMATIC_SIMPLE_CVT,4.5849999999999245,33.97980773323964,0.6321490330648956,-0.305014823145248,13.04521929762478,-0.0007365933591062173,-0.13446222661562968,13.043840345475484,3.115500990962583,-1.5719487852074554,0.01027739406766021,-0.01850591516280283,0.0,0.45,0.0,153.75921628080283,1468.2923590215362,568.59,0.0,1.0,485.6517436827693,153.75075551004787,0.0,1,0,0.0,0.0,0.0,0.0,-26.00641744710687,-31.641939296466674,-25.538712900260286,-32.01789467601325,-1.936872518731373,-2.1398903146316983,-1.9200236183506316,-2.153433981847022
powertrain_simple_cvt,SimpleCVT,EngineModelType_SIMPLE_MAP,TransmissionModelType_AUTOMATIC_SIMPLE_CVT,4.589999999999924,34.045128434560006,0.6321494546440304,-0.30568994832402985,13.064140264073108,8.431582697038362e-05,-0.13502503575636612,13.063080395314506,3.8480099678044266,-1.5719481883106061,0.010087102128394797,-0.018494464836529945,0.0,0.45,0.0,153.75075551004787,1468.211564612255,568.59,0.0,1.0,487.9526008195247,153.73559202786387,0.0,1,0,0.0,0.0,0.0,0.0,-26.031519969433,-31.29689652069427,-26.26835166433227,-31.044823888910912,-1.936395617531684,-2.125799675882663,-1.9449148342910854,-2.1167322181245765
powertrain_simple_cvt,SimpleCVT,EngineModelType_SIMPLE_MAP,TransmissionModelType_AUTOMATIC_SIMPLE_CVT,4.594999999999924,34.11048004365375,0.6321482450596404,-0.30636775084266304,13.070321818749147,-0.00024191687800488321,-0.13556050372664313,13.068889033529501,1.1617276429991357,-1.5719508591155669,0.01000555904113082,-0.01849213535048017,0.0,0.45,0.0,153.73559202786387,1468.0667640236109,568.59,0.0,1.0,486.98746941167406,153.7419525935306,0.0,1,0,0.0,0.0,0.0,0.0,-27.23300528945529,-30.095811484191064,-28.002720179729288,-29.548568176313204,-1.9791795731590984,-2.082113543097554,-2.0068551487961557,-2.0624370710032496
powertrain_simple_cvt,SimpleCVT,EngineModelType_SIMPLE_MAP,TransmissionModelType_AUTOMATIC_SIMPLE_CVT,4.599999999999924,34.175831946155675,0.6321456214516972,-0.3070464726862851,13.070380500384882,-0.0005247215886487479,-0.1357443687244123,13.068536201447053,-0.07056641648972722,-1.5719563858939714,0.010050350203586756,-0.018499739696695036,0.0,0.45,0.0,153.7419525935306,1468.1275029516141,568.59,0.0,1.0,484.46559266235624,153.75857267504188,0.0,1,0,0.0,0.0,0.0,0.0,-28.93383265282597,-28.681923226609868,-29.876104432665144,-28.006381201351875,-2.040361962042655,-2.031304158050358,-2.074242842236215,-2.0070139703219434
powertrain_simple_cvt,SimpleCVT,EngineModelType_SIMPLE_MAP,TransmissionModelType_AUTOMATIC_SIMPLE_CVT,4.604999999999924,34.24118984147086,0.6321424813216681,-0.3077243153548519,13.071579063037783,-0.0006280260058249367,-0.13556853371336183,13.069496617575686,0.19208322572659553,-1.571961862215698,0.01021720839026615,-0.01851301103369574,0.0,0.45,0.0,153.75857267504188,1468.2862130392407,568.59,0.0,1.0,482.26589005274906,153.77306951224136,0.0,1,0,0.0,0.0,0.0,0.0,-30.631445065869265,-27.263000174677686,-31.630084290418402,-26.515724429363544,-2.1013213789041796,-1.9802124869027578,-2.1372264015187907,-1.9533449737155322
powertrain_simple_cvt,SimpleCVT,EngineModelType_SIMPLE_MAP,TransmissionModelType_AUTOMATIC_SIMPLE_CVT,4.609999999999924,34.3066106470319,0.6321395780111687,-0.30840151674383937,13.084161112207507,-0.0005806620998666519,-0.13544027779748902,13.082493961222795,2.5994687294219276,-1.571974826647754,0.01045483511090127,-0.018516481826508634,0.0,0.45,0.0,153.77306951224136,1468.4246476372105,568.59,0.0,1.0,482.9467526230167,153.76858238121133,0.0,1,0,0.0,0.0,0.0,0.0,-31.76860090299289,-26.174402967103504,-32.21176824044338,-25.709385727466866,-2.1410718482702102,-1.9401381717199997,-2.1569896337081573,-1.9234355765150688
powertrain_simple_cvt,SimpleCVT,EngineModelType_SIMPLE_MAP,TransmissionModelType_AUTOMATIC_SIMPLE_CVT,4.614999999999924,34.37213176084923,0.6321390737210432,-0.30907875480818314,13.10422276346526,-0.00010085802511733183,-0.13544761286875326,13.103096638016671,4.120535358775345,-1.5719836949105568,0.010657615240251796,-0.018506940612421304,0.0,0.45,0.0,153.76858238121133,1468.3817986921867,568.59,0.0,1.0,485.52813193782083,153.75157015623444,0.0,1,0,0.0,0.0,0.0,0.0,-31.479726647176623,-26.145099731844077,-31.263091232220233,-26.33785235578521,-2.1289181450887407,-1.9376090784791098,-2.121149219597292,-1.9445215252458647
powertrain_simple_cvt,SimpleCVT,EngineModelType_SIMPLE_MAP,TransmissionModelType_AUTOMATIC_SIMPLE_CVT,4.619999999999924,34.43769711727252,0.6321388372738938,-0.3097546819451848,13.113071284658488,-4.728942988135561e-05,-0.135185427400336,13.111571792604334,1.695030917532528,-1.57198467338155,0.010753925562303068,-0.01850589688207234,0.0,0.45,0.0,153.75157015623444,1468.2193439103028,568.59,0.0,1.0,485.24991152703456,153.7534037295471,0.0,1,0,0.0,0.0,0.0,0.0,-30.282371193078916,-27.27417522927429,-29.745403389162576,-27.999687084823584,-2.08527691787907,-1.9774674724707688,-2.066032758974902,-2.0034687808047487
powertrain_simple_cvt,SimpleCVT,EngineModelType_SIMPLE_MAP,TransmissionModelType_AUTOMATIC_SIMPLE_CVT,4.624999999999924,34.503273039851564,0.6321359528110183,-0.31042991662676733,13.115184515809275,-0.0005768925750797137,-0.1350469363165058,13.113414114682696,0.3684644156724282,-1.5719770731908342,0.010724650063147243,-0.018511221236563385,0.0,0.45,0.0,153.7534037295471,1468.2368532456767,568.59,0.0,1.0,483.2640654580517,153.7664911746588,0.0,1,0,0.0,0.0,0.0,0.0,-28.853154893825597,-28.93474038076993,-28.170155921791668,-29.83326338445402,-2.0339105717273163,-2.036834068230963,-2.0094363033062956,-2.069031324852212
powertrain_simple_cvt,SimpleCVT,EngineModelType_SIMPLE_MAP,TransmissionModelType_AUTOMATIC_SIMPLE_CVT,4.6299999999999235,34.568864512892375,0.6321335660189447,-0.311106416769082,13.118294608162401,-0.0004773584147409666,-0.13530002846293196,13.116311260053319,0.5794290741246167,-1.5719650044102302,0.010572859178637203,-0.018521362630900418,0.0,0.45,0.0,153.7664911746588,1468.3618291405949,568.59,0.0,1.0,481.5462261386117,153.7778123581861,0.0,1,0,0.0,0.0,0.0,0.0,-27.409186486976502,-30.609951872437428,-26.64202414314419,-31.55682860097823,-1.9819511351073185,-2.096620543663423,-1.9544670675048135,-2.130542990753895
powertrain_simple_cvt,SimpleCVT,EngineModelType_SIMPLE_MAP,TransmissionModelType_AUTOMATIC_SIMPLE_CVT,4.634999999999923,34.634521704706465,0.6321304506721112,-0.3117856852126215,13.131438362818384,-0.0006230693666925201,-0.13585368870789352,13.129968842569843,2.73151650330489,-1.5719505222258843,0.010345143889899804,-0.018519504514959158,0.0,0.45,0.0,153.7778123581861,1468.4699384797962,568.59,0.0,1.0,482.37024690405036,153.7723817627804,0.0,1,0,0.0,0.0,0.0,0.0,-26.264387128512304,-31.773496193043623,-25.742484857600367,-32.22558624174179,-1.9399592382636899,-2.137121195040778,-1.9212812139635562,-2.1533007546749565
powertrain_simple_cvt,SimpleCVT,EngineModelType_SIMPLE_MAP,TransmissionModelType_AUTOMATIC_SIMPLE_CVT,4.639999999999923,34.70027628648558,0.6321305527923438,-0.3124680272177309,13.150916355823913,2.0424046530350326e-05,-0.136468401021887,13.149899527832778,3.9861370525870536,-1.5719468060511732,0.01014539766214829,-0.018506884157371326,0.0,0.45,0.0,153.7723817627804,1468.4180801136315,568.59,0.0,1.0,484.8012041949865,153.75636087344213,0.0,1,0,0.0,0.0,0.0,0.0,-26.150221403674415,-31.574235564409616,-26.29659731712755,-31.380996129132505,-1.934454975232178,-2.1282773119530676,-1.9396855887122313,-2.1213720720731337
powertrain_simple_cvt,SimpleCVT,EngineModelType_SIMPLE_MAP,TransmissionModelType_AUTOMATIC_SIMPLE_CVT,4.644999999999923,34.76606820633949,0.6321301185702413,-0.31315312153577984,13.158383970781713,-8.684442050911753e-05,-0.13701886360978024,13.157007976952247,1.421689823893887,-1.5719472494347388,0.010049706972828058,-0.018502967118205736,0.0,0.45,0.0,153.75636087344213,1468.2650918897764,568.59,0.0,1.0,484.1901495150542,153.76038794518186,0.0,1,0,0.0,0.0,0.0,0.0,-27.249349702669928,-30.427093881539772,-27.97481883696236,-29.905666927370504,-1.9732052642754943,-2.0866977841756635,-1.9991152543584358,-2.068075121166464
powertrain_simple_cvt,SimpleCVT,EngineModelType_SIMPLE_MAP,TransmissionModelType_AUTOMATIC_SIMPLE_CVT,4.649999999999923,34.83186170180517,0.632127930853823,-0.31383937513388993,13.158699093134919,-0.0004375432836535636,-0.13725071962201715,13.156907546506716,-0.02008608910628638,-1.5719505602551653,0.010079655296799576,-0.01850912362026153,0.0,0.45,0.0,153.76038794518186,1468.3035475921902,568.59,0.0,1.0,481.77824349162375,153.7762832797646,0.0,1,0,0.0,0.0,0.0,0.0,-28.92829328142987,-29.02045136589799,-29.846150884254918,-28.360025961764208,-2.033176296549494,-2.0364677298698615,-2.0659576538739968,-2.012880584007089
powertrain_simple_cvt,SimpleCVT,EngineModelType_SIMPLE_MAP,TransmissionModelType_AUTOMATIC_SIMPLE_CVT,4.654999999999923,34.89765908845403,0.6321255958212774,-0.3145248849337165,13.159477329771926,-0.00046700650911946215,-0.13710195996531716,13.157398666047309,0.09822390811855751,-1.57195404462205,0.010233485687471199,-0.01852207575318461,0.0,0.45,0.0,153.7762832797646,1468.4553368564468,568.59,0.0,1.0,479.5141044400555,153.79120477646342,0.0,1,0,0.0,0.0,0.0,0.0,-30.63823537117661,-27.59454619758881,-31.639702760906598,-26.847717385523712,-2.094206169952662,-1.985504626511585,-2.129972322394974,-1.9588325716703059
powertrain_simple_cvt,SimpleCVT,EngineModelType_SIMPLE_MAP,TransmissionModelType_AUTOMATIC_SIMPLE_CVT,4.659999999999923,34.96350951375829,0.6321233303937529,-0.3152094274835604,13.170085060852681,-0.0004530855048973624,-0.1369085099687751,13.16830799319809,2.18186543015624,-1.5719645129964268,0.01046770510541772,-0.018527904129274464,0.0,0.45,0.0,153.79120477646342,1468.5978266539234,568.59,0.0,1.0,479.7118025599055,153.78990187422312,0.0,1,0,0.0,0.0,0.0,0.0,-31.885588208608958,-26.43883993133678,-32.42254225448683,-25.916841187084497,-2.137810408669408,-1.9434477755344421,-2.156971162373554,-1.9248206891957227
powertrain_simple_cvt,SimpleCVT,EngineModelType_SIMPLE_MAP,TransmissionModelType_AUTOMATIC_SIMPLE_CVT,4.664999999999923,35.02946094196134,0.632123205224197,-0.31589388651059,13.190285640610687,-2.5033911180063966e-05,-0.13689180540592213,13.189120517689991,4.162504898380437,-1.5719730676617596,0.010678406120251232,-0.018519081797160306,0.0,0.45,0.0,153.78990187422312,1468.585384854009,568.59,0.0,1.0,482.3084138828883,153.7727892647934,0.0,1,0,0.0,0.0,0.0,0.0,-31.75711671084432,-26.2686138212164,-31.601881867878102,-26.384046088352534,-2.1314377727014184,-1.9358942181196712,-2.1259070890889675,-1.940006821553275
powertrain_simple_cvt,SimpleCVT,EngineModelType_SIMPLE_MAP,TransmissionModelType_AUTOMATIC_SIMPLE_CVT,4.669999999999923,35.09546292714756,0.632124115281737,-0.3165772196834753,13.200397037244004,0.0001820115080091683,-0.1366666345770533,13.198908211176443,1.9575386972903592,-1.5719736767413024,0.010787905511221848,-0.018517535752235158,0.0,0.45,0.0,153.7727892647934,1468.4219714712124,568.59,0.0,1.0,482.370322881607,153.7723812620608,0.0,1,0,0.0,0.0,0.0,0.0,-30.620473158456768,-27.289432860149518,-30.108728254577816,-27.984952671657172,-2.09013261604282,-1.9715428197406408,-2.071913765931483,-1.9963043192676018
powertrain_simple_cvt,SimpleCVT,EngineModelType_SIMPLE_MAP,TransmissionModelType_AUTOMATIC_SIMPLE_CVT,4.6749999999999226,35.16147692388516,0.6321222071799582,-0.31725961783551687,13.202799347520104,-0.00038162035576037607,-0.13647963040831845,13.20101716098803,0.4217899623174849,-1.5719659202894842,0.010772596971393988,-0.018522885765327263,0.0,0.45,0.0,153.7723812620608,1468.4180753321114,568.59,0.0,1.0,480.49744936694384,153.784724177107,0.0,1,0,0.0,0.0,0.0,0.0,-29.20023132284294,-28.92356646518514,-28.533174778545558,-29.815111724782568,-2.039403898296041,-2.0295558074233475,-2.0156595256963556,-2.061291022397757
powertrain_simple_cvt,SimpleCVT,EngineModelType_SIMPLE_MAP,TransmissionModelType_AUTOMATIC_SIMPLE_CVT,4.6799999999999224,35.227504382106,0.6321207601011125,-0.3179430642271078,13.205491644167354,-0.0002894157691367633,-0.13668927831818384,13.203468184908052,0.49020478400444367,-1.571953357762969,0.010633138432994802,-0.01853370699970743,0.0,0.45,0.0,153.784724177107,1468.5359414886173,568.59,0.0,1.0,478.7123715869746,153.79648848645124,0.0,1,0,0.0,0.0,0.0,0.0,-27.75090722218003,-30.610398008301043,-26.987763982993776,-31.571983288698114,-1.9876307589098194,-2.089397559994259,-1.9604711518223792,-2.1236195475001676
powertrain_simple_cvt,SimpleCVT,EngineModelType_SIMPLE_MAP,TransmissionModelType_AUTOMATIC_SIMPLE_CVT,4.684999999999922,35.29358902176647,0.6321185936745213,-0.3186292100919501,13.21692793209443,-0.00043328531823959965,-0.13722917296847253,13.21530870319559,2.3681036575073984,-1.5719381968523776,0.01040945124148401,-0.01853508150942246,0.0,0.45,0.0,153.79648848645124,1468.648282367669,568.59,0.0,1.0,479.1152860154498,153.79383313438254,0.0,1,0,0.0,0.0,0.0,0.0,-26.542611288421902,-31.879033677756183,-25.972219753668107,-32.41905231722505,-1.9437821941619504,-2.1335306848757405,-1.9235006412901663,-2.1527322611979844
powertrain_simple_cvt,SimpleCVT,EngineModelType_SIMPLE_MAP,TransmissionModelType_AUTOMATIC_SIMPLE_CVT,4.689999999999922,35.359772690690896,0.6321191719237395,-0.3193184426377346,13.236733784884803,0.00011564984364510452,-0.1378465091569007,13.235667287156664,4.0717167922150725,-1.571932394608108,0.010201299389953126,-0.01852336778265583,0.0,0.45,0.0,153.79383313438254,1468.6229256232261,568.59,0.0,1.0,481.61350648114603,153.7773689563516,0.0,1,0,0.0,0.0,0.0,0.0,-26.281153527291693,-31.846340609916076,-26.34829126542179,-31.70709960371362,-1.9330480870018405,-2.130626445039199,-1.935431648212838,-2.1256830336195103
powertrain_simple_cvt,SimpleCVT,EngineModelType_SIMPLE_MAP,TransmissionModelType_AUTOMATIC_SIMPLE_CVT,4.694999999999922,35.426001078314826,0.6321200785113379,-0.32001040658691937,13.245677524786103,0.00018131751969203969,-0.13839278983695197,13.244302293557913,1.7270012802498882,-1.5719326794333153,0.010091528657531589,-0.018519083748503983,0.0,0.45,0.0,153.7773689563516,1468.465704304172,568.59,0.0,1.0,481.3952103305161,153.77880760707794,0.0,1,0,0.0,0.0,0.0,0.0,-27.25836558552568,-30.76708839943729,-27.952119637204095,-30.263353717215892,-1.9671106642490883,-2.0915980712647846,-1.9917246470515084,-2.0737258631311053
powertrain_simple_cvt,SimpleCVT,EngineModelType_SIMPLE_MAP,TransmissionModelType_AUTOMATIC_SIMPLE_CVT,4.699999999999922,35.492233000754844,0.6321188207971657,-0.32070377870644606,13.246384488003175,-0.00025154283441856115,-0.138674423905338,13.244598500387502,0.05924136591772948,-1.5719357724451593,0.010106523067841952,-0.018524804185988532,0.0,0.45,0.0,153.77880760707794,1468.4794424066408,568.59,0.0,1.0,479.12651787559776,153.7937591123546,0.0,1,0,0.0,0.0,0.0,0.0,-28.906905510394786,-29.36979429547884,-29.81642061678703,-28.71802987863862,-2.0255769473825196,-2.041999599991025,-2.057845282921812,-2.0188759017177813
powertrain_simple_cvt,SimpleCVT,EngineModelType_SIMPLE_MAP,TransmissionModelType_AUTOMATIC_SIMPLE_CVT,4.704999999999922,35.55846744044921,0.6321174638582671,-0.3213965543977924,13.246887938874023,-0.00027138777974149673,-0.13855513826927274,13.24479058757297,0.03841743709358607,-1.5719395319080158,0.010246278080534172,-0.018537891201299662,0.0,0.45,0.0,153.7937591123546,1468.6222187649273,568.59,0.0,1.0,476.8336735504029,153.8088697872072,0.0,1,0,0.0,0.0,0.0,0.0,-30.62548363962823,-27.93832605642678,-31.633839157595013,-27.19244845169816,-2.0865339596810006,-1.9911987152316775,-2.122308497206506,-1.9647363952618302
powertrain_simple_cvt,SimpleCVT,EngineModelType_SIMPLE_MAP,TransmissionModelType_AUTOMATIC_SIMPLE_CVT,4.709999999999922,35.62474579611093,0.6321159584890608,-0.3220882195746458,13.255671132343128,-0.0003010738412478468,-0.13833303537067682,13.253776495736732,1.7971816327524366,-1.5719496675708529,0.01047517713971062,-0.018546193609476132,0.0,0.45,0.0,153.8088697872072,1468.766515080702,568.59,0.0,1.0,476.5930631160671,153.8104554971481,0.0,1,0,0.0,0.0,0.0,0.0,-31.975067794779317,-26.72028290508471,-32.59831754730967,-26.15118976983382,-2.133645520701201,-1.9473421361178134,-2.155742246023845,-1.9271654819890518
powertrain_simple_cvt,SimpleCVT,EngineModelType_SIMPLE_MAP,TransmissionModelType_AUTOMATIC_SIMPLE_CVT,4.714999999999922,35.69112429911179,0.632116277010206,-0.3227797577086671,13.275700600172149,6.370422905185321e-05,-0.13830762680427314,13.27447537635111,4.139776122875548,-1.57196004197234,0.010693176050599617,-0.0185385323397948,0.0,0.45,0.0,153.8104554971481,1468.7816574952262,568.59,0.0,1.0,479.1332237708783,153.793714918075,0.0,1,0,0.0,0.0,0.0,0.0,-32.028571591235455,-26.401768849320618,-31.924419975956834,-26.442244870372715,-2.133771796174633,-1.9345899427707536,-2.130084957890492,-1.936022743823386
powertrain_simple_cvt,SimpleCVT,EngineModelType_SIMPLE_MAP,TransmissionModelType_AUTOMATIC_SIMPLE_CVT,4.719999999999922,35.75756029255454,0.6321181554956417,-0.3234704590294272,13.287198688549342,0.0003756970871393436,-0.13814026415201952,13.285733654081916,2.25165554616145,-1.5719624509954777,0.010816627148267395,-0.018536152437484327,0.0,0.45,0.0,153.793714918075,1468.6217967406442,568.59,0.0,1.0,479.5560231218415,153.79092851716234,0.0,1,0,0.0,0.0,0.0,0.0,-30.966524102679593,-27.299970800309175,-30.467677586681855,-27.963351201603746,-2.0952477337507385,-1.9655662692834368,-2.0776041482348333,-1.9890292152286575
powertrain_simple_cvt,SimpleCVT,EngineModelType_SIMPLE_MAP,TransmissionModelType_AUTOMATIC_SIMPLE_CVT,4.7249999999999215,35.824010434389066,0.6321170930524436,-0.32416002707600194,13.290028366905661,-0.00021248863961534055,-0.1379136093149482,13.288255471115326,0.5043634066819288,-1.5719563118439033,0.010815759965190585,-0.018541010043108902,0.0,0.45,0.0,153.79092851716234,1468.595188571923,568.59,0.0,1.0,477.82423849098103,153.80234160534465,0.0,1,0,0.0,0.0,0.0,0.0,-29.557901400272147,-28.899634908530953,-28.89403972943544,-29.78486096858554,-2.04522808868169,-2.0219504338276306,-2.0217525768054885,-2.053253845063503
powertrain_simple_cvt,SimpleCVT,EngineModelType_SIMPLE_MAP,TransmissionModelType_AUTOMATIC_SIMPLE_CVT,4.729999999999921,35.890472417185386,0.632116230061859,-0.3248504227733077,13.292396559263217,-0.00017259811690588985,-0.1380791394611592,13.29037207763366,0.42332130366667736,-1.5719453359202584,0.010689957132184878,-0.018551594450953803,0.0,0.45,0.0,153.80234160534465,1468.7041755359326,568.59,0.0,1.0,475.9947062973295,153.81439888538185,0.0,1,0,0.0,0.0,0.0,0.0,-28.104344759276323,-30.595075262552378,-27.33770805134097,-31.56426117860115,-1.9936690654890457,-2.081732383555142,-1.9665635347368198,-2.115999329528592
powertrain_simple_cvt,SimpleCVT,EngineModelType_SIMPLE_MAP,TransmissionModelType_AUTOMATIC_SIMPLE_CVT,4.734999999999921,35.956983126671105,0.6321146067817528,-0.32554335777129456,13.302141897143192,-0.00032465602125324937,-0.13858699959736764,13.300418258698025,2.009236212873276,-1.5719309440822549,0.010471892682135255,-0.018555144294248607,0.0,0.45,0.0,153.81439888538185,1468.8193140790224,568.59,0.0,1.0,475.99420933437875,153.81440216054776,0.0,1,0,0.0,0.0,0.0,0.0,-26.838828750862476,-31.95808071528368,-26.21905183991551,-32.58056790456826,-1.9482081980228507,-2.1290699161502777,-1.926311655764601,-2.151062211772525
powertrain_simple_cvt,SimpleCVT,EngineModelType_SIMPLE_MAP,TransmissionModelType_AUTOMATIC_SIMPLE_CVT,4.739999999999921,36.023592135683714,0.6321151963141696,-0.3262393880080807,13.321801802521758,0.00011790648335583656,-0.1392060473572305,13.32070201898926,4.056752058247157,-1.571924810170973,0.010256615761383718,-0.018543967946109248,0.0,0.45,0.0,153.81440216054776,1468.819345354553,568.59,0.0,1.0,478.4391976619402,153.79828880159434,0.0,1,0,0.0,0.0,0.0,0.0,-26.424011456540562,-32.11113585290062,-26.414930234042057,-32.02006598984788,-1.9321312769948553,-2.1327498142190944,-1.9318109285292893,-2.1295372411439306
powertrain_simple_cvt,SimpleCVT,EngineModelType_SIMPLE_MAP,TransmissionModelType_AUTOMATIC_SIMPLE_CVT,4.744999999999921,36.09025354578307,0.6321168159597983,-0.3269380394255498,13.332282019871236,0.0003239291257388847,-0.13973028349380606,13.330955033152039,2.0506028325556693,-1.571925698593307,0.010132421103704813,-0.018538232158228297,0.0,0.45,0.0,153.79828880159434,1468.6654741109178,568.59,0.0,1.0,478.6233558041631,153.79707513271242,0.0,1,0,0.0,0.0,0.0,0.0,-27.26414235689913,-31.1156235854814,-27.929244140106388,-30.61932956173943,-1.9610279579855203,-2.0967880010439575,-1.9844719893510059,-2.079294238505835
powertrain_simple_cvt,SimpleCVT,EngineModelType_SIMPLE_MAP,TransmissionModelType_AUTOMATIC_SIMPLE_CVT,4.749999999999921,36.156920911071474,0.6321159322999551,-0.3276383342388922,13.333473057679972,-0.00017673196863925243,-0.14005896266848622,13.331731309521551,0.15525527390245816,-1.5719295941390272,0.010131321973982034,-0.018542636169100183,0.0,0.45,0.0,153.79707513271242,1468.6538844268077,568.59,0.0,1.0,476.509608247132,153.81100549497197,0.0,1,0,0.0,0.0,0.0,0.0,-28.87142684576648,-29.732631125052706,-29.78370264382678,-29.075835059843055,-2.017623529896399,-2.047978168873227,-2.049778273159367,-2.0248282520412255
powertrain_simple_cvt,SimpleCVT,EngineModelType_SIMPLE_MAP,TransmissionModelType_AUTOMATIC_SIMPLE_CVT,4.754999999999921,36.22358972930649,0.6321148109882015,-0.32833821927240725,13.333763647003165,-0.00022426235070222055,-0.13997700670301147,13.331701877775364,-0.005886349237371872,-1.5719346884697476,0.010256826637536126,-0.018554638659275362,0.0,0.45,0.0,153.81100549497197,1468.7869095875678,568.59,0.0,1.0,474.2045695863906,153.82619653491415,0.0,1,0,0.0,0.0,0.0,0.0,-30.596174539348567,-28.297831378904586,-31.616859906461038,-27.54188627855291,-2.0784176354863835,-1.9974083644275231,-2.1143935415187336,-1.9707637090105412
powertrain_simple_cvt,SimpleCVT,EngineModelType_SIMPLE_MAP,TransmissionModelType_AUTOMATIC_SIMPLE_CVT,4.759999999999921,36.29029383975166,0.6321134072939995,-0.3290368380149019,13.340822089034038,-0.00028073884040901733,-0.13972374849893454,13.338862464075907,1.4321172601086423,-1.5719444470954718,0.010477899823833646,-0.01856423161389151,0.0,0.45,0.0,153.82619653491415,1468.931973333418,568.59,0.0,1.0,473.5662643576577,153.83040319764393,0.0,1,0,0.0,0.0,0.0,0.0,-32.03651300496287,-27.02523313390659,-32.74680821383079,-26.4036881860768,-2.1285788050949037,-1.9520419813776437,-2.15360100766622,-1.9301462633753177
powertrain_simple_cvt,SimpleCVT,EngineModelType_SIMPLE_MAP,TransmissionModelType_AUTOMATIC_SIMPLE_CVT,4.764999999999921,36.357094993454,0.6321134220230552,-0.32973519557425857,13.360230740467824,2.9458111605834927e-06,-0.13967151187132723,13.358970406280488,4.021588440916177,-1.571957169209108,0.010702452093517998,-0.018557206325773658,0.0,0.45,0.0,153.83040319764393,1468.97214400346,568.59,0.0,1.0,475.93656175026535,153.81478207901412,0.0,1,0,0.0,0.0,0.0,0.0,-32.28705275802221,-26.556038478141637,-32.23393560690418,-26.520840520645585,-2.135692768947368,-1.9341051070082558,-2.13382438025039,-1.9328670235538885
powertrain_simple_cvt,SimpleCVT,EngineModelType_SIMPLE_MAP,TransmissionModelType_AUTOMATIC_SIMPLE_CVT,4.7699999999999205,36.42396117957172,0.6321155437684308,-0.33043311805670217,13.373237223544788,0.00042434907511634725,-0.13958449648872256,13.371841889053487,2.5742965545998526,-1.5719608479730656,0.010839368042560934,-0.018552985061294606,0.0,0.45,0.0,153.81478207901412,1468.8229733086666,568.59,0.0,1.0,476.74015213940226,153.8094861271906,0.0,1,0,0.0,0.0,0.0,0.0,-31.320975632421508,-27.307403908549297,-30.82356024696662,-27.947044525138793,-2.1006506487130356,-1.9596096934956801,-2.0831709707775232,-1.982087309386536
powertrain_simple_cvt,SimpleCVT,EngineModelType_SIMPLE_MAP,TransmissionModelType_AUTOMATIC_SIMPLE_CVT,4.77499999999992,36.49084442646983,0.6321146032830556,-0.3311298113856392,13.376649379621949,-0.0001880970750478576,-0.13933866578740026,13.374929016694999,0.6174255283024753,-1.5719566575183028,0.010854176703573611,-0.018556415744574582,0.0,0.45,0.0,153.8094861271906,1468.7724006940011,568.59,0.0,1.0,475.18794447718614,153.81971573808468,0.0,1,0,0.0,0.0,0.0,0.0,-29.92845693740047,-28.86090692918497,-29.251752357448485,-29.757011835823636,-2.0514733870609807,-2.0139672628614202,-2.02769879493249,-2.045450024011323
powertrain_simple_cvt,SimpleCVT,EngineModelType_SIMPLE_MAP,TransmissionModelType_AUTOMATIC_SIMPLE_CVT,4.77999999999992,36.55773857208986,0.6321135882952623,-0.3318271405171991,13.378829124005986,-0.00020299755864912903,-0.13946582631197546,13.376851302859041,0.3844572328084521,-1.5719462578256282,0.01074321342049836,-0.018565730813085483,0.0,0.45,0.0,153.81971573808468,1468.8700862823832,568.59,0.0,1.0,473.34519429878395,153.83186012943062,0.0,1,0,0.0,0.0,0.0,0.0,-28.473668926392683,-30.558955816570055,-27.687804966034072,-31.55063032789029,-2.000218715569654,-2.0734703565955894,-1.972613005779519,-2.108305748147694
powertrain_simple_cvt,SimpleCVT,EngineModelType_SIMPLE_MAP,TransmissionModelType_AUTOMATIC_SIMPLE_CVT,4.78499999999992,36.62467379100903,0.6321118109805839,-0.33252691089909253,13.387043783833697,-0.0003554629356903355,-0.13995407637869195,13.385267058275664,1.6831510833246104,-1.571932259867617,0.010532740633865003,-0.01857034304598894,0.0,0.45,0.0,153.83186012943062,1468.9860566771963,568.59,0.0,1.0,472.9903771524061,153.83419850298355,0.0,1,0,0.0,0.0,0.0,0.0,-27.15569008783063,-32.00847384399499,-26.479290717504895,-32.71627840877242,-1.9533211938705584,-2.123681865577275,-1.9295756785414824,-2.1485298841891476
powertrain_simple_cvt,SimpleCVT,EngineModelType_SIMPLE_MAP,TransmissionModelType_AUTOMATIC_SIMPLE_CVT,4.78999999999992,36.69170428938198,0.6321119139060648,-0.33323021607283415,13.406099674590342,2.0585096194291512e-05,-0.14066103474832065,13.40498402134858,3.943392614583358,-1.5719240550384104,0.010312151514234886,-0.018559395124923175,0.0,0.45,0.0,153.83419850298355,1469.0083864997805,568.59,0.0,1.0,475.27078064017314,153.81916981775723,0.0,1,0,0.0,0.0,0.0,0.0,-26.588265369395337,-32.360483970679525,-26.500160987686968,-32.31763672955097,-1.9320284065375524,-2.134368485154861,-1.9289399844328465,-2.132866512562112
powertrain_simple_cvt,SimpleCVT,EngineModelType_SIMPLE_MAP,TransmissionModelType_AUTOMATIC_SIMPLE_CVT,4.79499999999992,36.758794920075246,0.6321136114139616,-0.33393583254203485,13.418126138652903,0.00033950157936788513,-0.14112329384014233,13.416874992386848,2.3781942076536007,-1.5719242907745157,0.010174422692360508,-0.018551664944336646,0.0,0.45,0.0,153.81916981775723,1468.8648731272644,568.59,0.0,1.0,475.8458246454172,153.81538006941113,0.0,1,0,0.0,0.0,0.0,0.0,-27.27106371702904,-31.46961110111074,-27.912278667428005,-30.969115008473572,-1.9551160645011145,-2.102162035854315,-1.9775733733277558,-2.084633131838763
powertrain_simple_cvt,SimpleCVT,EngineModelType_SIMPLE_MAP,TransmissionModelType_AUTOMATIC_SIMPLE_CVT,4.79999999999992,36.82589473542391,0.6321125657740596,-0.33464337187702137,13.419963069732978,-0.00020912798039950846,-0.1415078669973035,13.418288510340943,0.28270359081901725,-1.5719276708564112,0.01015842042549195,-0.01855431554847617,0.0,0.45,0.0,153.81538006941113,1468.8286836963227,568.59,0.0,1.0,473.9307712561242,153.82800096511392,0.0,1,0,0.0,0.0,0.0,0.0,-28.822686141456707,-30.1083841301896,-29.755447466294292,-29.428119925667076,-2.0093522886642994,-2.0543766212712478,-2.0420170019176624,-2.0305541979078816
powertrain_simple_cvt,SimpleCVT,EngineModelType_SIMPLE_MAP,TransmissionModelType_AUTOMATIC_SIMPLE_CVT,4.80499999999992,36.892995341205705,0.6321111864085102,-0.33535065407482306,13.420121156358718,-0.00027587310989326966,-0.1414564395603364,13.41811394514077,-0.03491304003482373,-1.5719320444638705,0.010268454049619092,-0.018564883752597874,0.0,0.45,0.0,153.82800096511392,1468.9492043725636,568.59,0.0,1.0,471.6339628417712,153.84313776475034,0.0,1,0,0.0,0.0,0.0,0.0,-30.548528450580637,-28.67251834943445,-31.599339366066744,-27.888077962246914,-2.0698041153634907,-2.0041065702291516,-2.106603329560486,-1.9766356052748772
powertrain_simple_cvt,SimpleCVT,EngineModelType_SIMPLE_MAP,TransmissionModelType_AUTOMATIC_SIMPLE_CVT,4.80999999999992,36.96012372022721,0.6321095095654194,-0.3360565710905907,13.425675804300978,-0.0003353686181381645,-0.141183403153529,13.423678123628767,1.1128356975995028,-1.5719410186923315,0.01048162159498303,-0.018575226455703708,0.0,0.45,0.0,153.84313776475034,1469.0937501616474,568.59,0.0,1.0,470.65424366459376,153.84959446910247,0.0,1,0,0.0,0.0,0.0,0.0,-32.06695909671546,-27.352637886068287,-32.87288869964821,-26.66667806324235,-2.122513810355969,-1.957487539874726,-2.1507256251008036,-1.9334753043475252
powertrain_simple_cvt,SimpleCVT,EngineModelType_SIMPLE_MAP,TransmissionModelType_AUTOMATIC_SIMPLE_CVT,4.81499999999992,37.02734505628278,0.6321095953323687,-0.3367603905263217,13.444267211114875,1.7153389841673486e-05,-0.14076388714619265,13.442995622316555,3.863499737557856,-1.5719546585199844,0.010709154530971677,-0.01856821875062002,0.0,0.45,0.0,153.84959446910247,1469.1554071464707,568.59,0.0,1.0,472.8138531267215,153.8353618602715,0.0,1,0,0.0,0.0,0.0,0.0,-32.50515716826294,-26.736500289223503,-32.53000757813416,-26.618575222837496,-2.1362179816536044,-1.9345745426748215,-2.137086627893368,-1.9304524712071498
powertrain_simple_cvt,SimpleCVT,EngineModelType_SIMPLE_MAP,TransmissionModelType_AUTOMATIC_SIMPLE_CVT,4.8199999999999195,37.09463868608857,0.6321117019143353,-0.33746456123556856,13.458725961157507,0.00042131639332984236,-0.14083414184937199,13.45739990017999,2.8808555726869303,-1.5719609136249566,0.010858418559798553,-0.01856218512583886,0.0,0.45,0.0,153.8353618602715,1469.0194957435583,568.59,0.0,1.0,473.9753686629642,153.8277070520442,0.0,1,0,0.0,0.0,0.0,0.0,-31.653628313406443,-27.32774358251792,-31.1746580231385,-27.94020484418877,-2.1052684808950914,-1.9542190025320878,-2.0885439916871946,-1.9756046750240885
powertrain_simple_cvt,SimpleCVT,EngineModelType_SIMPLE_MAP,TransmissionModelType_AUTOMATIC_SIMPLE_CVT,4.824999999999919,37.161953173867055,0.6321107233199003,-0.3381673124515153,13.462897555696022,-0.0001957188870001514,-0.1405502431893548,13.461233120747025,0.7666441134070275,-1.57195792699678,0.01088730472564557,-0.018564113837984016,0.0,0.45,0.0,153.8277070520442,1468.9463977094904,568.59,0.0,1.0,472.6381844568199,153.8365195804549,0.0,1,0,0.0,0.0,0.0,0.0,-30.287651936265288,-28.814876154138208,-29.605552129029224,-29.736586197211206,-2.0572707208313505,-2.0058595808701174,-2.0334602202222922,-2.038034311472804
powertrain_simple_cvt,SimpleCVT,EngineModelType_SIMPLE_MAP,TransmissionModelType_AUTOMATIC_SIMPLE_CVT,4.829999999999919,37.22927825782675,0.6321094822829197,-0.3388704712684212,13.465016791939217,-0.0002482073961037174,-0.14063176338117697,13.46308752484629,0.3708808198531778,-1.5719493933551658,0.010790628533041993,-0.018572111459022607,0.0,0.45,0.0,153.8365195804549,1469.0305511569527,568.59,0.0,1.0,470.8160330582869,153.84852821837802,0.0,1,0,0.0,0.0,0.0,0.0,-28.830421448824172,-30.511603405205072,-28.035750482235528,-31.540287957636252,-2.0062636088341965,-2.06494163494414,-1.9785273346318,-2.1008456480685687
powertrain_simple_cvt,SimpleCVT,EngineModelType_SIMPLE_MAP,TransmissionModelType_AUTOMATIC_SIMPLE_CVT,4.834999999999919,37.29663779707855,0.6321077367254658,-0.33957597794122685,13.471907850360891,-0.0003491114907935484,-0.14110133456113447,13.470095173881072,1.4015298069562776,-1.571935597616008,0.010588443776153459,-0.018577360718537335,0.0,0.45,0.0,153.84852821837802,1469.1452252020686,568.59,0.0,1.0,470.16244150973057,153.8528356234941,0.0,1,0,0.0,0.0,0.0,0.0,-27.47319872323829,-32.02923823658246,-26.75125990886444,-32.833588835253295,-1.9583938282100553,-2.1173298223277257,-1.9332092215316954,-2.1453893379760127
powertrain_simple_cvt,SimpleCVT,EngineModelType_SIMPLE_MAP,TransmissionModelType_AUTOMATIC_SIMPLE_CVT,4.839999999999919,37.36408922533888,0.6321076825462808,-0.3402852237147777,13.490285652065019,-1.08358370015237e-05,-0.1418491547101734,13.489147686586373,3.810502541060227,-1.5719266830183887,0.010364087282873852,-0.018566747248593515,0.0,0.45,0.0,153.8528356234941,1469.1863578910356,568.59,0.0,1.0,472.2663311975698,153.83897022816421,0.0,1,0,0.0,0.0,0.0,0.0,-26.776779795721865,-32.54504949824211,-26.606642714785284,-32.60288666588266,-1.9327801220918996,-2.1337201663550074,-1.9268533269978259,-2.135734947844969
powertrain_simple_cvt,SimpleCVT,EngineModelType_SIMPLE_MAP,TransmissionModelType_AUTOMATIC_SIMPLE_CVT,4.844999999999919,37.43160754436058,0.632109950304587,-0.34099586295195383,13.503663804339965,0.0004535516612507798,-0.1421278474352267,13.50249296516947,2.6690557166194964,-1.5719266091950566,0.010213307179081775,-0.018556831204156816,0.0,0.45,0.0,153.83897022816421,1469.0539531187553,568.59,0.0,1.0,473.17516717726545,153.8329806697661,0.0,1,0,0.0,0.0,0.0,0.0,-27.305725154683618,-31.772641852014605,-27.905698124911034,-31.314290521470397,-1.9502660200071278,-2.105719102744541,-1.9711456678941595,-2.0897680268374246
powertrain_simple_cvt,SimpleCVT,EngineModelType_SIMPLE_MAP,TransmissionModelType_AUTOMATIC_SIMPLE_CVT,4.849999999999919,37.49913852992289,0.6321092657353538,-0.3417086188454518,13.506197112461201,-0.000136913846666789,-0.1425511786995921,13.50457021852339,0.4154506707841765,-1.5719309555933612,0.010182096104825612,-0.01855809073673905,0.0,0.45,0.0,153.8329806697661,1468.9967570491956,568.59,0.0,1.0,471.4627273364071,153.84426626877323,0.0,1,0,0.0,0.0,0.0,0.0,-28.79399809162132,-30.439288146263166,-29.73435964925932,-29.77705880836534,-2.0019052427669393,-2.059154143262548,-2.0346257135989547,-2.036111457649987
powertrain_simple_cvt,SimpleCVT,EngineModelType_SIMPLE_MAP,TransmissionModelType_AUTOMATIC_SIMPLE_CVT,4.854999999999919,37.56667009358935,0.6321080995809492,-0.3424213869808753,13.506312733292884,-0.00023323088092688923,-0.1425536270847057,13.504357438703845,-0.04255596390905316,-1.5719355311052454,0.01027669439433287,-0.018567200684382203,0.0,0.45,0.0,153.84426626877323,1469.10452658126,568.59,0.0,1.0,469.19140934652995,153.8592350772766,0.0,1,0,0.0,0.0,0.0,0.0,-30.515465353079996,-29.00486166794245,-31.585080779140558,-28.23196556543274,-2.061821507205942,-2.009258275310751,-2.099040033965709,-1.9823644463953214
powertrain_simple_cvt,SimpleCVT,EngineModelType_SIMPLE_MAP,TransmissionModelType_AUTOMATIC_SIMPLE_CVT,4.859999999999919,37.63422305340033,0.6321067237463273,-0.34313275646000246,13.510591962197044,-0.00027516692437728335,-0.14227389582542668,13.508549059481902,0.8383241556114208,-1.5719447512980813,0.01048021798969177,-0.01857836493302478,0.0,0.45,0.0,153.8592350772766,1469.2474681731903,568.59,0.0,1.0,467.9365085634466,153.86750532811615,0.0,1,0,0.0,0.0,0.0,0.0,-32.08952984846462,-27.654309019079616,-32.9797253561451,-26.94116143675899,-2.116246460622607,-1.9619656227212832,-2.147212248822151,-1.937158513722612
powertrain_simple_cvt,SimpleCVT,EngineModelType_SIMPLE_MAP,TransmissionModelType_AUTOMATIC_SIMPLE_CVT,4.8649999999999185,37.701862589651064,0.6321063927827625,-0.34384353125925216,13.527907250146269,-6.619271294747142e-05,-0.14215495984993998,13.526539315255455,3.5980511547106233,-1.5719571238938292,0.010710915863658382,-0.018573526946995635,0.0,0.45,0.0,153.86750532811615,1469.3264432512938,568.59,0.0,1.0,469.7794854397943,153.85535944274864,0.0,1,0,0.0,0.0,0.0,0.0,-32.70022599248048,-26.92463445289875,-32.81265757889213,-26.734750733245956,-2.1359768996151685,-1.9353379629886647,-2.139882673385053,-1.9287415706827467
powertrain_simple_cvt,SimpleCVT,EngineModelType_SIMPLE_MAP,TransmissionModelType_AUTOMATIC_SIMPLE_CVT,4.869999999999918,37.769578940364596,0.6321095827054142,-0.34455653737980424,13.543270142706051,0.0006379845303326268,-0.1426012241104221,13.541992197436528,3.0905764362146417,-1.571961705161108,0.010873231258462877,-0.01856625070396393,0.0,0.45,0.0,153.85535944274864,1469.210458589626,568.59,0.0,1.0,471.16301223111293,153.8462414999107,0.0,1,0,0.0,0.0,0.0,0.0,-31.959895192765742,-27.39496686935017,-31.51968678629403,-27.940331828163217,-2.1089915377387007,-1.9505909281460418,-2.093716537784099,-1.9695148051066829
powertrain_simple_cvt,SimpleCVT,EngineModelType_SIMPLE_MAP,TransmissionModelType_AUTOMATIC_SIMPLE_CVT,4.874999999999918,37.83731981781844,0.6321093079581417,-0.34526806205658767,13.548175490768225,-5.494945449107053e-05,-0.14230493535668579,13.546504983571737,0.9025572270417307,-1.5719554152820743,0.010917589569408973,-0.01856823531344939,0.0,0.45,0.0,153.8462414999107,1469.1233886492164,568.59,0.0,1.0,470.03025914139505,153.8537067531941,0.0,1,0,0.0,0.0,0.0,0.0,-30.62226866664247,-28.82046842647391,-29.954467471362147,-29.718788339285364,-2.0622226222856574,-1.999721930492314,-2.0390579918483027,-2.030882774380979
powertrain_simple_cvt,SimpleCVT,EngineModelType_SIMPLE_MAP,TransmissionModelType_AUTOMATIC_SIMPLE_CVT,4.879999999999918,37.90507105381066,0.6321084680556796,-0.34597993029611745,13.550247198443218,-0.0001679804924183603,-0.14237364790596246,13.548319223481872,0.3628479820271557,-1.5719435870932932,0.010835941719794911,-0.018576136922451515,0.0,0.45,0.0,153.8537067531941,1469.1946765669056,568.59,0.0,1.0,468.2328579329143,153.86555227839727,0.0,1,0,0.0,0.0,0.0,0.0,-29.169430945902015,-30.511111700032266,-28.38004018892377,-31.52792470575948,-2.0116912198025974,-2.058225094297753,-1.9843125678395426,-2.09349149328864
powertrain_simple_cvt,SimpleCVT,EngineModelType_SIMPLE_MAP,TransmissionModelType_AUTOMATIC_SIMPLE_CVT,4.884999999999918,37.97285159301843,0.6321071844614,-0.3466938087726524,13.55610784155539,-0.0002567188559090964,-0.14277569530698675,13.554199418506617,1.176039004948873,-1.5719261152107191,0.010644348059577376,-0.0185835335962829,0.0,0.45,0.0,153.86555227839727,1469.307793000282,568.59,0.0,1.0,467.348904024443,153.87137785493064,0.0,1,0,0.0,0.0,0.0,0.0,-27.78701469772577,-32.07025445644231,-27.032411353948405,-32.92899079139494,-1.9633264055886197,-2.111818714169591,-1.9371656490369022,-2.141589576419358
powertrain_simple_cvt,SimpleCVT,EngineModelType_SIMPLE_MAP,TransmissionModelType_AUTOMATIC_SIMPLE_CVT,4.889999999999918,38.04071896952682,0.6321070585409219,-0.3474106658741033,13.573475301677528,-2.518409563119278e-05,-0.14337142029018532,13.572229787710462,3.6060738407692186,-1.5719134614156196,0.010419052873704645,-0.018575333737860997,0.0,0.45,0.0,153.87137785493064,1469.3634231583806,568.59,0.0,1.0,469.20723922160334,153.85913075266433,0.0,1,0,0.0,0.0,0.0,0.0,-26.986274563823486,-32.73354138746852,-26.730613424721284,-32.87250869285462,-1.9343232921846825,-2.1333061212903472,-1.9254717496494311,-2.1381174704807404
powertrain_simple_cvt,SimpleCVT,EngineModelType_SIMPLE_MAP,TransmissionModelType_AUTOMATIC_SIMPLE_CVT,4.894999999999918,38.108657800299746,0.632110360206697,-0.3481271585569433,13.587766154585436,0.0006603331550320869,-0.14329853656800604,13.586586923560654,2.871427170038449,-1.5719113933148972,0.010257704624382781,-0.018565306880065583,0.0,0.45,0.0,153.85913075266433,1469.2464719465265,568.59,0.0,1.0,470.3347719201941,153.8516999036499,0.0,1,0,0.0,0.0,0.0,0.0,-27.409945773709598,-32.06102711740732,-27.903565871483075,-31.652603633520094,-1.9479888946009614,-2.1088492442752114,-1.9650610323827853,-2.0947236808678333
powertrain_simple_cvt,SimpleCVT,EngineModelType_SIMPLE_MAP,TransmissionModelType_AUTOMATIC_SIMPLE_CVT,4.899999999999918,38.17661353355176,0.6321102614336036,-0.34884580374534646,13.5911466504032,-1.975461867437505e-05,-0.14372903768063375,13.589498523699886,0.5823200278463627,-1.571915564777786,0.010213135522080058,-0.018566786423684783,0.0,0.45,0.0,153.8516999036499,1469.1755125654054,568.59,0.0,1.0,468.85804135159367,153.86143209315003,0.0,1,0,0.0,0.0,0.0,0.0,-28.827880042927234,-30.757924905640692,-29.710796648687776,-30.12149065627019,-1.9968153577225163,-2.0635527784895435,-2.0273449988511665,-2.041546046360492
powertrain_simple_cvt,SimpleCVT,EngineModelType_SIMPLE_MAP,TransmissionModelType_AUTOMATIC_SIMPLE_CVT,4.904999999999918,38.24457019067205,0.6321094799977613,-0.3495646697195958,13.591331424058689,-0.00015628716845426938,-0.1437731948498671,13.589353558155823,-0.028993108812614472,-1.5719205680508985,0.010295008227025768,-0.018576170432030154,0.0,0.45,0.0,153.86143209315003,1469.2684481293686,568.59,0.0,1.0,466.64390601802785,153.8760240472297,0.0,1,0,0.0,0.0,0.0,0.0,-30.540327703903554,-29.325721348795813,-31.562853752027394,-28.57357318254793,-2.056039930571341,-2.0140406166361617,-2.0913973880072043,-1.988032431492744
powertrain_simple_cvt,SimpleCVT,EngineModelType_SIMPLE_MAP,TransmissionModelType_AUTOMATIC_SIMPLE_CVT,4.9099999999999175,38.31254415753453,0.6321084983166183,-0.35028228650279253,13.594793372496381,-0.00019633622860656952,-0.14352335663934015,13.59268043524863,0.6653754185613678,-1.5719297061869806,0.010489081083760697,-0.018588727226205436,0.0,0.45,0.0,153.8760240472297,1469.4077910266376,568.59,0.0,1.0,465.22057613271966,153.88540430687863,0.0,1,0,0.0,0.0,0.0,0.0,-32.13939472753059,-27.95555553537661,-33.05761828354255,-27.22576616898696,-2.111061328514958,-1.9664256883438744,-2.142804386922417,-1.9411968142524025
powertrain_simple_cvt,SimpleCVT,EngineModelType_SIMPLE_MAP,TransmissionModelType_AUTOMATIC_SIMPLE_CVT,4.914999999999917,38.38059891683699,0.6321082491798595,-0.3509994047986483,13.610951860490594,-4.982735174488204e-05,-0.14342365917114994,13.609471941483589,3.3583012469919287,-1.5719429928053705,0.010721231920542319,-0.018586303802532532,0.0,0.45,0.0,153.88540430687863,1469.4973659080745,568.59,0.0,1.0,466.7839387718268,153.87510118064512,0.0,1,0,0.0,0.0,0.0,0.0,-32.87181585627376,-27.13722689269398,-33.076019953817756,-26.86901421545587,-2.1349791040591395,-1.9369785228777077,-2.1420297453954458,-1.927717830208948
powertrain_simple_cvt,SimpleCVT,EngineModelType_SIMPLE_MAP,TransmissionModelType_AUTOMATIC_SIMPLE_CVT,4.919999999999917,38.44873349119363,0.6321112991732396,-0.35171807760691914,13.626914871327864,0.0006099986760139035,-0.14373456165416976,13.625595431607568,3.2246980247958823,-1.5719490471077973,0.01089129330261577,-0.01857977294826436,0.0,0.45,0.0,153.87510118064512,1469.3989782999126,568.59,0.0,1.0,468.30826003912404,153.86505535119744,0.0,1,0,0.0,0.0,0.0,0.0,-32.22197672606672,-27.526530701352513,-31.858627057898932,-27.947059468864687,-2.111225336138751,-1.9492955255783262,-2.098694653723509,-1.9637981187931206
powertrain_simple_cvt,SimpleCVT,EngineModelType_SIMPLE_MAP,TransmissionModelType_AUTOMATIC_SIMPLE_CVT,4.924999999999917,38.51689648781119,0.6321116961605138,-0.35243536430561556,13.632599323511263,7.939745482830147e-05,-0.14345733973928806,13.630923972270905,1.065708132667376,-1.5719451585954662,0.01094593506164138,-0.018581576637535832,0.0,0.45,0.0,153.86505535119744,1469.3030476950694,568.59,0.0,1.0,467.3903595199882,153.87110464819477,0.0,1,0,0.0,0.0,0.0,0.0,-30.914069249317123,-28.885911264103513,-30.302635878950557,-29.699497936326384,-2.0657033352841747,-1.995786472774296,-2.0446253407681962,-2.023833315237451
powertrain_simple_cvt,SimpleCVT,EngineModelType_SIMPLE_MAP,TransmissionModelType_AUTOMATIC_SIMPLE_CVT,4.929999999999917,38.585070035014425,0.632111161021662,-0.3531526005852936,13.634709440647786,-0.00010702777034804099,-0.1434472559356044,13.632766755700057,0.36855668583052015,-1.5719357586800187,0.010875881002404685,-0.018589541663296745,0.0,0.45,0.0,153.87110464819477,1469.3608142262306,568.59,0.0,1.0,465.63441321523294,153.88267697056227,0.0,1,0,0.0,0.0,0.0,0.0,-29.46482281312865,-30.56608002970005,-28.727226013495613,-31.51029096184647,-2.0156060385981545,-2.053564640497548,-1.9901822385465147,-2.086110104302985
powertrain_simple_cvt,SimpleCVT,EngineModelType_SIMPLE_MAP,TransmissionModelType_AUTOMATIC_SIMPLE_CVT,4.934999999999917,38.65326944750039,0.632110172557516,-0.35387173220217566,13.639882497192815,-0.00019769282920641118,-0.1438263233764222,13.637925731901914,1.0317952403714024,-1.5719205759256658,0.010692343993005312,-0.01859778278154985,0.0,0.45,0.0,153.88267697056227,1469.471321764701,568.59,0.0,1.0,464.615183056833,153.8893940665964,0.0,1,0,0.0,0.0,0.0,0.0,-28.06974864721392,-32.13880517495923,-27.329850215945694,-33.00040649323532,-1.9671540341704423,-2.107354948882483,-1.941660547867049,-2.137041755176703
powertrain_simple_cvt,SimpleCVT,EngineModelType_SIMPLE_MAP,TransmissionModelType_AUTOMATIC_SIMPLE_CVT,4.939999999999917,38.72155090776343,0.6321099163985293,-0.3545938032016502,13.656292052607917,-5.123179734683011e-05,-0.14441419989490717,13.654960749075874,3.4070034347920615,-1.5719087066273605,0.01046461959356849,-0.018591327526794262,0.0,0.45,0.0,153.8893940665964,1469.5354653069244,568.59,0.0,1.0,466.24023313001345,153.8786843978216,0.0,1,0,0.0,0.0,0.0,0.0,-27.198623451175976,-32.89776005513137,-26.879253655961126,-33.12360475014192,-1.9359699668541739,-2.132090947310297,-1.9249796850416379,-2.1398628057678644
powertrain_simple_cvt,SimpleCVT,EngineModelType_SIMPLE_MAP,TransmissionModelType_AUTOMATIC_SIMPLE_CVT,4.944999999999917,38.7899080531999,0.6321123353473252,-0.3553171828700294,13.671429087294344,0.000483789759197187,-0.1446759336758373,13.670237664925944,3.055383170013991,-1.571907313000342,0.010295657989608136,-0.018581453271135622,0.0,0.45,0.0,153.8786843978216,1469.4331955034613,568.59,0.0,1.0,467.5659486494183,153.86994745221187,0.0,1,0,0.0,0.0,0.0,0.0,-27.545810399902127,-32.30084985085041,-27.913341591073014,-31.986204632858968,-1.9468581764400603,-2.1103076418237845,-1.9594916734548422,-2.0994920443515093
powertrain_simple_cvt,SimpleCVT,EngineModelType_SIMPLE_MAP,TransmissionModelType_AUTOMATIC_SIMPLE_CVT,4.949999999999917,38.858285733918336,0.6321125013152896,-0.3560428133088949,13.675536143687445,3.319359288470698e-05,-0.14512608777310704,13.673920529309536,0.7365728767183711,-1.5719106591124399,0.010240724034643166,-0.018581938425334423,0.0,0.45,0.0,153.86994745221187,1469.3497638185825,568.59,0.0,1.0,466.2939933363379,153.87833009858335,0.0,1,0,0.0,0.0,0.0,0.0,-28.906380257712037,-31.024584088793404,-29.689591983817543,-30.466774087497576,-1.9933587118620444,-2.0661501236661173,-2.020273537738655,-2.046981157527468
powertrain_simple_cvt,SimpleCVT,EngineModelType_SIMPLE_MAP,TransmissionModelType_AUTOMATIC_SIMPLE_CVT,4.954999999999917,38.92666470916443,0.6321115652609177,-0.3567687713008027,13.675795049218172,-0.00018721087437670444,-0.14519159838155576,13.673846460585441,-0.014813744818909274,-1.5719158607847865,0.010312328578101585,-0.018590449028803,0.0,0.45,0.0,153.87833009858335,1469.429812194955,568.59,0.0,1.0,464.1321810598609,153.89257722475904,0.0,1,0,0.0,0.0,0.0,0.0,-30.607499459584606,-29.596306631639454,-31.540721774380643,-28.918537311689892,-2.051822838402928,-2.0170733250731514,-2.0838929049337085,-1.9937818683230468
powertrain_simple_cvt,SimpleCVT,EngineModelType_SIMPLE_MAP,TransmissionModelType_AUTOMATIC_SIMPLE_CVT,4.9599999999999165,38.99505794456129,0.6321104091740368,-0.35749371126406293,13.678647079372194,-0.00023121737617685803,-0.14498799265204823,13.676534905036801,0.5376888902720481,-1.5719236451013534,0.010498567621984206,-0.018602821818844043,0.0,0.45,0.0,153.89257722475904,1469.565862228298,568.59,0.0,1.0,462.5986918779765,153.9026834740856,0.0,1,0,0.0,0.0,0.0,0.0,-32.21510863245797,-28.217187399081155,-33.115678770546594,-27.52641503859527,-2.1068505035450915,-1.9694894540827814,-2.1377923986103387,-1.9457558158150376
powertrain_simple_cvt,SimpleCVT,EngineModelType_SIMPLE_MAP,TransmissionModelType_AUTOMATIC_SIMPLE_CVT,4.964999999999916,39.063526076684376,0.6321095043091128,-0.35821811778041346,13.693626424617614,-0.00018097298480290237,-0.14488130327010126,13.69208663056376,3.1103451053916538,-1.571936524048547,0.010731558584218122,-0.018601688460308408,0.0,0.45,0.0,153.9026834740856,1469.6623698004844,568.59,0.0,1.0,463.88483658617156,153.89420731445915,0.0,1,0,0.0,0.0,0.0,0.0,-33.026416384807014,-27.344306822769045,-33.32228118584583,-27.027110757854835,-2.133436668782005,-1.9384318199782034,-2.1435904805244608,-1.9275459385983358
powertrain_simple_cvt,SimpleCVT,EngineModelType_SIMPLE_MAP,TransmissionModelType_AUTOMATIC_SIMPLE_CVT,4.969999999999916,39.132077907839516,0.6321113155380366,-0.3589431051565336,13.710366231028773,0.0003622457847396282,-0.14499747522403433,13.709067134851214,3.396100857491008,-1.5719436698789622,0.010909782367979607,-0.018594574409441216,0.0,0.45,0.0,153.89420731445915,1469.5814284383055,568.59,0.0,1.0,465.5850860801286,153.88300205425497,0.0,1,0,0.0,0.0,0.0,0.0,-32.45507327225746,-27.651965481516964,-32.1928836435352,-27.966696282566943,-2.1124490660537782,-1.947814935323522,-2.103462101052828,-1.9586028322649127
powertrain_simple_cvt,SimpleCVT,EngineModelType_SIMPLE_MAP,TransmissionModelType_AUTOMATIC_SIMPLE_CVT,4.974999999999916,39.20066176296304,0.6321113830948664,-0.3596667743668929,13.716771024704155,1.3511365962471603e-05,-0.1447338420718593,13.715137980397024,1.2141691091621258,-1.5719414327769055,0.010974448331126626,-0.01859520810678986,0.0,0.45,0.0,153.88300205425497,1469.4744260852979,568.59,0.0,1.0,464.85732272183867,153.8877982784713,0.0,1,0,0.0,0.0,0.0,0.0,-31.17175391831936,-28.961738943696435,-30.64907426931056,-29.683547029351317,-2.067988319705862,-1.9922700850034758,-2.050080576639749,-2.0170002495803114
powertrain_simple_cvt,SimpleCVT,EngineModelType_SIMPLE_MAP,TransmissionModelType_AUTOMATIC_SIMPLE_CVT,4.979999999999916,39.26925646278245,0.6321101249996047,-0.3603903232862513,13.718939963883306,-0.00025161905231792974,-0.14470978387168038,13.717042925663362,0.3809890532675634,-1.5719330349235758,0.010914189539408906,-0.01860196125122882,0.0,0.45,0.0,153.8877982784713,1469.5202266528304,568.59,0.0,1.0,463.15092138614176,153.8990440815415,0.0,1,0,0.0,0.0,0.0,0.0,-29.72607283764866,-30.632432974839325,-29.073363243866545,-31.493760349212742,-2.018315806264461,-2.04936467231919,-1.9959561592340944,-2.0788708665777818
powertrain_simple_cvt,SimpleCVT,EngineModelType_SIMPLE_MAP,TransmissionModelType_AUTOMATIC_SIMPLE_CVT,4.984999999999916,39.33787408950225,0.6321084836439441,-0.3611153261140624,13.723525343959869,-0.0003282711321200499,-0.1450005655622109,13.72156795703694,0.9050062747157221,-1.5719192566026856,0.010738426195833843,-0.018610050451161566,0.0,0.45,0.0,153.8990440815415,1469.6276161616897,568.59,0.0,1.0,462.01943994031683,153.9065009542309,0.0,1,0,0.0,0.0,0.0,0.0,-28.322639138037793,-32.216447057256445,-27.635274023278427,-33.05488594027296,-1.9699189023174788,-2.1032637465050925,-1.9463798382369935,-2.131976385786772
powertrain_simple_cvt,SimpleCVT,EngineModelType_SIMPLE_MAP,TransmissionModelType_AUTOMATIC_SIMPLE_CVT,4.989999999999916,39.40656811326337,0.6321070494916834,-0.36184321372739614,13.738804752223245,-0.00028683045213961613,-0.1455775226667532,13.737426597739889,3.1717281405897033,-1.5719077687197553,0.010510888013345893,-0.018604565644752713,0.0,0.45,0.0,153.9065009542309,1469.6988240506012,568.59,0.0,1.0,463.3741140290683,153.89757316115686,0.0,1,0,0.0,0.0,0.0,0.0,-27.400187393073033,-33.0530056037218,-27.044264482389885,-33.35917321251817,-1.937245994684572,-2.1306053009771255,-1.9250713581512982,-2.1410780163980094
powertrain_simple_cvt,SimpleCVT,EngineModelType_SIMPLE_MAP,TransmissionModelType_AUTOMATIC_SIMPLE_CVT,4.994999999999916,39.47534182999619,0.6321080774248932,-0.36257329335463667,13.75474334656431,0.00020558664195421223,-0.1460159254481105,13.75357614897389,3.229910246800285,-1.5719059063878111,0.010334475556477611,-0.018594046694447613,0.0,0.45,0.0,153.89757316115686,1469.6135699066833,568.59,0.0,1.0,464.88702056028285,153.88760255895573,0.0,1,0,0.0,0.0,0.0,0.0,-27.66605610477322,-32.53658207321955,-27.932753874615823,-32.314477311139036,-1.945229053361721,-2.1116337853225557,-1.9543409585630742,-2.1040454296417375
powertrain_simple_cvt,SimpleCVT,EngineModelType_SIMPLE_MAP,TransmissionModelType_AUTOMATIC_SIMPLE_CVT,4.999999999999916,39.54413953362178,0.6321075018537519,-0.3633056605007744,13.759540725118356,-0.00011511422826866301,-0.14647342922754847,13.757972374089157,0.879245023053362,-1.5719087958453088,0.010269947902428045,-0.018593292065922324,0.0,0.45,0.0,153.88760255895573,1469.5183576691286,568.59,0.0,1.0,463.80632555210633,153.89472473061997,0.0,1,0,0.0,0.0,0.0,0.0,-28.977848841269754,-31.286379141831183,-29.671004988809532,-30.80892925845206,-1.9897309574597943,-2.0685782147981513,-2.013405527001914,-2.0522710371051374
powertrain_simple_cvt,SimpleCVT,EngineModelType_SIMPLE_MAP,TransmissionModelType_AUTOMATIC_SIMPLE_CVT,5.0049999999999155,39.61293884500052,0.6321056099176575,-0.3640386394616031,13.759862275748239,-0.00037838721887761134,-0.14659579216573618,13.757953502338799,-0.003774350071594848,-1.5719133893093629,0.01033109455918353,-0.018600773699576315,0.0,0.45,0.0,153.89472473061997,1469.5863693986832,568.59,0.0,1.0,461.69268180161623,153.9086544087568,0.0,1,0,0.0,0.0,0.0,0.0,-30.670919710437964,-29.86072663973349,-31.52052881721221,-29.26005117507358,-2.047558793499685,-2.019886820058336,-2.076577013339238,-1.9993708762593032
powertrain_simple_cvt,SimpleCVT,EngineModelType_SIMPLE_MAP,TransmissionModelType_AUTOMATIC_SIMPLE_CVT,5.009999999999915,39.681749575877355,0.632103547003218,-0.36477063833080753,13.76214617536691,-0.00041258288790004633,-0.14639977384088865,13.760034550386278,0.4162096094958745,-1.5719203806517825,0.010509303776398292,-0.018613043153958037,0.0,0.45,0.0,153.9086544087568,1469.7193880265527,568.59,0.0,1.0,460.05879349239837,153.9194223247094,0.0,1,0,0.0,0.0,0.0,0.0,-32.292496254787494,-28.472135899179897,-33.16082566907033,-27.83062138150953,-2.102776590753449,-1.9723127227648602,-2.1324297133729737,-1.9504052434813257
powertrain_simple_cvt,SimpleCVT,EngineModelType_SIMPLE_MAP,TransmissionModelType_AUTOMATIC_SIMPLE_CVT,5.014999999999915,39.75062830332044,0.6321010918015797,-0.36550276640808654,13.77574548861647,-0.0004910403276640316,-0.14642561545580823,13.774156171118245,2.8243241463933693,-1.5719319872384987,0.010742553633932585,-0.018613082890417305,0.0,0.45,0.0,153.9194223247094,1469.8222140495916,568.59,0.0,1.0,461.0276226050055,153.9130373898285,0.0,1,0,0.0,0.0,0.0,0.0,-33.1854708769392,-27.545578937629458,-33.55649264463704,-27.196814810379934,-2.132109478892873,-1.9397067509610835,-2.1447667427190797,-1.9278087979134635
powertrain_simple_cvt,SimpleCVT,EngineModelType_SIMPLE_MAP,TransmissionModelType_AUTOMATIC_SIMPLE_CVT,5.019999999999915,39.819593972053646,0.6321017602803519,-0.3662351086575253,13.793133746641342,0.00013369575445392455,-0.14646844988774516,13.791824863596357,3.533738495622605,-1.5719381405777215,0.010927678390635836,-0.01860615899922802,0.0,0.45,0.0,153.9130373898285,1469.761242412735,568.59,0.0,1.0,462.8689672752922,153.90090226129035,0.0,1,0,0.0,0.0,0.0,0.0,-32.69572200313662,-27.773092165308885,-32.52432895253173,-27.99380177388476,-2.1139729456561307,-1.9462544759342004,-2.108133428748414,-1.953774252765441
powertrain_simple_cvt,SimpleCVT,EngineModelType_SIMPLE_MAP,TransmissionModelType_AUTOMATIC_SIMPLE_CVT,5.024999999999915,39.88859511359619,0.6321009476730111,-0.366966192541771,13.800228308509135,-0.00016252146817325635,-0.14621677684913875,13.79862097504993,1.3592222907146412,-1.5719361412215298,0.011002400560918259,-0.018606133108278477,0.0,0.45,0.0,153.90090226129035,1469.6453604712208,568.59,0.0,1.0,462.32866959557794,153.9044630187618,0.0,1,0,0.0,0.0,0.0,0.0,-31.438700611296625,-29.03458244216619,-30.995605418712543,-29.668946471924905,-2.070617523588789,-1.9887473765851826,-2.0555283033419447,-2.0103500902275537
powertrain_simple_cvt,SimpleCVT,EngineModelType_SIMPLE_MAP,TransmissionModelType_AUTOMATIC_SIMPLE_CVT,5.029999999999915,39.95760759000078,0.632098916548003,-0.36769688783044696,13.802495280917752,-0.0004062250016173101,-0.14613905773519179,13.800601633645718,0.3961317191574749,-1.5719271135905495,0.010952490351654687,-0.018612727203840808,0.0,0.45,0.0,153.9044630187618,1469.6793632003846,568.59,0.0,1.0,460.6707471584081,153.91538932832566,0.0,1,0,0.0,0.0,0.0,0.0,-29.996320403615865,-30.695064059940105,-29.420635750401,-31.477106597027124,-2.021351918694253,-2.0451436092902826,-2.001750293654504,-2.071771563486227
powertrain_simple_cvt,SimpleCVT,EngineModelType_SIMPLE_MAP,TransmissionModelType_AUTOMATIC_SIMPLE_CVT,5.034999999999915,40.02664037743748,0.632096281528692,-0.3684289232415333,13.806557487341221,-0.0005270038621975641,-0.14640708221727416,13.804584647733728,0.7966028176021381,-1.5719134413265223,0.010784859748690884,-0.018621111874649186,0.0,0.45,0.0,153.91538932832566,1469.7837017709953,568.59,0.0,1.0,459.44596784499873,153.9234610677664,0.0,1,0,0.0,0.0,0.0,0.0,-28.582564065198554,-32.29404669383318,-27.947968918199386,-33.09741918402539,-1.9729337895321415,-2.0992704908309903,-1.9513325413103153,-2.1266168212548684
powertrain_simple_cvt,SimpleCVT,EngineModelType_SIMPLE_MAP,TransmissionModelType_AUTOMATIC_SIMPLE_CVT,5.039999999999915,40.09574485132045,0.6320936020041537,-0.3691629630568708,13.820894776593839,-0.0005359049076665204,-0.14680796306749655,13.819458944898754,2.974859433005214,-1.5719010387593275,0.010557952358800807,-0.018616882784896416,0.0,0.45,0.0,153.9234610677664,1469.8607812048758,568.59,0.0,1.0,460.58328994229026,153.91596570306766,0.0,1,0,0.0,0.0,0.0,0.0,-27.609361618507144,-33.20728843147289,-27.23330022422256,-33.55557053181472,-1.9387950046572213,-2.129140069532833,-1.9260078724055962,-2.140982628608638
powertrain_simple_cvt,SimpleCVT,EngineModelType_SIMPLE_MAP,TransmissionModelType_AUTOMATIC_SIMPLE_CVT,5.044999999999915,40.164932975850114,0.6320935713339284,-0.36989939287340745,13.837624905932845,-6.1340450459444924e-06,-0.1472859633073341,13.836461452420826,3.400501504414494,-1.571899593490528,0.010374488113945111,-0.018606160198546676,0.0,0.45,0.0,153.91596570306766,1469.7892057443507,568.59,0.0,1.0,462.2713653145981,153.90484067473608,0.0,1,0,0.0,0.0,0.0,0.0,-27.78758607274001,-32.77525961469429,-27.967411832574193,-32.61429177456387,-1.943694075286569,-2.1130804321541525,-1.949801137040519,-2.107613804119421
powertrain_simple_cvt,SimpleCVT,EngineModelType_SIMPLE_MAP,TransmissionModelType_AUTOMATIC_SIMPLE_CVT,5.049999999999915,40.234149071867336,0.6320924789991705,-0.37063810429772076,13.843219203443887,-0.00021846695157087728,-0.14774228486266466,13.841680932776496,1.043896071134065,-1.5719021129880981,0.010300033071344292,-0.018604532692460988,0.0,0.45,0.0,153.90484067473608,1469.6829695492904,568.59,0.0,1.0,461.3992881018476,153.9105879795415,0.0,1,0,0.0,0.0,0.0,0.0,-29.047330563591466,-31.55273899441547,-29.657410762363924,-31.127497691086262,-1.9861042671132945,-2.071158345975669,-2.0068153849894723,-2.0567221738514276
powertrain_simple_cvt,SimpleCVT,EngineModelType_SIMPLE_MAP,TransmissionModelType_AUTOMATIC_SIMPLE_CVT,5.0549999999999145,40.30336739036553,0.6320899316630966,-0.3713775215871384,13.843663699638968,-0.0005094672148033066,-0.14788345788351964,13.841783627048418,0.02053885438435587,-1.5719075520294181,0.010350898534068382,-0.018611192358284245,0.0,0.45,0.0,153.9105879795415,1469.7378522674446,568.59,0.0,1.0,459.3512395910845,153.92408536128187,0.0,1,0,0.0,0.0,0.0,0.0,-30.729605997158025,-30.13055863833845,-31.502935649617726,-29.579837249916945,-2.0432067316705824,-2.022870309610115,-2.069459678074159,-2.004174454553288
powertrain_simple_cvt,SimpleCVT,EngineModelType_SIMPLE_MAP,TransmissionModelType_AUTOMATIC_SIMPLE_CVT,5.059999999999914,40.37259492136068,0.6320872705982096,-0.37211614374797564,13.845506199029707,-0.0005322129774006398,-0.1477244321674522,13.843399229861495,0.32312056261539346,-1.5719141223798303,0.010520511954008674,-0.018623213067394465,0.0,0.45,0.0,153.92408536128187,1469.8667427688115,568.59,0.0,1.0,457.6435321751845,153.93533977189384,0.0,1,0,0.0,0.0,0.0,0.0,-32.36406262893503,-28.73219343739565,-33.1920236697993,-28.122656894435963,-2.098564938915565,-1.9752848611855933,-2.1266692279447277,-1.9545947678941333
powertrain_simple_cvt,SimpleCVT,EngineModelType_SIMPLE_MAP,TransmissionModelType_AUTOMATIC_SIMPLE_CVT,5.064999999999914,40.4418842934439,0.6320845672989317,-0.3728540985305095,13.857874416644469,-0.0005406598555848371,-0.14759095650677329,13.856196349246774,2.559423877055932,-1.5719267855871772,0.010753722633369198,-0.018625132060421296,0.0,0.45,0.0,153.93533977189384,1469.9742144736404,568.59,0.0,1.0,458.3338110934158,153.930790583719,0.0,1,0,0.0,0.0,0.0,0.0,-33.33552273135996,-27.75424780042618,-33.741671814066095,-27.38237318250996,-2.130495103897511,-1.941219416404215,-2.1442686857054785,-1.9286081716907022
powertrain_simple_cvt,SimpleCVT,EngineModelType_SIMPLE_MAP,TransmissionModelType_AUTOMATIC_SIMPLE_CVT,5.069999999999914,40.51126227986524,0.6320841697703693,-0.37359211196764147,13.875597284269228,-7.950571248095499e-05,-0.14760268742639523,13.874304557569413,3.6216416645278633,-1.5719347808591129,0.01094634759518345,-0.018617698297411566,0.0,0.45,0.0,153.930790583719,1469.9307729265352,568.59,0.0,1.0,460.2462124799271,153.91818716567542,0.0,1,0,0.0,0.0,0.0,0.0,-32.93470230051196,-27.894769677020257,-32.812714404690226,-28.04712959804401,-2.115444492860531,-1.9447502191438213,-2.1113129623748925,-1.9499104004409802
powertrain_simple_cvt,SimpleCVT,EngineModelType_SIMPLE_MAP,TransmissionModelType_AUTOMATIC_SIMPLE_CVT,5.074999999999914,40.580679515196586,0.6320833844550993,-0.3743290014634605,13.883447066269119,-0.00015706305401291115,-0.14737789916380034,13.88184319192204,1.5077268705255487,-1.5719350464853692,0.011031520728237914,-0.018617372153392604,0.0,0.45,0.0,153.91818716567542,1469.810419149646,568.59,0.0,1.0,459.89430304965055,153.9205063763257,0.0,1,0,0.0,0.0,0.0,0.0,-31.70746286455141,-29.10339085709027,-31.302266569022937,-29.67825965495538,-2.073296722493073,-1.9851489585838795,-2.059580839332858,-2.004608251156353
powertrain_simple_cvt,SimpleCVT,EngineModelType_SIMPLE_MAP,TransmissionModelType_AUTOMATIC_SIMPLE_CVT,5.079999999999914,40.6501086709013,0.632080942134736,-0.37506544746763854,13.885831140942251,-0.0004884640726632633,-0.1472892008356104,13.88396096571812,0.4235547592159696,-1.571927507855675,0.010992133197424488,-0.018623234313217957,0.0,0.45,0.0,153.9205063763257,1469.83256597999,568.59,0.0,1.0,458.296740208174,153.93103489428435,0.0,1,0,0.0,0.0,0.0,0.0,-30.26910994460048,-30.752206608092422,-29.724915761871557,-31.48391976791698,-2.0244522293089062,-2.0408025433680845,-2.0060340814117947,-2.0655672351336793
powertrain_simple_cvt,SimpleCVT,EngineModelType_SIMPLE_MAP,TransmissionModelType_AUTOMATIC_SIMPLE_CVT,5.084999999999914,40.71955623289153,0.6320784865294998,-0.3758031170975422,13.889512398046179,-0.0004911210472295948,-0.14753392598073128,13.887506314818518,0.7090698200794927,-1.5719154416537884,0.010833597461498397,-0.018632158279020424,0.0,0.45,0.0,153.93103489428435,1469.9331059205829,568.59,0.0,1.0,457.0087146479214,153.93952344940732,0.0,1,0,0.0,0.0,0.0,0.0,-28.84607769903942,-32.365140147869894,-28.2302296353094,-33.143785739091555,-1.9760407378763996,-2.0951123269161807,-1.9552027991862873,-2.1214587101343576
powertrain_simple_cvt,SimpleCVT,EngineModelType_SIMPLE_MAP,TransmissionModelType_AUTOMATIC_SIMPLE_CVT,5.089999999999914,40.78906935048204,0.6320759087003667,-0.37654341867478697,13.902623518102784,-0.0005155658266198286,-0.1480603154489488,13.901093625707649,2.717462177826193,-1.5719029928883739,0.010608233857420326,-0.01862992272255451,0.0,0.45,0.0,153.93952344940732,1470.0141656510345,568.59,0.0,1.0,457.86697043673854,153.93386723279346,0.0,1,0,0.0,0.0,0.0,0.0,-27.821588788985878,-33.35383649667208,-27.4156668912631,-33.75109085331858,-1.9404558320337872,-2.127462931463305,-1.9267344152247394,-2.1408913585507237
powertrain_simple_cvt,SimpleCVT,EngineModelType_SIMPLE_MAP,TransmissionModelType_AUTOMATIC_SIMPLE_CVT,5.094999999999914,40.85866787277545,0.6320756603495379,-0.3772864294432912,13.919704458682848,-4.9670165765179066e-05,-0.14860215370084662,13.918522643657374,3.48580358994511,-1.5719000249489008,0.010418035390202423,-0.018619449077720427,0.0,0.45,0.0,153.93386723279346,1469.9601527610369,568.59,0.0,1.0,459.63225578151014,153.92223336276845,0.0,1,0,0.0,0.0,0.0,0.0,-27.908142964557168,-33.01373228614736,-28.02678502641893,-32.906097038973115,-1.9422003121158433,-2.1145689236156064,-1.946205759123127,-2.1109350751144347
powertrain_simple_cvt,SimpleCVT,EngineModelType_SIMPLE_MAP,TransmissionModelType_AUTOMATIC_SIMPLE_CVT,5.0999999999999135,40.92829804306323,0.6320749372086748,-0.3780318179062113,13.926034057556002,-0.00014462817261359003,-0.14907769258401948,13.92449296833814,1.1940649361531086,-1.5719018907030533,0.010333935177034997,-0.018617652709979216,0.0,0.45,0.0,153.92223336276845,1469.8490574857308,568.59,0.0,1.0,458.93843048928727,153.92680592283284,0.0,1,0,0.0,0.0,0.0,0.0,-29.109214982464735,-31.82347207603257,-29.67427771715812,-31.437781509115126,-1.9823280568536688,-2.0739241681927045,-2.0013968286672044,-2.0609085418566795
powertrain_simple_cvt,SimpleCVT,EngineModelType_SIMPLE_MAP,TransmissionModelType_AUTOMATIC_SIMPLE_CVT,5.104999999999913,40.99793105163147,0.6320727271325288,-0.37877794430329936,13.926601713647349,-0.0004420152291984168,-0.1492252794176126,13.924713808656143,0.04416806360083664,-1.5719063108013198,0.01037489727636562,-0.018624263702283764,0.0,0.45,0.0,153.92680592283284,1469.8927222179407,568.59,0.0,1.0,456.96748524404313,153.93979516611725,0.0,1,0,0.0,0.0,0.0,0.0,-30.781122226970343,-30.406068215031244,-31.517574598383106,-29.88940451941812,-2.038732252110054,-2.0260757707897254,-2.0635843944292547,-2.0086405635815394
powertrain_simple_cvt,SimpleCVT,EngineModelType_SIMPLE_MAP,TransmissionModelType_AUTOMATIC_SIMPLE_CVT,5.109999999999913,41.067571537611954,0.63207064228577,-0.37952338445118144,13.928097196096997,-0.0004169693517475162,-0.14908802957642045,13.925955956193288,0.24842950742894307,-1.5719120187430389,0.010536269768349682,-0.01863684042476696,0.0,0.45,0.0,153.93979516611725,1470.016760354485,568.59,0.0,1.0,455.2073847307734,153.95139486622406,0.0,1,0,0.0,0.0,0.0,0.0,-32.42827334877416,-28.998909874012398,-33.24059952068069,-28.411642890031388,-2.0942190033146098,-1.9785028613233746,-2.121629119315237,-1.958686860422557
powertrain_simple_cvt,SimpleCVT,EngineModelType_SIMPLE_MAP,TransmissionModelType_AUTOMATIC_SIMPLE_CVT,5.114999999999913,41.13726759655878,0.6320684585533151,-0.3802680472995095,13.939211789364771,-0.0004367464909928974,-0.14893256966562035,13.937428346992455,2.294478159833395,-1.5719232370803868,0.010767721830773442,-0.01864098537764037,0.0,0.45,0.0,153.95139486622406,1470.1275293311078,568.59,0.0,1.0,455.62128990772146,153.9486670811407,0.0,1,0,0.0,0.0,0.0,0.0,-33.47858579454282,-27.969436864001416,-33.93409628714399,-27.57537868129115,-2.128729567119201,-1.9429887677399502,-2.1440870904114715,-1.9297031073264554
powertrain_simple_cvt,SimpleCVT,EngineModelType_SIMPLE_MAP,TransmissionModelType_AUTOMATIC_SIMPLE_CVT,5.119999999999913,41.20705367494837,0.6320683443807802,-0.38101258884530226,13.957215677918665,-2.2834506980986386e-05,-0.14890830915854392,13.955887705016783,3.6918716048657605,-1.5719314699524094,0.01096695696305594,-0.018634147461384996,0.0,0.45,0.0,153.9486670811407,1470.1014809023254,568.59,0.0,1.0,457.58771788352993,153.93570760829863,0.0,1,0,0.0,0.0,0.0,0.0,-33.17485276029101,-28.017698579412418,-33.10415208862751,-28.114116778094154,-2.117009798413393,-1.9433664730430031,-2.1146292801463438,-1.9466129101395313
powertrain_simple_cvt,SimpleCVT,EngineModelType_SIMPLE_MAP,TransmissionModelType_AUTOMATIC_SIMPLE_CVT,5.124999999999913,41.27688296061654,0.6320684557037521,-0.3817560772450976,13.965857133633586,2.2264594394971315e-05,-0.14869767995906147,13.964239548495401,1.670368695723603,-1.571931734687598,0.011062203081497218,-0.01863386010449729,0.0,0.45,0.0,153.93570760829863,1469.9777270525644,568.59,0.0,1.0,457.4317591160633,153.93673543308367,0.0,1,0,0.0,0.0,0.0,0.0,-31.983847952007586,-29.163661522383194,-31.616085692289154,-29.69629329385343,-2.0762641317097508,-1.9813641839769516,-2.063888843729224,-1.9992873704522816
powertrain_simple_cvt,SimpleCVT,EngineModelType_SIMPLE_MAP,TransmissionModelType_AUTOMATIC_SIMPLE_CVT,5.129999999999913,41.34672498587978,0.6320667466672286,-0.3824990096970356,13.968405052648366,-0.0003418073047112948,-0.14858649038760774,13.96652551143236,0.4571925873918401,-1.5719243222567687,0.011033213509186372,-0.01863966616239165,0.0,0.45,0.0,153.93673543308367,1469.9875420562746,568.59,0.0,1.0,455.9018379241916,153.94681816806326,0.0,1,0,0.0,0.0,0.0,0.0,-30.549711213839906,-30.7992677099677,-30.039400699253825,-31.49673499059419,-2.027836829398462,-2.03623309069011,-2.0106675691835494,-2.0596991900358717
powertrain_simple_cvt,SimpleCVT,EngineModelType_SIMPLE_MAP,TransmissionModelType_AUTOMATIC_SIMPLE_CVT,5.134999999999913,41.41658379364657,0.632065136847126,-0.38324300449479115,13.971761553358787,-0.0003219640205355356,-0.1487989595511069,13.96972032567071,0.6389628476700574,-1.5719119240189623,0.010883468486910412,-0.018649117934491533,0.0,0.45,0.0,153.94681816806326,1470.0838250829881,568.59,0.0,1.0,454.5623755029638,153.9556457107368,0.0,1,0,0.0,0.0,0.0,0.0,-29.118428524892252,-32.42482220409303,-28.527232521399483,-33.18619851265928,-1.9794576587695527,-2.0906749454178346,-1.9595715769035642,-2.116285388508656
powertrain_simple_cvt,SimpleCVT,EngineModelType_SIMPLE_MAP,TransmissionModelType_AUTOMATIC_SIMPLE_CVT,5.139999999999913,41.486502485833995,0.6320632791965953,-0.3839895477372473,13.983738437484744,-0.00037153010612676787,-0.14930864849122918,13.982120419453906,2.4800187566392213,-1.5718986504966792,0.010660009305025003,-0.018648650830448817,0.0,0.45,0.0,153.9556457107368,1470.168121906099,568.59,0.0,1.0,455.1753195399758,153.95160618744933,0.0,1,0,0.0,0.0,0.0,0.0,-28.043409762778595,-33.48974394990848,-27.61951198906487,-33.92947486013051,-1.9424606463262266,-2.1254967208097195,-1.9282146265600875,-2.1402748480547005
powertrain_simple_cvt,SimpleCVT,EngineModelType_SIMPLE_MAP,TransmissionModelType_AUTOMATIC_SIMPLE_CVT,5.1449999999999125,41.556508502052274,0.6320635634008633,-0.38473891990628045,14.001203243656114,5.684085359658432e-05,-0.14987443380663304,14.000003866369056,3.576689383030006,-1.5718945225193859,0.010463584196532216,-0.018638301234338978,0.0,0.45,0.0,153.95160618744933,1470.1295473001628,568.59,0.0,1.0,457.0149121546724,153.9394826055923,0.0,1,0,0.0,0.0,0.0,0.0,-28.032118266794754,-33.25053396234316,-28.09496943794315,-33.18900100969111,-1.9408777668418693,-2.1160301138514823,-1.9429873209251778,-2.1139648048182003
powertrain_simple_cvt,SimpleCVT,EngineModelType_SIMPLE_MAP,TransmissionModelType_AUTOMATIC_SIMPLE_CVT,5.149999999999912,41.626550446544115,0.6320638238489001,-0.385490656766718,14.008388898368795,5.208960735267635e-05,-0.15034737208751256,14.006865001727517,1.3722270716922518,-1.5718955985998648,0.010369553118553641,-0.01863576813113539,0.0,0.45,0.0,153.9394826055923,1470.0137756213314,568.59,0.0,1.0,456.54612284444266,153.94257209699975,0.0,1,0,0.0,0.0,0.0,0.0,-29.16518385690944,-32.10055425695002,-29.687043876460663,-31.74779876046005,-1.9784287842191306,-2.0769041069133203,-1.995936058199202,-2.0650699236196144
powertrain_simple_cvt,SimpleCVT,EngineModelType_SIMPLE_MAP,TransmissionModelType_AUTOMATIC_SIMPLE_CVT,5.154999999999912,41.6965962948798,0.6320624644733529,-0.3862433388784263,14.009169667135735,-0.00027187510945227665,-0.15053642234166686,14.007301345561984,0.08726876689344651,-1.5718993251292437,0.010399675637493472,-0.018641608449840797,0.0,0.45,0.0,153.94257209699975,1470.0432780910794,568.59,0.0,1.0,454.646596983568,153.95509066066427,0.0,1,0,0.0,0.0,0.0,0.0,-30.820246794191505,-30.68825084256745,-31.522469754946684,-30.200601093431008,-2.0339203542000717,-2.0294923136990515,-2.0574776805628265,-2.0131332298565514
powertrain_simple_cvt,SimpleCVT,EngineModelType_SIMPLE_MAP,TransmissionModelType_AUTOMATIC_SIMPLE_CVT,5.159999999999912,41.76664834069649,0.632061147158704,-0.3869954652000362,14.010409163338599,-0.000263462929793594,-0.15042526432197922,14.008274251737681,0.19458123513942796,-1.5719044804508762,0.010551239973536805,-0.018653742813325054,0.0,0.45,0.0,153.95509066066427,1470.1628215683368,568.59,0.0,1.0,452.8538730398058,153.96690536099825,0.0,1,0,0.0,0.0,0.0,0.0,-32.47868186460084,-29.2730793670994,-33.27053939719385,-28.707361680372184,-2.0894798555420033,-1.98194964971461,-2.116042289135085,-1.9629729552113493
powertrain_simple_cvt,SimpleCVT,EngineModelType_SIMPLE_MAP,TransmissionModelType_AUTOMATIC_SIMPLE_CVT,5.164999999999912,41.83674960321557,0.6320596385362218,-0.38774667346503777,14.0202525038161,-0.00030172449644054315,-0.15024165300031467,14.018409628099592,2.0270752723821492,-1.5719150747869792,0.010780127999277753,-0.01865899868150264,0.0,0.45,0.0,153.96690536099825,1470.275643645895,568.59,0.0,1.0,452.9985964432204,153.9659515813332,0.0,1,0,0.0,0.0,0.0,0.0,-33.60783643532773,-28.192215654053967,-34.10336720604861,-27.781430097204236,-2.126541652007738,-1.94500891950579,-2.1431519462807067,-1.9312393023891117
powertrain_simple_cvt,SimpleCVT,EngineModelType_SIMPLE_MAP,TransmissionModelType_AUTOMATIC_SIMPLE_CVT,5.169999999999912,41.9069409815119,0.6320599757403869,-0.3884976939757554,14.038275659266063,6.744083301235331e-05,-0.15020410214352573,14.036936108609053,3.7052961018923094,-1.5719236765700138,0.010985169777835455,-0.018652174399573323,0.0,0.45,0.0,153.9659515813332,1470.266535720996,568.59,0.0,1.0,454.9577600008206,153.95303998363917,0.0,1,0,0.0,0.0,0.0,0.0,-33.412508490100535,-28.141952252465266,-33.38359082873626,-28.193826015045374,-2.118516007910649,-1.9420790449650207,-2.1175479612536057,-1.943815569292537
powertrain_simple_cvt,SimpleCVT,EngineModelType_SIMPLE_MAP,TransmissionModelType_AUTOMATIC_SIMPLE_CVT,5.174999999999912,41.977179688857184,0.6320608742694981,-0.3892478110561198,14.047741469056792,0.00017970582224794405,-0.1500234160728741,14.046156354963745,1.8440492709384808,-1.571924417136529,0.011089946343025634,-0.018650850761792813,0.0,0.45,0.0,153.95303998363917,1470.143239045223,568.59,0.0,1.0,455.00170932255065,153.95275034168512,0.0,1,0,0.0,0.0,0.0,0.0,-32.2643740153701,-29.219185459707923,-31.9249481224276,-29.71759956492012,-2.0793721048438054,-1.9774983917692688,-2.0680169537930113,-1.9941723331750574
powertrain_simple_cvt,SimpleCVT,EngineModelType_SIMPLE_MAP,TransmissionModelType_AUTOMATIC_SIMPLE_CVT,5.179999999999912,42.04743219010079,0.6320598246822937,-0.38999728570832304,14.050500248722113,-0.0002099174408681662,-0.14989493044065488,14.048646762321537,0.4980814715583754,-1.5719174532109972,0.011071306129281765,-0.018655782292088835,0.0,0.45,0.0,153.95275034168512,1470.1404731682999,568.59,0.0,1.0,453.5443716342318,153.96235472507766,0.0,1,0,0.0,0.0,0.0,0.0,-30.837341640846844,-30.83692005799704,-30.35025004188647,-31.510141217046026,-2.031449297728615,-2.031435196599554,-2.015157028001587,-2.053953139287498
powertrain_simple_cvt,SimpleCVT,EngineModelType_SIMPLE_MAP,TransmissionModelType_AUTOMATIC_SIMPLE_CVT,5.184999999999912,42.117700108153414,0.6320587631942515,-0.3907477171429506,14.053583610523917,-0.00021229760845286987,-0.1500862869255143,14.051556309979794,0.5819095316514602,-1.5719056833636331,0.01093165865492185,-0.018664653370463184,0.0,0.45,0.0,153.96235472507766,1470.2321882738363,568.59,0.0,1.0,452.1727124572334,153.97139445603733,0.0,1,0,0.0,0.0,0.0,0.0,-29.39971895227963,-32.47352619275074,-28.825157496499124,-33.221860265647265,-1.9831599881832636,-2.085951592930386,-1.9639460006280554,-2.1109767341387182
powertrain_simple_cvt,SimpleCVT,EngineModelType_SIMPLE_MAP,TransmissionModelType_AUTOMATIC_SIMPLE_CVT,5.189999999999912,42.18802230739138,0.6320573769284308,-0.39150063170788607,14.064439847593004,-0.0002772531641352415,-0.15058291298709928,14.062768275075321,2.242393019105341,-1.5718918448011971,0.010711222795192264,-0.018665187480947348,0.0,0.45,0.0,153.97139445603733,1470.3185113458235,568.59,0.0,1.0,452.5410675036377,153.96896686281815,0.0,1,0,0.0,0.0,0.0,0.0,-28.274489183657906,-33.615159445387526,-27.833729224427422,-34.090413073323894,-1.9447771738477067,-2.1232328595916505,-1.930049411803196,-2.139113209420291
powertrain_simple_cvt,SimpleCVT,EngineModelType_SIMPLE_MAP,TransmissionModelType_AUTOMATIC_SIMPLE_CVT,5.1949999999999115,42.25843249780237,0.632057807239802,-0.39225646263219976,14.082038082197698,8.606227422991203e-05,-0.15116618486274386,14.080845209296601,3.615386844256185,-1.5718870134969756,0.010509136588945197,-0.018654455616040327,0.0,0.45,0.0,153.96896686281815,1470.2953295381847,568.59,0.0,1.0,454.4040819990226,153.95668892228113,0.0,1,0,0.0,0.0,0.0,0.0,-28.159163720994627,-33.48759929835801,-28.178359112352208,-33.459262751076196,-1.9397156801183506,-2.1175339744455934,-1.9403562605852798,-2.1165883391964444
powertrain_simple_cvt,SimpleCVT,EngineModelType_SIMPLE_MAP,TransmissionModelType_AUTOMATIC_SIMPLE_CVT,5.199999999999911,42.32888320621513,0.6320586026619829,-0.3930146563724572,14.090141682553272,0.00015908443618908516,-0.15163874805148528,14.088663100544512,1.5635782495820982,-1.5718878599859596,0.010405221732065399,-0.018650592772645143,0.0,0.45,0.0,153.95668892228113,1470.1780838425373,568.59,0.0,1.0,454.1559753734326,153.95832403483843,0.0,1,0,0.0,0.0,0.0,0.0,-29.21807894349292,-32.38279370619441,-29.70732584966884,-32.05000629877742,-1.9745122867631557,-2.0800652023507213,-1.9908301672867645,-2.0689657245912456
powertrain_simple_cvt,SimpleCVT,EngineModelType_SIMPLE_MAP,TransmissionModelType_AUTOMATIC_SIMPLE_CVT,5.204999999999911,42.399339085697704,0.6320575501439569,-0.39377385811093607,14.091175896514741,-0.00021050360519913464,-0.1518403476957739,14.089350540458051,0.13748798270789858,-1.571891695985124,0.010424636864045248,-0.018655184755554142,0.0,0.45,0.0,153.95832403483843,1470.1936980172975,568.59,0.0,1.0,452.3371340315606,153.97031085828888,0.0,1,0,0.0,0.0,0.0,0.0,-30.85220746908555,-30.978755630927765,-31.53378753241115,-30.504500485402136,-2.028965263380549,-2.033185825646986,-2.0516969337181576,-2.01736873796487
powertrain_simple_cvt,SimpleCVT,EngineModelType_SIMPLE_MAP,TransmissionModelType_AUTOMATIC_SIMPLE_CVT,5.209999999999911,42.46980012113369,0.6320564734261939,-0.3945326337077448,14.092207087196114,-0.0002153435526017905,-0.1517551193617419,14.09010475368197,0.15084264478382503,-1.5718971760547178,0.010566807689972296,-0.0186663336994749,0.0,0.45,0.0,153.97031085828888,1470.308163749544,568.59,0.0,1.0,450.53960951220563,153.98215719615536,0.0,1,0,0.0,0.0,0.0,0.0,-32.51983960558013,-29.558113731930725,-33.30037258329095,-29.000122280264513,-2.084525125809935,-1.9857526175598328,-2.1105556239955834,-1.9671438003990211
powertrain_simple_cvt,SimpleCVT,EngineModelType_SIMPLE_MAP,TransmissionModelType_AUTOMATIC_SIMPLE_CVT,5.214999999999911,42.54030451041855,0.6320551520335979,-0.3952904487033392,14.100877856972085,-0.0002642785191995854,-0.151562999118882,14.09899377143758,1.777803551122086,-1.5719071918824632,0.010791790988114806,-0.018672346964440787,0.0,0.45,0.0,153.98215719615536,1470.4212879432835,568.59,0.0,1.0,450.43165198298664,153.9828686753884,0.0,1,0,0.0,0.0,0.0,0.0,-33.722341183589016,-28.428838625548693,-34.25748910207859,-27.995022952850967,-2.123919080968056,-1.9474939479162017,-2.1417548223673952,-1.9330354703889876
powertrain_simple_cvt,SimpleCVT,EngineModelType_SIMPLE_MAP,TransmissionModelType_AUTOMATIC_SIMPLE_CVT,5.219999999999911,42.61089855042726,0.6320553419614172,-0.39604804884308903,14.118808001742156,3.798556386167088e-05,-0.15152002794997063,14.117469140634714,3.695073839426833,-1.571917157219103,0.011002246700279114,-0.018665337518506894,0.0,0.45,0.0,153.9828686753884,1470.428082069494,568.59,0.0,1.0,452.3610431358945,153.97015328862852,0.0,1,0,0.0,0.0,0.0,0.0,-33.645930059272835,-28.273992669853968,-33.652712457897564,-28.280079272326414,-2.119904876529554,-1.9410999254337344,-2.120130628686829,-1.9413025180141266
powertrain_simple_cvt,SimpleCVT,EngineModelType_SIMPLE_MAP,TransmissionModelType_AUTOMATIC_SIMPLE_CVT,5.224999999999911,42.681544356963,0.6320564477591293,-0.3968048711063664,14.129161307149351,0.00022115954241555135,-0.15136445265547993,14.127621196932877,2.0304112596325017,-1.5719187663189,0.011116954501462847,-0.01866277160818258,0.0,0.45,0.0,153.97015328862852,1470.3066590701246,568.59,0.0,1.0,452.612916153425,153.96849335418366,0.0,1,0,0.0,0.0,0.0,0.0,-32.55052372169437,-29.26807844183036,-32.227602928252864,-29.740775240922005,-2.0826657144618834,-1.9734880252028484,-2.0719250187196234,-1.9892104332995053
powertrain_simple_cvt,SimpleCVT,EngineModelType_SIMPLE_MAP,TransmissionModelType_AUTOMATIC_SIMPLE_CVT,5.229999999999911,42.752205371250994,0.6320554584879859,-0.39756095408880865,14.132202857598323,-0.00019785422866530275,-0.1512165964884415,14.130388194426121,0.553399498648955,-1.5719129535007819,0.01110892531439812,-0.018666618763924735,0.0,0.45,0.0,153.96849335418366,1470.2908078637981,568.59,0.0,1.0,451.24894226324665,153.97748243631864,0.0,1,0,0.0,0.0,0.0,0.0,-31.133100549218735,-30.86280684763595,-30.65471521831632,-31.524588505434902,-2.0353179082403847,-2.026329407101835,-2.0194094092028485,-2.04833667234614
powertrain_simple_cvt,SimpleCVT,EngineModelType_SIMPLE_MAP,TransmissionModelType_AUTOMATIC_SIMPLE_CVT,5.234999999999911,42.82288072269035,0.632054431830711,-0.3983178743831892,14.135070287871574,-0.0002053314549891887,-0.15138405887610953,14.133063119812652,0.5349850773061718,-1.5719017142550737,0.010978939667875984,-0.01867484415446038,0.0,0.45,0.0,153.97748243631864,1470.3766472751365,568.59,0.0,1.0,449.85480999042176,153.98667027312234,0.0,1,0,0.0,0.0,0.0,0.0,-29.691000380518528,-32.50708682056488,-29.11894866545405,-33.25451838519517,-1.9871746103820271,-2.080804632901542,-1.9681548763986727,-2.105655444734924
powertrain_simple_cvt,SimpleCVT,EngineModelType_SIMPLE_MAP,TransmissionModelType_AUTOMATIC_SIMPLE_CVT,5.2399999999999105,42.89360485191463,0.6320529245800587,-0.3990771634509532,14.144825844855886,-0.00030145013046020317,-0.15185781355278924,14.143108054933295,2.008987024128615,-1.5718882112702768,0.010762638607040432,-0.018676294085241938,0.0,0.45,0.0,153.98667027312234,1470.4643846537542,568.59,0.0,1.0,449.98284772285155,153.98582645807463,0.0,1,0,0.0,0.0,0.0,0.0,-28.517864583061325,-33.721589931213344,-28.051696931057855,-34.23884630884018,-1.9474964424744132,-2.120388463916879,-1.9320081792987656,-2.1375741327884437
powertrain_simple_cvt,SimpleCVT,EngineModelType_SIMPLE_MAP,TransmissionModelType_AUTOMATIC_SIMPLE_CVT,5.24499999999991,42.96441670145494,0.6320530331086738,-0.3998394714640649,14.162369908061049,2.1705723011893312e-05,-0.15246160262234928,14.161168424488348,3.6120739110107594,-1.5718825695310032,0.010555661572977439,-0.018665609801755592,0.0,0.45,0.0,153.98582645807463,1470.4563268136003,568.59,0.0,1.0,451.82904552120135,153.97365934566415,0.0,1,0,0.0,0.0,0.0,0.0,-28.29264391729539,-33.71828437189163,-28.26778197712497,-33.72269987116527,-1.9388147205245494,-2.118849896520762,-1.9379897444112877,-2.118996412898966
powertrain_simple_cvt,SimpleCVT,EngineModelType_SIMPLE_MAP,TransmissionModelType_AUTOMATIC_SIMPLE_CVT,5.24999999999991,43.03527384267986,0.6320538495717263,-0.40060416479458305,14.171428244983769,0.00016329261051039202,-0.15293866610362622,14.169988203802674,1.7639558628652117,-1.5718833661201397,0.010441660539284983,-0.018660654225976892,0.0,0.45,0.0,153.97365934566415,1470.3401394486034,568.59,0.0,1.0,451.80479393966317,153.97381917237337,0.0,1,0,0.0,0.0,0.0,0.0,-29.260431974840102,-32.671538738612746,-29.72988832801417,-32.34938926307983,-1.9703238130634109,-2.0834416961020583,-1.9858917540654573,-2.0727586922508414
powertrain_simple_cvt,SimpleCVT,EngineModelType_SIMPLE_MAP,TransmissionModelType_AUTOMATIC_SIMPLE_CVT,5.25499999999991,43.10613769590039,0.6320527373170535,-0.4013701230385783,14.172770644106148,-0.00022245093457045218,-0.15319164879904462,14.170975786464945,0.19751653245414924,-1.5718872092726797,0.010450270761992994,-0.018664363203808147,0.0,0.45,0.0,153.97381917237337,1470.3416656812522,568.59,0.0,1.0,450.0861710469763,153.98514551993227,0.0,1,0,0.0,0.0,0.0,0.0,-30.868142319071794,-31.278859467980674,-31.547131642263786,-30.806215451260837,-2.0235667814481673,-2.037185885113323,-2.04608160948652,-2.021513328275792
powertrain_simple_cvt,SimpleCVT,EngineModelType_SIMPLE_MAP,TransmissionModelType_AUTOMATIC_SIMPLE_CVT,5.25999999999991,43.1770058283191,0.632051531584227,-0.40213570756658945,14.173626483742805,-0.00024114656529795019,-0.15311690560223273,14.171542445240304,0.11333175507175738,-1.5718926150909116,0.01058202223924861,-0.018674927892628337,0.0,0.45,0.0,153.98514551993227,1470.4498243333226,568.59,0.0,1.0,448.27879891779673,153.99705675711556,0.0,1,0,0.0,0.0,0.0,0.0,-32.54304669640232,-29.853611707069497,-33.328812713337015,-29.291974503651595,-2.079062332256956,-1.989886047715541,-2.105116761602551,-1.9712632814989592
powertrain_simple_cvt,SimpleCVT,EngineModelType_SIMPLE_MAP,TransmissionModelType_AUTOMATIC_SIMPLE_CVT,5.26499999999991,43.24791157601929,0.6320499841409211,-0.4029002848289378,14.181149540038259,-0.00030948866118564585,-0.1529154524696762,14.179208766765155,1.5332643049703492,-1.5719024414490432,0.010802593047424454,-0.01868212946569179,0.0,0.45,0.0,153.99705675711556,1470.5635682698864,568.59,0.0,1.0,447.9295052974815,153.99935872863043,0.0,1,0,0.0,0.0,0.0,0.0,-33.819508077816856,-28.676910217769958,-34.40018938220467,-28.21489601473862,-2.120780934054312,-1.950354870499897,-2.140024754313973,-1.9350436865279612
powertrain_simple_cvt,SimpleCVT,EngineModelType_SIMPLE_MAP,TransmissionModelType_AUTOMATIC_SIMPLE_CVT,5.26999999999991,43.31890524352834,0.632049757396042,-0.403664533338187,14.198733501810713,-4.534897582727723e-05,-0.15284970184984262,14.197360772103737,3.6304010677164262,-1.5719130880270507,0.011018021302434185,-0.018675792933029227,0.0,0.45,0.0,153.99935872863043,1470.5855504786132,568.59,0.0,1.0,449.7796167886677,153.9871658235661,0.0,1,0,0.0,0.0,0.0,0.0,-33.87824950585092,-28.40904091885803,-33.914910613682814,-28.37613981088588,-2.1212921681950356,-1.9402739383788512,-2.1225055665756742,-1.9391849873488478
powertrain_simple_cvt,SimpleCVT,EngineModelType_SIMPLE_MAP,TransmissionModelType_AUTOMATIC_SIMPLE_CVT,5.27499999999991,43.38995522586589,0.6320508283536503,-0.40442814527260823,14.209996467509688,0.00021419152167021925,-0.1527223868842438,14.208474317776199,2.2227091344924097,-1.5719155877731517,0.011142890809200803,-0.018672661139268742,0.0,0.45,0.0,153.9871658235661,1470.4691168119148,568.59,0.0,1.0,450.2391749389032,153.9841371688477,0.0,1,0,0.0,0.0,0.0,0.0,-32.8447735622763,-29.31108016877166,-32.52773240123306,-29.768285420570045,-2.0862361962117553,-1.9693705505083032,-2.075751070346564,-1.9844911569164998
powertrain_simple_cvt,SimpleCVT,EngineModelType_SIMPLE_MAP,TransmissionModelType_AUTOMATIC_SIMPLE_CVT,5.27999999999991,43.461022161218516,0.6320497723841425,-0.40519091998258105,14.213387070525393,-0.00021119390156681267,-0.15255494199456698,14.21158216803742,0.6215700522442934,-1.5719104056539,0.011146069854921965,-0.01867613286622967,0.0,0.45,0.0,153.9841371688477,1470.4401952897538,568.59,0.0,1.0,448.9732104103078,153.99248033377884,0.0,1,0,0.0,0.0,0.0,0.0,-31.4401205119161,-30.876119959940617,-30.957426133504942,-31.54174592190037,-2.0395543897833,-2.020905948234735,-2.0235943027406678,-2.042914591313782
powertrain_simple_cvt,SimpleCVT,EngineModelType_SIMPLE_MAP,TransmissionModelType_AUTOMATIC_SIMPLE_CVT,5.2849999999999095,43.532102579222716,0.6320484763029229,-0.40595440332051597,14.21608360083976,-0.00025921624392303893,-0.15269666758697795,14.214070949639327,0.4977563203812813,-1.5718996041174127,0.011026314481468479,-0.018684351013709084,0.0,0.45,0.0,153.99248033377884,1470.5198666461429,568.59,0.0,1.0,447.5721613462474,154.00171375474287,0.0,1,0,0.0,0.0,0.0,0.0,-29.99396906721605,-32.52720729217597,-29.41303383591287,-33.28547280371894,-1.991564353000676,-2.075310145893237,-1.9723593366365009,-2.100377486920058
powertrain_simple_cvt,SimpleCVT,EngineModelType_SIMPLE_MAP,TransmissionModelType_AUTOMATIC_SIMPLE_CVT,5.289999999999909,43.60322663807048,0.6320468788801622,-0.40672015013319596,14.224811769553474,-0.0003194845521413667,-0.15314936253599493,14.223026295729767,1.7910692180880643,-1.5718861140176323,0.010815271394100469,-0.018687225629196894,0.0,0.45,0.0,154.00171375474287,1470.6080393214274,568.59,0.0,1.0,447.48737045151285,154.00227255746086,0.0,1,0,0.0,0.0,0.0,0.0,-28.774440376994843,-33.81295156218198,-28.277933314149877,-34.37465393182425,-1.9506492677447533,-2.1171114788587317,-1.9342456793677216,-2.135668988210602
powertrain_simple_cvt,SimpleCVT,EngineModelType_SIMPLE_MAP,TransmissionModelType_AUTOMATIC_SIMPLE_CVT,5.294999999999909,43.674437126921156,0.6320465709483104,-0.4074889544679777,14.242097770134862,-6.158637036504004e-05,-0.15376086695635371,14.24085263169987,3.5652671940206253,-1.5718792915864894,0.010603700243644291,-0.018677419682711516,0.0,0.45,0.0,154.00227255746086,1470.6133754943144,568.59,0.0,1.0,449.2663515280621,153.99054842760114,0.0,1,0,0.0,0.0,0.0,0.0,-28.43252612359114,-33.94507986637494,-28.367976481423796,-33.97711458021483,-1.9381772546213547,-2.1200728946315626,-1.936047334620152,-2.1211299319047283
powertrain_simple_cvt,SimpleCVT,EngineModelType_SIMPLE_MAP,TransmissionModelType_AUTOMATIC_SIMPLE_CVT,5.299999999999909,43.74569793609126,0.6320474543113395,-0.40826016467193915,14.252161834020535,0.0001766726058162727,-0.15424204079228584,14.250741362468897,1.9777461538055685,-1.571879697089732,0.010479525196757915,-0.018671809316095852,0.0,0.45,0.0,153.99054842760114,1470.501418301077,568.59,0.0,1.0,449.47383918133664,153.9891810087886,0.0,1,0,0.0,0.0,0.0,0.0,-29.29679037670256,-32.967588825798735,-29.756315826378863,-32.645587598812284,-1.9660242543078137,-2.0870641460128905,-1.981176519253943,-2.0764465667086007
powertrain_simple_cvt,SimpleCVT,EngineModelType_SIMPLE_MAP,TransmissionModelType_AUTOMATIC_SIMPLE_CVT,5.304999999999909,43.816967358979284,0.6320462633803868,-0.4090327745549669,14.253884577604817,-0.00023818619052541233,-0.15452197660554465,14.252099536790503,0.27163486432116324,-1.5718832167416545,0.010476685441166773,-0.018675109295997833,0.0,0.45,0.0,153.9891810087886,1470.4883604132792,568.59,0.0,1.0,447.8665505673391,153.999773623112,0.0,1,0,0.0,0.0,0.0,0.0,-30.8723080007643,-31.588712244540396,-31.56202951297001,-31.106054190606926,-2.017877926835334,-2.041498190873021,-2.0406184457145935,-2.0255846744849357
powertrain_simple_cvt,SimpleCVT,EngineModelType_SIMPLE_MAP,TransmissionModelType_AUTOMATIC_SIMPLE_CVT,5.309999999999909,43.88824042316202,0.6320449382476251,-0.40980512313860934,14.254612836546427,-0.0002650265523400099,-0.15446971672849377,14.252532840483516,0.08666073860261932,-1.5718884413861367,0.010597639728440663,-0.018685411207331488,0.0,0.45,0.0,153.999773623112,1470.5895124290691,568.59,0.0,1.0,446.0599355398986,154.01167987072049,0.0,1,0,0.0,0.0,0.0,0.0,-32.55243490067117,-30.159830867352625,-33.354135625248425,-29.584369723012557,-2.0732400571200125,-1.9943569106758297,-2.0996717920751355,-1.975384199316252
powertrain_simple_cvt,SimpleCVT,EngineModelType_SIMPLE_MAP,TransmissionModelType_AUTOMATIC_SIMPLE_CVT,5.314999999999909,43.95954574642067,0.6320432786361884,-0.41057641867549755,14.261064651731301,-0.00033192228734855024,-0.15425910737763565,14.259063115277577,1.306054958812225,-1.571897791236992,0.010812874996152784,-0.018693872820332413,0.0,0.45,0.0,154.01167987072049,1470.7032087187033,568.59,0.0,1.0,445.4985227856107,154.0153797841838,0.0,1,0,0.0,0.0,0.0,0.0,-33.90098043496266,-28.93712375241845,-34.52837114046179,-28.443476305169455,-2.1171891573522115,-1.9536078451530672,-2.1378644913577234,-1.9373399505805429
powertrain_simple_cvt,SimpleCVT,EngineModelType_SIMPLE_MAP,TransmissionModelType_AUTOMATIC_SIMPLE_CVT,5.319999999999909,44.03093623215038,0.6320427965441795,-0.411347199698308,14.278097145941414,-9.641840177585621e-05,-0.15415620456208967,14.276670403382637,3.5214576210120225,-1.571908801317279,0.011032376872628548,-0.018688648604941294,0.0,0.45,0.0,154.0153797841838,1470.7385402897053,568.59,0.0,1.0,447.21525373013986,154.00406590524875,0.0,1,0,0.0,0.0,0.0,0.0,-34.10468199790246,-28.55198843814521,-34.1669943896912,-28.48258458411605,-2.122515938101177,-1.9397554883599177,-2.1245668779964193,-1.9374711412336736
powertrain_simple_cvt,SimpleCVT,EngineModelType_SIMPLE_MAP,TransmissionModelType_AUTOMATIC_SIMPLE_CVT,5.324999999999909,44.102387607807586,0.6320438980165418,-0.4121175414686852,14.290275131441241,0.0002202944724558132,-0.15406835407542743,14.288767370712844,2.4193934660413934,-1.5719123462901288,0.01116781589897015,-0.018685013641542302,0.0,0.45,0.0,154.00406590524875,1470.630500704222,568.59,0.0,1.0,447.88286214404684,153.99966612391142,0.0,1,0,0.0,0.0,0.0,0.0,-33.14590011950321,-29.348956513021093,-32.82422724793156,-29.799632402056538,-2.0900351347365755,-1.965168954582861,-2.0794566097714804,-1.979989869135072
powertrain_simple_cvt,SimpleCVT,EngineModelType_SIMPLE_MAP,TransmissionModelType_AUTOMATIC_SIMPLE_CVT,5.329999999999909,44.17385804947216,0.6320429474396124,-0.4128869405057796,14.294088332914027,-0.00019011538587191453,-0.15387980741889273,14.292289369481376,0.7043997537064123,-1.5719074509039843,0.011182203299954814,-0.018688167583229946,0.0,0.45,0.0,153.99966612391142,1470.5884858873203,568.59,0.0,1.0,446.7349605985922,154.00723121100677,0.0,1,0,0.0,0.0,0.0,0.0,-31.75741149964045,-30.877493207101683,-31.258371287372242,-31.559955455813295,-2.04411597595736,-2.0151861386881214,-2.027708597847205,-2.0376240422583054
powertrain_simple_cvt,SimpleCVT,EngineModelType_SIMPLE_MAP,TransmissionModelType_AUTOMATIC_SIMPLE_CVT,5.3349999999999085,44.24534136702348,0.6320417133673896,-0.4136569584501636,14.29666351026316,-0.0002468144445788947,-0.15400358887679508,14.294654026106372,0.4729313249992474,-1.571898000092574,0.011074957164111512,-0.0186961348265879,0.0,0.45,0.0,154.00723121100677,1470.660727147689,568.59,0.0,1.0,445.32926147750834,154.01649527753142,0.0,1,0,0.0,0.0,0.0,0.0,-30.307473533949775,-32.53356146698595,-29.707334396004143,-33.313095778120484,-1.9962802728624096,-2.0694571904585484,-1.9765522416413932,-2.0950823767787727
powertrain_simple_cvt,SimpleCVT,EngineModelType_SIMPLE_MAP,TransmissionModelType_AUTOMATIC_SIMPLE_CVT,5.339999999999908,44.31686353714419,0.6320400564457603,-0.41442903953262344,14.30443402414227,-0.0003313843258541747,-0.15441621649197096,14.302588480344049,1.5868908475355052,-1.5718831632462773,0.010868440079141587,-0.018700233899039232,0.0,0.45,0.0,154.01649527753142,1470.749192466521,568.59,0.0,1.0,445.05011829620014,154.01833493223614,0.0,1,0,0.0,0.0,0.0,0.0,-29.04477744330254,-33.88622984913747,-28.512328735308415,-34.4962343368765,-1.9542427190270077,-2.1133047299789656,-1.9367495464988123,-2.133345935050516
powertrain_simple_cvt,SimpleCVT,EngineModelType_SIMPLE_MAP,TransmissionModelType_AUTOMATIC_SIMPLE_CVT,5.344999999999908,44.388469793153625,0.6320397031935621,-0.41520442638853144,14.321251201887968,-7.065043966174116e-05,-0.15507737118159928,14.319966997236941,3.4757033785784617,-1.5718761560021215,0.010653071982215661,-0.01869116177152263,0.0,0.45,0.0,154.01833493223614,1470.7667598749113,568.59,0.0,1.0,446.72089192511396,154.0073239286624,0.0,1,0,0.0,0.0,0.0,0.0,-28.580224487303603,-34.167456098555206,-28.479169732634794,-34.22129084201875,-1.9378406730389304,-2.121181887067825,-1.9345246298365937,-2.1229484376442613
powertrain_simple_cvt,SimpleCVT,EngineModelType_SIMPLE_MAP,TransmissionModelType_AUTOMATIC_SIMPLE_CVT,5.349999999999908,44.46013116028575,0.6320406664790871,-0.4159819549652061,14.332273426423884,0.00019265710501262896,-0.15550571533493554,14.330873957287423,2.1813920100964634,-1.5718752874295445,0.010518782139060965,-0.01868484339714305,0.0,0.45,0.0,154.0073239286624,1470.6616125360813,568.59,0.0,1.0,447.1447680847814,154.00453043119023,0.0,1,0,0.0,0.0,0.0,0.0,-29.339899716726066,-33.26390323883591,-29.786649969477086,-32.93741666702744,-1.9620361548067913,-2.090701668196627,-1.9766848038977949,-2.0799963866799485
powertrain_simple_cvt,SimpleCVT,EngineModelType_SIMPLE_MAP,TransmissionModelType_AUTOMATIC_SIMPLE_CVT,5.354999999999908,44.53180346620907,0.632039712971836,-0.41676101837913493,14.334461184664901,-0.00019070145020625047,-0.15581268278576565,14.332697750877921,0.36475871809963034,-1.571879204905203,0.010504369948049772,-0.01868741289753242,0.0,0.45,0.0,154.00453043119023,1470.6349366002087,568.59,0.0,1.0,445.6652509385166,154.01428098524678,0.0,1,0,0.0,0.0,0.0,0.0,-30.870598268010625,-31.906489284774413,-31.57809015362792,-31.40375677919843,-2.0120979579890776,-2.0460598259666183,-2.0352932030734308,-2.029577652932886
powertrain_simple_cvt,SimpleCVT,EngineModelType_SIMPLE_MAP,TransmissionModelType_AUTOMATIC_SIMPLE_CVT,5.359999999999908,44.6034791544867,0.6320384615746595,-0.4175399784476572,14.335137655525259,-0.00025027943531272766,-0.1557920137044558,14.333078345375666,0.07611889954901747,-1.5718835703333198,0.010613641772028486,-0.018697030758291638,0.0,0.45,0.0,154.01428098524678,1470.7280475327677,568.59,0.0,1.0,443.8719534104594,154.02609946570908,0.0,1,0,0.0,0.0,0.0,0.0,-32.55357065122738,-30.473483736998855,-33.37666058784602,-29.876092271368893,-2.067246161669593,-1.9990519595977587,-2.094230592501361,-1.9794668960869544
powertrain_simple_cvt,SimpleCVT,EngineModelType_SIMPLE_MAP,TransmissionModelType_AUTOMATIC_SIMPLE_CVT,5.364999999999908,44.67518228755944,0.6320369645695523,-0.4183177932728242,14.34062661454715,-0.00029940102143941483,-0.1555629650333932,14.338588526806085,1.1020362860836976,-1.5718931002986885,0.010822272340341,-0.01870614629961126,0.0,0.45,0.0,154.02609946570908,1470.8409057078923,568.59,0.0,1.0,443.1268929525225,154.0310096840792,0.0,1,0,0.0,0.0,0.0,0.0,-33.96462113314006,-29.21096685083907,-34.64226993206275,-28.67925824788079,-2.113078560042729,-1.9572932020155258,-2.1352862668904757,-1.9398682042855886
powertrain_simple_cvt,SimpleCVT,EngineModelType_SIMPLE_MAP,TransmissionModelType_AUTOMATIC_SIMPLE_CVT,5.369999999999908,44.74696695665499,0.6320368132932677,-0.41909400685286585,14.356933819110651,-3.0255256922061182e-05,-0.15524271600833373,14.35547706807538,3.3777082538592405,-1.57190477729049,0.011044505115463564,-0.018701364157570965,0.0,0.45,0.0,154.0310096840792,1470.8877948394083,568.59,0.0,1.0,444.6807019906563,154.0207695195376,0.0,1,0,0.0,0.0,0.0,0.0,-34.31948309033156,-28.70671152804923,-34.40900475861602,-28.599552748362996,-2.123384825712998,-1.9396611260679493,-2.1263151520077903,-1.9361534815406527
powertrain_simple_cvt,SimpleCVT,EngineModelType_SIMPLE_MAP,TransmissionModelType_AUTOMATIC_SIMPLE_CVT,5.374999999999908,44.81881700757799,0.6320381016503385,-0.419870012575319,14.370010184600272,0.00025767141416923114,-0.15520114449062955,14.368527496340395,2.610085653002925,-1.5719103292881997,0.011188579063214625,-0.018696909217654958,0.0,0.45,0.0,154.0207695195376,1470.790008471116,568.59,0.0,1.0,445.54292445253725,154.015087161111,0.0,1,0,0.0,0.0,0.0,0.0,-33.44512112823446,-29.39034850423554,-33.11624654508726,-29.83526883964082,-2.0937698676611185,-1.961164932569309,-2.0830145438006715,-1.975715349489915
powertrain_simple_cvt,SimpleCVT,EngineModelType_SIMPLE_MAP,TransmissionModelType_AUTOMATIC_SIMPLE_CVT,5.3799999999999075,44.89068855544423,0.632037431095949,-0.4206450772189813,14.374309573247567,-0.00013411087789962474,-0.15501292873246986,14.372536115707748,0.8017238734705672,-1.571906882967756,0.011214167302131709,-0.018699228960319503,0.0,0.45,0.0,154.015087161111,1470.7357459451955,568.59,0.0,1.0,444.52356636501736,154.02180510024436,0.0,1,0,0.0,0.0,0.0,0.0,-32.07779017472571,-30.874050982741963,-31.55674490241975,-31.57992790580314,-2.0487608785084173,-2.0094054688744154,-2.031725668334968,-2.032483620390343
powertrain_simple_cvt,SimpleCVT,EngineModelType_SIMPLE_MAP,TransmissionModelType_AUTOMATIC_SIMPLE_CVT,5.384999999999907,44.96257278354092,0.6320363820574924,-0.42142060694227995,14.376845619337992,-0.00020980769133031266,-0.1551059446597275,14.374857937017817,0.4643642620138265,-1.5718982624339166,0.01111632478168261,-0.018706451460881977,0.0,0.45,0.0,154.02180510024436,1470.7998975384232,568.59,0.0,1.0,443.13425348246295,154.03096117552002,0.0,1,0,0.0,0.0,0.0,0.0,-30.624735044854713,-32.53161762062986,-30.000655511944956,-33.33944348987783,-2.001092536749109,-2.0634266569388653,-1.9806919892237584,-2.089833691889944
powertrain_simple_cvt,SimpleCVT,EngineModelType_SIMPLE_MAP,TransmissionModelType_AUTOMATIC_SIMPLE_CVT,5.389999999999907,45.034491402745815,0.6320350190701428,-0.42219826320865406,14.38372384097909,-0.00027259746991867826,-0.15553125327481937,14.381847892785022,1.3979911534409992,-1.5718846819265997,0.010917161640514837,-0.018711026107193572,0.0,0.45,0.0,154.03096117552002,1470.8873316167897,568.59,0.0,1.0,442.67984603861674,154.0339558852171,0.0,1,0,0.0,0.0,0.0,0.0,-29.321789744323638,-33.946667431870125,-28.752855710089605,-34.60564614622018,-1.9580346770160098,-2.1091439114884687,-1.9394458207939458,-2.1306748093384202
powertrain_simple_cvt,SimpleCVT,EngineModelType_SIMPLE_MAP,TransmissionModelType_AUTOMATIC_SIMPLE_CVT,5.394999999999907,45.106492066123096,0.6320353729952483,-0.42298081765748,14.40013267545621,7.078502108944797e-05,-0.1565108897651959,14.398859719311712,3.4023653053382232,-1.5718755508968927,0.010700039660340272,-0.018701493600517233,0.0,0.45,0.0,154.0339558852171,1470.9159289878748,568.59,0.0,1.0,444.2549959791369,154.02357507639647,0.0,1,0,0.0,0.0,0.0,0.0,-28.74963416814117,-34.34955593391592,-28.601371987465235,-34.45669308584544,-1.938230759862928,-2.1209815671513916,-1.933392293480331,-2.124477937605238
powertrain_simple_cvt,SimpleCVT,EngineModelType_SIMPLE_MAP,TransmissionModelType_AUTOMATIC_SIMPLE_CVT,5.399999999999907,45.17855284372049,0.6320367445130209,-0.4237655167443915,14.412155519478354,0.00027430355454145577,-0.1569398173822995,14.410806649589396,2.3893860555368973,-1.5718730072924456,0.010556856159309647,-0.01869381301130789,0.0,0.45,0.0,154.02357507639647,1470.816799565649,568.59,0.0,1.0,444.9002318189842,154.0193227384283,0.0,1,0,0.0,0.0,0.0,0.0,-29.379275731924718,-33.54279658931013,-29.823295464973064,-33.22632283162582,-1.957983963154816,-2.0937458603516776,-1.9724623249587585,-2.083426450595382
powertrain_simple_cvt,SimpleCVT,EngineModelType_SIMPLE_MAP,TransmissionModelType_AUTOMATIC_SIMPLE_CVT,5.404999999999907,45.25062709235935,0.6320361922951632,-0.4245519169777709,14.414849727772824,-0.0001104435715512087,-0.15728004667587459,14.413144216006483,0.4675132834172857,-1.571875303074748,0.010531844272182922,-0.018694860994153007,0.0,0.45,0.0,154.0193227384283,1470.7761927292088,568.59,0.0,1.0,443.54980157252925,154.02822256304395,0.0,1,0,0.0,0.0,0.0,0.0,-30.86408602312822,-32.20651146611863,-31.597401530035096,-31.69944369954291,-2.006236654883508,-2.050002658068341,-2.0301443430000865,-2.033471140729514
powertrain_simple_cvt,SimpleCVT,EngineModelType_SIMPLE_MAP,TransmissionModelType_AUTOMATIC_SIMPLE_CVT,5.409999999999907,45.32270461674223,0.6320352782808447,-0.42533831915581094,14.415504876574687,-0.0001828028637003271,-0.1572804356080125,14.413497354201947,0.0706276390928921,-1.5718784458722772,0.010630792950344655,-0.01870311987330571,0.0,0.45,0.0,154.02822256304395,1470.861179794023,568.59,0.0,1.0,441.78892302871776,154.03982739065398,0.0,1,0,0.0,0.0,0.0,0.0,-32.54655493461233,-30.772466724882243,-33.401385036843244,-30.16823310023475,-2.061062821045012,-2.003225085395854,-2.08893146771467,-1.9835262313811424
powertrain_simple_cvt,SimpleCVT,EngineModelType_SIMPLE_MAP,TransmissionModelType_AUTOMATIC_SIMPLE_CVT,5.414999999999907,45.3948052339965,0.6320343055885282,-0.42612347750357665,14.420123450854081,-0.00019453846330388306,-0.15703166955313735,14.41808684930831,0.9178990212724809,-1.571886139741646,0.010833044962526928,-0.018712046545345532,0.0,0.45,0.0,154.03982739065398,1470.971997734695,568.59,0.0,1.0,440.8664986012121,154.04590650184653,0.0,1,0,0.0,0.0,0.0,0.0,-34.013367340676254,-29.475456090107713,-34.74625966021163,-28.92073896243411,-2.1085299652048173,-1.9606348582513966,-2.1324156654748356,-1.9425560672843185
powertrain_simple_cvt,SimpleCVT,EngineModelType_SIMPLE_MAP,TransmissionModelType_AUTOMATIC_SIMPLE_CVT,5.419999999999907,45.46698420717785,0.6320343003535456,-0.4269075165908726,14.43579463626984,-1.046996536293904e-06,-0.15680781745919617,14.43432339931671,3.2473100016802174,-1.5718967333965923,0.011057628796056177,-0.018707521859817524,0.0,0.45,0.0,154.04590650184653,1471.030048970449,568.59,0.0,1.0,442.28741521811884,154.03654214651078,0.0,1,0,0.0,0.0,0.0,0.0,-34.479686696743904,-28.878859154554746,-34.643677522060266,-28.728273099325424,-2.1224637505050583,-1.9401324565976996,-2.127802365047934,-1.9352302256170906
powertrain_simple_cvt,SimpleCVT,EngineModelType_SIMPLE_MAP,TransmissionModelType_AUTOMATIC_SIMPLE_CVT,5.424999999999907,45.53923201795245,0.6320363375168969,-0.4276917510604463,14.44956215491916,0.00040743267026858423,-0.15684689391474393,14.448142678975676,2.763855931793261,-1.571901497991379,0.011211652684647497,-0.018701484229730354,0.0,0.45,0.0,154.03654214651078,1470.9406259640157,568.59,0.0,1.0,443.2985874033797,154.02987815543926,0.0,1,0,0.0,0.0,0.0,0.0,-33.70019222597134,-29.451643508867683,-33.40596389282291,-29.87742219361747,-2.0960384790515256,-1.9578620305954844,-2.086469228745904,-1.9717097208079475
powertrain_simple_cvt,SimpleCVT,EngineModelType_SIMPLE_MAP,TransmissionModelType_AUTOMATIC_SIMPLE_CVT,5.4299999999999065,45.611503787900375,0.6320363682768472,-0.42847487672533163,14.45435398958455,6.151990040596626e-06,-0.15662513297705816,14.452625374656192,0.8965391361030774,-1.571896928292105,0.01124864674476491,-0.018702653471462515,0.0,0.45,0.0,154.02987815543926,1470.8769895368305,568.59,0.0,1.0,442.40314933494744,154.0357794167478,0.0,1,0,0.0,0.0,0.0,0.0,-32.35742270262147,-30.88900482591471,-31.853363100725694,-31.603568864343167,-2.052040894564703,-2.004298042150187,-2.035652342257371,-2.027530751291485
powertrain_simple_cvt,SimpleCVT,EngineModelType_SIMPLE_MAP,TransmissionModelType_AUTOMATIC_SIMPLE_CVT,5.434999999999906,45.68378794031926,0.6320358581738371,-0.42925831662638525,14.456830483777372,-0.00010202060201847715,-0.15668798021072095,14.454883918955352,0.451708859831977,-1.5718873283245334,0.011162185551221828,-0.018708825481572856,0.0,0.45,0.0,154.0357794167478,1470.9333424312945,568.59,0.0,1.0,441.02444694630924,154.04486556502408,0.0,1,0,0.0,0.0,0.0,0.0,-30.90808265249407,-32.54263193597519,-30.29330888290308,-33.368084508856036,-2.0047613055793105,-2.0578973053295795,-1.9847762129316984,-2.084731153748664
powertrain_simple_cvt,SimpleCVT,EngineModelType_SIMPLE_MAP,TransmissionModelType_AUTOMATIC_SIMPLE_CVT,5.439999999999906,45.75610260634373,0.6320350010521513,-0.4300437517454702,14.462933204893858,-0.00017142433717482462,-0.15708702381698886,14.461035805396406,1.230377288210986,-1.5718727782934017,0.010971110190195239,-0.01871381356120863,0.0,0.45,0.0,154.04486556502408,1471.0201087560047,568.59,0.0,1.0,440.42098077745567,154.04884262572634,0.0,1,0,0.0,0.0,0.0,0.0,-29.581224385429763,-34.00127491191719,-28.99875113489875,-34.707948119784504,-1.9612186516768266,-2.104844721783186,-1.9422916409074884,-2.12780751261266
powertrain_simple_cvt,SimpleCVT,EngineModelType_SIMPLE_MAP,TransmissionModelType_AUTOMATIC_SIMPLE_CVT,5.444999999999906,45.828495781017295,0.6320351218870163,-0.4308325109091543,14.478634934712987,2.4166973006072034e-05,-0.15775183273682286,14.477297558044913,3.2523505297015003,-1.571862883408964,0.010752313037589663,-0.01870567511414894,0.0,0.45,0.0,154.04884262572634,1471.058086888189,568.59,0.0,1.0,441.84156782885924,154.03948044234662,0.0,1,0,0.0,0.0,0.0,0.0,-28.925831312929347,-34.51673749962022,-28.73364686641267,-34.684781369871054,-1.9388663926709444,-2.120334433000484,-1.9326285246533734,-2.1257887530705295
powertrain_simple_cvt,SimpleCVT,EngineModelType_SIMPLE_MAP,TransmissionModelType_AUTOMATIC_SIMPLE_CVT,5.449999999999906,45.90095257232444,0.6320371898909346,-0.4316229320773365,14.491358261428724,0.00041360078366268213,-0.1580842336364384,14.490039163280745,2.548321047166323,-1.57186119143451,0.010600533169905843,-0.01869706644191181,0.0,0.45,0.0,154.03948044234662,1470.9686846224079,568.59,0.0,1.0,442.6380170018252,154.03423155372516,0.0,1,0,0.0,0.0,0.0,0.0,-29.453990113643073,-33.79798358199396,-29.863619508614292,-33.51128430667207,-1.9551685677616357,-2.096040687414066,-1.9684525106501238,-2.0867432667545582
powertrain_simple_cvt,SimpleCVT,EngineModelType_SIMPLE_MAP,TransmissionModelType_AUTOMATIC_SIMPLE_CVT,5.454999999999906,45.97342544297866,0.632037224802386,-0.43241513374432206,14.494574130842945,6.982290268212239e-06,-0.15844033339711594,14.492873733202705,0.5669139843920711,-1.5718648685899301,0.010564638005149446,-0.01869777331025897,0.0,0.45,0.0,154.03423155372516,1470.9185614282176,568.59,0.0,1.0,441.41896197572675,154.04226556803846,0.0,1,0,0.0,0.0,0.0,0.0,-30.892990685210965,-32.48598690623347,-31.61723608853378,-31.99189618923552,-2.001638225117737,-2.0532876728420746,-2.0251203116442844,-2.037267852881494
powertrain_simple_cvt,SimpleCVT,EngineModelType_SIMPLE_MAP,TransmissionModelType_AUTOMATIC_SIMPLE_CVT,5.459999999999906,46.045901554779704,0.6320367084672495,-0.4332074353539422,14.495222360209057,-0.00010326702730578674,-0.15846032192403053,14.493223672566108,0.06998787268060064,-1.5718698150251667,0.010652652485528042,-0.01870562486987715,0.0,0.45,0.0,154.04226556803846,1470.9952806136673,568.59,0.0,1.0,439.68505541198414,154.05369264052726,0.0,1,0,0.0,0.0,0.0,0.0,-32.568650649577805,-31.057209423542634,-33.423446988510634,-30.456521818502633,-2.0559423690676364,-2.006938348419125,-2.083656617376993,-1.987462825789706
powertrain_simple_cvt,SimpleCVT,EngineModelType_SIMPLE_MAP,TransmissionModelType_AUTOMATIC_SIMPLE_CVT,5.464999999999906,46.11839740672293,0.6320359330193543,-0.4339986511888804,14.49917038864453,-0.00015508957902809822,-0.15824316698764396,14.49707680776483,0.77062703974457,-1.5718789442517214,0.01084743750710684,-0.018715713575955042,0.0,0.45,0.0,154.05369264052726,1471.1044011179672,568.59,0.0,1.0,438.6453876664506,154.06054442766555,0.0,1,0,0.0,0.0,0.0,0.0,-34.071535901652204,-29.73826996401814,-34.83880829980116,-29.165731599351535,-2.1043753808085697,-1.9639193639787749,-2.1292453118071473,-1.9453614311538112
powertrain_simple_cvt,SimpleCVT,EngineModelType_SIMPLE_MAP,TransmissionModelType_AUTOMATIC_SIMPLE_CVT,5.469999999999906,46.19096695232038,0.6320357520117088,-0.43478910397305764,14.513909119490755,-3.6201529110779524e-05,-0.15809055683544584,14.512348019772173,3.0542424014684086,-1.5718911838451108,0.011073602798126652,-0.018713177227946198,0.0,0.45,0.0,154.06054442766555,1471.1698308654913,568.59,0.0,1.0,439.86220585974326,154.0525251548909,0.0,1,0,0.0,0.0,0.0,0.0,-34.651631412374755,-29.060485026094774,-34.8674364296958,-28.86335717340085,-2.1219963563780713,-1.9409588231454438,-2.128983976679142,-1.9345759567853846
powertrain_simple_cvt,SimpleCVT,EngineModelType_SIMPLE_MAP,TransmissionModelType_AUTOMATIC_SIMPLE_CVT,5.4749999999999055,46.26360819840499,0.6320381431345872,-0.4355807835887677,14.52824921692169,0.0004782245756724283,-0.1583359231420061,14.526819528197041,2.8943016849738163,-1.5718969271259762,0.011235957071260896,-0.018707269792242028,0.0,0.45,0.0,154.0525251548909,1471.0932524513662,568.59,0.0,1.0,440.99683828542146,154.04504751610256,0.0,1,0,0.0,0.0,0.0,0.0,-33.95806188818423,-29.53692623097335,-33.69067691171924,-29.92192379447964,-2.098443692391504,-1.9554329224641356,-2.089794572727216,-1.967886464324448
powertrain_simple_cvt,SimpleCVT,EngineModelType_SIMPLE_MAP,TransmissionModelType_AUTOMATIC_SIMPLE_CVT,5.479999999999905,46.33627609704336,0.6320383260810112,-0.43637147081356126,14.533579727673724,3.658928479504005e-05,-0.1581374449587118,14.53182546245472,1.0011868515356284,-1.5718930914447846,0.01128359573528975,-0.018708951030726853,0.0,0.45,0.0,154.04504751610256,1471.021846260817,568.59,0.0,1.0,440.2351536152224,154.05006729405483,0.0,1,0,0.0,0.0,0.0,0.0,-32.6417263374029,-30.925126200247576,-32.14736707304571,-31.625933932671217,-2.0555003736849633,-1.9999925225527473,-2.0395148102110814,-2.0226537879468776
powertrain_simple_cvt,SimpleCVT,EngineModelType_SIMPLE_MAP,TransmissionModelType_AUTOMATIC_SIMPLE_CVT,5.484999999999905,46.408956502537656,0.6320377740847857,-0.4371622868885483,14.536081098858578,-0.00011039924510634555,-0.15816321499741226,14.534108321808052,0.456571870666532,-1.5718837273338457,0.011207713391979318,-0.018715650777814147,0.0,0.45,0.0,154.05006729405483,1471.0697816092766,568.59,0.0,1.0,438.88361741447414,154.05897440731005,0.0,1,0,0.0,0.0,0.0,0.0,-31.195829030783052,-32.57082640265141,-30.584619424321204,-33.39241055171867,-2.0085875058168945,-2.0530423324037774,-1.9888265829094003,-2.0796048419914777
powertrain_simple_cvt,SimpleCVT,EngineModelType_SIMPLE_MAP,TransmissionModelType_AUTOMATIC_SIMPLE_CVT,5.489999999999905,46.481664484919946,0.6320368220444731,-0.43795496813637674,14.541596476458222,-0.00019040806251452045,-0.15853624956569112,14.53962980982522,1.104297603433603,-1.5718697935372785,0.01102525495520364,-0.01872216693136915,0.0,0.45,0.0,154.05897440731005,1471.1548382754715,568.59,0.0,1.0,438.1737102495432,154.06365295274242,0.0,1,0,0.0,0.0,0.0,0.0,-29.847774035865648,-34.06154789905457,-29.24991748618171,-34.79639202222805,-1.9646372846422469,-2.1008204175150276,-1.9453154176916427,-2.124569526536076
powertrain_simple_cvt,SimpleCVT,EngineModelType_SIMPLE_MAP,TransmissionModelType_AUTOMATIC_SIMPLE_CVT,5.494999999999905,46.554447152369136,0.6320365456106858,-0.4387506081876401,14.556533489838372,-5.5286757464525604e-05,-0.15912801025267517,14.55510223401459,3.0944848378742003,-1.5718587884227493,0.010805169666282317,-0.018716124378076016,0.0,0.45,0.0,154.06365295274242,1471.199515093394,568.59,0.0,1.0,439.4306178393649,154.0553694763193,0.0,1,0,0.0,0.0,0.0,0.0,-29.111888389559716,-34.68327563471649,-28.87538144394538,-34.90158527578918,-1.9398543640789654,-2.1197222086607117,-1.9322189238080987,-2.1267701633016847
powertrain_simple_cvt,SimpleCVT,EngineModelType_SIMPLE_MAP,TransmissionModelType_AUTOMATIC_SIMPLE_CVT,5.499999999999905,46.62729667260001,0.632038864851667,-0.43954662725560784,14.56990404617543,0.0004638481962584602,-0.15920381359353974,14.568581711129163,2.6958954229144756,-1.5718579762851548,0.010644633455307504,-0.018707352339010747,0.0,0.45,0.0,154.0553694763193,1471.1204137202706,568.59,0.0,1.0,440.3642177549243,154.04921671461133,0.0,1,0,0.0,0.0,0.0,0.0,-29.541652532948852,-34.05078721852822,-29.907809258843386,-33.79249977025631,-1.952846529640444,-2.098285696662113,-1.9646566734766424,-2.08995480527203
powertrain_simple_cvt,SimpleCVT,EngineModelType_SIMPLE_MAP,TransmissionModelType_AUTOMATIC_SIMPLE_CVT,5.504999999999905,46.70016503651322,0.6320387752867191,-0.4403443496751817,14.57367278264111,-1.7912989571084066e-05,-0.15954448391477843,14.5719471957048,0.6730969151274168,-1.5718631207027973,0.010598160509901946,-0.018708431971591787,0.0,0.45,0.0,154.04921671461133,1471.0616591739013,568.59,0.0,1.0,439.2859514318075,154.05632288036105,0.0,1,0,0.0,0.0,0.0,0.0,-30.93299268704803,-32.764196248638136,-31.63581057859253,-32.284927966404645,-1.9974928586021985,-2.056543481146646,-2.020156550887201,-2.041088568855453
powertrain_simple_cvt,SimpleCVT,EngineModelType_SIMPLE_MAP,TransmissionModelType_AUTOMATIC_SIMPLE_CVT,5.509999999999905,46.77303682130039,0.6320379482022129,-0.441142438464755,14.574356957433539,-0.00016541690123960014,-0.15961775791465121,14.572342729458146,0.07910675066931275,-1.571869675321371,0.0106751877843301,-0.01871645579807762,0.0,0.45,0.0,154.05632288036105,1471.129518058231,568.59,0.0,1.0,437.58062928072036,154.06756157121364,0.0,1,0,0.0,0.0,0.0,0.0,-32.60071743393021,-31.33877551321549,-33.44216827601211,-30.748205669647227,-2.0512432631189856,-2.0105506634764367,-2.07837670062008,-1.9915071387224013
powertrain_simple_cvt,SimpleCVT,EngineModelType_SIMPLE_MAP,TransmissionModelType_AUTOMATIC_SIMPLE_CVT,5.514999999999905,46.84592550727683,0.6320368813161907,-0.4419394385970578,14.577737195288949,-0.00021337720444346633,-0.15940002646057044,14.575597130030872,0.6508801145450743,-1.5718800771049388,0.010862026248434947,-0.018727441298087864,0.0,0.45,0.0,154.06756157121364,1471.2368396504155,568.59,0.0,1.0,436.445152318734,154.07504477580224,0.0,1,0,0.0,0.0,0.0,0.0,-34.132866522642495,-30.000225770758142,-34.91798688729999,-29.420074796818092,-2.100403217508231,-1.967171771003072,-2.125714568807344,-1.9484683902617952
powertrain_simple_cvt,SimpleCVT,EngineModelType_SIMPLE_MAP,TransmissionModelType_AUTOMATIC_SIMPLE_CVT,5.5199999999999045,46.91888320923163,0.6320362892312549,-0.4427358234616381,14.591540390959832,-0.00011841698717013176,-0.15927697291605444,14.589902073401293,2.860988674084258,-1.5718933740655565,0.011088178657757384,-0.01872654528086541,0.0,0.45,0.0,154.07504477580224,1471.308298990442,568.59,0.0,1.0,437.46780896265204,154.0683050979871,0.0,1,0,0.0,0.0,0.0,0.0,-34.815555065984974,-29.247085828650327,-35.08138272917074,-29.011001729385885,-2.1213117979271283,-1.9419669550721586,-2.129873364571137,-1.9343633455560532
powertrain_simple_cvt,SimpleCVT,EngineModelType_SIMPLE_MAP,TransmissionModelType_AUTOMATIC_SIMPLE_CVT,5.524999999999904,46.99191426833104,0.632038756841549,-0.4435349342148222,14.606211819881507,0.0004935220588186419,-0.15982215063682254,14.604785646424103,2.976714604562211,-1.571899490089252,0.011257899659009201,-0.01872042650836955,0.0,0.45,0.0,154.0683050979871,1471.2439398080944,568.59,0.0,1.0,438.6700916134824,154.06038161970378,0.0,1,0,0.0,0.0,0.0,0.0,-34.20182165768263,-29.650074469396138,-33.97253810877965,-29.9698566600362,-2.1004225865430666,-1.9539729189096695,-2.093045529307318,-1.9642617143100014
powertrain_simple_cvt,SimpleCVT,EngineModelType_SIMPLE_MAP,TransmissionModelType_AUTOMATIC_SIMPLE_CVT,5.529999999999904,47.06497499090199,0.632038747063065,-0.44433307508976866,14.612144514190607,-1.955696795201932e-06,-0.15962817498928528,14.61038531179601,1.1199330743814313,-1.5718951661502456,0.011315377813896564,-0.018722117635270562,0.0,0.45,0.0,154.06038161970378,1471.1682761639781,568.59,0.0,1.0,438.05030682498966,154.06446622602206,0.0,1,0,0.0,0.0,0.0,0.0,-32.912920602439115,-30.986502378591208,-32.44214859227528,-31.645099558073294,-2.0585471266524027,-1.9965895598895824,-2.0434061318836076,-2.0177713978790823
powertrain_simple_cvt,SimpleCVT,EngineModelType_SIMPLE_MAP,TransmissionModelType_AUTOMATIC_SIMPLE_CVT,5.534999999999904,47.13804857591851,0.6320378935629712,-0.4451312565175452,14.614717003304465,-0.00017070001875002646,-0.1596362855553095,14.612755515964546,0.47404083370708905,-1.5718851714332274,0.011249779118428291,-0.018728451751035206,0.0,0.45,0.0,154.06446622602206,1471.2072812811464,568.59,0.0,1.0,436.7387601140873,154.07310979405008,0.0,1,0,0.0,0.0,0.0,0.0,-31.469188517118177,-32.62487295142667,-30.878277168945715,-33.41061826366004,-2.0119495715943865,-2.0491127277895522,-1.9929477315784578,-2.074379811866548
powertrain_simple_cvt,SimpleCVT,EngineModelType_SIMPLE_MAP,TransmissionModelType_AUTOMATIC_SIMPLE_CVT,5.539999999999904,47.2111475145332,0.6320366864492305,-0.4459310998082358,14.619787722939027,-0.00024142274815405914,-0.159968658138117,14.61779877074163,1.0086509554167338,-1.5718697330075881,0.011074120105666684,-0.018735371641684137,0.0,0.45,0.0,154.07310979405008,1471.289821275803,568.59,0.0,1.0,435.9551099071282,154.0782743328482,0.0,1,0,0.0,0.0,0.0,0.0,-30.1049322651028,-34.1363929476058,-29.508502809666105,-34.8705213879556,-1.967745410457179,-2.0973397087792955,-1.9485727425674921,-2.1209388128257163
powertrain_simple_cvt,SimpleCVT,EngineModelType_SIMPLE_MAP,TransmissionModelType_AUTOMATIC_SIMPLE_CVT,5.544999999999904,47.2843174288113,0.6320360393687566,-0.44673374167709895,14.633982855619948,-0.00012941609476923796,-0.1605283737726252,14.632519745475031,2.9441949466804744,-1.5718576337850665,0.010855117868945087,-0.018729954902359475,0.0,0.45,0.0,154.0782743328482,1471.3391389885137,568.59,0.0,1.0,437.0552005275072,154.0710243370721,0.0,1,0,0.0,0.0,0.0,0.0,-29.302796187664672,-34.84144730149762,-29.027394596159635,-35.10695515101996,-1.9410124960085346,-2.11887742998171,-1.932168413779414,-2.127403790489724
powertrain_simple_cvt,SimpleCVT,EngineModelType_SIMPLE_MAP,TransmissionModelType_AUTOMATIC_SIMPLE_CVT,5.549999999999904,47.357555868873575,0.6320382258519303,-0.4475361204932728,14.64768801245541,0.00043729663471948053,-0.1604757632347724,14.646380167102759,2.77208432554558,-1.5718553352337987,0.010688736990410614,-0.018720661997422384,0.0,0.45,0.0,154.0710243370721,1471.2699066286038,568.59,0.0,1.0,438.05545269384095,154.06443231288188,0.0,1,0,0.0,0.0,0.0,0.0,-29.67736522211726,-34.27465656809852,-29.954274421506568,-34.06974819690993,-1.9521392834794538,-2.099634239832476,-1.9610233648229993,-2.0930601619700298
powertrain_simple_cvt,SimpleCVT,EngineModelType_SIMPLE_MAP,TransmissionModelType_AUTOMATIC_SIMPLE_CVT,5.554999999999904,47.43081616215823,0.6320380364482704,-0.4483404493522314,14.652058656930883,-3.7880731972003093e-05,-0.1608657717917181,14.650371203929978,0.7982073654439318,-1.5718599252040988,0.010633774218255945,-0.018720675362930383,0.0,0.45,0.0,154.06443231288188,1471.2069574345128,568.59,0.0,1.0,437.1241178581664,154.07057014689275,0.0,1,0,0.0,0.0,0.0,0.0,-31.014314000317082,-33.01700739732762,-31.65156670443412,-32.57695134603805,-1.9947615624128079,-2.058996496405662,-2.015200979373401,-2.04488201864789
powertrain_simple_cvt,SimpleCVT,EngineModelType_SIMPLE_MAP,TransmissionModelType_AUTOMATIC_SIMPLE_CVT,5.559999999999904,47.50408032386456,0.6320370465186379,-0.4491451300750723,14.65283234126488,-0.00019798592650635506,-0.1609361445681853,14.650856531438622,0.09706550172872348,-1.5718657480900895,0.010701935184262396,-0.01872763544189834,0.0,0.45,0.0,154.07057014689275,1471.265569431875,568.59,0.0,1.0,435.4645838852506,154.0815070770611,0.0,1,0,0.0,0.0,0.0,0.0,-32.67462625309907,-31.59326296328114,-33.456252387985096,-31.039516848981872,-2.047980153473225,-2.013297361460686,-2.073049412734266,-1.995536945982528
powertrain_simple_cvt,SimpleCVT,EngineModelType_SIMPLE_MAP,TransmissionModelType_AUTOMATIC_SIMPLE_CVT,5.564999999999904,47.577359500369624,0.6320358253881546,-0.44994893139186903,14.655835301013608,-0.0002442260966583421,-0.16076026335934826,14.653714728518302,0.5716394159360882,-1.5718754545603224,0.010881748485899368,-0.018738018338874826,0.0,0.45,0.0,154.0815070770611,1471.370009421788,568.59,0.0,1.0,434.2715715536532,154.08936946058176,0.0,1,0,0.0,0.0,0.0,0.0,-34.21697394009778,-30.24444674662373,-34.98566204260253,-29.678550113874294,-2.097234138396368,-1.9698472905699531,-2.1218836246228205,-1.9517007091293133
powertrain_simple_cvt,SimpleCVT,EngineModelType_SIMPLE_MAP,TransmissionModelType_AUTOMATIC_SIMPLE_CVT,5.5699999999999035,47.650703537229916,0.632034954932324,-0.45075223988096896,14.668807372058023,-0.00017409116613704848,-0.1606616978199914,14.667156947233671,2.6884437430738335,-1.5718879905366734,0.011107981748142932,-0.01873729064449627,0.0,0.45,0.0,154.08936946058176,1471.4450896538958,568.59,0.0,1.0,435.1248059128718,154.08374633700834,0.0,1,0,0.0,0.0,0.0,0.0,-34.96615600266118,-29.43851515610067,-35.28731052959534,-29.166465366650343,-2.120230509890972,-1.9431383547348442,-2.1305195190526844,-1.9344225418119574
powertrain_simple_cvt,SimpleCVT,EngineModelType_SIMPLE_MAP,TransmissionModelType_AUTOMATIC_SIMPLE_CVT,5.574999999999903,47.72412206208907,0.6320367725500051,-0.4515573341030888,14.683704971831487,0.00036352353623404353,-0.1610188444239668,14.682289746824571,3.026559918179992,-1.5718943612758527,0.011282554975740594,-0.018730789086470294,0.0,0.45,0.0,154.08374633700834,1471.391392779156,568.59,0.0,1.0,436.3734474795206,154.07551733667293,0.0,1,0,0.0,0.0,0.0,0.0,-34.41017667287975,-29.793979549931414,-34.25336802640467,-30.021748489610108,-2.101282040976152,-1.9535427533393201,-2.09626345162468,-1.9608323945737989
powertrain_simple_cvt,SimpleCVT,EngineModelType_SIMPLE_MAP,TransmissionModelType_AUTOMATIC_SIMPLE_CVT,5.579999999999903,47.79757294338944,0.6320368465101849,-0.45236154711805393,14.690176260073546,1.479203595147402e-05,-0.16084260299303085,14.68846759771676,1.2355701784379656,-1.5718910153528256,0.011347234804075684,-0.018731116028611623,0.0,0.45,0.0,154.07551733667293,1471.312811614351,568.59,0.0,1.0,435.877702409894,154.07878447630148,0.0,1,0,0.0,0.0,0.0,0.0,-33.1457177858308,-31.08665158649972,-32.73827612033297,-31.66442958880775,-2.060367440234743,-1.9944956805954956,-2.047332939709502,-2.012979425171189
powertrain_simple_cvt,SimpleCVT,EngineModelType_SIMPLE_MAP,TransmissionModelType_AUTOMATIC_SIMPLE_CVT,5.584999999999903,47.87103700487885,0.6320359052667307,-0.4531657034253863,14.6928122978818,-0.00018824869084385675,-0.16083126146647853,14.690888273409062,0.48413513846022804,-1.5718816570689556,0.011288906560691668,-0.018736408934246652,0.0,0.45,0.0,154.07878447630148,1471.3440104996503,568.59,0.0,1.0,434.60506004599796,154.08717165058675,0.0,1,0,0.0,0.0,0.0,0.0,-31.706412721118507,-32.71501005128192,-31.17360966275629,-33.42908880080074,-2.014155377154486,-2.046416182398076,-1.9971132383494714,-2.06925657149873
powertrain_simple_cvt,SimpleCVT,EngineModelType_SIMPLE_MAP,TransmissionModelType_AUTOMATIC_SIMPLE_CVT,5.589999999999903,47.944524869992264,0.6320346394462373,-0.4539713766980246,14.697573022682692,-0.00025316409867993245,-0.16113465452765913,14.695606400709833,0.9436254601542716,-1.571867122731268,0.011118977752127633,-0.018742638211663026,0.0,0.45,0.0,154.08717165058675,1471.4241021144146,568.59,0.0,1.0,433.77218018257395,154.092660630658,0.0,1,0,0.0,0.0,0.0,0.0,-30.336601640971846,-34.23010295963249,-29.77270460663258,-34.93877501406017,-1.9700293218525582,-2.0945261421777315,-1.9519984077677046,-2.117186316198143
powertrain_simple_cvt,SimpleCVT,EngineModelType_SIMPLE_MAP,TransmissionModelType_AUTOMATIC_SIMPLE_CVT,5.594999999999903,48.01808039753401,0.6320333896421196,-0.4547791037570343,14.711105508349064,-0.00024996082351963424,-0.1615454118019366,14.709641615272465,2.8070429125265295,-1.571855394828583,0.010900012244989073,-0.018737083926087847,0.0,0.45,0.0,154.092660630658,1471.4765180130669,568.59,0.0,1.0,434.73738097888935,154.08629960769613,0.0,1,0,0.0,0.0,0.0,0.0,-29.495818450862146,-34.98349637546355,-29.189221934458175,-35.3071723586952,-1.9422449202072822,-2.1175489775197915,-1.932450684098318,-2.1278888177754944
powertrain_simple_cvt,SimpleCVT,EngineModelType_SIMPLE_MAP,TransmissionModelType_AUTOMATIC_SIMPLE_CVT,5.599999999999903,48.09170641752602,0.6320349681425456,-0.4555877240864867,14.725203998401918,0.0003157000851847806,-0.16172406589047514,14.723899410557843,2.8515590570756086,-1.5718537176446434,0.010729437923260171,-0.018727613120284217,0.0,0.45,0.0,154.08629960769613,1471.4157747182169,568.59,0.0,1.0,435.8182061688403,154.07917657808684,0.0,1,0,0.0,0.0,0.0,0.0,-29.8227224886513,-34.468926462526845,-30.006384266091086,-34.347158089067236,-1.9517653514644808,-2.100044770281931,-1.957626751818593,-2.09615864221944
powertrain_simple_cvt,SimpleCVT,EngineModelType_SIMPLE_MAP,TransmissionModelType_AUTOMATIC_SIMPLE_CVT,5.604999999999903,48.16535686265702,0.6320346313646327,-0.45639832956884024,14.730089026199945,-6.735558257146964e-05,-0.16212109647070813,14.728455125102425,0.9111429089163375,-1.571857451674423,0.010667695318242956,-0.018726232264515967,0.0,0.45,0.0,154.07917657808684,1471.3477547958903,568.59,0.0,1.0,435.0146957863936,154.08447200263723,0.0,1,0,0.0,0.0,0.0,0.0,-31.11978285854184,-33.23419395622108,-31.66821932130619,-32.87099825868697,-1.9928526679153065,-2.0603113230397057,-2.01035011022436,-2.048723844460204
powertrain_simple_cvt,SimpleCVT,EngineModelType_SIMPLE_MAP,TransmissionModelType_AUTOMATIC_SIMPLE_CVT,5.609999999999903,48.23901162779827,0.6320335469590023,-0.4572094629207756,14.730953028250273,-0.00021688112608755092,-0.162226670387063,14.72900617569262,0.11021011803898041,-1.5718636535168693,0.010729404395249074,-0.01873238357437178,0.0,0.45,0.0,154.08447200263723,1471.3983223754683,568.59,0.0,1.0,433.3945852611224,154.09514911800161,0.0,1,0,0.0,0.0,0.0,0.0,-32.768478146521005,-31.81571430018027,-33.470689662195404,-31.333759060359938,-2.0454139062322816,-2.015017847865875,-2.0678165848162546,-1.9996420129663477
powertrain_simple_cvt,SimpleCVT,EngineModelType_SIMPLE_MAP,TransmissionModelType_AUTOMATIC_SIMPLE_CVT,5.6149999999999025,48.31267986254511,0.632031969381957,-0.45801988928358983,14.733646949367705,-0.0003155154090547399,-0.1620852725628539,14.731553654166337,0.509495694743489,-1.5718722036626522,0.010903741327840976,-0.01874203562694018,0.0,0.45,0.0,154.09514911800161,1471.5002813167603,568.59,0.0,1.0,432.1636676331541,154.10326131115932,0.0,1,0,0.0,0.0,0.0,0.0,-34.31308470775413,-30.463096800384083,-35.04729935254589,-29.94317703607195,-2.094502242104898,-1.9716971829683465,-2.117921867060076,-1.9551130328518258
powertrain_simple_cvt,SimpleCVT,EngineModelType_SIMPLE_MAP,TransmissionModelType_AUTOMATIC_SIMPLE_CVT,5.619999999999902,48.38641001425452,0.632030613653069,-0.45883009001321146,14.746030341882614,-0.0002711457776018234,-0.16204014592432658,14.744361701695873,2.561609505907169,-1.5718844364387978,0.011129335971354045,-0.018741676803199,0.0,0.45,0.0,154.10326131115932,1471.5777470551823,568.59,0.0,1.0,432.89783226532893,154.09842290022874,0.0,1,0,0.0,0.0,0.0,0.0,-35.10473203078922,-29.627237690839237,-35.46322917774165,-29.338944016329584,-2.1187811256265197,-1.94421442396683,-2.1302063614394453,-1.935026559453407
powertrain_simple_cvt,SimpleCVT,EngineModelType_SIMPLE_MAP,TransmissionModelType_AUTOMATIC_SIMPLE_CVT,5.624999999999902,48.46021628692657,0.6320315360696431,-0.4596413110307976,14.76125453440887,0.00018448331483437487,-0.16224420351722157,14.759846949184778,3.097049497781223,-1.5718907262307287,0.011308250835686668,-0.018734938424632617,0.0,0.45,0.0,154.09842290022874,1471.5315436342037,568.59,0.0,1.0,434.2072119658731,154.0897936135842,0.0,1,0,0.0,0.0,0.0,0.0,-34.60242989457114,-29.933108974492107,-34.51057788073825,-30.085964497494096,-2.1016158814815515,-1.9529616367662077,-2.0986916464641645,-1.957828002285167
powertrain_simple_cvt,SimpleCVT,EngineModelType_SIMPLE_MAP,TransmissionModelType_AUTOMATIC_SIMPLE_CVT,5.629999999999902,48.534057243510425,0.632031391567201,-0.4604516653377601,14.768191316771238,-2.890048843014496e-05,-0.16207086139250243,14.76651031063855,1.3326722907543171,-1.5718887754611508,0.011379591084044838,-0.018734504090757987,0.0,0.45,0.0,154.0897936135842,1471.4491400167133,568.59,0.0,1.0,433.82605537226493,154.09230557363776,0.0,1,0,0.0,0.0,0.0,0.0,-33.35925612373309,-31.19192713876442,-33.01336166300125,-31.690373083288762,-2.0615584943755283,-1.992589735433001,-2.050551438295339,-2.0084512859554184
powertrain_simple_cvt,SimpleCVT,EngineModelType_SIMPLE_MAP,TransmissionModelType_AUTOMATIC_SIMPLE_CVT,5.634999999999902,48.60791181533451,0.6320300399822336,-0.46126193367819496,14.77091436481738,-0.0002703169934851193,-0.16205366808696559,14.769011776931634,0.5002932586169457,-1.5718796540213933,0.011328047919226916,-0.018739200007756283,0.0,0.45,0.0,154.09230557363776,1471.473127468276,568.59,0.0,1.0,432.58942985187156,154.10045538387465,0.0,1,0,0.0,0.0,0.0,0.0,-31.925026975427613,-32.81031618204711,-31.449061795572156,-33.451881707150264,-2.0157463750679003,-2.04391328321813,-2.000602772950701,-2.0643257281940937
powertrain_simple_cvt,SimpleCVT,EngineModelType_SIMPLE_MAP,TransmissionModelType_AUTOMATIC_SIMPLE_CVT,5.639999999999902,48.68178864930284,0.6320284239239435,-0.46207352849994965,14.775366793666032,-0.00032321165801742647,-0.1623189643509417,14.773392700559931,0.8761847256593756,-1.5718661672413135,0.011163676390834626,-0.01874549627992738,0.0,0.45,0.0,154.10045538387465,1471.5509524233435,568.59,0.0,1.0,431.7103616834915,154.1062487616106,0.0,1,0,0.0,0.0,0.0,0.0,-30.551005319659925,-34.32995492815554,-30.02422229890662,-35.00108457144937,-1.971741406370663,-2.0919391467965833,-1.9549859226121764,-2.1132858899432554
powertrain_simple_cvt,SimpleCVT,EngineModelType_SIMPLE_MAP,TransmissionModelType_AUTOMATIC_SIMPLE_CVT,5.644999999999902,48.755730134180375,0.6320268332367743,-0.46288763439591096,14.788296975507368,-0.0003181374338447081,-0.16282117919226297,14.786784882321454,2.6784363523046157,-1.5718540553506173,0.01094522323940908,-0.018740981101625066,0.0,0.45,0.0,154.1062487616106,1471.6062751055763,568.59,0.0,1.0,432.56341168049346,154.100626853051,0.0,1,0,0.0,0.0,0.0,0.0,-29.681965786195377,-35.12525200393614,-29.362416633422853,-35.467085382610804,-1.9432446494578008,-2.116223441945301,-1.9330898965427616,-2.1270863513551257
powertrain_simple_cvt,SimpleCVT,EngineModelType_SIMPLE_MAP,TransmissionModelType_AUTOMATIC_SIMPLE_CVT,5.649999999999902,48.829743754495915,0.6320273403302269,-0.46370331395026393,14.80272406310845,0.00010141869052320181,-0.16313591087059065,14.80140904688152,2.9248329120133487,-1.5718513072048528,0.010770130459681278,-0.018731753501202333,0.0,0.45,0.0,154.100626853051,1471.552589833364,568.59,0.0,1.0,433.6905924154722,154.0931983236043,0.0,1,0,0.0,0.0,0.0,0.0,-29.960982090266555,-34.6610721048551,-30.081858768197037,-34.58452184611561,-1.9511706243387998,-2.100384276286381,-1.9550080935134995,-2.0979540369444534
powertrain_simple_cvt,SimpleCVT,EngineModelType_SIMPLE_MAP,TransmissionModelType_AUTOMATIC_SIMPLE_CVT,5.654999999999902,48.90378357590706,0.6320268191975789,-0.4645210111109669,14.807964282230042,-0.00010422652961117546,-0.16353943214059105,14.806332253786765,0.9846413810489661,-1.5718536316637974,0.010701949603265265,-0.018730247102027947,0.0,0.45,0.0,154.0931983236043,1471.481652602483,568.59,0.0,1.0,432.9873196554135,154.0978331459048,0.0,1,0,0.0,0.0,0.0,0.0,-31.225856869551905,-33.44691423087711,-31.709136479908786,-33.12558971693749,-1.9909969526213873,-2.0614853650247893,-2.0063345179964056,-2.0512876748397937
powertrain_simple_cvt,SimpleCVT,EngineModelType_SIMPLE_MAP,TransmissionModelType_AUTOMATIC_SIMPLE_CVT,5.6599999999999016,48.977828149618325,0.632025271674329,-0.46533926948074383,14.808914742252073,-0.00030950464997863856,-0.16365167395538743,14.806964860091982,0.12652126104342457,-1.5718587172990195,0.010756689841839964,-0.018736411830313,0.0,0.45,0.0,154.0978331459048,1471.5259118952517,568.59,0.0,1.0,431.4106804381665,154.10822376959862,0.0,1,0,0.0,0.0,0.0,0.0,-32.86607448519017,-32.033102203142334,-33.5085122931371,-31.588199034391458,-2.043007027200774,-2.0165725972529307,-2.0633948331290437,-2.002453566042186
powertrain_simple_cvt,SimpleCVT,EngineModelType_SIMPLE_MAP,TransmissionModelType_AUTOMATIC_SIMPLE_CVT,5.6649999999999014,49.051884931961325,0.6320234564411917,-0.4661568850159012,14.811356468599348,-0.0003630466274464287,-0.16352310703146733,14.809231326816905,0.45329334498448304,-1.5718661179485869,0.010925627562566364,-0.018746735296863312,0.0,0.45,0.0,154.10822376959862,1471.6251350426126,568.59,0.0,1.0,430.14686567313356,154.11655276680898,0.0,1,0,0.0,0.0,0.0,0.0,-34.41448523362115,-30.676419208135385,-35.116902182141445,-30.178854959714485,-2.0919787971705923,-1.9733691822208266,-2.1142666335089983,-1.9575813647998372
powertrain_simple_cvt,SimpleCVT,EngineModelType_SIMPLE_MAP,TransmissionModelType_AUTOMATIC_SIMPLE_CVT,5.669999999999901,49.12599945570772,0.6320218713862601,-0.4669738998976124,14.822904749279003,-0.0003170109863259885,-0.16340297634224346,14.821146081359776,2.3829509085743945,-1.571877372427714,0.011150810839705597,-0.018748390957646358,0.0,0.45,0.0,154.11655276680898,1471.7046711072342,568.59,0.0,1.0,430.7163491075948,154.1127996646391,0.0,1,0,0.0,0.0,0.0,0.0,-35.24726902441852,-29.811413155598242,-35.641679740070956,-29.503888693643294,-2.117504113626192,-1.9451619304551382,-2.1300087873044418,-1.9354119594421426
powertrain_simple_cvt,SimpleCVT,EngineModelType_SIMPLE_MAP,TransmissionModelType_AUTOMATIC_SIMPLE_CVT,5.674999999999901,49.20019044957881,0.6320220040911368,-0.4677914745224492,14.838198774217775,2.6540975340052023e-05,-0.1635149249673514,14.836740537310252,3.1188911900952077,-1.5718840656759883,0.01133383009688652,-0.018742765441859762,0.0,0.45,0.0,154.1127996646391,1471.6688316214984,568.59,0.0,1.0,432.03505882960536,154.1041088897726,0.0,1,0,0.0,0.0,0.0,0.0,-34.7935443071342,-30.07050122089389,-34.759528258025085,-30.17026341971416,-2.101959451862623,-1.9523741746487187,-2.1008821167541347,-1.9555337808376765
powertrain_simple_cvt,SimpleCVT,EngineModelType_SIMPLE_MAP,TransmissionModelType_AUTOMATIC_SIMPLE_CVT,5.679999999999901,49.27441791818643,0.6320217356229119,-0.4686082306441556,14.845493721524068,-5.3693645007780316e-05,-0.16335122434128138,14.84376450484623,1.404793507195764,-1.5718825526843665,0.011411129252490833,-0.01874332403013613,0.0,0.45,0.0,154.1041088897726,1471.5858408347399,568.59,0.0,1.0,431.73776947990876,154.10606813430178,0.0,1,0,0.0,0.0,0.0,0.0,-33.57096945722481,-31.297425624564852,-33.278631180930844,-31.744364897707193,-2.062735705810994,-1.99076351529166,-2.0534813312899156,-2.0049119992817572
powertrain_simple_cvt,SimpleCVT,EngineModelType_SIMPLE_MAP,TransmissionModelType_AUTOMATIC_SIMPLE_CVT,5.684999999999901,49.34865935956116,0.6320201266748696,-0.46942483331783147,14.848288274946025,-0.00032178960844395955,-0.16332053473517494,14.846341777596232,0.5154545500001827,-1.5718741031512538,0.0113659054242464,-0.018748914040907456,0.0,0.45,0.0,154.10606813430178,1471.6045502418326,568.59,0.0,1.0,430.53839311035034,154.11397245913844,0.0,1,0,0.0,0.0,0.0,0.0,-32.14087526250444,-32.907167027699806,-31.71365063264148,-33.50372719929341,-2.017287457886892,-2.0415412778419655,-2.0037654161219947,-2.060422941003921
powertrain_simple_cvt,SimpleCVT,EngineModelType_SIMPLE_MAP,TransmissionModelType_AUTOMATIC_SIMPLE_CVT,5.689999999999901,49.422921878903445,0.6320184816807737,-0.4702427015006255,14.852503868456617,-0.0003289988191769043,-0.16357363655881374,14.850459460184613,0.8235365176762774,-1.5718609926299303,0.011206623813943255,-0.01875669207947743,0.0,0.45,0.0,154.11397245913844,1471.6800309840062,568.59,0.0,1.0,429.63164415755983,154.11994826327307,0.0,1,0,0.0,0.0,0.0,0.0,-30.762466106076516,-34.433280404862856,-30.271361566122103,-35.0811362086277,-1.9733896019851265,-2.089541943508589,-1.9578500138704762,-2.1100414737086677
powertrain_simple_cvt,SimpleCVT,EngineModelType_SIMPLE_MAP,TransmissionModelType_AUTOMATIC_SIMPLE_CVT,5.694999999999901,49.49724617361743,0.6320167371948904,-0.4710631623709516,14.86485894279698,-0.0003488971766558278,-0.16409217406520826,14.863249718319556,2.5580516269887545,-1.5718489012325956,0.010988742765025926,-0.018754289855029787,0.0,0.45,0.0,154.11994826327307,1471.7370957100247,568.59,0.0,1.0,430.3604460594894,154.1151451946779,0.0,1,0,0.0,0.0,0.0,0.0,-29.86467027064923,-35.26934785760494,-29.538438112563313,-35.642081764123645,-1.944168255673006,-2.1150365412929575,-1.9338544619879259,-2.1268204826242574
powertrain_simple_cvt,SimpleCVT,EngineModelType_SIMPLE_MAP,TransmissionModelType_AUTOMATIC_SIMPLE_CVT,5.699999999999901,49.57164338981659,0.6320169536060117,-0.47188563777356074,14.879443239833437,4.32822242651342e-05,-0.1644950805218356,14.878071790440554,2.9644144241996093,-1.5718455134890663,0.010809706363126271,-0.018746241519871715,0.0,0.45,0.0,154.1151451946779,1471.6912297834888,568.59,0.0,1.0,431.53629409102433,154.10739593011363,0.0,1,0,0.0,0.0,0.0,0.0,-30.095944158455026,-34.854213852318416,-30.168005546702595,-34.8287574695523,-1.95053205544717,-2.1008143608856353,-1.9528079986483105,-2.1000103619245953
powertrain_simple_cvt,SimpleCVT,EngineModelType_SIMPLE_MAP,TransmissionModelType_AUTOMATIC_SIMPLE_CVT,5.704999999999901,49.64606920262031,0.63201637890553,-0.4727101713158137,14.885162560743119,-0.00011494009635503594,-0.16490670845059596,14.883494645666781,1.0845710452454203,-1.5718475710992752,0.010735643371157877,-0.01874540343630493,0.0,0.45,0.0,154.10739593011363,1471.6172297578448,568.59,0.0,1.0,430.9357179871482,154.11135394424053,0.0,1,0,0.0,0.0,0.0,0.0,-31.329757331676756,-33.65979708315425,-31.758582849294235,-33.38878151109188,-1.9891395348095258,-2.062703284808122,-2.002678365274125,-2.0541468119941793
powertrain_simple_cvt,SimpleCVT,EngineModelType_SIMPLE_MAP,TransmissionModelType_AUTOMATIC_SIMPLE_CVT,5.7099999999999005,49.72050029332003,0.632014876298116,-0.47353536319254075,14.886218139943704,-0.0003005214827831956,-0.16503837534541083,14.884237138214711,0.1484985095860512,-1.5718520444507578,0.010783658255118496,-0.018752114259778397,0.0,0.45,0.0,154.11135394424053,1471.6550260086326,568.59,0.0,1.0,429.4017116216658,154.1214636019944,0.0,1,0,0.0,0.0,0.0,0.0,-32.961828210646,-32.2486701538315,-33.551913904736956,-31.852427305982083,-2.0406151778122203,-2.0181005559484806,-2.0592443668716607,-2.0055910458892523
powertrain_simple_cvt,SimpleCVT,EngineModelType_SIMPLE_MAP,TransmissionModelType_AUTOMATIC_SIMPLE_CVT,5.7149999999999,49.7949425172475,0.6320131305849618,-0.47435999855387706,14.888444785494425,-0.00034914263086180614,-0.16492707226726305,14.886282738952861,0.4091201476299576,-1.5718592887669398,0.010947170833327122,-0.01876311901519307,0.0,0.45,0.0,154.1214636019944,1471.7515661289024,568.59,0.0,1.0,428.11889419810507,154.12991783360954,0.0,1,0,0.0,0.0,0.0,0.0,-34.51854670738382,-30.8857861523285,-35.18513232896466,-30.42727848831312,-2.089611515664429,-1.9749398938260432,-2.110652939441852,-1.9604666532528912
powertrain_simple_cvt,SimpleCVT,EngineModelType_SIMPLE_MAP,TransmissionModelType_AUTOMATIC_SIMPLE_CVT,5.7199999999999,49.86943898982032,0.6320115750673674,-0.475183905036698,14.899294514563941,-0.0003111035188813802,-0.16478129656418747,14.897465450109788,2.236542231385433,-1.5718700999485855,0.011171575143282214,-0.01876623874716827,0.0,0.45,0.0,154.12991783360954,1471.832298093998,568.59,0.0,1.0,428.5517271333252,154.12706530774125,0.0,1,0,0.0,0.0,0.0,0.0,-35.3939134404074,-29.990218903734384,-35.807657342324745,-29.683274426408502,-2.1164046650314514,-1.9459598285398898,-2.129455090297551,-1.9362781004379885
powertrain_simple_cvt,SimpleCVT,EngineModelType_SIMPLE_MAP,TransmissionModelType_AUTOMATIC_SIMPLE_CVT,5.7249999999999,49.94401256075497,0.6320115719723619,-0.476008099650805,14.914714186930913,-6.190011051438512e-07,-0.1648389228213982,14.913223643225166,3.151638623075637,-1.5718774378345621,0.011358505964282686,-0.01876118452475723,0.0,0.45,0.0,154.12706530774125,1471.8050584784637,568.59,0.0,1.0,429.8933371674848,154.11822361152036,0.0,1,0,0.0,0.0,0.0,0.0,-34.98958980446913,-30.20307728309095,-35.00051527327527,-30.260119066734543,-2.1024851931721145,-1.9516672152752046,-2.102829443209184,-1.9534645419146601
powertrain_simple_cvt,SimpleCVT,EngineModelType_SIMPLE_MAP,TransmissionModelType_AUTOMATIC_SIMPLE_CVT,5.7299999999999,50.01862455803467,0.632011491552559,-0.4768315685084162,14.922399455938992,-1.6083960578159836e-05,-0.16469377152224235,14.920662643404253,1.4878000358173755,-1.5718766191068034,0.011441893592937914,-0.018761711020683833,0.0,0.45,0.0,154.11822361152036,1471.7206264989313,568.59,0.0,1.0,429.68523496170644,154.11959508045658,0.0,1,0,0.0,0.0,0.0,0.0,-33.78649692238959,-31.40074937846204,-33.5411147043054,-31.794850502030247,-2.064046234625447,-1.9889113161781673,-2.056318353697268,-2.0013228371937277
powertrain_simple_cvt,SimpleCVT,EngineModelType_SIMPLE_MAP,TransmissionModelType_AUTOMATIC_SIMPLE_CVT,5.7349999999999,50.09325095909663,0.632010012552118,-0.4776547992713679,14.925280212392952,-0.0002958000882090023,-0.16464615259034152,14.92333152289698,0.5337758985454968,-1.571868995734427,0.011403082471127477,-0.018767143266612437,0.0,0.45,0.0,154.11959508045658,1471.733723062561,568.59,0.0,1.0,428.52601290719156,154.1272347738083,0.0,1,0,0.0,0.0,0.0,0.0,-32.35924697428992,-33.003627299790004,-31.978510381546972,-33.54753079496058,-2.018915255610904,-2.0392052501398004,-2.006926771360225,-2.0563314697100425
powertrain_simple_cvt,SimpleCVT,EngineModelType_SIMPLE_MAP,TransmissionModelType_AUTOMATIC_SIMPLE_CVT,5.7399999999999,50.167897381955235,0.6320085659931287,-0.478479191171469,14.929284571721935,-0.0002893117978432704,-0.16487838002021296,14.927230561983798,0.7798078173635925,-1.5718566205514357,0.01124949612567215,-0.018774926559079884,0.0,0.45,0.0,154.1272347738083,1471.8066767601995,568.59,0.0,1.0,427.5907197574265,154.13339869454322,0.0,1,0,0.0,0.0,0.0,0.0,-30.974378111707637,-34.53816141325667,-30.52191125098237,-35.14748928593988,-1.975054295185825,-2.08723999275673,-1.9608109178244353,-2.10642125790735
powertrain_simple_cvt,SimpleCVT,EngineModelType_SIMPLE_MAP,TransmissionModelType_AUTOMATIC_SIMPLE_CVT,5.7449999999999,50.24260240002886,0.6320068748637683,-0.4793061230066973,14.941003614724982,-0.00033822587208034516,-0.16538636704566187,14.939357119109404,2.425311425121331,-1.5718447531154847,0.011032720860872796,-0.018773185025703944,0.0,0.45,0.0,154.13339869454322,1471.8655378674264,568.59,0.0,1.0,428.1961716832306,154.12940854698317,0.0,1,0,0.0,0.0,0.0,0.0,-30.046775498147674,-35.41527892087018,-29.722205166184658,-35.801555142243316,-1.9450861703091333,-2.1139461646331523,-1.934877190245705,-2.126096031255663
powertrain_simple_cvt,SimpleCVT,EngineModelType_SIMPLE_MAP,TransmissionModelType_AUTOMATIC_SIMPLE_CVT,5.7499999999999,50.31738131435506,0.6320070087553553,-0.48013539759115226,14.955782865240987,2.6778317396897698e-05,-0.16585491689099738,14.954418503317063,3.0122768415318224,-1.5718411582623812,0.010849675264987655,-0.018764781220519226,0.0,0.45,0.0,154.12940854698317,1471.8274347649558,568.59,0.0,1.0,429.4102983267301,154.1214070124969,0.0,1,0,0.0,0.0,0.0,0.0,-30.227387504174473,-35.05127732211055,-30.258921876697006,-35.06437779680029,-1.9498095419130475,-2.101386537363949,-1.9508004197358833,-2.101798182461038
powertrain_simple_cvt,SimpleCVT,EngineModelType_SIMPLE_MAP,TransmissionModelType_AUTOMATIC_SIMPLE_CVT,5.7549999999998995,50.39219108827582,0.632006657088419,-0.48096672853002,14.961954784152669,-7.033338726640959e-05,-0.16626618777354957,14.960313807333216,1.1790608032306944,-1.5718431536764501,0.01076927564763034,-0.01876309461996832,0.0,0.45,0.0,154.1214070124969,1471.7510257390068,568.59,0.0,1.0,428.90936572047644,154.12470833987135,0.0,1,0,0.0,0.0,0.0,0.0,-31.43010629221995,-33.87662103465773,-31.80770771698281,-33.64725583301522,-1.9872123764860274,-2.064056839261133,-1.999072749990298,-2.056852531274025
powertrain_simple_cvt,SimpleCVT,EngineModelType_SIMPLE_MAP,TransmissionModelType_AUTOMATIC_SIMPLE_CVT,5.759999999999899,50.46700650666946,0.6320053340312751,-0.48179871781111105,14.96308367872788,-0.00026461142875830413,-0.16639785621821934,14.961140148795618,0.16526829248029526,-1.571847585311774,0.010810502980279418,-0.018768718392116565,0.0,0.45,0.0,154.12470833987135,1471.7825510932316,568.59,0.0,1.0,427.42168177442466,154.1345127160975,0.0,1,0,0.0,0.0,0.0,0.0,-33.05419205771453,-32.46917948581007,-33.593616047289245,-32.11359921731407,-2.0381671913667896,-2.0197930965582445,-2.055109438426855,-2.00862501935928
powertrain_simple_cvt,SimpleCVT,EngineModelType_SIMPLE_MAP,TransmissionModelType_AUTOMATIC_SIMPLE_CVT,5.764999999999899,50.54183219174583,0.6320037478790217,-0.48263026404175247,14.965137015274541,-0.00031723045069424966,-0.16630924612828027,14.96299914870619,0.37179998211450366,-1.5718550029061131,0.010968717150611493,-0.018778962417492003,0.0,0.45,0.0,154.1345127160975,1471.876175989651,568.59,0.0,1.0,426.1224607036218,154.14307505369138,0.0,1,0,0.0,0.0,0.0,0.0,-34.61868165672328,-31.100435160926168,-35.24747837918562,-30.67523155841407,-2.0871696475302453,-1.976682170257481,-2.106916462787573,-1.963329020208167
powertrain_simple_cvt,SimpleCVT,EngineModelType_SIMPLE_MAP,TransmissionModelType_AUTOMATIC_SIMPLE_CVT,5.769999999999899,50.61670855876268,0.6320023004783983,-0.483461085627141,14.975273403370254,-0.00028948012466711946,-0.1661643170777068,14.973436633844095,2.0874970275809535,-1.5718653732938899,0.011191653738351254,-0.01878208323760575,0.0,0.45,0.0,154.14307505369138,1471.9579402908,568.59,0.0,1.0,426.41903787505873,154.14112050267497,0.0,1,0,0.0,0.0,0.0,0.0,-35.53541266234428,-30.174884777356286,-35.96404943735609,-29.86697998707971,-2.1151808912252843,-1.9469555121922288,-2.128632473884858,-1.9372927697978786
powertrain_simple_cvt,SimpleCVT,EngineModelType_SIMPLE_MAP,TransmissionModelType_AUTOMATIC_SIMPLE_CVT,5.774999999999899,50.691662441473476,0.6320021934722893,-0.4842920201760281,14.99077654215861,-2.1401221808436006e-05,-0.16618690977742712,14.98930847868039,3.1743689672592232,-1.571873577360942,0.011382581132507072,-0.018776341446111375,0.0,0.45,0.0,154.14112050267497,1471.9392757034532,568.59,0.0,1.0,427.770713505868,154.13221247052516,0.0,1,0,0.0,0.0,0.0,0.0,-35.184973396473,-30.336524524174685,-35.23554775066542,-30.354527389263048,-2.1030141265368236,-1.9510200483354558,-2.104599582534932,-1.9515844203554895
powertrain_simple_cvt,SimpleCVT,EngineModelType_SIMPLE_MAP,TransmissionModelType_AUTOMATIC_SIMPLE_CVT,5.779999999999899,50.76665688689631,0.6320023135179144,-0.4851222892279168,14.99888908456666,2.4009125018797364e-05,-0.16605381037773081,14.99719759904701,1.5778240733237305,-1.5718732393219517,0.011472094643091811,-0.018775628202727893,0.0,0.45,0.0,154.13221247052516,1471.8542102624613,568.59,0.0,1.0,427.6609867246913,154.13293560976962,0.0,1,0,0.0,0.0,0.0,0.0,-34.00598520653092,-31.498036722221165,-33.79965515718211,-31.847744031236445,-2.0654932258520278,-1.9869128787575783,-2.0590283853677516,-1.997870090157975
powertrain_simple_cvt,SimpleCVT,EngineModelType_SIMPLE_MAP,TransmissionModelType_AUTOMATIC_SIMPLE_CVT,5.784999999999899,50.84166637572484,0.6320009641403327,-0.4859522672894601,15.001897765706655,-0.0002698755163367877,-0.1659956123086636,14.999991870013446,0.5588541932873289,-1.5718665662560949,0.011440302183355783,-0.01877989079623665,0.0,0.45,0.0,154.13293560976962,1471.8611157335793,568.59,0.0,1.0,426.5425729077523,154.14030636204998,0.0,1,0,0.0,0.0,0.0,0.0,-32.58294363819912,-33.091196492068775,-32.238885658608964,-33.59319540448233,-2.0207155675995736,-2.036637443964773,-2.009937372117174,-2.0523634050844386
powertrain_simple_cvt,SimpleCVT,EngineModelType_SIMPLE_MAP,TransmissionModelType_AUTOMATIC_SIMPLE_CVT,5.789999999999899,50.91669491377422,0.6319996479636316,-0.4867833269803528,15.005707609875993,-0.00026323534022489807,-0.1662119381785373,15.00368659636475,0.738945270260787,-1.571854415816704,0.01129247245011598,-0.01878673598001367,0.0,0.45,0.0,154.14030636204998,1471.9315012331626,568.59,0.0,1.0,425.5953154045202,154.14654913220915,0.0,1,0,0.0,0.0,0.0,0.0,-31.193946315752665,-34.632502678168436,-30.769812949721874,-35.2134980837934,-1.9769622472202053,-2.084654288394316,-1.9636788273475083,-2.102850465670461
powertrain_simple_cvt,SimpleCVT,EngineModelType_SIMPLE_MAP,TransmissionModelType_AUTOMATIC_SIMPLE_CVT,5.794999999999899,50.991778842534906,0.6319980981418748,-0.4876168342383623,15.016785752137288,-0.0003099643513688597,-0.166701451601895,15.015130982641754,2.288877255400883,-1.5718428837862182,0.011077337008357443,-0.0187850197503311,0.0,0.45,0.0,154.14654913220915,1471.9911152969278,568.59,0.0,1.0,426.0709878445507,154.14341427848245,0.0,1,0,0.0,0.0,0.0,0.0,-30.234469629650988,-35.553162214092175,-29.90756150787827,-35.954716844419536,-1.9461906989287812,-2.112639706154771,-1.9359600771247765,-2.125206397781301
powertrain_simple_cvt,SimpleCVT,EngineModelType_SIMPLE_MAP,TransmissionModelType_AUTOMATIC_SIMPLE_CVT,5.799999999999899,51.06693730720199,0.6319980926339613,-0.48845289253560686,15.031692933416961,-1.1015826871646744e-06,-0.16721165944891983,15.030357107620828,3.0452249958149418,-1.5718386781311031,0.010890699858300507,-0.018775812560223273,0.0,0.45,0.0,154.14341427848245,1471.9611796489394,568.59,0.0,1.0,427.3090431119376,154.13525504569483,0.0,1,0,0.0,0.0,0.0,0.0,-30.36059041796127,-35.24581490879115,-30.353997987604842,-35.295066805735914,-1.9491751483513655,-2.101903854116915,-1.948969046593283,-2.103443635654282
powertrain_simple_cvt,SimpleCVT,EngineModelType_SIMPLE_MAP,TransmissionModelType_AUTOMATIC_SIMPLE_CVT,5.8049999999998985,51.14212885361687,0.6319979089010783,-0.48929097657586973,15.038309282976185,-3.674657660089056e-05,-0.16761680805257126,15.036710770939456,1.2707326637255094,-1.5718405653237468,0.010804029626941545,-0.018772968974964714,0.0,0.45,0.0,154.13525504569483,1471.88326471514,568.59,0.0,1.0,426.9108500339623,154.13787928235308,0.0,1,0,0.0,0.0,0.0,0.0,-31.524115359470738,-34.097348561693956,-31.859756804918234,-33.902426269605364,-1.985134450816454,-2.0655484655663794,-1.9956233082280488,-2.059457107792215
powertrain_simple_cvt,SimpleCVT,EngineModelType_SIMPLE_MAP,TransmissionModelType_AUTOMATIC_SIMPLE_CVT,5.809999999999898,51.21732685965668,0.6319967013080335,-0.49012984698438533,15.039601207962432,-0.00024151860895836076,-0.1677740817031208,15.037693120196602,0.19646985142927484,-1.571845012356031,0.010839131992247465,-0.018777616406874913,0.0,0.45,0.0,154.13787928235308,1471.9083243293005,568.59,0.0,1.0,425.4743574041814,154.14734628925723,0.0,1,0,0.0,0.0,0.0,0.0,-33.13695213564687,-32.69598595603597,-33.63888141321041,-32.370677428091064,-2.0354682519506615,-2.0216888772724495,-2.0511526102921906,-2.011523589547831
powertrain_simple_cvt,SimpleCVT,EngineModelType_SIMPLE_MAP,TransmissionModelType_AUTOMATIC_SIMPLE_CVT,5.814999999999898,51.29253418485581,0.6319952316012147,-0.4909682576250513,15.041465039825596,-0.0002939413637562363,-0.16768212813319655,15.039351517545937,0.33167946986694824,-1.5718516146760242,0.01099017559336238,-0.0187871475193526,0.0,0.45,0.0,154.14734628925723,1471.998727586005,568.59,0.0,1.0,424.159249720263,154.15601332538765,0.0,1,0,0.0,0.0,0.0,0.0,-34.70782916739419,-31.3222524536867,-35.31124041029343,-30.919740430841628,-2.0844356491522316,-1.9786543263395349,-2.103289051355615,-1.9660779596448517
powertrain_simple_cvt,SimpleCVT,EngineModelType_SIMPLE_MAP,TransmissionModelType_AUTOMATIC_SIMPLE_CVT,5.819999999999898,51.367788665674205,0.6319938810297878,-0.4918059307101537,15.050896163678328,-0.0002701142853839748,-0.16753461702048378,15.049040630406195,1.9378225720516142,-1.571862396390679,0.011211888008677888,-0.018790577201855677,0.0,0.45,0.0,154.15601332538765,1472.081491684532,568.59,0.0,1.0,424.324776750768,154.15492244228238,0.0,1,0,0.0,0.0,0.0,0.0,-35.66900802362117,-30.365955950779984,-36.11588360453055,-30.051884584583494,-2.113749858342112,-1.9481642751659163,-2.127703361467424,-1.938357528104742
powertrain_simple_cvt,SimpleCVT,EngineModelType_SIMPLE_MAP,TransmissionModelType_AUTOMATIC_SIMPLE_CVT,5.824999999999898,51.44312040976146,0.6319935186501848,-0.49264311847769576,15.066348817451775,-7.247592059640797e-05,-0.1674375535084087,15.064889839223243,3.169841763409732,-1.5718706570487628,0.011406652633947533,-0.01878449818913879,0.0,0.45,0.0,154.15492244228238,1472.0710745182196,568.59,0.0,1.0,425.6647309783802,154.1460916584266,0.0,1,0,0.0,0.0,0.0,0.0,-35.38270897718725,-30.466417112411964,-35.46480518234655,-30.45801415345224,-2.103647960643671,-1.950300304476739,-2.106208683437934,-1.950038201636472
powertrain_simple_cvt,SimpleCVT,EngineModelType_SIMPLE_MAP,TransmissionModelType_AUTOMATIC_SIMPLE_CVT,5.829999999999898,51.51849486301458,0.6319939180968062,-0.49347975584151693,15.074890650623162,7.988932426858993e-05,-0.16732747276423474,15.073202618188816,1.6625557931146417,-1.5718717593438272,0.011502682512668954,-0.01878354043780006,0.0,0.45,0.0,154.1460916584266,1471.9867467440981,568.59,0.0,1.0,425.6464036004289,154.1462124424877,0.0,1,0,0.0,0.0,0.0,0.0,-34.22768459901141,-31.593095007225124,-34.05324509322784,-31.908738232572425,-2.067031963974757,-1.9848998729693266,-2.0615938944520407,-1.9947399020160876
powertrain_simple_cvt,SimpleCVT,EngineModelType_SIMPLE_MAP,TransmissionModelType_AUTOMATIC_SIMPLE_CVT,5.834999999999898,51.593885009442985,0.631992626924594,-0.49431605247795485,15.078029285680337,-0.0002582344424192796,-0.16725932728758625,15.076137922281335,0.5870608185038276,-1.571865580784537,0.011478130455651443,-0.018787317631486486,0.0,0.45,0.0,154.1462124424877,1471.98790014692,568.59,0.0,1.0,424.5744059751247,154.15327729524756,0.0,1,0,0.0,0.0,0.0,0.0,-32.81227833436209,-33.1728460625048,-32.49457078919389,-33.6475442106844,-2.022708180888253,-2.0339465216574664,-2.0128057260125978,-2.0487421318448686
powertrain_simple_cvt,SimpleCVT,EngineModelType_SIMPLE_MAP,TransmissionModelType_AUTOMATIC_SIMPLE_CVT,5.839999999999898,51.669293540783066,0.631991499233511,-0.4951533665124448,15.081706268015502,-0.00022553821660383421,-0.16746280689798693,15.079672184812278,0.7068525061885973,-1.5718543154363782,0.01133663377225284,-0.018794309247757185,0.0,0.45,0.0,154.15327729524756,1472.0553645212572,568.59,0.0,1.0,423.6131783452706,154.1596121336029,0.0,1,0,0.0,0.0,0.0,0.0,-31.417730980014877,-34.7210682284557,-31.01424690569211,-35.28240684021937,-1.9790127800243538,-2.081948583536429,-1.9664397503058948,-2.09944054293946
powertrain_simple_cvt,SimpleCVT,EngineModelType_SIMPLE_MAP,TransmissionModelType_AUTOMATIC_SIMPLE_CVT,5.844999999999898,51.7447544982691,0.6319899114565506,-0.4959931178713547,15.092191497207953,-0.00031755539206989236,-0.16795027178198238,15.090502976893463,2.1661584162370424,-1.5718425459719596,0.011123546363980647,-0.01879324054825609,0.0,0.45,0.0,154.1596121336029,1472.1158577715337,568.59,0.0,1.0,423.9832269511454,154.15717337921313,0.0,1,0,0.0,0.0,0.0,0.0,-30.428334435796422,-35.68467596921714,-30.0965508444027,-36.102132266424086,-1.947501509609999,-2.111177623675672,-1.9371701701023207,-2.1241767075602787
powertrain_simple_cvt,SimpleCVT,EngineModelType_SIMPLE_MAP,TransmissionModelType_AUTOMATIC_SIMPLE_CVT,5.8499999999998975,51.82029026791601,0.6319899197986191,-0.49683547548542234,15.107153929380695,1.6684136956027565e-06,-0.16847152281352887,15.105792861036555,3.0579768286185014,-1.5718384727435957,0.01093391293902435,-0.01878447247695002,0.0,0.45,0.0,154.15717337921313,1472.0925693825668,568.59,0.0,1.0,425.22812230579143,154.14896906777219,0.0,1,0,0.0,0.0,0.0,0.0,-30.494194760687826,-35.43896237800343,-30.45969385363764,-35.517029373072184,-1.9485911960972,-2.1024094249549443,-1.9475179670140248,-2.104837876167024
powertrain_simple_cvt,SimpleCVT,EngineModelType_SIMPLE_MAP,TransmissionModelType_AUTOMATIC_SIMPLE_CVT,5.854999999999897,51.895861496769484,0.6319898433330684,-0.49767990878591645,15.114245770694788,-1.5293110142919515e-05,-0.16888666009882677,15.112652349780458,1.3718977487805555,-1.5718398352534906,0.01084138193796467,-0.01878134664621122,0.0,0.45,0.0,154.14896906777219,1472.014223979337,568.59,0.0,1.0,424.9305190235682,154.1509303812305,0.0,1,0,0.0,0.0,0.0,0.0,-31.614689733829884,-34.31910986700097,-31.92135833582156,-34.149420473385476,-1.9830003603664232,-2.0670893072411625,-1.9925356538900632,-2.0618131290949036
powertrain_simple_cvt,SimpleCVT,EngineModelType_SIMPLE_MAP,TransmissionModelType_AUTOMATIC_SIMPLE_CVT,5.859999999999897,51.97143985600408,0.6319887593108989,-0.4985251717742897,15.11567184691956,-0.00021680443388538652,-0.16905259767464167,15.11376279970958,0.22208998582442993,-1.5718444502876023,0.010870102147834654,-0.0187858534062006,0.0,0.45,0.0,154.1509303812305,1472.0329531432476,568.59,0.0,1.0,423.54885522234326,154.1600360462887,0.0,1,0,0.0,0.0,0.0,0.0,-33.2142724302603,-32.92491283844108,-33.692882062302786,-32.62109826320078,-2.032660550639264,-2.0236641098456802,-2.047540939399969,-2.0142182510746163
powertrain_simple_cvt,SimpleCVT,EngineModelType_SIMPLE_MAP,TransmissionModelType_AUTOMATIC_SIMPLE_CVT,5.864999999999897,52.047026964598835,0.6319874177110764,-0.49937010139771215,15.117421718950817,-0.00026831996450291844,-0.16898592468449822,15.115302026530822,0.30784536424840014,-1.5718507881786197,0.01101590141631098,-0.018795373299922973,0.0,0.45,0.0,154.1600360462887,1472.1199058394968,568.59,0.0,1.0,422.2286517540438,154.1687366654845,0.0,1,0,0.0,0.0,0.0,0.0,-34.79077694438794,-31.547155623291356,-35.37855440979787,-31.160322560126485,-2.081565294393263,-1.9807285624438782,-2.0998379448842246,-1.9687028115814658
powertrain_simple_cvt,SimpleCVT,EngineModelType_SIMPLE_MAP,TransmissionModelType_AUTOMATIC_SIMPLE_CVT,5.869999999999897,52.122657857278945,0.6319861264268748,-0.5002142607371113,15.12617853602236,-0.00025825684031936043,-0.16883186787983084,15.124267804173122,1.7931555284601712,-1.5718610542352307,0.01123504488926956,-0.018799946034053473,0.0,0.45,0.0,154.1687366654845,1472.2029906326748,568.59,0.0,1.0,422.27355495095634,154.1684407371474,0.0,1,0,0.0,0.0,0.0,0.0,-35.79719330449865,-30.559827931785247,-36.25989759885407,-30.241236408977052,-2.112192758788799,-1.9494716260699658,-2.1265686446652454,-1.939573219184691
powertrain_simple_cvt,SimpleCVT,EngineModelType_SIMPLE_MAP,TransmissionModelType_AUTOMATIC_SIMPLE_CVT,5.874999999999897,52.19836572589933,0.6319858860116168,-0.5010582585942759,15.141573724076261,-4.80830516092442e-05,-0.16879957143291535,15.14007650713439,3.1617405922536044,-1.571869341455192,0.01143273883674406,-0.018794624988053156,0.0,0.45,0.0,154.1684407371474,1472.2001647252162,568.59,0.0,1.0,423.5963254396941,154.15972320035684,0.0,1,0,0.0,0.0,0.0,0.0,-35.577214498778545,-30.599531395076674,-35.685824809903764,-30.565051549954244,-2.1042040035331535,-1.9497124929171203,-2.1075749234339676,-1.948642347781764
powertrain_simple_cvt,SimpleCVT,EngineModelType_SIMPLE_MAP,TransmissionModelType_AUTOMATIC_SIMPLE_CVT,5.879999999999897,52.27411865251038,0.6319863348709275,-0.5019016635466783,15.150585322210047,8.977186213785546e-05,-0.16868099048047686,15.148899924336586,1.7646834404392229,-1.5718701217694762,0.011534582881896984,-0.018793470887651202,0.0,0.45,0.0,154.15972320035684,1472.1169183809077,568.59,0.0,1.0,423.6781189489025,154.1591841514955,0.0,1,0,0.0,0.0,0.0,0.0,-34.45435768779889,-31.67895860586652,-34.300588758801965,-31.971967424843655,-2.0687312450646944,-1.9826418237130559,-2.0639615244845504,-1.9917305921863473
powertrain_simple_cvt,SimpleCVT,EngineModelType_SIMPLE_MAP,TransmissionModelType_AUTOMATIC_SIMPLE_CVT,5.884999999999897,52.34988800880338,0.6319852469370367,-0.5027447517376028,15.153871258600308,-0.0002175867781416328,-0.1686176381849077,15.151971134014632,0.6142419356091853,-1.5718635949566484,0.011516047005190752,-0.01879730516657766,0.0,0.45,0.0,154.1591841514955,1472.111770843457,568.59,0.0,1.0,422.6615145261563,154.16588394298026,0.0,1,0,0.0,0.0,0.0,0.0,-33.045338921477594,-33.24621148045407,-32.745455337933116,-33.70242594429387,-2.0248174723844037,-2.0310470259275166,-2.015517342740465,-2.045195361788392
powertrain_simple_cvt,SimpleCVT,EngineModelType_SIMPLE_MAP,TransmissionModelType_AUTOMATIC_SIMPLE_CVT,5.889999999999897,52.42567506513739,0.6319842156033908,-0.5035887264966576,15.157411266802029,-0.00020626672918432607,-0.1687949518109698,15.155363249771863,0.6784231514462535,-1.5718521323040113,0.011380608984985122,-0.01880447716899904,0.0,0.45,0.0,154.16588394298026,1472.175749139406,568.59,0.0,1.0,421.6807884045138,154.17234728346122,0.0,1,0,0.0,0.0,0.0,0.0,-31.64564702567717,-34.800640527478336,-31.25559201001321,-35.35024981415244,-1.9811899122635381,-2.0790121433815343,-1.969096051572785,-2.0960530680728016
powertrain_simple_cvt,SimpleCVT,EngineModelType_SIMPLE_MAP,TransmissionModelType_AUTOMATIC_SIMPLE_CVT,5.8949999999998965,52.501511428625335,0.6319827874996145,-0.5044350882075388,15.167272697588654,-0.00028562075526957235,-0.1692723421762339,15.16552891780659,2.0331336069454133,-1.571839416964573,0.01116966507866525,-0.018804544079356122,0.0,0.45,0.0,154.17234728346122,1472.2374694945918,568.59,0.0,1.0,421.9378172844083,154.17065337001534,0.0,1,0,0.0,0.0,0.0,0.0,-30.62340143168995,-35.81173649731725,-30.288271339694074,-36.24232052974517,-1.9488581908841422,-2.1096174140244375,-1.9384742714651526,-2.122958949155488
powertrain_simple_cvt,SimpleCVT,EngineModelType_SIMPLE_MAP,TransmissionModelType_AUTOMATIC_SIMPLE_CVT,5.899999999999896,52.57742268532826,0.6319827668800685,-0.5052841821423992,15.182251340585191,-4.123909186244928e-06,-0.16981878697207986,15.180866503229074,3.06751708449695,-1.5718342247638997,0.010976466129442095,-0.01879618802429967,0.0,0.45,0.0,154.17065337001534,1472.221293812707,568.59,0.0,1.0,423.1817763310465,154.16245522918337,0.0,1,0,0.0,0.0,0.0,0.0,-30.623754458696542,-35.63555524719261,-30.56669520179191,-35.73392790611312,-1.947910464602309,-2.1030429262449544,-1.946144284469325,-2.106087898178336
powertrain_simple_cvt,SimpleCVT,EngineModelType_SIMPLE_MAP,TransmissionModelType_AUTOMATIC_SIMPLE_CVT,5.904999999999896,52.65337178153077,0.6319829400822375,-0.5061353857219341,15.189819240503056,3.464043379964232e-05,-0.17024071590695958,15.188223667976718,1.4714329495287928,-1.571834667020321,0.010877488738763435,-0.018792938749349987,0.0,0.45,0.0,154.16245522918337,1472.1430073344525,568.59,0.0,1.0,422.9934004549871,154.16369669445945,0.0,1,0,0.0,0.0,0.0,0.0,-31.698632311115148,-34.547452405494525,-31.982376072141008,-34.39457286377132,-1.980706345166515,-2.0688444047324497,-1.9894849354889086,-2.064114549666699
powertrain_simple_cvt,SimpleCVT,EngineModelType_SIMPLE_MAP,TransmissionModelType_AUTOMATIC_SIMPLE_CVT,5.909999999999896,52.729328832457696,0.6319820138012963,-0.5069875010060755,15.191410185385429,-0.00018525618826492228,-0.17042305682828257,15.18950256663188,0.25577973103239604,-1.571838576548361,0.010899090836876504,-0.018797248619355895,0.0,0.45,0.0,154.16369669445945,1472.1548624545744,568.59,0.0,1.0,421.6560974931857,154.17251000551295,0.0,1,0,0.0,0.0,0.0,0.0,-33.28376679348064,-33.159473336759916,-33.74403072051956,-32.869569247435905,-2.029661237927199,-2.025816115609542,-2.0438998884930646,-2.0168476894892153
powertrain_simple_cvt,SimpleCVT,EngineModelType_SIMPLE_MAP,TransmissionModelType_AUTOMATIC_SIMPLE_CVT,5.914999999999896,52.80529403484879,0.6319808516717496,-0.5078393190078588,15.193040478218498,-0.00023242590933101942,-0.1703636003566768,15.1909147391609,0.2824345058041249,-1.5718441916510106,0.011038134119676166,-0.01880674697742453,0.0,0.45,0.0,154.17251000551295,1472.2390233757249,568.59,0.0,1.0,420.3356487490089,154.18121224116567,0.0,1,0,0.0,0.0,0.0,0.0,-34.867580646394224,-31.776587430396667,-35.4409722468022,-31.400903736489504,-2.078557573857179,-1.9829439957983848,-2.0962942748826365,-1.9713229860831576
powertrain_simple_cvt,SimpleCVT,EngineModelType_SIMPLE_MAP,TransmissionModelType_AUTOMATIC_SIMPLE_CVT,5.919999999999896,52.88129978984094,0.6319796863311318,-0.5086903649004242,15.201150998428657,-0.00023306812355385108,-0.17020917851306372,15.1991999059669,1.6570333611998576,-1.5718539754900815,0.011254855436934004,-0.01881211132416279,0.0,0.45,0.0,154.18121224116567,1472.3221236049296,568.59,0.0,1.0,420.2620013929472,154.1816976039262,0.0,1,0,0.0,0.0,0.0,0.0,-35.92150406323796,-30.75562705144823,-36.39534418700558,-30.432928206522334,-2.110552849080494,-1.9508440734305974,-2.125202138223075,-1.9408674833358026
powertrain_simple_cvt,SimpleCVT,EngineModelType_SIMPLE_MAP,TransmissionModelType_AUTOMATIC_SIMPLE_CVT,5.924999999999896,52.95738176542115,0.6319794612386838,-0.5095411644121932,15.216395116041731,-4.5018489609321166e-05,-0.17015990235379672,15.214872273052306,3.1344734170812627,-1.5718621560179902,0.01145565659295095,-0.018807245641635686,0.0,0.45,0.0,154.1816976039262,1472.3267584778814,568.59,0.0,1.0,421.55514406125525,154.17317532520707,0.0,1,0,0.0,0.0,0.0,0.0,-35.77440882951544,-30.7298186134849,-35.90189069354203,-30.675120805666523,-2.104865976348871,-1.9490675641130248,-2.1088031587866225,-1.94737826305071
powertrain_simple_cvt,SimpleCVT,EngineModelType_SIMPLE_MAP,TransmissionModelType_AUTOMATIC_SIMPLE_CVT,5.929999999999896,53.033510932220224,0.631980077205608,-0.5103914458904606,15.22583335981581,0.0001231933848587954,-0.17005629565348035,15.224153570842523,1.8562595580434444,-1.5718633692422834,0.01156396055468406,-0.01880580736263557,0.0,0.45,0.0,154.17317532520707,1472.2453767108082,568.59,0.0,1.0,421.72796697803955,154.17203635956784,0.0,1,0,0.0,0.0,0.0,0.0,-34.684832896380136,-31.762581104000574,-34.546423758081104,-32.03554040632444,-2.0705621762265927,-1.980365626983352,-2.066290119078452,-1.9887906323910511
powertrain_simple_cvt,SimpleCVT,EngineModelType_SIMPLE_MAP,TransmissionModelType_AUTOMATIC_SIMPLE_CVT,5.934999999999896,53.10965738018892,0.6319791840826524,-0.5112413653267864,15.229289593738763,-0.00017862459112314702,-0.16998388726516042,15.227390884629957,0.6474627574867635,-1.571856847793867,0.011552074683420527,-0.018809451244276226,0.0,0.45,0.0,154.17203635956784,1472.2345003901185,568.59,0.0,1.0,420.75190988357036,154.178468929468,0.0,1,0,0.0,0.0,0.0,0.0,-33.28360519477197,-33.31423934693656,-32.99546539643704,-33.75569715822963,-2.0270942802689746,-2.0280396154357936,-2.0182026131236697,-2.0416625024489585
powertrain_simple_cvt,SimpleCVT,EngineModelType_SIMPLE_MAP,TransmissionModelType_AUTOMATIC_SIMPLE_CVT,5.939999999999896,53.18582079756506,0.6319782579323767,-0.5120921033223268,15.232683475227255,-0.00018523005514878722,-0.17014759910807395,15.230635121794629,0.6488474329344879,-1.571846039242084,0.01142340167294755,-0.01881648021167744,0.0,0.45,0.0,154.178468929468,1472.295926907902,568.59,0.0,1.0,419.7704570079816,154.18493705952082,0.0,1,0,0.0,0.0,0.0,0.0,-31.879664351637224,-34.87633886985875,-31.498918105484506,-35.414959013660315,-1.9835607089948595,-2.07601498584227,-1.9718138146837256,-2.0926326517208373
powertrain_simple_cvt,SimpleCVT,EngineModelType_SIMPLE_MAP,TransmissionModelType_AUTOMATIC_SIMPLE_CVT,5.9449999999998955,53.262030567064365,0.6319769607499887,-0.5129450707252654,15.241953899861835,-0.0002594364776167218,-0.17059348058772203,15.240171978745893,1.9073713902529172,-1.5718329111050802,0.011214736981798472,-0.01881727618861697,0.0,0.45,0.0,154.18493705952082,1472.35769300013,568.59,0.0,1.0,419.917652280698,154.18396698934146,0.0,1,0,0.0,0.0,0.0,0.0,-30.825028623664423,-35.93268831016227,-30.48445849018989,-36.37535385249491,-1.9504276572771229,-2.1079120537808187,-1.9399268633265776,-2.121560753981328
powertrain_simple_cvt,SimpleCVT,EngineModelType_SIMPLE_MAP,TransmissionModelType_AUTOMATIC_SIMPLE_CVT,5.949999999999895,53.33831486779864,0.6319768759531965,-0.5138008125784536,15.256860146854246,-1.6959358426650323e-05,-0.17114837063762017,15.255463877022898,3.058379655400921,-1.5718277136625989,0.011018331037769355,-0.018809036651506742,0.0,0.45,0.0,154.18396698934146,1472.3484295122785,568.59,0.0,1.0,421.1454335431231,154.17587546596903,0.0,1,0,0.0,0.0,0.0,0.0,-30.75516730873041,-35.83153168430172,-30.67983604927163,-35.946057605491546,-1.947323086001938,-2.1036856613591985,-1.945002726614309,-2.107213297804797
powertrain_simple_cvt,SimpleCVT,EngineModelType_SIMPLE_MAP,TransmissionModelType_AUTOMATIC_SIMPLE_CVT,5.954999999999895,53.41463957046729,0.6319772242844806,-0.514658641437253,15.264940533730211,6.966625681536012e-05,-0.1715657717598952,15.263360720661032,1.5793687276268624,-1.571828026769274,0.010912981992228876,-0.018805240189732158,0.0,0.45,0.0,154.17587546596903,1472.2711611557665,568.59,0.0,1.0,421.0641500895794,154.17641115337872,0.0,1,0,0.0,0.0,0.0,0.0,-31.780144908358196,-34.777795011947426,-32.045560484036976,-34.63798097646969,-1.9783880736188728,-2.0706741572314975,-1.9865591953851711,-2.066369822395065
powertrain_simple_cvt,SimpleCVT,EngineModelType_SIMPLE_MAP,TransmissionModelType_AUTOMATIC_SIMPLE_CVT,5.959999999999895,53.490973213663835,0.6319763835866478,-0.5155174243039308,15.266728639309362,-0.00016813956656729773,-0.17175657333553987,15.264840513523751,0.29595857254385927,-1.5718321786975835,0.01092697581502756,-0.01880892547011323,0.0,0.45,0.0,154.17641115337872,1472.2762765937189,568.59,0.0,1.0,419.78344956999194,154.18485143382966,0.0,1,0,0.0,0.0,0.0,0.0,-33.34738480485278,-33.39916343466562,-33.79595167235734,-33.117626851481205,-2.026537821074362,-2.0281317308258267,-2.040346125907528,-2.019465145654422
powertrain_simple_cvt,SimpleCVT,EngineModelType_SIMPLE_MAP,TransmissionModelType_AUTOMATIC_SIMPLE_CVT,5.964999999999895,53.567314539246425,0.6319753143492409,-0.5163759976700738,15.268265116517487,-0.0002138474813647216,-0.1717146732285964,15.266153312711497,0.2625598375491534,-1.5718382338467662,0.011059549793387169,-0.018817937287042407,0.0,0.45,0.0,154.18485143382966,1472.3568753350098,568.59,0.0,1.0,418.4668388834143,154.19352837529217,0.0,1,0,0.0,0.0,0.0,0.0,-34.93731112686691,-32.01143117204423,-35.501471821722575,-31.642358686065815,-2.075388289520515,-1.9853282093805902,-2.0927534439954107,-1.9739679696653993
powertrain_simple_cvt,SimpleCVT,EngineModelType_SIMPLE_MAP,TransmissionModelType_AUTOMATIC_SIMPLE_CVT,5.969999999999895,53.643693260343056,0.6319741615247615,-0.5172337364664584,15.275744219325817,-0.0002305648958913463,-0.17154775927692786,15.273773670965513,1.5240716508032262,-1.5718480227389993,0.011272647335846103,-0.018823607402537954,0.0,0.45,0.0,154.19352837529217,1472.4397340224905,568.59,0.0,1.0,418.2829310197014,154.19474039474804,0.0,1,0,0.0,0.0,0.0,0.0,-36.03906754133429,-30.95718552388521,-36.52379053859182,-30.629073494051873,-2.108747464934936,-1.9524025817749402,-2.1236600426199317,-1.9423081646295708
powertrain_simple_cvt,SimpleCVT,EngineModelType_SIMPLE_MAP,TransmissionModelType_AUTOMATIC_SIMPLE_CVT,5.974999999999895,53.72014720663125,0.6319738726988233,-0.5180912017205872,15.290789257639926,-5.7765187639411265e-05,-0.1714930508257626,15.28925616246801,3.096498300499628,-1.5718572961118882,0.011476452629926692,-0.018818845023871062,0.0,0.45,0.0,154.19474039474804,1472.451307955742,568.59,0.0,1.0,419.53267033243316,154.18650415986818,0.0,1,0,0.0,0.0,0.0,0.0,-35.96824154355577,-30.863149323518655,-36.112424101635916,-30.790240977175525,-2.1054479381937834,-1.9485480335349676,-2.109879244944217,-1.9463072684131995
powertrain_simple_cvt,SimpleCVT,EngineModelType_SIMPLE_MAP,TransmissionModelType_AUTOMATIC_SIMPLE_CVT,5.979999999999895,53.796650702886474,0.6319745348982009,-0.5189481622739531,15.300699251043765,0.00013243987551640117,-0.17139211067318372,15.299045061151027,1.957779736603313,-1.571859315098479,0.011590913502132231,-0.018816665112399204,0.0,0.45,0.0,154.18650415986818,1472.3726577061263,568.59,0.0,1.0,419.8019818244841,154.18472929955792,0.0,1,0,0.0,0.0,0.0,0.0,-34.918719070049775,-31.84052561636545,-34.789305552209505,-32.10123319490166,-2.0725052462707048,-1.9779605803713127,-2.0685303960895283,-1.985968040357508
powertrain_simple_cvt,SimpleCVT,EngineModelType_SIMPLE_MAP,TransmissionModelType_AUTOMATIC_SIMPLE_CVT,5.984999999999895,53.87317244961074,0.6319737311886395,-0.5198047747907137,15.304349344853684,-0.00016074191227491994,-0.17132250335213065,15.302470869179734,0.685161605741428,-1.5718539826378546,0.01158644644908829,-0.018819693974625722,0.0,0.45,0.0,154.18472929955792,1472.3557090386257,568.59,0.0,1.0,418.8806120985354,154.1908014598851,0.0,1,0,0.0,0.0,0.0,0.0,-33.52595384273677,-33.37560566089232,-33.243387399640575,-33.80989257199582,-2.0294968600418235,-2.024880049380808,-2.020819962516841,-2.0382158969881736
powertrain_simple_cvt,SimpleCVT,EngineModelType_SIMPLE_MAP,TransmissionModelType_AUTOMATIC_SIMPLE_CVT,5.9899999999998945,53.94971062331304,0.6319728059379216,-0.5206621451718891,15.30763474045971,-0.00018505014359296084,-0.17147407623507588,15.305603563478375,0.6265388597281563,-1.5718434315588012,0.011463729868049671,-0.018826186628860653,0.0,0.45,0.0,154.1908014598851,1472.4136938985048,568.59,0.0,1.0,417.89934720606675,154.197268351061,0.0,1,0,0.0,0.0,0.0,0.0,-32.11882337957286,-34.943068007285724,-31.740597981893238,-35.478123700354644,-1.9860855890763258,-2.072793215146622,-1.9744736252859048,-2.0892200531429372
powertrain_simple_cvt,SimpleCVT,EngineModelType_SIMPLE_MAP,TransmissionModelType_AUTOMATIC_SIMPLE_CVT,5.994999999999894,54.026292235388986,0.6319715387509192,-0.5215216451091845,15.316322415189758,-0.00025343740049111924,-0.171899987459069,15.314517586446462,1.7828045936174088,-1.5718312201673048,0.011258530078542092,-0.018827378406704058,0.0,0.45,0.0,154.197268351061,1472.4754481603297,568.59,0.0,1.0,417.9379801282918,154.19701374610594,0.0,1,0,0.0,0.0,0.0,0.0,-31.0300412880667,-36.047373504363236,-30.68225365244616,-36.50178226653399,-1.9521041925712972,-2.106052522652833,-1.9414329187910038,-2.119995284880813
powertrain_simple_cvt,SimpleCVT,EngineModelType_SIMPLE_MAP,TransmissionModelType_AUTOMATIC_SIMPLE_CVT,5.999999999999894,54.102947681119595,0.631971291593792,-0.5223840148386428,15.331089146122252,-4.943142544658482e-05,-0.17247394589166914,15.329690422541551,3.0345672190180233,-1.5718253200229204,0.011059375110179114,-0.01881907245155472,0.0,0.45,0.0,154.19701374610594,1472.4730168621018,568.59,0.0,1.0,419.1350740662152,154.18912446332072,0.0,1,0,0.0,0.0,0.0,0.0,-30.88999761388609,-36.023573243306814,-30.796496140559515,-36.15274411760559,-1.9468690807624642,-2.1042282394782648,-1.944002986203141,-2.108187705857556
powertrain_simple_cvt,SimpleCVT,EngineModelType_SIMPLE_MAP,TransmissionModelType_AUTOMATIC_SIMPLE_CVT,6.004999999999894,54.17964609907947,0.6319717064853592,-0.5232485083041211,15.339683591975659,8.297831343966533e-05,-0.1728986930956433,15.338125595491615,1.6870345900127508,-1.5718258697403737,0.010947402091169137,-0.018814618850602764,0.0,0.45,0.0,154.18912446332072,1472.3976797609387,568.59,0.0,1.0,419.1595905007916,154.18896289113403,0.0,1,0,0.0,0.0,0.0,0.0,-31.853016437847362,-35.013721725962256,-32.11070129376679,-34.87822877310966,-1.975851470960962,-2.0726830822056725,-1.9837459241027546,-2.068532109640671
powertrain_simple_cvt,SimpleCVT,EngineModelType_SIMPLE_MAP,TransmissionModelType_AUTOMATIC_SIMPLE_CVT,6.009999999999894,54.25635453105455,0.6319708681837488,-0.5241140525794459,15.341686395015941,-0.00016766032206476508,-0.17310885506496337,15.339826281726467,0.34013724697033626,-1.5718299370630169,0.010954143443436475,-0.018817514600047366,0.0,0.45,0.0,154.18896289113403,1472.396136860208,568.59,0.0,1.0,417.9439461536422,154.1969744278373,0.0,1,0,0.0,0.0,0.0,0.0,-33.40172767136805,-33.64508161315263,-33.8496789492229,-33.363136014081256,-2.023184457536722,-2.0306390411248554,-2.036906405986343,-2.0220022916225835
powertrain_simple_cvt,SimpleCVT,EngineModelType_SIMPLE_MAP,TransmissionModelType_AUTOMATIC_SIMPLE_CVT,6.014999999999894,54.333070199056095,0.6319698963239467,-0.5249794207011682,15.343133600309518,-0.00019437196042240224,-0.173073624344474,15.341035300215289,0.24180369776445848,-1.5718361415685482,0.011079750313834066,-0.018826073887630405,0.0,0.45,0.0,154.1969744278373,1472.4726414002932,568.59,0.0,1.0,416.6258090809878,154.20566142873705,0.0,1,0,0.0,0.0,0.0,0.0,-34.99653024724289,-32.2537256640744,-35.562670333511754,-31.882120057627162,-2.071953048888992,-1.9879402134832365,-2.089294070621339,-1.9765578347159374
powertrain_simple_cvt,SimpleCVT,EngineModelType_SIMPLE_MAP,TransmissionModelType_AUTOMATIC_SIMPLE_CVT,6.019999999999894,54.40982011863053,0.6319686153304819,-0.5258439801002773,15.349983914886945,-0.0002561986929608413,-0.17291187982182382,15.347993828473502,1.3917056516426682,-1.5718458805140565,0.011289658239986058,-0.01883209411686837,0.0,0.45,0.0,154.20566142873705,1472.5555961483235,568.59,0.0,1.0,416.33521731121147,154.2075765337879,0.0,1,0,0.0,0.0,0.0,0.0,-36.14735100018581,-31.166027379414487,-36.648190363729235,-30.82671697768483,-2.1067010076245705,-1.9541909144123912,-2.12203489552935,-1.943802458464685
powertrain_simple_cvt,SimpleCVT,EngineModelType_SIMPLE_MAP,TransmissionModelType_AUTOMATIC_SIMPLE_CVT,6.024999999999894,54.48664383487502,0.6319682583621482,-0.5267081387955159,15.364743248897756,-7.139366674414378e-05,-0.17283173904772134,15.363190226675123,3.0392796403241755,-1.5718555623120252,0.011496048671174243,-0.0188276851579402,0.0,0.45,0.0,154.2075765337879,1472.5738840544466,568.59,0.0,1.0,417.5296076925438,154.19970506842014,0.0,1,0,0.0,0.0,0.0,0.0,-36.16268843392851,-30.99710888493053,-36.3189815236347,-30.90975039192304,-2.1060754338378436,-1.9480805256019478,-2.1108558291704105,-1.945408570411746
powertrain_simple_cvt,SimpleCVT,EngineModelType_SIMPLE_MAP,TransmissionModelType_AUTOMATIC_SIMPLE_CVT,6.029999999999894,54.56351945833965,0.6319689118455437,-0.527571871853459,15.375124692926637,0.00013069667910841644,-0.17274661158862203,15.373487514954707,2.0594576559169737,-1.5718580762365972,0.011616768567335544,-0.01882499499874463,0.0,0.45,0.0,154.19970506842014,1472.4987170970871,568.59,0.0,1.0,417.8898539233766,154.19733091523355,0.0,1,0,0.0,0.0,0.0,0.0,-35.157883600932706,-31.913581475375572,-35.02971215869982,-32.169879835317516,-2.074622104321327,-1.9754580358354794,-2.0707044662026735,-1.9832919511536247
powertrain_simple_cvt,SimpleCVT,EngineModelType_SIMPLE_MAP,TransmissionModelType_AUTOMATIC_SIMPLE_CVT,6.034999999999894,54.64041452621218,0.6319682250383216,-0.5284351627284953,15.379013574507573,-0.00013736144442321645,-0.17265817500727176,15.377143992498903,0.7312955088391404,-1.5718533347160544,0.011619923375424782,-0.018827689264102422,0.0,0.45,0.0,154.19733091523355,1472.476045604169,568.59,0.0,1.0,417.0299834196964,154.20299777340344,0.0,1,0,0.0,0.0,0.0,0.0,-33.77723984852912,-33.42627052942161,-33.48926329303156,-33.86621980093728,-2.0321763919598004,-2.021451352048028,-2.0233763063590984,-2.0348954716313563
powertrain_simple_cvt,SimpleCVT,EngineModelType_SIMPLE_MAP,TransmissionModelType_AUTOMATIC_SIMPLE_CVT,6.0399999999998935,54.71732561558214,0.6319672723735421,-0.5292991458377608,15.382217873991225,-0.00019053295591008783,-0.1727966218530924,15.38019272702746,0.6097469057113744,-1.57184302996814,0.011504486450357591,-0.018833924881470683,0.0,0.45,0.0,154.20299777340344,1472.5301601135413,568.59,0.0,1.0,416.0472379351277,154.20947442221777,0.0,1,0,0.0,0.0,0.0,0.0,-32.3660843904026,-34.99875019459484,-31.980523177373772,-35.541550107211584,-1.9888577682335453,-2.069291718792306,-1.9770779929590867,-2.085875495307043
powertrain_simple_cvt,SimpleCVT,EngineModelType_SIMPLE_MAP,TransmissionModelType_AUTOMATIC_SIMPLE_CVT,6.044999999999893,54.794277321314965,0.6319660147241883,-0.5301652668377403,15.390341146564246,-0.0002515298707591847,-0.17322419999589236,15.38850288398477,1.6620313914622287,-1.571830673853306,0.011302947909575391,-0.018835779041070953,0.0,0.45,0.0,154.20947442221777,1472.5920075539495,568.59,0.0,1.0,415.99222237207016,154.20983699471165,0.0,1,0,0.0,0.0,0.0,0.0,-31.243011723247548,-36.15301983502369,-30.88230230540193,-36.62386160231658,-1.9540298571885788,-2.1039608042805655,-1.9430153123219656,-2.118338326780249
powertrain_simple_cvt,SimpleCVT,EngineModelType_SIMPLE_MAP,TransmissionModelType_AUTOMATIC_SIMPLE_CVT,6.049999999999893,54.8713018063149,0.6319656619179616,-0.5310342206868132,15.404896999986093,-7.056124536653288e-05,-0.1737907698145633,15.403475678102337,2.9945588235133798,-1.571824017768508,0.011101108406610851,-0.0188278825702043,0.0,0.45,0.0,154.20983699471165,1472.5954698662274,568.59,0.0,1.0,417.14625451259684,154.20223150477355,0.0,1,0,0.0,0.0,0.0,0.0,-31.02520072904558,-36.2157739105509,-30.91742705987578,-36.35467842682603,-1.9464579376266185,-2.10480209247582,-1.9431701830833445,-2.1090395278158502
powertrain_simple_cvt,SimpleCVT,EngineModelType_SIMPLE_MAP,TransmissionModelType_AUTOMATIC_SIMPLE_CVT,6.054999999999893,54.94837181092825,0.6319661747234001,-0.5319053146813448,15.414000922670873,0.00010256108770404643,-0.17421879890633357,15.412452994274027,1.79546323433794,-1.5718242453197988,0.010982729777327694,-0.018823050396671804,0.0,0.45,0.0,154.20223150477355,1472.5228427871305,568.59,0.0,1.0,417.2758657632596,154.2013773196706,0.0,1,0,0.0,0.0,0.0,0.0,-31.923630427197047,-35.253493098400114,-32.17888567073425,-35.11585142384599,-1.9732982766152132,-2.074820238744125,-1.9810805834928202,-2.0706237735288204
powertrain_simple_cvt,SimpleCVT,EngineModelType_SIMPLE_MAP,TransmissionModelType_AUTOMATIC_SIMPLE_CVT,6.059999999999893,55.02545303673217,0.6319654092644336,-0.5327775245300663,15.41624516078389,-0.0001530917933026464,-0.1744419697442955,15.414392762952888,0.38795373577223674,-1.571827806241671,0.010981640758029047,-0.01882562669834055,0.0,0.45,0.0,154.2013773196706,1472.5146859202434,568.59,0.0,1.0,416.1200499543691,154.2089945646295,0.0,1,0,0.0,0.0,0.0,0.0,-33.4490662841869,-33.89712624389763,-33.90483271083809,-33.606611134958555,-2.0196779392254456,-2.0333368214341627,-2.0335717491975207,-2.024480614654576
powertrain_simple_cvt,SimpleCVT,EngineModelType_SIMPLE_MAP,TransmissionModelType_AUTOMATIC_SIMPLE_CVT,6.064999999999893,55.102541097792184,0.6319644199228155,-0.533649573570787,15.417612212002519,-0.00019786832361780304,-0.17440980814413673,15.415516238195838,0.2246950485901115,-1.5718339483323747,0.011100099570548838,-0.018834003315284408,0.0,0.45,0.0,154.2089945646295,1472.5874252515205,568.59,0.0,1.0,414.8095007494827,154.21763155873143,0.0,1,0,0.0,0.0,0.0,0.0,-35.04811400122381,-32.50278712828129,-35.623670604710775,-32.12084853013505,-2.068346237303989,-1.990758884463208,-2.085890511773916,-1.9791165272112188
powertrain_simple_cvt,SimpleCVT,EngineModelType_SIMPLE_MAP,TransmissionModelType_AUTOMATIC_SIMPLE_CVT,6.069999999999893,55.17966054502585,0.6319632352943613,-0.5345207910520257,15.423889446732447,-0.00023692569084281787,-0.17424349624773736,15.421867388143886,1.2702299896094886,-1.571843155268678,0.011306257668688497,-0.01884063768002491,0.0,0.45,0.0,154.21763155873143,1472.669902469807,568.59,0.0,1.0,414.42306738204536,154.2201782946364,0.0,1,0,0.0,0.0,0.0,0.0,-36.24818290952125,-31.38122428712348,-36.76685159040168,-31.02691691656755,-2.104472027964576,-1.9561771555535399,-2.12027571807626,-1.9453815087467063
powertrain_simple_cvt,SimpleCVT,EngineModelType_SIMPLE_MAP,TransmissionModelType_AUTOMATIC_SIMPLE_CVT,6.074999999999893,55.25685205339284,0.6319628211074451,-0.5353914877520461,15.438301673398328,-8.283738324835026e-05,-0.1741393400040997,15.436714450730522,2.969412517327249,-1.5718530985232528,0.011514957146672092,-0.018836906840008657,0.0,0.45,0.0,154.2201782946364,1472.6942220062888,568.59,0.0,1.0,415.5436968310066,154.21279294053826,0.0,1,0,0.0,0.0,0.0,0.0,-36.35300438097216,-31.134759062271016,-36.51975981416547,-31.033325429693413,-2.106600553708527,-1.947754998646671,-2.1116766583619904,-1.9446673167373927
powertrain_simple_cvt,SimpleCVT,EngineModelType_SIMPLE_MAP,TransmissionModelType_AUTOMATIC_SIMPLE_CVT,6.079999999999893,55.33409779390291,0.6319635410074066,-0.5362618501395384,15.449148102014137,0.00014397999231620363,-0.17407247749846197,15.447515471265518,2.1602041069993767,-1.571856039990199,0.011642286042857093,-0.01883398248378549,0.0,0.45,0.0,154.21279294053826,1472.6236970696164,568.59,0.0,1.0,416.0007389862668,154.20978086713833,0.0,1,0,0.0,0.0,0.0,0.0,-35.39998890946994,-31.983874190332514,-35.267623147513675,-32.24077086098032,-2.0768369074950774,-1.972921665622776,-2.0728104560143237,-1.9807362391548078
powertrain_simple_cvt,SimpleCVT,EngineModelType_SIMPLE_MAP,TransmissionModelType_AUTOMATIC_SIMPLE_CVT,6.0849999999998925,55.411364296088855,0.6319629672223697,-0.5371316770911471,15.453300437187975,-0.00011475700739015278,-0.1739653903217333,15.451431247521644,0.7831552512250706,-1.5718515499009693,0.011652879848213695,-0.018836530310276784,0.0,0.45,0.0,154.20978086713833,1472.5949338873831,568.59,0.0,1.0,415.2071826652189,154.21501069081754,0.0,1,0,0.0,0.0,0.0,0.0,-34.03300216208707,-33.47110920039053,-33.733670629363274,-33.92343946825646,-2.034991999108807,-2.017904034992631,-2.0258889014750867,-2.0316600417641264
powertrain_simple_cvt,SimpleCVT,EngineModelType_SIMPLE_MAP,TransmissionModelType_AUTOMATIC_SIMPLE_CVT,6.089999999999892,55.48864649675935,0.6319620714317797,-0.5380021492706577,15.456440134099598,-0.0001791581179945755,-0.17409443590212273,15.45441277056857,0.596304609385369,-1.571841782355689,0.011545340559739565,-0.0188426839195508,0.0,0.45,0.0,154.21501069081754,1472.6448750247857,568.59,0.0,1.0,414.2246249878658,154.22148610191425,0.0,1,0,0.0,0.0,0.0,0.0,-32.61865594902043,-35.047179116317594,-32.220376566985735,-35.60394432513523,-1.9917883427854628,-2.0656289379121944,-1.9796784370649094,-2.0825576931814753
powertrain_simple_cvt,SimpleCVT,EngineModelType_SIMPLE_MAP,TransmissionModelType_AUTOMATIC_SIMPLE_CVT,6.094999999999892,55.56596668052171,0.6319608851635572,-0.5388746352277404,15.464036752472154,-0.0002372536445104129,-0.17449719141654108,15.46216267419106,1.54998072449789,-1.5718287061804892,0.011347084842110269,-0.01884523147072508,0.0,0.45,0.0,154.22148610191425,1472.7067106458614,568.59,0.0,1.0,414.0805552008018,154.22243557401077,0.0,1,0,0.0,0.0,0.0,0.0,-31.462680876173614,-36.24850441750855,-31.08519634876047,-36.73995813554665,-1.9561607942717791,-2.1016034810071225,-1.944688920435688,-2.116538914488984
powertrain_simple_cvt,SimpleCVT,EngineModelType_SIMPLE_MAP,TransmissionModelType_AUTOMATIC_SIMPLE_CVT,6.099999999999892,55.643358251901866,0.6319605662709847,-0.5397500827146947,15.478314276030348,-6.3778514487425e-05,-0.17508949739087137,15.476866089147087,2.940682991205597,-1.5718217235497949,0.011143120123728477,-0.018837822632729852,0.0,0.45,0.0,154.22243557401077,1472.7157774365107,568.59,0.0,1.0,415.1800762781118,154.21518933172982,0.0,1,0,0.0,0.0,0.0,0.0,-31.16304155424171,-36.4044163218755,-31.043298744045963,-36.55121488485355,-1.946154934855107,-2.1052906403089526,-1.94251937025263,-2.109747656629056
powertrain_simple_cvt,SimpleCVT,EngineModelType_SIMPLE_MAP,TransmissionModelType_AUTOMATIC_SIMPLE_CVT,6.104999999999892,55.72079785069886,0.6319611366562903,-0.5406275740891198,15.487919759398768,0.00011407706111156218,-0.17549827488501857,15.486378124663881,1.9024071033588237,-1.5718211238258175,0.011018089903417912,-0.01883268724429093,0.0,0.45,0.0,154.21518933172982,1472.6465809198394,568.59,0.0,1.0,415.41042989288013,154.21367121794614,0.0,1,0,0.0,0.0,0.0,0.0,-31.993362306164656,-35.493702646990286,-32.24897347594354,-35.3505749318297,-1.9707680405739199,-2.07697815070512,-1.9785239979522176,-2.0726352557549546
powertrain_simple_cvt,SimpleCVT,EngineModelType_SIMPLE_MAP,TransmissionModelType_AUTOMATIC_SIMPLE_CVT,6.109999999999892,55.79825007302488,0.6319605123268187,-0.5415062932602631,15.49044446520475,-0.00012486589430474315,-0.17574383422866172,15.488601129228227,0.44460091286922915,-1.5718248028848225,0.01100962025945831,-0.018834892871932907,0.0,0.45,0.0,154.21367121794614,1472.6320840010685,568.59,0.0,1.0,414.323944973883,154.22083154722054,0.0,1,0,0.0,0.0,0.0,0.0,-33.48925985032119,-34.15390283676285,-33.960240515186975,-33.84885608404631,-2.016011909169105,-2.036176140704487,-2.0303007279316203,-2.026921498022069
powertrain_simple_cvt,SimpleCVT,EngineModelType_SIMPLE_MAP,TransmissionModelType_AUTOMATIC_SIMPLE_CVT,6.114999999999892,55.875708941749174,0.6319595966581447,-0.542384908973874,15.491773744857865,-0.00018313373479189165,-0.17572314272219147,15.489685654391668,0.21690503268807967,-1.5718301229359655,0.01112006983714705,-0.01884293601240633,0.0,0.45,0.0,154.22083154722054,1472.7004601089595,568.59,0.0,1.0,413.02603272689163,154.22938525919125,0.0,1,0,0.0,0.0,0.0,0.0,-35.092003963590315,-32.75602330476942,-35.6830389383119,-32.35924888294964,-2.0645621241394196,-1.9936970765153754,-2.082491947947234,-1.981660402242373
powertrain_simple_cvt,SimpleCVT,EngineModelType_SIMPLE_MAP,TransmissionModelType_AUTOMATIC_SIMPLE_CVT,6.119999999999892,55.95319645623968,0.6319584991245467,-0.5432627275700079,15.497502898101256,-0.0002195067195928061,-0.17556371922677738,15.495453885642434,1.1536462501531977,-1.5718394426829974,0.011321884104571585,-0.01885005896817626,0.0,0.45,0.0,154.22938525919125,1472.7821420414753,568.59,0.0,1.0,412.5427413056298,154.23257032476482,0.0,1,0,0.0,0.0,0.0,0.0,-36.33779993015175,-31.60250661904822,-36.87873042782283,-31.229655592792078,-2.101944629256685,-1.9583467493036966,-2.118348359197836,-1.9470400332480862
powertrain_simple_cvt,SimpleCVT,EngineModelType_SIMPLE_MAP,TransmissionModelType_AUTOMATIC_SIMPLE_CVT,6.124999999999892,56.030753869641636,0.6319581146870107,-0.5441397320112389,15.511482680390754,-7.68875072003068e-05,-0.17540088824618044,15.509869307844781,2.8830844404695357,-1.571849405633176,0.01153268173208257,-0.01884679397174723,0.0,0.45,0.0,154.23257032476482,1472.8125571772816,568.59,0.0,1.0,413.58748207701,154.22568510454812,0.0,1,0,0.0,0.0,0.0,0.0,-36.54231805499433,-31.273417937665027,-36.715332284079864,-31.161797032198443,-2.10711669539064,-1.947485681357481,-2.1123584794852475,-1.9441039208514646
powertrain_simple_cvt,SimpleCVT,EngineModelType_SIMPLE_MAP,TransmissionModelType_AUTOMATIC_SIMPLE_CVT,6.1299999999998915,56.10836764859434,0.6319589530175307,-0.5450165057766824,15.522755790540742,0.0001676661040093566,-0.1753547530886859,15.521128568527164,2.2518521364766766,-1.5718531145855246,0.011666476492126782,-0.018843596299720974,0.0,0.45,0.0,154.22568510454812,1472.7468081673755,568.59,0.0,1.0,414.1295228555249,154.22211285942402,0.0,1,0,0.0,0.0,0.0,0.0,-35.644090404075875,-32.052441061301025,-35.50251305829826,-32.31357204309369,-2.079119859546697,-1.970383177241767,-2.074833625173521,-1.9782888812505073
powertrain_simple_cvt,SimpleCVT,EngineModelType_SIMPLE_MAP,TransmissionModelType_AUTOMATIC_SIMPLE_CVT,6.134999999999891,56.18600360705999,0.631958513247502,-0.5458927696885273,15.527191693129405,-8.795400575458247e-05,-0.1752527823689737,15.525332864961873,0.840859286941882,-1.5718488895956988,0.011684870074090078,-0.01884575614594942,0.0,0.45,0.0,154.22211285942402,1472.7126957392093,568.59,0.0,1.0,413.39818855696285,154.22693261743058,0.0,1,0,0.0,0.0,0.0,0.0,-34.29358224945357,-33.5109274515834,-33.976429450241774,-33.98108076652076,-2.037952257718489,-2.0142639096026693,-2.0283531011885856,-2.0284938810055793
powertrain_simple_cvt,SimpleCVT,EngineModelType_SIMPLE_MAP,TransmissionModelType_AUTOMATIC_SIMPLE_CVT,6.139999999999891,56.26365503603307,0.631957700616828,-0.5467696010227127,15.530285794616134,-0.00016252613479174815,-0.1753662668370689,15.528262145899252,0.5858561874756543,-1.5718392628564082,0.011584002654539896,-0.018851678321908222,0.0,0.45,0.0,154.22693261743058,1472.7587210378845,568.59,0.0,1.0,412.4256119117593,154.2333422499091,0.0,1,0,0.0,0.0,0.0,0.0,-32.87651594664307,-35.09001617425152,-32.45989327466711,-35.66518679297202,-1.9948746806420516,-2.0618573054316442,-1.9822672818409435,-2.0792625160854423
powertrain_simple_cvt,SimpleCVT,EngineModelType_SIMPLE_MAP,TransmissionModelType_AUTOMATIC_SIMPLE_CVT,6.144999999999891,56.3413418801485,0.6319566025013155,-0.5476483884809815,15.53736882308497,-0.00021962310250658065,-0.17575749165377608,15.535470785945613,1.4417280092722558,-1.5718265009578736,0.011390803083190005,-0.018854639941266738,0.0,0.45,0.0,154.2333422499091,1472.819928519426,568.59,0.0,1.0,412.1960913861207,154.23485487333355,0.0,1,0,0.0,0.0,0.0,0.0,-31.688852516996953,-36.33713680947043,-31.29075040648627,-36.850610794651196,-1.9584898972748128,-2.0990861379120314,-1.9464485382258034,-2.1146171397697104
powertrain_simple_cvt,SimpleCVT,EngineModelType_SIMPLE_MAP,TransmissionModelType_AUTOMATIC_SIMPLE_CVT,6.149999999999891,56.41909839861277,0.6319563704683363,-0.5485304719781886,15.551303692853738,-4.6406595824522454e-05,-0.17641669944141605,15.549833579991395,2.872558809156506,-1.5718183415511253,0.011185113610772407,-0.018847609227564604,0.0,0.45,0.0,154.23485487333355,1472.8343730091283,568.59,0.0,1.0,413.22811321086743,154.22805347558352,0.0,1,0,0.0,0.0,0.0,0.0,-31.306567442726276,-36.58922020943669,-31.173639425801174,-36.74276699634266,-1.9460523140431716,-2.1056886549922686,-1.9420353658982425,-2.110328681189073
powertrain_simple_cvt,SimpleCVT,EngineModelType_SIMPLE_MAP,TransmissionModelType_AUTOMATIC_SIMPLE_CVT,6.154999999999891,56.496905611132895,0.6319570754277991,-0.5494147182325172,15.561442504025017,0.0001409918925718717,-0.17684925086571732,15.559919966221152,2.0172772459514197,-1.571816922951154,0.01105354819446995,-0.018841886987353108,0.0,0.45,0.0,154.22805347558352,1472.769424444817,568.59,0.0,1.0,413.56433014255674,154.22583768418465,0.0,1,0,0.0,0.0,0.0,0.0,-32.05423811811195,-35.741466170364845,-32.321464726158524,-35.58285004664488,-1.9680182497338896,-2.0793702660369933,-1.9760883287184656,-2.0745801567884996
powertrain_simple_cvt,SimpleCVT,EngineModelType_SIMPLE_MAP,TransmissionModelType_AUTOMATIC_SIMPLE_CVT,6.159999999999891,56.574727034711294,0.6319565983984679,-0.55030021591145,15.564284715679173,-9.540586625985791e-05,-0.17709953578654558,15.562460382345572,0.5080832248840148,-1.571819850250709,0.01103708727017293,-0.018843507553858215,0.0,0.45,0.0,154.22583768418465,1472.748265195578,568.59,0.0,1.0,412.5517491565915,154.23251095976326,0.0,1,0,0.0,0.0,0.0,0.0,-33.51994225385836,-34.41795338110063,-34.016344801342626,-34.089749106977244,-2.01211636708527,-2.0392313230963284,-2.027104971157636,-2.0293213741151552
powertrain_simple_cvt,SimpleCVT,EngineModelType_SIMPLE_MAP,TransmissionModelType_AUTOMATIC_SIMPLE_CVT,6.164999999999891,56.65255493685952,0.6319557548351689,-0.5511857193114016,15.565580429644097,-0.00016871265979807046,-0.17710067999032666,15.563511199423033,0.21016341549220832,-1.5718250727325662,0.011140342792644592,-0.018850984984009368,0.0,0.45,0.0,154.23251095976326,1472.8119902832748,568.59,0.0,1.0,411.26654025417963,154.2409809520905,0.0,1,0,0.0,0.0,0.0,0.0,-35.12431798393054,-33.01787991189253,-35.74159730435753,-32.59701319499219,-2.060488010010288,-1.996889556077389,-2.0791251638602106,-1.984182573203319
powertrain_simple_cvt,SimpleCVT,EngineModelType_SIMPLE_MAP,TransmissionModelType_AUTOMATIC_SIMPLE_CVT,6.169999999999891,56.73040887246596,0.631954748104602,-0.55207041572251,15.570787121288665,-0.00020134611339041536,-0.17693928222169153,15.568724704433137,1.042701002020885,-1.5718336297457947,0.011337714537377213,-0.018858302054171047,0.0,0.45,0.0,154.2409809520905,1472.8928727520845,568.59,0.0,1.0,410.702242703894,154.2446998774047,0.0,1,0,0.0,0.0,0.0,0.0,-36.4184128349215,-31.831539276876377,-36.98587517374905,-31.43502165975457,-2.099191649670364,-1.9607492322055817,-2.116318971148349,-1.9487814164838173
powertrain_simple_cvt,SimpleCVT,EngineModelType_SIMPLE_MAP,TransmissionModelType_AUTOMATIC_SIMPLE_CVT,6.174999999999891,56.80833018234637,0.6319547320821823,-0.5529532944281478,15.584261976082503,-3.2044839300344238e-06,-0.17657574112755092,15.582637193254289,2.7824977642304445,-1.5718443230827208,0.011549655171525676,-0.018855114732732384,0.0,0.45,0.0,154.2446998774047,1472.9283858728893,568.59,0.0,1.0,411.65061623783436,154.2384497521988,0.0,1,0,0.0,0.0,0.0,0.0,-36.72368244066187,-31.418750879130066,-36.905688081539296,-31.293743355368164,-2.107415783660632,-1.9474436743283992,-2.112904228882557,-1.9436740277219091
powertrain_simple_cvt,SimpleCVT,EngineModelType_SIMPLE_MAP,TransmissionModelType_AUTOMATIC_SIMPLE_CVT,6.1799999999998905,56.886310158483546,0.631955645924465,-0.5538360314478926,15.595995227435985,0.0001827684565275003,-0.17654740394897125,15.594378958252566,2.34835299965544,-1.5718493200382808,0.011689425911761423,-0.018851505740975445,0.0,0.45,0.0,154.2384497521988,1472.8687015736014,568.59,0.0,1.0,412.2754024106233,154.23433218494588,0.0,1,0,0.0,0.0,0.0,0.0,-35.89334473692405,-32.11442165313666,-35.73514260820404,-32.38861347206398,-2.08156167918152,-1.967692703582977,-2.0767946294333677,-1.9759548303440924
powertrain_simple_cvt,SimpleCVT,EngineModelType_SIMPLE_MAP,TransmissionModelType_AUTOMATIC_SIMPLE_CVT,6.18499999999989,56.964313919825955,0.6319553638868901,-0.5547181811464331,15.600752268481687,-5.640751497853298e-05,-0.17642993970811055,15.598910838028228,0.9063759551324517,-1.5718463913208414,0.01171541339203469,-0.01885309451122458,0.0,0.45,0.0,154.23433218494588,1472.8293817026927,568.59,0.0,1.0,411.61909485034033,154.23865748956328,0.0,1,0,0.0,0.0,0.0,0.0,-34.56267907159266,-33.5380157141762,-34.21797779877487,-34.03943073815875,-2.041162621184283,-2.0102957666551715,-2.0307788751792604,-2.025400341725567
powertrain_simple_cvt,SimpleCVT,EngineModelType_SIMPLE_MAP,TransmissionModelType_AUTOMATIC_SIMPLE_CVT,6.18999999999989,57.042333013535284,0.6319546812723698,-0.5556008598582224,15.603818741866208,-0.0001365229040799316,-0.1765357423578496,15.601805904153062,0.5790132249668413,-1.5718380822857658,0.011622503072049033,-0.018858603521279743,0.0,0.45,0.0,154.23865748956328,1472.8706853193069,568.59,0.0,1.0,410.6589238577289,154.24498536429633,0.0,1,0,0.0,0.0,0.0,0.0,-33.14309105373382,-35.11904242567104,-32.698832056413046,-35.72639433000971,-1.998213833823165,-2.0577261463962975,-1.984833504384157,-2.0760185582877164
powertrain_simple_cvt,SimpleCVT,EngineModelType_SIMPLE_MAP,TransmissionModelType_AUTOMATIC_SIMPLE_CVT,6.19499999999989,57.12038507787089,0.6319537502327981,-0.5564854697850572,15.610412867121648,-0.0001862079143219622,-0.17692198536695267,15.608500872939201,1.3389937572277975,-1.5718258161805907,0.01143368335895927,-0.01886172793781444,0.0,0.45,0.0,154.24498536429633,1472.9311120718885,568.59,0.0,1.0,410.34767210558977,154.2470366261165,0.0,1,0,0.0,0.0,0.0,0.0,-31.92244617230132,-36.41360953926357,-31.498163301505457,-36.956981740289955,-1.96103767930531,-2.0962459022676057,-1.9482644781753646,-2.1126043340824747
powertrain_simple_cvt,SimpleCVT,EngineModelType_SIMPLE_MAP,TransmissionModelType_AUTOMATIC_SIMPLE_CVT,6.19999999999989,57.19850528509625,0.6319541990830936,-0.5573748827470357,15.624041445071875,8.977005909313227e-05,-0.17788259239569795,15.62258333383425,2.8164921790097597,-1.5718169178148211,0.011227489484128316,-0.018854286382969286,0.0,0.45,0.0,154.2470366261165,1472.9507001793843,568.59,0.0,1.0,411.3258867753063,154.2405898370137,0.0,1,0,0.0,0.0,0.0,0.0,-31.45749424724076,-36.75546592460763,-31.308221472587334,-36.93034905319411,-1.9461864424665878,-2.10554017020783,-1.9416965783185929,-2.110800349037845
powertrain_simple_cvt,SimpleCVT,EngineModelType_SIMPLE_MAP,TransmissionModelType_AUTOMATIC_SIMPLE_CVT,6.20499999999989,57.27667869582568,0.6319550672617478,-0.558266349211333,15.634682145885357,0.00017363573082782545,-0.17829329285944412,15.633180975348333,2.119528302816721,-1.5718140032622205,0.011090461859092793,-0.018847969732779538,0.0,0.45,0.0,154.2405898370137,1472.8891378782168,568.59,0.0,1.0,411.7577981788781,154.23774338437283,0.0,1,0,0.0,0.0,0.0,0.0,-32.120946418544115,-35.97583118968554,-32.39648899283325,-35.81369623198268,-1.9654869821998955,-2.0813565775698804,-1.9737692029368417,-2.076483147348308
powertrain_simple_cvt,SimpleCVT,EngineModelType_SIMPLE_MAP,TransmissionModelType_AUTOMATIC_SIMPLE_CVT,6.20999999999989,57.3548679882002,0.6319548309807673,-0.5591592586575616,15.637858474902972,-4.725619608095168e-05,-0.17858188924571047,15.63606715277216,0.5772354847653939,-1.5718161320691515,0.011066897168029466,-0.018848727060064917,0.0,0.45,0.0,154.23774338437283,1472.8619562577328,568.59,0.0,1.0,410.82111920343425,154.2439164382011,0.0,1,0,0.0,0.0,0.0,0.0,-33.54860167878903,-34.67424118127239,-34.07354969697693,-34.33011309757789,-2.008213112340595,-2.042041184134413,-2.0239890150235635,-2.03169933890261
powertrain_simple_cvt,SimpleCVT,EngineModelType_SIMPLE_MAP,TransmissionModelType_AUTOMATIC_SIMPLE_CVT,6.21499999999989,57.433063841393846,0.6319542251461922,-0.5600521878689405,15.639170638729704,-0.00012116691503099696,-0.17858584227579893,15.637127006997416,0.21197084505111716,-1.5718198475029952,0.011162743490691057,-0.018855519596171745,0.0,0.45,0.0,154.2439164382011,1472.9209045795772,568.59,0.0,1.0,409.5546618001604,154.25226285135494,0.0,1,0,0.0,0.0,0.0,0.0,-35.152783958782535,-33.27237086729477,-35.80067870792526,-32.83502387912178,-2.056350899678706,-1.9998439651699118,-2.075820316438315,-1.9867015669755042
powertrain_simple_cvt,SimpleCVT,EngineModelType_SIMPLE_MAP,TransmissionModelType_AUTOMATIC_SIMPLE_CVT,6.21999999999989,57.51128320539528,0.6319535740930918,-0.5609442123244495,15.643872800287054,-0.0001302106200664003,-0.17840489110179072,15.641815180868726,0.9376347742620283,-1.5718278247438957,0.01135554497642664,-0.018862631930715898,0.0,0.45,0.0,154.25226285135494,1473.0006069542087,568.59,0.0,1.0,408.912477558184,154.2564950781875,0.0,1,0,0.0,0.0,0.0,0.0,-36.4892328840944,-32.05847872008175,-37.0890381132374,-31.64276201238568,-2.0961829131702907,-1.9630774290819721,-2.1142018242694975,-1.9505887710402054
powertrain_simple_cvt,SimpleCVT,EngineModelType_SIMPLE_MAP,TransmissionModelType_AUTOMATIC_SIMPLE_CVT,6.2249999999998895,57.58956870385114,0.6319539391694202,-0.5618343222545095,15.657099691172384,7.301526566949211e-05,-0.1780219860119896,15.655477076284248,2.7323790831044774,-1.5718377926070264,0.011568498653806294,-0.018859303542208175,0.0,0.45,0.0,154.2564950781875,1473.0410217434498,568.59,0.0,1.0,409.8129180647447,154.2505608489992,0.0,1,0,0.0,0.0,0.0,0.0,-36.86139846565481,-31.57796452197911,-37.09310607682386,-31.43071944794135,-2.1063968893832197,-1.947814330829695,-2.1133516059950352,-1.9433947618856635
powertrain_simple_cvt,SimpleCVT,EngineModelType_SIMPLE_MAP,TransmissionModelType_AUTOMATIC_SIMPLE_CVT,6.229999999999889,57.66791457905046,0.6319552296519193,-0.5627243775448283,15.669175039863568,0.00025809649982107405,-0.17801105806375897,15.667594000049148,2.423384752980036,-1.5718431739669125,0.011714215959981495,-0.018854792634945123,0.0,0.45,0.0,154.2505608489992,1472.9843540289246,568.59,0.0,1.0,410.50557946218487,154.24599595942314,0.0,1,0,0.0,0.0,0.0,0.0,-36.10024104840649,-32.19585660081612,-35.96661302839216,-32.46651983802138,-2.0827127170000064,-1.9656130364800133,-2.078704966569114,-1.9737307254603602
powertrain_simple_cvt,SimpleCVT,EngineModelType_SIMPLE_MAP,TransmissionModelType_AUTOMATIC_SIMPLE_CVT,6.234999999999889,57.746285754167175,0.6319554233092003,-0.5636138299858566,15.67423502334293,3.873145619322357e-05,-0.17789048820566292,15.672424744736972,0.9661489375649019,-1.5718401581448644,0.011748087840302408,-0.018855571061820158,0.0,0.45,0.0,154.24599595942314,1472.9407625444826,568.59,0.0,1.0,409.91507985026436,154.24988756581712,0.0,1,0,0.0,0.0,0.0,0.0,-34.791723270221816,-33.584057493253695,-34.45948021129677,-34.09912974330957,-2.04314622854816,-2.006937271871696,-2.0331847187032137,-2.022380475730916
powertrain_simple_cvt,SimpleCVT,EngineModelType_SIMPLE_MAP,TransmissionModelType_AUTOMATIC_SIMPLE_CVT,6.239999999999889,57.824672174654815,0.6319551040166735,-0.5645036705424179,15.677284097528151,-6.385850535285805e-05,-0.17796811131226542,15.675301292542898,0.5753095611851344,-1.5718318132736688,0.011662292709340324,-0.018860302496438597,0.0,0.45,0.0,154.24988756581712,1472.9779246481328,568.59,0.0,1.0,408.9666488873637,154.25613806950068,0.0,1,0,0.0,0.0,0.0,0.0,-33.376149714559226,-35.16049677268934,-32.93773392145551,-35.78804360016653,-2.000520019244055,-2.054009560973898,-1.9873775872528152,-2.07282159199826
powertrain_simple_cvt,SimpleCVT,EngineModelType_SIMPLE_MAP,TransmissionModelType_AUTOMATIC_SIMPLE_CVT,6.244999999999889,57.903089197158074,0.6319545979029922,-0.5653953744737462,15.683404500652596,-0.0001012227362645272,-0.17834078626565708,15.681484060514803,1.2365535943811332,-1.5718195873447964,0.011479127875858034,-0.018863544592881646,0.0,0.45,0.0,154.25613806950068,1473.037612561616,568.59,0.0,1.0,408.57967386378294,154.25868837511592,0.0,1,0,0.0,0.0,0.0,0.0,-32.13729140960341,-36.4878137966774,-31.708042980109546,-37.060629216345816,-1.9630028111559283,-2.093367415793926,-1.950140263437818,-2.1105319880157563
powertrain_simple_cvt,SimpleCVT,EngineModelType_SIMPLE_MAP,TransmissionModelType_AUTOMATIC_SIMPLE_CVT,6.249999999999889,57.98157287038236,0.6319549915090255,-0.5662907978022381,15.696734644857267,7.872120663850272e-05,-0.1790846656983826,15.695251251300379,2.753438157115143,-1.5718109685091004,0.011272494626637845,-0.018856594849976087,0.0,0.45,0.0,154.25868837511592,1473.0619661863195,568.59,0.0,1.0,409.500169961341,154.25262197231638,0.0,1,0,0.0,0.0,0.0,0.0,-31.621361490060977,-36.887476995056105,-31.44666497787175,-37.115258160378325,-1.94671168535442,-2.104373874775707,-1.941481447891932,-2.111193413238084
powertrain_simple_cvt,SimpleCVT,EngineModelType_SIMPLE_MAP,TransmissionModelType_AUTOMATIC_SIMPLE_CVT,6.254999999999889,58.060111255724316,0.6319562975648487,-0.5671882173840358,15.707677068391536,0.000261211164648999,-0.17948391635952807,15.706190370449574,2.1878238298392216,-1.57180884194984,0.011130206407498944,-0.018849787387472016,0.0,0.45,0.0,154.25262197231638,1473.0040363067794,568.59,0.0,1.0,409.98868905341084,154.24940245449807,0.0,1,0,0.0,0.0,0.0,0.0,-32.2156512852414,-36.172581331244224,-32.47266115372717,-36.04271500731378,-1.9638323604823096,-2.0822163469718036,-1.9715216176702703,-2.078330988130762
powertrain_simple_cvt,SimpleCVT,EngineModelType_SIMPLE_MAP,TransmissionModelType_AUTOMATIC_SIMPLE_CVT,6.259999999999889,58.13866693807198,0.6319564727259858,-0.5680871006448379,15.711136469532583,3.503222740910885e-05,-0.1797766521604265,15.709355500467709,0.6330260036268378,-1.5718119884762005,0.011099483738341178,-0.01885015204471536,0.0,0.45,0.0,154.24940245449807,1472.9732921762702,568.59,0.0,1.0,409.120293035878,154.25512549889322,0.0,1,0,0.0,0.0,0.0,0.0,-33.61256988012566,-34.89165253708591,-34.13063680606133,-34.56934846090972,-2.0054229523420486,-2.0436830159384027,-2.0209194282152905,-2.0340422203379287
powertrain_simple_cvt,SimpleCVT,EngineModelType_SIMPLE_MAP,TransmissionModelType_AUTOMATIC_SIMPLE_CVT,6.264999999999889,58.21722915562811,0.6319561648032648,-0.5689860867662848,15.712443511226278,-6.158454418818404e-05,-0.17979722428938727,15.710404867898415,0.209873486141281,-1.571816885877692,0.011187810326358837,-0.018856691966558634,0.0,0.45,0.0,154.25512549889322,1473.0279432245716,568.59,0.0,1.0,407.87078844821264,154.26336018684984,0.0,1,0,0.0,0.0,0.0,0.0,-35.2099093712866,-33.49640148093795,-35.85844247070117,-33.07188251325259,-2.0531324019137656,-2.001881185637343,-2.0725301008258796,-1.9891837749345187
powertrain_simple_cvt,SimpleCVT,EngineModelType_SIMPLE_MAP,TransmissionModelType_AUTOMATIC_SIMPLE_CVT,6.2699999999998886,58.29581278364087,0.6319557023454048,-0.5698842210314243,15.716725602552268,-9.249157200576967e-05,-0.17962685302791012,15.714637150790688,0.8464565784546533,-1.5718260021601065,0.011375940232196608,-0.01886440555941266,0.0,0.45,0.0,154.26336018684984,1473.1065787021585,568.59,0.0,1.0,407.16491060544826,154.2680121775892,0.0,1,0,0.0,0.0,0.0,0.0,-36.57118946177394,-32.268411875784444,-37.188307538697885,-31.851432027082254,-2.0935538481219664,-1.964891940865983,-2.1120069489835394,-1.9524233850205623
powertrain_simple_cvt,SimpleCVT,EngineModelType_SIMPLE_MAP,TransmissionModelType_AUTOMATIC_SIMPLE_CVT,6.2749999999998884,58.37445973969918,0.631955827715537,-0.5707812151924518,15.729391211660978,2.5074026464273844e-05,-0.17939883220551203,15.727704833556942,2.613536553250795,-1.5718363604983685,0.011589562081567388,-0.018862530391886824,0.0,0.45,0.0,154.2680121775892,1473.1510019414416,568.59,0.0,1.0,407.9646695851848,154.2627414761419,0.0,1,0,0.0,0.0,0.0,0.0,-37.009189709243664,-31.740895406026205,-37.27597589138978,-31.570019814362443,-2.105731473753795,-1.9483295184602316,-2.113702301558433,-1.9432242318737565
powertrain_simple_cvt,SimpleCVT,EngineModelType_SIMPLE_MAP,TransmissionModelType_AUTOMATIC_SIMPLE_CVT,6.279999999999888,58.453168073552504,0.6319572305717714,-0.5716784332137241,15.741666770664995,0.0002805712468834094,-0.17944360425446665,15.740065429368649,2.4721191623414103,-1.5718421098877486,0.011740480840239266,-0.01885843749648098,0.0,0.45,0.0,154.2627414761419,1473.1006704501078,568.59,0.0,1.0,408.6939476375255,154.25793526954297,0.0,1,0,0.0,0.0,0.0,0.0,-36.30240109249989,-32.303534916578144,-36.19570185018873,-32.54433110123708,-2.0837628566357194,-1.9643817000263217,-2.0805774839835536,-1.9715703694558724
powertrain_simple_cvt,SimpleCVT,EngineModelType_SIMPLE_MAP,TransmissionModelType_AUTOMATIC_SIMPLE_CVT,6.284999999999888,58.53190309943774,0.6319575270372749,-0.572575095570814,15.74700517704786,5.929310069747746e-05,-0.17933247141797626,15.745167748388953,1.0204638040608889,-1.5718388895034328,0.01178075020467637,-0.018859793017824696,0.0,0.45,0.0,154.25793526954297,1473.0547745578433,568.59,0.0,1.0,408.16626659956586,154.26141287877394,0.0,1,0,0.0,0.0,0.0,0.0,-35.01466959518396,-33.66059437282729,-34.6994870860177,-34.15674486490862,-2.044980498506309,-2.0045693731913365,-2.0355741674068906,-2.0193765267227985
powertrain_simple_cvt,SimpleCVT,EngineModelType_SIMPLE_MAP,TransmissionModelType_AUTOMATIC_SIMPLE_CVT,6.289999999999888,58.61065351472522,0.6319571783693961,-0.5734720901275496,15.750083057496722,-6.973357576268643e-05,-0.17939891134712962,15.74807369851158,0.581190024525581,-1.5718306626859295,0.01170215038920077,-0.018865091909417625,0.0,0.45,0.0,154.26141287877394,1473.0879832797982,568.59,0.0,1.0,407.2373177839265,154.26753498804828,0.0,1,0,0.0,0.0,0.0,0.0,-33.60376420487892,-35.2302485384431,-33.17589630411395,-35.845855438279386,-2.002688271732245,-2.0512202384332925,-1.9899213054087093,-2.069589068029284
powertrain_simple_cvt,SimpleCVT,EngineModelType_SIMPLE_MAP,TransmissionModelType_AUTOMATIC_SIMPLE_CVT,6.294999999999888,58.689432946217956,0.631956539552794,-0.5743708646718129,15.75588629854638,-0.0001277633204267905,-0.1797549088526547,15.753909954820504,1.1672512617846103,-1.5718179229295726,0.011524140535323574,-0.01886958629416375,0.0,0.45,0.0,154.26753498804828,1473.146445116988,568.59,0.0,1.0,406.8036568812655,154.270392970522,0.0,1,0,0.0,0.0,0.0,0.0,-32.351681518110425,-36.57632127037404,-31.91977402639432,-37.15732951607195,-1.964970295561988,-2.0909808050343517,-1.952087567976301,-2.108310837733308
powertrain_simple_cvt,SimpleCVT,EngineModelType_SIMPLE_MAP,TransmissionModelType_AUTOMATIC_SIMPLE_CVT,6.299999999999888,58.76827694746494,0.6319564185719415,-0.5752728374401824,15.768800249396273,-2.419617048549246e-05,-0.18039455367390866,15.767243177779953,2.666644591889934,-1.5718088377556194,0.011317106079430985,-0.01886429877024832,0.0,0.45,0.0,154.270392970522,1473.1737368392655,568.59,0.0,1.0,407.64931457137965,154.26481977994317,0.0,1,0,0.0,0.0,0.0,0.0,-31.785213105431055,-37.03821763473099,-31.5888444919116,-37.29318207961455,-1.9472722320469114,-2.10382381183079,-1.9414199971030863,-2.111422336905841
powertrain_simple_cvt,SimpleCVT,EngineModelType_SIMPLE_MAP,TransmissionModelType_AUTOMATIC_SIMPLE_CVT,6.304999999999888,58.84717733548787,0.6319575479251203,-0.576176652252615,15.780077604585795,0.00022587063575071962,-0.1807629624865348,15.77856367034539,2.2640985130874243,-1.571806551836761,0.011170133622253236,-0.01885801592308975,0.0,0.45,0.0,154.26481977994317,1473.1205167895007,568.59,0.0,1.0,408.2009720949681,154.26118415698465,0.0,1,0,0.0,0.0,0.0,0.0,-32.32081148853581,-36.374292712011865,-32.55008832411187,-36.269015565104844,-1.9625432096209632,-2.083259573081295,-1.9693712826501752,-2.080124323741421
powertrain_simple_cvt,SimpleCVT,EngineModelType_SIMPLE_MAP,TransmissionModelType_AUTOMATIC_SIMPLE_CVT,6.309999999999888,58.926096540334086,0.631957488105551,-0.577081958649711,15.783840969243638,-1.1963913861731765e-05,-0.18106127941919575,15.782036051597292,0.6944762503803196,-1.5718099001385546,0.011133133333858316,-0.01885882752605225,0.0,0.45,0.0,154.26118415698465,1473.0857991475968,568.59,0.0,1.0,407.4095957676579,154.26639961371527,0.0,1,0,0.0,0.0,0.0,0.0,-33.68643825819702,-35.11345260196744,-34.18596625579247,-34.80887066146775,-2.0029920908667997,-2.0454805275897567,-2.01786521657141,-2.0364117956864156
powertrain_simple_cvt,SimpleCVT,EngineModelType_SIMPLE_MAP,TransmissionModelType_AUTOMATIC_SIMPLE_CVT,6.314999999999888,59.00502252341486,0.6319568294546228,-0.5779875097874599,15.785196616154149,-0.00013173018562981495,-0.18111022754978975,15.783132893009489,0.21936828243945183,-1.5718149709170663,0.011214977526776608,-0.018865853589456416,0.0,0.45,0.0,154.26639961371527,1473.1356030907464,568.59,0.0,1.0,406.17063744970187,154.27456479793332,0.0,1,0,0.0,0.0,0.0,0.0,-35.27685173938131,-33.72085577116316,-35.91190920276018,-33.31004486097205,-2.050272638816671,-2.003947076558398,-2.0691797533968126,-1.9917162952548775
powertrain_simple_cvt,SimpleCVT,EngineModelType_SIMPLE_MAP,TransmissionModelType_AUTOMATIC_SIMPLE_CVT,6.3199999999998875,59.083968211160084,0.631955855928223,-0.5788922019861543,15.7891375490444,-0.00019470527996745621,-0.18093843973888218,15.787009841167958,0.775389631693829,-1.5718240634162017,0.011397880366377584,-0.018874396900671317,0.0,0.45,0.0,154.27456479793332,1473.21357485652,568.59,0.0,1.0,405.4240960221613,154.2794847764297,0.0,1,0,0.0,0.0,0.0,0.0,-36.659174567660294,-32.478981366674894,-37.2796119770823,-32.0652158604072,-2.0911595230923825,-1.9667361645903316,-2.1096268289103044,-1.954420443415054
powertrain_simple_cvt,SimpleCVT,EngineModelType_SIMPLE_MAP,TransmissionModelType_AUTOMATIC_SIMPLE_CVT,6.324999999999887,59.16297464527496,0.6319553912369059,-0.5797959942439976,15.801286822974987,-9.293826342479899e-05,-0.1807584515686687,15.799538462140328,2.505724194474066,-1.5718345934396187,0.011612038230107273,-0.018873904656556636,0.0,0.45,0.0,154.2794847764297,1473.2605571903762,568.59,0.0,1.0,406.1315329208321,154.27482251094702,0.0,1,0,0.0,0.0,0.0,0.0,-37.160268458955954,-31.902130575130677,-37.451722510151896,-31.715115817924655,-2.1051974835028138,-1.948813232309011,-2.113865727767363,-1.9432511562634551
powertrain_simple_cvt,SimpleCVT,EngineModelType_SIMPLE_MAP,TransmissionModelType_AUTOMATIC_SIMPLE_CVT,6.329999999999887,59.24204370308795,0.6319563237874787,-0.5807002311161286,15.813811562598753,0.0001865101145456261,-0.18084737442618548,15.812198466189804,2.532000809895206,-1.5718402914347134,0.011767748889299531,-0.0188700187591988,0.0,0.45,0.0,154.27482251094702,1473.2160358345216,568.59,0.0,1.0,406.90558361248475,154.2697212364329,0.0,1,0,0.0,0.0,0.0,0.0,-36.508161158537106,-32.40526094038546,-36.42204899214964,-32.624593363929186,-2.0849335698055147,-1.9630053751504908,-2.082374526098089,-1.9695234002083961
powertrain_simple_cvt,SimpleCVT,EngineModelType_SIMPLE_MAP,TransmissionModelType_AUTOMATIC_SIMPLE_CVT,6.334999999999887,59.32114095730311,0.631956202224594,-0.5816039021488111,15.819450843031204,-2.4312576918939996e-05,-0.18073420653651173,15.817600593993067,1.0804255606526656,-1.571837105101732,0.011814589196815349,-0.01887159888118982,0.0,0.45,0.0,154.2697212364329,1473.1673222512222,568.59,0.0,1.0,406.4428116266688,154.2727710714922,0.0,1,0,0.0,0.0,0.0,0.0,-35.23890820895367,-33.73318104552596,-34.9398816999814,-34.21291421266461,-2.046856814280399,-2.0021255549537864,-2.0379735101578107,-2.0163771864764626
powertrain_simple_cvt,SimpleCVT,EngineModelType_SIMPLE_MAP,TransmissionModelType_AUTOMATIC_SIMPLE_CVT,6.339999999999887,59.40025368249645,0.6319552615386123,-0.5825078333796612,15.822545038667657,-0.000188137196345257,-0.1807862461700192,15.820533887221446,0.5866586456758097,-1.5718287927382406,0.011742974521610283,-0.018876874634386132,0.0,0.45,0.0,154.2727710714922,1473.1964460307404,568.59,0.0,1.0,405.5353789807354,154.27875138141238,0.0,1,0,0.0,0.0,0.0,0.0,-33.83098829768638,-35.29769091226368,-33.41622319623744,-35.90035877747893,-2.004844812090905,-2.0484086743159695,-1.9925254983079308,-2.0663090582020898
powertrain_simple_cvt,SimpleCVT,EngineModelType_SIMPLE_MAP,TransmissionModelType_AUTOMATIC_SIMPLE_CVT,6.344999999999887,59.47939390292287,0.6319541306292412,-0.5834134452297306,15.828044085284276,-0.00022618187420940885,-0.18112237001389533,15.826042940264399,1.101810608590649,-1.5718157075030332,0.011569911288980992,-0.018881868385360732,0.0,0.45,0.0,154.27875138141238,1473.2535537838414,568.59,0.0,1.0,405.05398619621735,154.28192393428188,0.0,1,0,0.0,0.0,0.0,0.0,-32.56287448114959,-36.66596302275912,-32.136252074106984,-37.24640650668485,-1.9668427399348734,-2.0886698645660737,-1.954175652538106,-2.1059041406340837
powertrain_simple_cvt,SimpleCVT,EngineModelType_SIMPLE_MAP,TransmissionModelType_AUTOMATIC_SIMPLE_CVT,6.349999999999887,59.55859641902226,0.6319532563159951,-0.5843219710023433,15.840503219877235,-0.00017486264921767934,-0.181705154522531,15.838914968925296,2.5744057321795406,-1.5718059512133387,0.011362540643359231,-0.018877232180920613,0.0,0.45,0.0,154.28192393428188,1473.2838494321254,568.59,0.0,1.0,405.8161232983603,154.27690117463916,0.0,1,0,0.0,0.0,0.0,0.0,-31.94644179084584,-37.19015752221712,-31.73648189995101,-37.4645597781559,-1.9477690250228694,-2.1033366271601106,-1.9415400533461449,-2.1114774385931288
powertrain_simple_cvt,SimpleCVT,EngineModelType_SIMPLE_MAP,TransmissionModelType_AUTOMATIC_SIMPLE_CVT,6.354999999999887,59.63785685104563,0.631953944814759,-0.5852320434983559,15.85208640467504,0.00013769975277527075,-0.18201449920251478,15.85058134876454,2.333275967848941,-1.5718034919763155,0.011210660712191843,-0.018870613540635548,0.0,0.45,0.0,154.27690117463916,1473.2358856106196,568.59,0.0,1.0,406.42757470697853,154.27287148831365,0.0,1,0,0.0,0.0,0.0,0.0,-32.42284584187503,-36.58012542992872,-32.629370036702724,-36.492890003272635,-1.961194730077493,-2.0844397792932234,-1.9673172638202123,-2.0818536326981087
powertrain_simple_cvt,SimpleCVT,EngineModelType_SIMPLE_MAP,TransmissionModelType_AUTOMATIC_SIMPLE_CVT,6.359999999999887,59.71713770849725,0.6319533275641379,-0.5861436492141803,15.856171490323144,-0.00012345012422140117,-0.18232114316487552,15.854380751095585,0.7598804662088006,-1.5718068696418057,0.011166933445182641,-0.018870976224463147,0.0,0.45,0.0,154.27287148831365,1473.1974049407506,568.59,0.0,1.0,405.696332132043,154.27769064182826,0.0,1,0,0.0,0.0,0.0,0.0,-33.756837866302135,-35.33836742995606,-34.23960206670617,-35.04670889895139,-2.0005019030641886,-2.0473760606631615,-2.014810307872379,-2.0387317404673304
powertrain_simple_cvt,SimpleCVT,EngineModelType_SIMPLE_MAP,TransmissionModelType_AUTOMATIC_SIMPLE_CVT,6.3649999999998865,59.7964254692148,0.6319521840541389,-0.5870555448720844,15.85755214351099,-0.00022870199980545717,-0.1823791315808258,15.855512323714976,0.22631452387820644,-1.5718122515984356,0.011242055986707399,-0.018877324283829933,0.0,0.45,0.0,154.27769064182826,1473.2434244669525,568.59,0.0,1.0,404.49474673818906,154.28560952493544,0.0,1,0,0.0,0.0,0.0,0.0,-35.34281924217713,-33.94914200613247,-35.96351708844003,-33.54897837834806,-2.0474332473671746,-2.006129698175776,-2.0658284850614304,-1.9942702965458048
powertrain_simple_cvt,SimpleCVT,EngineModelType_SIMPLE_MAP,TransmissionModelType_AUTOMATIC_SIMPLE_CVT,6.369999999999886,59.875731453808065,0.631950743636673,-0.58796667512528,15.861196918652057,-0.0002880834931787335,-0.1822260506391045,15.859073213523141,0.7121779616330467,-1.571821243745247,0.011419764020750017,-0.018885664085789195,0.0,0.45,0.0,154.28560952493544,1473.3190442303692,568.59,0.0,1.0,403.70336368174054,154.2908250260135,0.0,1,0,0.0,0.0,0.0,0.0,-36.745876206489484,-32.69161972135371,-37.36522300549643,-32.28053192182125,-2.088770257691087,-1.968643747351201,-2.107121333881668,-1.9564633283317854
powertrain_simple_cvt,SimpleCVT,EngineModelType_SIMPLE_MAP,TransmissionModelType_AUTOMATIC_SIMPLE_CVT,6.374999999999886,59.95509535852361,0.6319496470502405,-0.5888770722291508,15.87278094310795,-0.00021931728650017256,-0.1820794207741513,15.871019212220162,2.389199739404242,-1.571831923012568,0.011633633613485331,-0.0188854067859333,0.0,0.45,0.0,154.2908250260135,1473.3688485970056,568.59,0.0,1.0,404.3105024337562,154.28682376165753,0.0,1,0,0.0,0.0,0.0,0.0,-37.31092840438978,-32.06490354104533,-37.62352309245415,-31.863598493907073,-2.1046804885551005,-1.9493592045012385,-2.113935612120722,-1.9433990805554846
powertrain_simple_cvt,SimpleCVT,EngineModelType_SIMPLE_MAP,TransmissionModelType_AUTOMATIC_SIMPLE_CVT,6.379999999999886,60.034522961881805,0.6319502603831204,-0.5897883907174993,15.885520671640021,0.00012266657599401768,-0.18226369766970976,15.883935690365636,2.583295629094861,-1.5718376645014562,0.011794262466584762,-0.018880789985908805,0.0,0.45,0.0,154.28682376165753,1473.3306393369533,568.59,0.0,1.0,405.12553187502493,154.2814524223359,0.0,1,0,0.0,0.0,0.0,0.0,-36.7159828421315,-32.50637493207303,-36.647916213652195,-32.70580494756719,-2.0861817041970436,-1.9616474076916577,-2.0841680654272876,-1.9675472152776043
powertrain_simple_cvt,SimpleCVT,EngineModelType_SIMPLE_MAP,TransmissionModelType_AUTOMATIC_SIMPLE_CVT,6.384999999999886,60.113980409083275,0.6319497683541062,-0.5906991458901142,15.891489440294556,-9.840580284649759e-05,-0.18215103452296483,15.889669029033863,1.1466677336454256,-1.5718343451788643,0.0118477874415684,-0.01888160809740578,0.0,0.45,0.0,154.2814524223359,1473.2793468247096,568.59,0.0,1.0,404.73238396194057,154.28404340952957,0.0,1,0,0.0,0.0,0.0,0.0,-35.4678895276159,-33.801569862003376,-35.18046241675439,-34.26876551366564,-2.048880329638941,-1.9996028016148766,-2.0403803414298074,-2.0134190262520897
powertrain_simple_cvt,SimpleCVT,EngineModelType_SIMPLE_MAP,TransmissionModelType_AUTOMATIC_SIMPLE_CVT,6.389999999999886,60.19345356961019,0.6319485059736407,-0.5916101057520612,15.894632105383357,-0.0002524760930963637,-0.18219197238939805,15.892651946899916,0.5965835732105645,-1.5718256784965303,0.011782989510327245,-0.018886092042123416,0.0,0.45,0.0,154.28404340952957,1473.3040889298713,568.59,0.0,1.0,403.8435295421895,154.28990128220786,0.0,1,0,0.0,0.0,0.0,0.0,-34.06224838797076,-35.3607156408778,-33.656566100197736,-35.954162180548096,-2.007122698652545,-2.0455146400465694,-1.9951278404211135,-2.0630611470689844
powertrain_simple_cvt,SimpleCVT,EngineModelType_SIMPLE_MAP,TransmissionModelType_AUTOMATIC_SIMPLE_CVT,6.394999999999886,60.27295268762742,0.6319470251749196,-0.5925226303979639,15.89982360344705,-0.00029615974422613975,-0.1825049291805462,15.897835184390862,1.036647498189347,-1.5718122026209,0.011615041501056198,-0.018890721994222957,0.0,0.45,0.0,154.28990128220786,1473.3600274934367,568.59,0.0,1.0,403.32410087375064,154.2933245053337,0.0,1,0,0.0,0.0,0.0,0.0,-32.77941363538851,-36.75045278427851,-32.35360468067443,-37.3333992217578,-1.9688769752999071,-2.086250899134236,-1.956291134177551,-2.103481328799306
powertrain_simple_cvt,SimpleCVT,EngineModelType_SIMPLE_MAP,TransmissionModelType_AUTOMATIC_SIMPLE_CVT,6.399999999999886,60.35251172164661,0.6319457194428907,-0.5934376610954741,15.911806803836607,-0.00026114640578850373,-0.18300613950203115,15.91021825129614,2.4766133810555675,-1.5718018772710614,0.011408075445639473,-0.018886013169166136,0.0,0.45,0.0,154.2933245053337,1473.3927168663433,568.59,0.0,1.0,404.00154284085016,154.2888599173179,0.0,1,0,0.0,0.0,0.0,0.0,-32.11199485288602,-37.33790979932902,-31.885771518111824,-37.63521878955858,-1.9484110238488945,-2.102755696847551,-1.9417296356157863,-2.1115365628483986
powertrain_simple_cvt,SimpleCVT,EngineModelType_SIMPLE_MAP,TransmissionModelType_AUTOMATIC_SIMPLE_CVT,6.404999999999886,60.4321301103621,0.631946437016722,-0.5943536470429786,15.923677743099702,0.0001435147662661501,-0.1831971895008799,15.922203855881415,2.3971209170551133,-1.5717994458805864,0.01125125496831793,-0.01887851076248873,0.0,0.45,0.0,154.2888599173179,1473.3500831912484,568.59,0.0,1.0,404.66219550724566,154.28450597687686,0.0,1,0,0.0,0.0,0.0,0.0,-32.523929733385046,-36.786660367726796,-32.708737813315295,-36.71749733373415,-1.9598542211901357,-2.0856569770904936,-1.965308322741985,-2.083615820604412
powertrain_simple_cvt,SimpleCVT,EngineModelType_SIMPLE_MAP,TransmissionModelType_AUTOMATIC_SIMPLE_CVT,6.409999999999886,60.511770709039,0.6319457141451215,-0.5952712289424066,15.928119735378834,-0.00014457432012490723,-0.18351637988561353,15.926362671594836,0.8317631426841565,-1.5718032672423996,0.011200549211069983,-0.018877947794609478,0.0,0.45,0.0,154.28450597687686,1473.3085061226614,568.59,0.0,1.0,404.0097114464382,154.28880608324738,0.0,1,0,0.0,0.0,0.0,0.0,-33.82207148732302,-35.56819368974136,-34.29259981673325,-35.286731037654114,-1.9979046515271646,-2.0494231834000933,-2.011787373310476,-2.041118757402581
powertrain_simple_cvt,SimpleCVT,EngineModelType_SIMPLE_MAP,TransmissionModelType_AUTOMATIC_SIMPLE_CVT,6.4149999999998855,60.59141849789358,0.6319445081091611,-0.5961891811693931,15.92955777091548,-0.00024120719207357342,-0.18359044539730532,15.927549074801808,0.2372806413944823,-1.5718092950471465,0.011268539991761658,-0.018883434585395698,0.0,0.45,0.0,154.28880608324738,1473.3495691137427,568.59,0.0,1.0,402.8330638053002,154.29656061752863,0.0,1,0,0.0,0.0,0.0,0.0,-35.40127099046469,-34.18186931801205,-36.01420069621324,-33.78854593016235,-2.0444204039362757,-2.0084451987622414,-2.0625032657362055,-1.9968412376579574
powertrain_simple_cvt,SimpleCVT,EngineModelType_SIMPLE_MAP,TransmissionModelType_AUTOMATIC_SIMPLE_CVT,6.419999999999885,60.67108308969003,0.6319429813028604,-0.5971064337632747,15.932918359290772,-0.0003053612601403475,-0.1834505187763063,15.930807946537536,0.6517743471455756,-1.5718186384319583,0.011440549201363883,-0.01889134253376015,0.0,0.45,0.0,154.29656061752863,1473.423619461477,568.59,0.0,1.0,402.0033633655765,154.30202864404572,0.0,1,0,0.0,0.0,0.0,0.0,-36.82473382214943,-32.91003528296566,-37.44883963607897,-32.49712837490614,-2.0861936495059514,-1.9707245000606928,-2.104602466117744,-1.958545271188667
powertrain_simple_cvt,SimpleCVT,EngineModelType_SIMPLE_MAP,TransmissionModelType_AUTOMATIC_SIMPLE_CVT,6.424999999999885,60.750803158831836,0.6319414443764368,-0.5980238609998866,15.944013828362028,-0.00030738528471133076,-0.18348544732237848,15.942269558944538,2.2923224814004817,-1.5718296259889064,0.011653475466588516,-0.018890647503017877,0.0,0.45,0.0,154.30202864404572,1473.4758352684262,568.59,0.0,1.0,402.53086745363265,154.29855220097872,0.0,1,0,0.0,0.0,0.0,0.0,-37.454577223720875,-32.233009816617624,-37.78356211075193,-32.016290430012305,-2.1039774338498667,-1.950071208922112,-2.1136742965107516,-1.9436833831869296
powertrain_simple_cvt,SimpleCVT,EngineModelType_SIMPLE_MAP,TransmissionModelType_AUTOMATIC_SIMPLE_CVT,6.429999999999885,60.83058774530795,0.6319426826181841,-0.5989432088991596,15.95691729522288,0.00024764834945642294,-0.18386957985460842,15.95534941005427,2.6159702219463403,-1.5718339898883669,0.011818186321027699,-0.018885570679258563,0.0,0.45,0.0,154.29855220097872,1473.4426376825168,568.59,0.0,1.0,403.37128443715,154.2930135485552,0.0,1,0,0.0,0.0,0.0,0.0,-36.92066391149532,-32.61457072018646,-36.86417719733044,-32.789234979374555,-2.0873481693280347,-1.960529687413689,-2.0856845826334465,-1.9656737136135018
powertrain_simple_cvt,SimpleCVT,EngineModelType_SIMPLE_MAP,TransmissionModelType_AUTOMATIC_SIMPLE_CVT,6.434999999999885,60.910403852738995,0.6319422100565852,-0.5998620433291598,15.963221486208262,-9.451231977798029e-05,-0.18376688600003854,15.961435920890638,1.217302167273741,-1.5718301178864955,0.011878473216381214,-0.018885574819405063,0.0,0.45,0.0,154.2930135485552,1473.3897474478401,568.59,0.0,1.0,403.0498212804968,154.29513210723093,0.0,1,0,0.0,0.0,0.0,0.0,-35.69674795161444,-33.87313504146463,-35.41229636240854,-34.325160036709136,-2.0509018076819525,-1.9972151775612974,-2.0425276361832023,-2.0105226610683036
powertrain_simple_cvt,SimpleCVT,EngineModelType_SIMPLE_MAP,TransmissionModelType_AUTOMATIC_SIMPLE_CVT,6.439999999999885,60.9902358662505,0.6319412914072153,-0.6007810296894152,15.966402702301298,-0.00018372987398590458,-0.18379727205106125,15.964438355939064,0.6004870096852372,-1.5718195631363254,0.011819847992129984,-0.018889661162784538,0.0,0.45,0.0,154.29513210723093,1473.4099781929688,568.59,0.0,1.0,402.18375670639676,154.3008397865691,0.0,1,0,0.0,0.0,0.0,0.0,-34.29633562817873,-35.42396996072353,-33.89079503190767,-36.00775147299995,-2.009484189319181,-2.0426751704892565,-1.9975474382767069,-2.0598582950378654
powertrain_simple_cvt,SimpleCVT,EngineModelType_SIMPLE_MAP,TransmissionModelType_AUTOMATIC_SIMPLE_CVT,6.444999999999885,61.070092572135394,0.63193978960919,-0.6017014154809947,15.971341176978958,-0.00030035960508192775,-0.1840771583158945,15.96936714866391,0.9857585449690941,-1.5718055994437643,0.011657330735886401,-0.018893953041380813,0.0,0.45,0.0,154.3008397865691,1473.4644825157839,568.59,0.0,1.0,401.6243017925889,154.30452679715432,0.0,1,0,0.0,0.0,0.0,0.0,-33.00026331737627,-36.8305717978097,-32.566759765463665,-37.41686037116893,-1.97103558259242,-2.083742738624351,-1.9582797033426416,-2.1009943302533007
powertrain_simple_cvt,SimpleCVT,EngineModelType_SIMPLE_MAP,TransmissionModelType_AUTOMATIC_SIMPLE_CVT,6.449999999999885,61.15000768277987,0.6319386230708626,-0.6026237717813158,15.983022128895547,-0.00023330766547837651,-0.18447126006423156,15.981429460277498,2.4124623227177526,-1.5717934607237207,0.011451233844436954,-0.01888929498330777,0.0,0.45,0.0,154.30452679715432,1473.4996908733763,568.59,0.0,1.0,402.25304651414297,154.3003831416308,0.0,1,0,0.0,0.0,0.0,0.0,-32.28746489302871,-37.474936911574225,-32.044290036792724,-37.77898520993578,-1.9493443493865505,-2.1018709495616648,-1.9421943090707385,-2.110810844190941
powertrain_simple_cvt,SimpleCVT,EngineModelType_SIMPLE_MAP,TransmissionModelType_AUTOMATIC_SIMPLE_CVT,6.454999999999885,61.22998283218606,0.6319399775031552,-0.6035458742978652,15.995029881237688,0.0002708864585298236,-0.18442050330988424,15.993581005075814,2.4303089596632597,-1.5717917732488966,0.01129012305178678,-0.018881050376305802,0.0,0.45,0.0,154.3003831416308,1473.4601218778337,568.59,0.0,1.0,402.93550143639453,154.29588551642425,0.0,1,0,0.0,0.0,0.0,0.0,-32.64122848808104,-36.98301251582797,-32.79958228394126,-36.915865835682034,-1.9590168244173392,-2.086580771102624,-1.9636693439907293,-2.0846079655757968
powertrain_simple_cvt,SimpleCVT,EngineModelType_SIMPLE_MAP,TransmissionModelType_AUTOMATIC_SIMPLE_CVT,6.4599999999998845,61.309982091109326,0.6319396273864705,-0.6044695846178165,15.999851784653105,-7.002333694356485e-05,-0.18474206399026577,15.998108820819292,0.90556314869554,-1.57179578015175,0.011232679122770707,-0.01888002293358036,0.0,0.45,0.0,154.29588551642425,1473.417172720806,568.59,0.0,1.0,402.36398668190526,154.29965200572911,0.0,1,0,0.0,0.0,0.0,0.0,-33.90075791117478,-35.78942157291148,-34.35628843525741,-35.50152061890891,-1.995740579144606,-2.0512148270441535,-2.0091205227156776,-2.0427585363787375
powertrain_simple_cvt,SimpleCVT,EngineModelType_SIMPLE_MAP,TransmissionModelType_AUTOMATIC_SIMPLE_CVT,6.464999999999884,61.38998889038047,0.6319387363405367,-0.6053936551123182,16.001359854228568,-0.00017820918677213847,-0.18481409890033734,15.99937219319354,0.25267447484971767,-1.5718036970143447,0.01129430082797064,-0.018884889627017086,0.0,0.45,0.0,154.29965200572911,1473.4531400442643,568.59,0.0,1.0,401.2149705754867,154.30722443818502,0.0,1,0,0.0,0.0,0.0,0.0,-35.468987212785734,-34.40915722976483,-36.07355607948917,-34.005801326793325,-2.0417206931643506,-2.010593589987553,-2.059476821781998,-1.9987470664791531
powertrain_simple_cvt,SimpleCVT,EngineModelType_SIMPLE_MAP,TransmissionModelType_AUTOMATIC_SIMPLE_CVT,6.469999999999884,61.47001142723918,0.6319375812719658,-0.6063171561158743,16.004507371740846,-0.00023101371417052347,-0.18470020071121965,16.002395869658454,0.6047352929826517,-1.5718134797232206,0.011460632627105399,-0.01889270035303994,0.0,0.45,0.0,154.30722443818502,1473.5254514476594,568.59,0.0,1.0,400.36138633398673,154.3128498676095,0.0,1,0,0.0,0.0,0.0,0.0,-36.90490597199432,-33.12705525147005,-37.53233592279375,-32.69883693847946,-2.0836886837127255,-1.972754541848365,-2.1021127582251973,-1.96018018817575
powertrain_simple_cvt,SimpleCVT,EngineModelType_SIMPLE_MAP,TransmissionModelType_AUTOMATIC_SIMPLE_CVT,6.474999999999884,61.55008704997622,0.6319368225701159,-0.6072401347494878,16.015124547408487,-0.00015174036998020102,-0.18459572672269617,16.01333799653622,2.1884253755530847,-1.5718265995732046,0.01167268607022717,-0.018892803400930455,0.0,0.45,0.0,154.3128498676095,1473.5791703416546,568.59,0.0,1.0,400.8057604150647,154.30992128140835,0.0,1,0,0.0,0.0,0.0,0.0,-37.58640217312983,-32.40878387657271,-37.93262908758433,-32.17043223828234,-2.102946205530294,-1.9510126837324997,-2.113105987777903,-1.9440184246431782
powertrain_simple_cvt,SimpleCVT,EngineModelType_SIMPLE_MAP,TransmissionModelType_AUTOMATIC_SIMPLE_CVT,6.479999999999884,61.630226299191214,0.6319384166776626,-0.6081657211751329,16.027849842998606,0.00031882150934046754,-0.18511728512903225,16.0262864156869,2.589683830136435,-1.5718324873754395,0.011841124847508218,-0.018887510591755755,0.0,0.45,0.0,154.30992128140835,1473.551204403444,568.59,0.0,1.0,401.6175432948062,154.3045713381035,0.0,1,0,0.0,0.0,0.0,0.0,-37.106423542943276,-32.74853893400291,-37.064169777704464,-32.8877053748259,-2.0879818300115973,-1.9602061292268749,-2.086742925141766,-1.9642865698758523
powertrain_simple_cvt,SimpleCVT,EngineModelType_SIMPLE_MAP,TransmissionModelType_AUTOMATIC_SIMPLE_CVT,6.484999999999884,61.710398644384846,0.6319385748756315,-0.6090907877612088,16.034469038725618,3.163959379415531e-05,-0.18501331721518485,16.03266728871304,1.2761746052277363,-1.5718300241354586,0.011906785836203816,-0.018887756327393042,0.0,0.45,0.0,154.3045713381035,1473.50011620811,568.59,0.0,1.0,401.35896456432033,154.3062754656263,0.0,1,0,0.0,0.0,0.0,0.0,-35.9081957912061,-33.96870880537622,-35.62732568903877,-34.400643886205046,-2.052430072828024,-1.9955858236316937,-2.0441980763278944,-2.008245369970833
powertrain_simple_cvt,SimpleCVT,EngineModelType_SIMPLE_MAP,TransmissionModelType_AUTOMATIC_SIMPLE_CVT,6.489999999999884,61.79058727867389,0.6319380395293929,-0.6100160361432009,16.037726857808632,-0.00010706924774434891,-0.1850496763984055,16.035758504777505,0.6182432128930903,-1.5718207057508446,0.011854661416437077,-0.018891821992367733,0.0,0.45,0.0,154.3062754656263,1473.5163894272448,568.59,0.0,1.0,400.5173845525317,154.31182178282754,0.0,1,0,0.0,0.0,0.0,0.0,-34.513653779584615,-35.50829824819042,-34.10541278865511,-36.08011734039286,-2.011362568611583,-2.0405088940353924,-1.9993997767311351,-2.0572650575399667
powertrain_simple_cvt,SimpleCVT,EngineModelType_SIMPLE_MAP,TransmissionModelType_AUTOMATIC_SIMPLE_CVT,6.494999999999884,61.87079997265458,0.6319372940470892,-0.6109426102639731,16.042538796138576,-0.00014909646073125137,-0.18531482415443998,16.04053017883606,0.9543348117112974,-1.5718072745222826,0.011696996931060898,-0.018896768454016607,0.0,0.45,0.0,154.31182178282754,1473.569352855157,568.59,0.0,1.0,399.95116322675153,154.31555338651927,0.0,1,0,0.0,0.0,0.0,0.0,-33.2120528409658,-36.920553308960294,-32.768041109627426,-37.51003286341368,-1.972931907859311,-2.0815707340378773,-1.9599247871326422,-2.0988392681542316
powertrain_simple_cvt,SimpleCVT,EngineModelType_SIMPLE_MAP,TransmissionModelType_AUTOMATIC_SIMPLE_CVT,6.499999999999884,61.951069257688125,0.631936834710635,-0.6118716369635436,16.05385700670923,-9.186729085084141e-05,-0.18580533991410877,16.052217289613097,2.3374221554072037,-1.571795633688475,0.01149243341872842,-0.01889308095247534,0.0,0.45,0.0,154.31555338651927,1473.6049870455488,568.59,0.0,1.0,400.5172248166792,154.31182283554472,0.0,1,0,0.0,0.0,0.0,0.0,-32.46265517044346,-37.60743279536332,-32.19873621217981,-37.93320547896003,-1.9502862682068176,-2.1008904472017127,-1.9425605119296245,-2.1104268608485146
powertrain_simple_cvt,SimpleCVT,EngineModelType_SIMPLE_MAP,TransmissionModelType_AUTOMATIC_SIMPLE_CVT,6.5049999999998835,62.031398202762766,0.6319387363848946,-0.6128002635492293,16.065789014927564,0.00038033485191589327,-0.18572531713714818,16.064309676783218,2.4184774340242203,-1.5717931876029219,0.011328958833489325,-0.018885416761813576,0.0,0.45,0.0,154.31182283554472,1473.5693629078653,568.59,0.0,1.0,401.18916139236916,154.30739453005305,0.0,1,0,0.0,0.0,0.0,0.0,-32.78665634868061,-37.155630811597874,-32.899602519090806,-37.11654347192296,-1.9590483580200793,-2.0868460126614035,-1.9623521666831094,-2.085702661886749
powertrain_simple_cvt,SimpleCVT,EngineModelType_SIMPLE_MAP,TransmissionModelType_AUTOMATIC_SIMPLE_CVT,6.509999999999883,62.11175272460387,0.6319390153065493,-0.6137305849300825,16.070904368219725,5.578433093265207e-05,-0.186064276170637,16.06914119505362,0.9663036540807675,-1.5717973818734234,0.01126751626133189,-0.018884720935132885,0.0,0.45,0.0,154.30739453005305,1473.527075705354,568.59,0.0,1.0,400.6763803503909,154.31077394291188,0.0,1,0,0.0,0.0,0.0,0.0,-34.00808461442384,-35.986704437079666,-34.433113513021695,-35.71715667487379,-1.9944774749528509,-2.052337035920065,-2.006906333286152,-2.0444548167072836
powertrain_simple_cvt,SimpleCVT,EngineModelType_SIMPLE_MAP,TransmissionModelType_AUTOMATIC_SIMPLE_CVT,6.514999999999883,62.19211519964451,0.6319387598933184,-0.614661317616372,16.07249500812853,-5.1082646183051115e-05,-0.18614653725789432,16.070484198807844,0.2686007508444334,-1.5718042964202978,0.011323563223188237,-0.018889984906270373,0.0,0.45,0.0,154.31077394291188,1473.5593467210279,568.59,0.0,1.0,399.55959850827287,154.31813393988685,0.0,1,0,0.0,0.0,0.0,0.0,-35.56647498262237,-34.61206880432718,-36.1466954233763,-34.2226437421629,-2.03996160834868,-2.0120548285881683,-2.0569272194489665,-2.000668062984394
powertrain_simple_cvt,SimpleCVT,EngineModelType_SIMPLE_MAP,TransmissionModelType_AUTOMATIC_SIMPLE_CVT,6.519999999999883,62.27249284206169,0.6319382417274652,-0.6155915170026518,16.075528483435104,-0.00010363317065328502,-0.1860398772559693,16.07338680967141,0.5805221727129729,-1.5718144598047041,0.011486189193558193,-0.018898357883667,0.0,0.45,0.0,154.31813393988685,1473.6296295150103,568.59,0.0,1.0,398.69922679163943,154.32380410123167,0.0,1,0,0.0,0.0,0.0,0.0,-37.002654398786454,-33.32767230834278,-37.624946952998386,-32.90283623048543,-2.0817600240621106,-1.974323171782763,-2.0999525353658415,-1.9619032334493525
powertrain_simple_cvt,SimpleCVT,EngineModelType_SIMPLE_MAP,TransmissionModelType_AUTOMATIC_SIMPLE_CVT,6.524999999999883,62.35292170620878,0.6319381189549486,-0.6165210454312994,16.085772829419646,-2.455450331214433e-05,-0.185905685729521,16.083934033946495,2.1094448550173177,-1.5718265257218083,0.01169712019419186,-0.01889953079945322,0.0,0.45,0.0,154.32380410123167,1473.6837755673798,568.59,0.0,1.0,399.08210047879254,154.3212808249095,0.0,1,0,0.0,0.0,0.0,0.0,-37.717512650423856,-32.58171310820882,-38.08676402091372,-32.328645492320106,-2.101935580998238,-1.9518906852784879,-2.1127234404004827,-1.9444971910963358
powertrain_simple_cvt,SimpleCVT,EngineModelType_SIMPLE_MAP,TransmissionModelType_AUTOMATIC_SIMPLE_CVT,6.529999999999883,62.433413981860895,0.6319399577500171,-0.6174527166355412,16.098455130422607,0.0003677590136992126,-0.1863342408483642,16.096849425259173,2.5830782625356203,-1.5718330721063074,0.011867411889073589,-0.018895080354173865,0.0,0.45,0.0,154.3212808249095,1473.6596800534123,568.59,0.0,1.0,399.8859217883697,154.3159833512367,0.0,1,0,0.0,0.0,0.0,0.0,-37.269166072718136,-32.89815089750634,-37.26545723168735,-32.99054123688201,-2.0879632824352075,-1.9603643979225038,-2.087855013770059,-1.9630614611381478
powertrain_simple_cvt,SimpleCVT,EngineModelType_SIMPLE_MAP,TransmissionModelType_AUTOMATIC_SIMPLE_CVT,6.534999999999883,62.5139406661719,0.6319407265205049,-0.6183838871286995,16.105336862200634,0.000153754097575646,-0.18623409863164891,16.103516034714463,1.3333218910581763,-1.5718306043611858,0.011936699217559332,-0.018895590164750634,0.0,0.45,0.0,154.3159833512367,1473.6090929061565,568.59,0.0,1.0,399.68123287107744,154.31733232536507,0.0,1,0,0.0,0.0,0.0,0.0,-36.092965304544194,-34.086051513249835,-35.84521693249309,-34.477816651994544,-2.0531913875233427,-1.9946297176062706,-2.0459620992253176,-2.0060614098093454
powertrain_simple_cvt,SimpleCVT,EngineModelType_SIMPLE_MAP,TransmissionModelType_AUTOMATIC_SIMPLE_CVT,6.539999999999883,62.59448415390887,0.6319406572546986,-0.6193151789190229,16.108697547395213,-1.3853161259426254e-05,-0.18625835806467358,16.106712130161917,0.6392190894907083,-1.571822047197867,0.011888889511633562,-0.018899879945261457,0.0,0.45,0.0,154.31733232536507,1473.6219746601948,568.59,0.0,1.0,398.8712407959627,154.3226704666186,0.0,1,0,0.0,0.0,0.0,0.0,-34.70376379456921,-35.61540656377455,-34.32525673692954,-36.15182326478079,-2.012453595450466,-2.039050018965566,-2.0014109652136085,-2.054699532396108
powertrain_simple_cvt,SimpleCVT,EngineModelType_SIMPLE_MAP,TransmissionModelType_AUTOMATIC_SIMPLE_CVT,6.544999999999883,62.67505126537331,0.6319403575943402,-0.6202477833310593,16.113422292887275,-5.993207169311299e-05,-0.186520882407293,16.111392419671244,0.9360579018654591,-1.5718085733943765,0.011734954133304642,-0.018905147825027616,0.0,0.45,0.0,154.3226704666186,1473.6729501542402,568.59,0.0,1.0,398.3016824945637,154.32642406218872,0.0,1,0,0.0,0.0,0.0,0.0,-33.40226945669805,-37.024994158749685,-32.97635094927526,-37.599304406560584,-1.9742004917302292,-2.0798597850521157,-1.9617782813200595,-2.0966099440959014
powertrain_simple_cvt,SimpleCVT,EngineModelType_SIMPLE_MAP,TransmissionModelType_AUTOMATIC_SIMPLE_CVT,6.549999999999883,62.755673426057605,0.6319402080844254,-0.6211828871467698,16.124432136858598,-2.9901982951178606e-05,-0.18702076314210364,16.122755905785493,2.2726972228497773,-1.5717968926409542,0.011531051160317928,-0.018902149700072222,0.0,0.45,0.0,154.32642406218872,1473.7087943516012,568.59,0.0,1.0,398.81587155305164,154.32303536999092,0.0,1,0,0.0,0.0,0.0,0.0,-32.633496969848736,-37.7346992135557,-32.36077382137612,-38.081484949154245,-1.9511078822839023,-2.0997831427868383,-1.9431593275693022,-2.109890262072771
powertrain_simple_cvt,SimpleCVT,EngineModelType_SIMPLE_MAP,TransmissionModelType_AUTOMATIC_SIMPLE_CVT,6.5549999999998825,62.83635534681925,0.6319420348674201,-0.6221181227692245,16.136384152330187,0.00036535659892994194,-0.18704712449094563,16.134883492500723,2.4255173430461756,-1.5717935120165158,0.011365707061492772,-0.01889487602278209,0.0,0.45,0.0,154.32303536999092,1473.6764347247674,568.59,0.0,1.0,399.49099013098,154.31858609395158,0.0,1,0,0.0,0.0,0.0,0.0,-32.93643459799441,-37.311231752592995,-33.003007856197556,-37.3136616031751,-1.9592155174092827,-2.086623762030407,-1.9611543460375895,-2.0866945271393744
powertrain_simple_cvt,SimpleCVT,EngineModelType_SIMPLE_MAP,TransmissionModelType_AUTOMATIC_SIMPLE_CVT,6.559999999999882,62.9170639925456,0.6319425087760475,-0.62305498825804,16.141729145270027,9.478172548968737e-05,-0.18737309776309438,16.139965847162856,1.0164709324264938,-1.5717965456514198,0.011300065976106262,-0.018894043140787197,0.0,0.45,0.0,154.31858609395158,1473.6339472682769,568.59,0.0,1.0,399.02946506656724,154.32162771134708,0.0,1,0,0.0,0.0,0.0,0.0,-34.132795391203835,-36.16017093999404,-34.508095973954774,-35.93249070165813,-1.993744392411219,-2.052769534062555,-2.0046709176284745,-2.0461408370128127
powertrain_simple_cvt,SimpleCVT,EngineModelType_SIMPLE_MAP,TransmissionModelType_AUTOMATIC_SIMPLE_CVT,6.564999999999882,62.99778100923291,0.6319423330768029,-0.623992455016314,16.14340333746135,-3.513984890978405e-05,-0.18749335165479492,16.141396412679264,0.28611310328159945,-1.5718028196940748,0.011352742585097575,-0.01889909756568901,0.0,0.45,0.0,154.32162771134708,1473.6629925748862,568.59,0.0,1.0,397.940439717893,154.32880478297346,0.0,1,0,0.0,0.0,0.0,0.0,-35.68072153390194,-34.7918424281432,-36.21499251377507,-34.44087802579957,-2.038718746515037,-2.0128421568373347,-2.0542721674845623,-2.0026250623279824
powertrain_simple_cvt,SimpleCVT,EngineModelType_SIMPLE_MAP,TransmissionModelType_AUTOMATIC_SIMPLE_CVT,6.569999999999882,63.07851276845103,0.6319418393015168,-0.6249293975256656,16.146351843624235,-9.875505721533735e-05,-0.18738850187031852,16.144211522691702,0.5630220024876684,-1.5718114935194958,0.011511517146346623,-0.018907326271780565,0.0,0.45,0.0,154.32880478297346,1473.731528560462,568.59,0.0,1.0,397.081291568329,154.33446688056796,0.0,1,0,0.0,0.0,0.0,0.0,-37.113515335471895,-33.50858948805492,-37.70988230237511,-33.110504438622954,-2.0802411026159895,-1.9753146617476771,-2.0975992025983845,-1.9637278360631178
powertrain_simple_cvt,SimpleCVT,EngineModelType_SIMPLE_MAP,TransmissionModelType_AUTOMATIC_SIMPLE_CVT,6.574999999999882,63.15929407278854,0.6319415958567306,-0.625865754892167,16.156260867502503,-4.868895724105993e-05,-0.18727147330027916,16.154407159364023,2.0391273344643404,-1.5718227283072823,0.01172152234658909,-0.01890875743571211,0.0,0.45,0.0,154.33446688056796,1473.785597609688,568.59,0.0,1.0,397.4099044191557,154.33230120281712,0.0,1,0,0.0,0.0,0.0,0.0,-37.84087216789434,-32.752205195950204,-38.2323586547072,-32.49177361098742,-2.100716705743449,-1.952697370429711,-2.112104279322509,-1.9451219267401494
powertrain_simple_cvt,SimpleCVT,EngineModelType_SIMPLE_MAP,TransmissionModelType_AUTOMATIC_SIMPLE_CVT,6.579999999999882,63.24013863941605,0.6319429439132305,-0.6268037430637249,16.168913325502643,0.0002696112999667793,-0.1875976343115759,16.167298418211235,2.5782517694424296,-1.5718286774742198,0.011893350856284252,-0.018904437784653894,0.0,0.45,0.0,154.33230120281712,1473.7649169105366,568.59,0.0,1.0,398.20687166223587,154.3270488999259,0.0,1,0,0.0,0.0,0.0,0.0,-37.42196730628209,-33.04510162368923,-37.461900874589865,-33.09671742010926,-2.0876636270543663,-1.9604507105207247,-2.088824289971721,-1.9619509155710904
powertrain_simple_cvt,SimpleCVT,EngineModelType_SIMPLE_MAP,TransmissionModelType_AUTOMATIC_SIMPLE_CVT,6.584999999999882,63.32101860567717,0.6319434709426859,-0.6277412898788982,16.175993252222764,0.00010540589107863735,-0.18750936303466473,16.17418541472665,1.377399303083167,-1.5718263684554958,0.01196582153746552,-0.018904541946483475,0.0,0.45,0.0,154.3270488999259,1473.7147611124713,568.59,0.0,1.0,398.04289627316973,154.32812955715184,0.0,1,0,0.0,0.0,0.0,0.0,-36.26055596776985,-34.213149039985225,-36.06023107034345,-34.55510909595075,-2.0534586325281725,-1.9939764088057945,-2.0476386999079517,-2.0039111923004795
powertrain_simple_cvt,SimpleCVT,EngineModelType_SIMPLE_MAP,TransmissionModelType_AUTOMATIC_SIMPLE_CVT,6.589999999999882,63.40191567211232,0.6319430776477771,-0.628678912078808,16.179413287029973,-7.865898175675153e-05,-0.18752443998196575,16.17743993630481,0.6509043156320754,-1.5718177341608943,0.011921801670231191,-0.018908455393254055,0.0,0.45,0.0,154.32812955715184,1473.7250806288291,568.59,0.0,1.0,397.258437415016,154.33329942525435,0.0,1,0,0.0,0.0,0.0,0.0,-34.87876063894525,-35.73236898012888,-34.54379739670539,-36.22276054927098,-2.0131102132828573,-2.0379046530150684,-2.003380662244606,-2.0521488720786016
powertrain_simple_cvt,SimpleCVT,EngineModelType_SIMPLE_MAP,TransmissionModelType_AUTOMATIC_SIMPLE_CVT,6.594999999999882,63.482835881882735,0.6319424150018198,-0.6296177650550414,16.18404195408315,-0.0001325291914620766,-0.18777059524668127,16.182020571414743,0.9161270219863322,-1.5718044101960775,0.01177113112457801,-0.018913432485786155,0.0,0.45,0.0,154.33329942525435,1473.774449232648,568.59,0.0,1.0,396.682231277402,154.33709683247378,0.0,1,0,0.0,0.0,0.0,0.0,-33.57851246620483,-37.13941630091945,-33.18452402159613,-37.68566957543419,-1.9750663051153308,-2.0784692580746293,-1.9636255107284626,-2.0943315796284594
powertrain_simple_cvt,SimpleCVT,EngineModelType_SIMPLE_MAP,TransmissionModelType_AUTOMATIC_SIMPLE_CVT,6.5999999999998815,63.56380956927573,0.6319417821913702,-0.6305591536530389,16.194737478598935,-0.00012656208991758096,-0.18827771959951606,16.193050933241008,2.2060723652530116,-1.571792592824428,0.011568265087788921,-0.01891059739918686,0.0,0.45,0.0,154.33709683247378,1473.8107118004423,568.59,0.0,1.0,397.14449143705946,154.3340503705343,0.0,1,0,0.0,0.0,0.0,0.0,-32.80003470596649,-37.863235036918304,-32.5257409559105,-38.22479089650292,-1.951811759987395,-2.0987388489790226,-1.9438521337450838,-2.10923070126302
powertrain_simple_cvt,SimpleCVT,EngineModelType_SIMPLE_MAP,TransmissionModelType_AUTOMATIC_SIMPLE_CVT,6.604999999999881,63.644842993812006,0.6319428056590234,-0.631501042612442,16.206684907254143,0.00020469353062873728,-0.1883777918806105,16.20518472617109,2.4267585860166268,-1.571788719951154,0.011401267815010892,-0.018903279522688103,0.0,0.45,0.0,154.3340503705343,1473.7816202318456,568.59,0.0,1.0,397.82084901821634,154.32959292901472,0.0,1,0,0.0,0.0,0.0,0.0,-33.085366587989164,-37.46273405592557,-33.10954783009631,-37.50674753214079,-1.9593728194031799,-2.0863028734531914,-1.960074000281902,-2.0875791274930564
powertrain_simple_cvt,SimpleCVT,EngineModelType_SIMPLE_MAP,TransmissionModelType_AUTOMATIC_SIMPLE_CVT,6.609999999999881,63.72590422316919,0.6319427617503292,-0.6324446188939501,16.212245871436934,-8.781738843219485e-06,-0.18871525630161592,16.21050047811168,1.0631503881178843,-1.5717914194616376,0.011333033400917096,-0.018901971944503892,0.0,0.45,0.0,154.32959292901472,1473.7390548007627,568.59,0.0,1.0,397.4047776321529,154.33233499020102,0.0,1,0,0.0,0.0,0.0,0.0,-34.26300235675522,-36.32602490773047,-34.58508790298514,-36.144108546136096,-1.9931948016767678,-2.0529964282836834,-2.002531219042647,-2.0477231488788545
powertrain_simple_cvt,SimpleCVT,EngineModelType_SIMPLE_MAP,TransmissionModelType_AUTOMATIC_SIMPLE_CVT,6.614999999999881,63.806974222790856,0.6319419715298286,-0.6333887442792824,16.21399992433426,-0.00015804410011990757,-0.18882507706645368,16.212010390480383,0.3019824737407426,-1.5717969918609855,0.011381655465102825,-0.018906569817154436,0.0,0.45,0.0,154.33233499020102,1473.7652395562861,568.59,0.0,1.0,396.34661458500614,154.33930866807822,0.0,1,0,0.0,0.0,0.0,0.0,-35.80209524432445,-34.96334695467408,-36.285230430198,-34.65563012836047,-2.0377124212297995,-2.01340156700421,-2.0517159419760778,-2.004482491997345
powertrain_simple_cvt,SimpleCVT,EngineModelType_SIMPLE_MAP,TransmissionModelType_AUTOMATIC_SIMPLE_CVT,6.619999999999881,63.88805861067421,0.6319409025216509,-0.6343324214743757,16.216877576670484,-0.00021380163553927356,-0.18873543901866152,16.214749479479142,0.547817799751738,-1.5718054532772283,0.011536858761798094,-0.018914466230704405,0.0,0.45,0.0,154.33930866807822,1473.8318332746276,568.59,0.0,1.0,395.48535219592594,154.34498469927718,0.0,1,0,0.0,0.0,0.0,0.0,-37.23102187251597,-33.68167228061741,-37.79449311517039,-33.31497648998144,-2.0789471154047847,-1.9760877172164937,-2.0952763924780076,-1.9654609509973844
powertrain_simple_cvt,SimpleCVT,EngineModelType_SIMPLE_MAP,TransmissionModelType_AUTOMATIC_SIMPLE_CVT,6.624999999999881,63.96919080717634,0.6319399634329775,-0.6352753888880835,16.226439300425838,-0.00018781773466746104,-0.18859348274155377,16.224576846932607,1.965473490692957,-1.5718164273241397,0.011745747919318875,-0.018916064508932483,0.0,0.45,0.0,154.34498469927718,1473.886035379975,568.59,0.0,1.0,395.7598969314956,154.343175349996,0.0,1,0,0.0,0.0,0.0,0.0,-37.97379646627718,-32.91388824516155,-38.37406363275419,-32.65496098856025,-2.099805999740276,-1.953259751074829,-2.1113986312956006,-1.9457606391395952
powertrain_simple_cvt,SimpleCVT,EngineModelType_SIMPLE_MAP,TransmissionModelType_AUTOMATIC_SIMPLE_CVT,6.629999999999881,64.05038612264543,0.6319404719906817,-0.6362196536370769,16.23906309381878,0.00010171154084116817,-0.18885294979867898,16.237446265917644,2.573883797007481,-1.5718228134504753,0.011919075605301846,-0.018911749298222025,0.0,0.45,0.0,154.343175349996,1473.8687573670622,568.59,0.0,1.0,396.55074342834376,154.3379633850401,0.0,1,0,0.0,0.0,0.0,0.0,-37.574003767985054,-33.19168207917552,-37.65418389104425,-33.204799353675575,-2.087364606566004,-1.960543373236108,-2.0896849615780235,-1.9609229777124912
powertrain_simple_cvt,SimpleCVT,EngineModelType_SIMPLE_MAP,TransmissionModelType_AUTOMATIC_SIMPLE_CVT,6.634999999999881,64.13161758325604,0.6319403466911172,-0.6371635213230513,16.246292122121186,-2.5059912905457844e-05,-0.18877353719488738,16.244492613793778,1.4092695752268314,-1.5718212977046406,0.011994780181210505,-0.018911605935104263,0.0,0.45,0.0,154.3379633850401,1473.818986767905,568.59,0.0,1.0,396.4217418978156,154.33881355186648,0.0,1,0,0.0,0.0,0.0,0.0,-36.425371611571094,-34.344512294654876,-36.27106429562811,-34.63528506667417,-2.053666773546575,-1.9934743245569,-2.0492031679735674,-2.0018854290967765
powertrain_simple_cvt,SimpleCVT,EngineModelType_SIMPLE_MAP,TransmissionModelType_AUTOMATIC_SIMPLE_CVT,6.639999999999881,64.21286645108516,0.6319393311792443,-0.6381074577096948,16.249773565822487,-0.0002031023745790654,-0.18878727732868572,16.247806594651447,0.6627961715338556,-1.5718131081670028,0.011953539839773153,-0.018915315394385526,0.0,0.45,0.0,154.33881355186648,1473.827105263077,568.59,0.0,1.0,395.65725288690027,154.34385181144012,0.0,1,0,0.0,0.0,0.0,0.0,-35.048266151576456,-35.85626897349451,-34.75745564234698,-36.29667263938599,-2.013624834138979,-2.0369929437855,-2.0052143537771605,-2.0497297819178875
powertrain_simple_cvt,SimpleCVT,EngineModelType_SIMPLE_MAP,TransmissionModelType_AUTOMATIC_SIMPLE_CVT,6.644999999999881,64.29413799846354,0.6319380498455747,-0.639052570252808,16.254309475675452,-0.0002562667339186086,-0.18902250862264258,16.25228761329164,0.8962037280383774,-1.5718007443553235,0.011805792665186806,-0.018920247674665245,0.0,0.45,0.0,154.34385181144012,1473.875217098021,568.59,0.0,1.0,395.07679419733387,154.34767724451774,0.0,1,0,0.0,0.0,0.0,0.0,-33.749513801638976,-37.260723391824776,-33.38844431173157,-37.7739823377973,-1.975794725809568,-2.077313811964489,-1.9653551767845598,-2.0921535923357912
powertrain_simple_cvt,SimpleCVT,EngineModelType_SIMPLE_MAP,TransmissionModelType_AUTOMATIC_SIMPLE_CVT,6.6499999999998805,64.37546165442139,0.6319368055389695,-0.6400001241995483,16.264731191569886,-0.0002488613210503385,-0.18951078934805,16.26302620290729,2.147717923130489,-1.571789375534513,0.011603838164010123,-0.018917781668665395,0.0,0.45,0.0,154.34767724451774,1473.911747293047,568.59,0.0,1.0,395.4934669495538,154.3449312201106,0.0,1,0,0.0,0.0,0.0,0.0,-32.96444043302211,-37.9929511143851,-32.68962041513044,-38.36630283487831,-1.9524666790924798,-2.097759267304018,-1.94452609504643,-2.108546802862954
powertrain_simple_cvt,SimpleCVT,EngineModelType_SIMPLE_MAP,TransmissionModelType_AUTOMATIC_SIMPLE_CVT,6.65499999999988,64.45684510470589,0.6319370376520327,-0.6409485431563693,16.276690056902158,4.642261263936736e-05,-0.18968379136418767,16.275180100823878,2.4307795833174404,-1.5717857314471424,0.011435224002803833,-0.018910661288523933,0.0,0.45,0.0,154.3449312201106,1473.8855246915523,568.59,0.0,1.0,396.17537769821325,154.3404371812052,0.0,1,0,0.0,0.0,0.0,0.0,-33.2316448599051,-37.61421945723101,-33.21888481370562,-37.69679288528559,-1.9594701762396425,-2.086004677887289,-1.9591017658336136,-2.0883887531234753
powertrain_simple_cvt,SimpleCVT,EngineModelType_SIMPLE_MAP,TransmissionModelType_AUTOMATIC_SIMPLE_CVT,6.65999999999988,64.53825731142237,0.6319364955094176,-0.6418986761285365,16.282441343295787,-0.00010842852303308498,-0.19002659443343517,16.280699043628815,1.1037885609873634,-1.5717883495196947,0.011363891719019387,-0.018909222575426453,0.0,0.45,0.0,154.3404371812052,1473.8426097811778,568.59,0.0,1.0,395.80012544509935,154.3429102295156,0.0,1,0,0.0,0.0,0.0,0.0,-34.39351191497245,-36.48938415961541,-34.66579636986959,-36.35232724941932,-1.9926791967308124,-2.053171093615494,-2.0005379787777806,-2.0492153026553783
powertrain_simple_cvt,SimpleCVT,EngineModelType_SIMPLE_MAP,TransmissionModelType_AUTOMATIC_SIMPLE_CVT,6.66499999999988,64.61967859687707,0.6319352176059654,-0.642849381051083,16.284257090938855,-0.0002555806904257691,-0.1901409845093196,16.282269195461314,0.3140303664999134,-1.5717940139287812,0.011408920208978567,-0.018913722844234686,0.0,0.45,0.0,154.3429102295156,1473.866225652964,568.59,0.0,1.0,394.7670915210541,154.34971829736673,0.0,1,0,0.0,0.0,0.0,0.0,-35.92465547269661,-35.131810362144535,-36.35958500413232,-34.86666388528584,-2.036771681144156,-2.0138904774878337,-2.0493235794310736,-2.006238452577778
powertrain_simple_cvt,SimpleCVT,EngineModelType_SIMPLE_MAP,TransmissionModelType_AUTOMATIC_SIMPLE_CVT,6.66999999999988,64.70111391414437,0.6319337318816098,-0.6437997289779707,16.28706345346149,-0.0002971448710986312,-0.19006958537753157,16.284930963557244,0.5323536191859659,-1.571802577170489,0.011561247864892018,-0.018921662170377926,0.0,0.45,0.0,154.34971829736673,1473.9312379120486,568.59,0.0,1.0,393.9021942172274,154.3554182839709,0.0,1,0,0.0,0.0,0.0,0.0,-37.35107685508496,-33.850826378793776,-37.88178087815445,-33.51650738540915,-2.0777614626356735,-1.9767620968729374,-2.093074872376152,-1.9671153568687583
powertrain_simple_cvt,SimpleCVT,EngineModelType_SIMPLE_MAP,TransmissionModelType_AUTOMATIC_SIMPLE_CVT,6.67499999999988,64.78259544646444,0.6319323690668678,-0.6447492960303769,16.296306464014958,-0.00027256294840612757,-0.18991341048124202,16.29442246440631,1.8983001698132234,-1.571813391145567,0.011768933876251308,-0.01892370330831634,0.0,0.45,0.0,154.3554182839709,1473.9856687746656,568.59,0.0,1.0,394.13283257391436,154.35389829363478,0.0,1,0,0.0,0.0,0.0,0.0,-38.10493302176105,-33.07575921391363,-38.514610766937295,-32.818695738303845,-2.098873437585068,-1.9538416773327658,-2.110687760730232,-1.9464284580270248
powertrain_simple_cvt,SimpleCVT,EngineModelType_SIMPLE_MAP,TransmissionModelType_AUTOMATIC_SIMPLE_CVT,6.67999999999988,64.86413990589374,0.631932371230708,-0.6456999645412022,16.30889188585874,4.3276804750702136e-07,-0.19013370216505143,16.307255342010365,2.5665755208109977,-1.5718202521573543,0.011943776014077295,-0.018919785005885734,0.0,0.45,0.0,154.35389829363478,1473.9711539361388,568.59,0.0,1.0,394.9151013594481,154.3487428589044,0.0,1,0,0.0,0.0,0.0,0.0,-37.72467581248458,-33.33744077248871,-37.84357090814264,-33.31591353855849,-2.087051425424061,-1.9606315158772283,-2.0904774345395127,-1.9600112001336125
powertrain_simple_cvt,SimpleCVT,EngineModelType_SIMPLE_MAP,TransmissionModelType_AUTOMATIC_SIMPLE_CVT,6.68499999999988,64.94572129602399,0.6319319475096705,-0.6466502425929408,16.31627802605131,-8.474420750562801e-05,-0.19005561034773852,16.314474068933162,1.4437453845595225,-1.5718191019463572,0.01202187176512412,-0.018919661820855097,0.0,0.45,0.0,154.3487428589044,1473.921923160871,568.59,0.0,1.0,394.82087289664906,154.34936385861536,0.0,1,0,0.0,0.0,0.0,0.0,-36.589020648907436,-34.47438374775125,-36.47885542434017,-34.71858515249178,-2.0538605615035865,-1.9929534261797772,-2.050687511682585,-1.9999870724746394
powertrain_simple_cvt,SimpleCVT,EngineModelType_SIMPLE_MAP,TransmissionModelType_AUTOMATIC_SIMPLE_CVT,6.68999999999988,65.02732043352735,0.6319307123171148,-0.6476005813693037,16.31982750067117,-0.0002470385111261893,-0.19006775527258163,16.317853332149053,0.6758526431781464,-1.571811865038182,0.011984495693496938,-0.018923448706289373,0.0,0.45,0.0,154.34936385861536,1473.9278532712904,568.59,0.0,1.0,394.077742076015,154.3542613599765,0.0,1,0,0.0,0.0,0.0,0.0,-35.21601932996822,-35.9790703018682,-34.96818565831014,-36.37325631157026,-2.0141044380236934,-2.036077772652788,-2.006967651098253,-2.0474290210179182
powertrain_simple_cvt,SimpleCVT,EngineModelType_SIMPLE_MAP,TransmissionModelType_AUTOMATIC_SIMPLE_CVT,6.6949999999998795,65.10894187692735,0.6319292631193532,-0.6485520371294767,16.32428867999858,-0.00028983955232555645,-0.19029115203461347,16.322255797796615,0.8804931295124351,-1.5717996401273646,0.01183960443162725,-0.018928538560648606,0.0,0.45,0.0,154.3542613599765,1473.974620964316,568.59,0.0,1.0,393.49706939825484,154.35808820331383,0.0,1,0,0.0,0.0,0.0,0.0,-33.91868132392866,-37.38137564244366,-33.59045882033249,-37.86304954328322,-1.9764819612902795,-2.076169166320472,-1.9670327922323694,-2.090036034283359
powertrain_simple_cvt,SimpleCVT,EngineModelType_SIMPLE_MAP,TransmissionModelType_AUTOMATIC_SIMPLE_CVT,6.699999999999879,65.19061400926468,0.6319278797564932,-0.6495059581758313,16.334426467466606,-0.00027667257198050847,-0.19078420927092327,16.33269366582495,2.0875736056674032,-1.5717886792094065,0.011638440233815243,-0.018926619529307992,0.0,0.45,0.0,154.35808820331383,1474.0111646263304,568.59,0.0,1.0,393.86981839734676,154.3556316523544,0.0,1,0,0.0,0.0,0.0,0.0,-33.123785995759505,-38.12718932369423,-32.85472238048566,-38.50444013518669,-1.9529883654143232,-2.096938853429417,-1.9452472667686216,-2.10779255337306
powertrain_simple_cvt,SimpleCVT,EngineModelType_SIMPLE_MAP,TransmissionModelType_AUTOMATIC_SIMPLE_CVT,6.704999999999879,65.27234591396154,0.6319278616853929,-0.6504609469018433,16.346380939374473,-3.6142200559622587e-06,-0.19099774520238252,16.344852689805478,2.431804796105349,-1.5717848374335168,0.011468423390194653,-0.018919839177287,0.0,0.45,0.0,154.3556316523544,1473.9877062926412,568.59,0.0,1.0,394.5486321671034,154.35115802366207,0.0,1,0,0.0,0.0,0.0,0.0,-33.377514510864685,-37.765012262975965,-33.33045306438442,-37.882618456494,-1.9595739017236729,-2.085710565837079,-1.9582209269296655,-2.0890916394620858
powertrain_simple_cvt,SimpleCVT,EngineModelType_SIMPLE_MAP,TransmissionModelType_AUTOMATIC_SIMPLE_CVT,6.709999999999879,65.3541073570083,0.6319272921394546,-0.6514176102560082,16.352288609350737,-0.00011390918765532285,-0.19133267083297748,16.350539111327098,1.1372843043240508,-1.5717872041980638,0.011393990465719357,-0.018918455049265315,0.0,0.45,0.0,154.35115802366207,1473.9449862854447,568.59,0.0,1.0,394.20989885934756,154.35339039889092,0.0,1,0,0.0,0.0,0.0,0.0,-34.524671614080226,-36.6525473894911,-34.74854408445944,-36.55735583928488,-1.992208457531376,-2.0533617210450474,-1.9986423538766236,-2.050626000275393
powertrain_simple_cvt,SimpleCVT,EngineModelType_SIMPLE_MAP,TransmissionModelType_AUTOMATIC_SIMPLE_CVT,6.714999999999879,65.43587824805125,0.6319260424791696,-0.6523748863054362,16.35417820859024,-0.0002499320570150637,-0.19145520988558815,16.352185778435352,0.3293334216508085,-1.571792614723943,0.011435693044742788,-0.018922943523618,0.0,0.45,0.0,154.35339039889092,1473.9663038985955,568.59,0.0,1.0,393.2030755389024,154.3600257293676,0.0,1,0,0.0,0.0,0.0,0.0,-36.048789211934384,-35.29932133962242,-36.43516138861192,-35.07520374710897,-2.0359059198695575,-2.01436904657499,-2.0470087955511804,-2.0079287542404356
powertrain_simple_cvt,SimpleCVT,EngineModelType_SIMPLE_MAP,TransmissionModelType_AUTOMATIC_SIMPLE_CVT,6.719999999999879,65.51766278354394,0.6319246373582251,-0.6533318290664102,16.356907098538134,-0.0002810241888973669,-0.19138855219480325,16.354765725072713,0.5159893274722659,-1.5718009820483771,0.011585285908205555,-0.018930969798092334,0.0,0.45,0.0,154.3600257293676,1474.0296666372603,568.59,0.0,1.0,392.34105082256394,154.3657067845794,0.0,1,0,0.0,0.0,0.0,0.0,-37.47352393651704,-34.019324173322985,-37.96884146873413,-33.71739881426075,-2.076677538142545,-1.9774325537746824,-2.0909088461478924,-1.9687577290411284
powertrain_simple_cvt,SimpleCVT,EngineModelType_SIMPLE_MAP,TransmissionModelType_AUTOMATIC_SIMPLE_CVT,6.724999999999879,65.59949208672847,0.6319233696608973,-0.6542880675420509,16.365860636906085,-0.00025353946555067017,-0.1912476951281467,16.36395191446203,1.837237877863668,-1.571811309137542,0.011791867633142526,-0.018933472796333787,0.0,0.45,0.0,154.3657067845794,1474.0839167183963,568.59,0.0,1.0,392.52304184585574,154.36450739779644,0.0,1,0,0.0,0.0,0.0,0.0,-38.23609237554316,-33.23684569661657,-38.65090849725394,-32.983903553646144,-2.0979707042153333,-1.95441454939973,-2.109882380356329,-1.9471511747819665
powertrain_simple_cvt,SimpleCVT,EngineModelType_SIMPLE_MAP,TransmissionModelType_AUTOMATIC_SIMPLE_CVT,6.729999999999879,65.6813841002397,0.6319233417208948,-0.655245157878258,16.378402702243918,-5.588000507515309e-06,-0.19141806724140864,16.37674938305783,2.5594937191599434,-1.571818326925273,0.011968048084579647,-0.018929828123998762,0.0,0.45,0.0,154.36450739779644,1474.072463418285,568.59,0.0,1.0,393.2987752694012,154.35939503346944,0.0,1,0,0.0,0.0,0.0,0.0,-37.8751459370644,-33.48196076103311,-38.0288967482076,-33.42979323251316,-2.086756025847142,-1.9607018458672776,-2.0911676159903565,-1.9592049968236644
powertrain_simple_cvt,SimpleCVT,EngineModelType_SIMPLE_MAP,TransmissionModelType_AUTOMATIC_SIMPLE_CVT,6.734999999999879,65.7633138785383,0.6319230849980839,-0.6562018770921552,16.38595565971957,-5.134456218978283e-05,-0.19134384277943856,16.38414731041175,1.4795854707834937,-1.571817333868409,0.012048933148289613,-0.018929671989460977,0.0,0.45,0.0,154.35939503346944,1474.0236439350733,568.59,0.0,1.0,393.2382748241973,154.35979375332403,0.0,1,0,0.0,0.0,0.0,0.0,-36.75173166285591,-34.60343258176439,-36.68382073436449,-34.80348306509861,-2.054045619902449,-1.9924320541135596,-2.0520979234679912,-1.9981695343948198
powertrain_simple_cvt,SimpleCVT,EngineModelType_SIMPLE_MAP,TransmissionModelType_AUTOMATIC_SIMPLE_CVT,6.7399999999998785,65.84526176393874,0.631922053062895,-0.657158595710495,16.38957708008856,-0.00020638703780124883,-0.19134372366795493,16.38760114810209,0.6907675380681303,-1.5718102556208844,0.01201450051827901,-0.018933357678373758,0.0,0.45,0.0,154.35979375332403,1474.0274514292191,568.59,0.0,1.0,392.521371657587,154.3645184049423,0.0,1,0,0.0,0.0,0.0,0.0,-35.383659769643934,-36.100649602758146,-35.17704624949375,-36.45060400914606,-2.0145952159496687,-2.035154266632898,-2.008670755606685,-2.045188900382861
powertrain_simple_cvt,SimpleCVT,EngineModelType_SIMPLE_MAP,TransmissionModelType_AUTOMATIC_SIMPLE_CVT,6.744999999999878,65.92723159005577,0.6319208403288675,-0.6581164072944153,16.393965223406507,-0.00024254680547698042,-0.19156231678406638,16.391926874312716,0.865145242125483,-1.5717983880355182,0.011873016906028518,-0.018938429971858,0.0,0.45,0.0,154.3645184049423,1474.0725685287853,568.59,0.0,1.0,391.9367819004174,154.36837106325217,0.0,1,0,0.0,0.0,0.0,0.0,-34.08691605644795,-37.501310785061605,-33.791999078892765,-37.9505969762313,-1.977154301488822,-2.075033220500461,-1.9687000490500592,-2.08791270580133
powertrain_simple_cvt,SimpleCVT,EngineModelType_SIMPLE_MAP,TransmissionModelType_AUTOMATIC_SIMPLE_CVT,6.749999999999878,66.00925074245971,0.6319196765713229,-0.659076632124016,16.40383048078801,-0.00023275150893040163,-0.19204496592013853,16.402078793896088,2.030383916674382,-1.571787233213455,0.011672974059419606,-0.018936804994127587,0.0,0.45,0.0,154.36837106325217,1474.109358705629,568.59,0.0,1.0,392.26773905279333,154.3661899357047,0.0,1,0,0.0,0.0,0.0,0.0,-33.283964366162515,-38.25859080464408,-33.021837537692875,-38.6383801327712,-1.9535458920902224,-2.0960630079275395,-1.9460362710083068,-2.106943519326701
powertrain_simple_cvt,SimpleCVT,EngineModelType_SIMPLE_MAP,TransmissionModelType_AUTOMATIC_SIMPLE_CVT,6.754999999999878,66.09132961523885,0.6319197457799569,-0.6600382303908526,16.41577455582844,1.3841726820265762e-05,-0.19231965336731724,16.41423677650508,2.4315965217987476,-1.571783057669967,0.011501612758997186,-0.018930124726426682,0.0,0.45,0.0,154.3661899357047,1474.0885304717874,568.59,0.0,1.0,392.94461224816746,154.3617290961007,0.0,1,0,0.0,0.0,0.0,0.0,-33.51899380843879,-37.917826578178925,-33.44511523610036,-38.06450587245087,-1.9595679290511003,-2.0854958991812467,-1.957452963755149,-2.0896949735163415
powertrain_simple_cvt,SimpleCVT,EngineModelType_SIMPLE_MAP,TransmissionModelType_AUTOMATIC_SIMPLE_CVT,6.759999999999878,66.17343881455594,0.6319194552164782,-0.6610014745691095,16.421839863416466,-5.8112695748391546e-05,-0.19264883565136695,16.420093989740447,1.1714426470732313,-1.571784873384831,0.011424454583015803,-0.018928512544611215,0.0,0.45,0.0,154.3617290961007,1474.0459325913885,568.59,0.0,1.0,392.64175575530555,154.36372503012043,0.0,1,0,0.0,0.0,0.0,0.0,-34.65288354648558,-36.81636868840005,-34.833026374071565,-36.75952238624417,-1.9916745902104893,-2.0535878575048674,-1.9968298052010698,-2.0519610655145324
powertrain_simple_cvt,SimpleCVT,EngineModelType_SIMPLE_MAP,TransmissionModelType_AUTOMATIC_SIMPLE_CVT,6.764999999999878,66.25555779858595,0.6319184757205302,-0.6619654297275748,16.42379680600216,-0.0001958991895956953,-0.1927910316930615,16.421809537072402,0.3431094663909635,-1.571790000895219,0.01146323076454428,-0.01893274363288448,0.0,0.45,0.0,154.36372503012043,1474.064992357308,568.59,0.0,1.0,391.65813710774364,154.37020743339522,0.0,1,0,0.0,0.0,0.0,0.0,-36.169560507895106,-35.467948265336744,-36.51115058780586,-35.28158991277626,-2.034969772624088,-2.014893568961276,-2.044744163088653,-2.0095610390917464
powertrain_simple_cvt,SimpleCVT,EngineModelType_SIMPLE_MAP,TransmissionModelType_AUTOMATIC_SIMPLE_CVT,6.769999999999878,66.33769010210814,0.6319173372314025,-0.6629290383844707,16.426460704436256,-0.00022769782552695128,-0.19272173137917822,16.42432283962527,0.5026605105733603,-1.571797271919832,0.011608717802417377,-0.018940551057354125,0.0,0.45,0.0,154.37020743339522,1474.1268947487658,568.59,0.0,1.0,390.8011437703292,154.3758553299969,0.0,1,0,0.0,0.0,0.0,0.0,-37.59350987349119,-34.188433272660625,-38.054333989306826,-33.917474178582864,-2.0755506002923014,-1.9781313331265329,-2.088734781712514,-1.9703791914065734
powertrain_simple_cvt,SimpleCVT,EngineModelType_SIMPLE_MAP,TransmissionModelType_AUTOMATIC_SIMPLE_CVT,6.774999999999878,66.4198657163252,0.6319163342663737,-0.6638919473782078,16.435122843411445,-0.00020059300577035337,-0.19258179874740802,16.433199743475214,1.7753807699890367,-1.5718079039685187,0.011815058399319898,-0.018943259709884468,0.0,0.45,0.0,154.3758553299969,1474.1808281884996,568.59,0.0,1.0,390.9365803831897,154.37496275364643,0.0,1,0,0.0,0.0,0.0,0.0,-38.36726674081974,-33.39737511627445,-38.782835015247244,-33.150849989871034,-2.0970948398938254,-1.954983010741315,-2.1089778289161565,-1.9479337349639083
powertrain_simple_cvt,SimpleCVT,EngineModelType_SIMPLE_MAP,TransmissionModelType_AUTOMATIC_SIMPLE_CVT,6.779999999999878,66.50210373566199,0.6319163792519318,-0.6648554594062821,16.447603867356435,8.99711161514281e-06,-0.1927024056148727,16.445945777812856,2.5492068675284516,-1.5718142002837847,0.011992688555174057,-0.01893960086448628,0.0,0.45,0.0,154.37496275364643,1474.1723047122036,568.59,0.0,1.0,391.7024484863496,154.3699154053552,0.0,1,0,0.0,0.0,0.0,0.0,-38.028870057278795,-33.62259277565689,-38.21004174970889,-33.5461708799276,-2.0865757604541852,-1.9606778812682135,-2.091752268964128,-1.9584943249505438
powertrain_simple_cvt,SimpleCVT,EngineModelType_SIMPLE_MAP,TransmissionModelType_AUTOMATIC_SIMPLE_CVT,6.784999999999878,66.58438016190067,0.6319164175135351,-0.6658187380797327,16.455285247735947,7.652320661142523e-06,-0.1926557346901163,16.453479691452383,1.5067827279054635,-1.5718138331967497,0.012076624906397705,-0.018939243316960157,0.0,0.45,0.0,154.3699154053552,1474.1241060864002,568.59,0.0,1.0,391.6701967320095,154.37012795610184,0.0,1,0,0.0,0.0,0.0,0.0,-36.91437597387972,-34.73432498371657,-36.885731674093066,-34.88990116747579,-2.0542490461235015,-1.991988297668581,-2.053430984733318,-1.9964314458730568
powertrain_simple_cvt,SimpleCVT,EngineModelType_SIMPLE_MAP,TransmissionModelType_AUTOMATIC_SIMPLE_CVT,6.7899999999998775,66.66667498303586,0.6319156056063989,-0.6667820322533285,16.458964227037345,-0.00016238142722999364,-0.19265883471917053,16.456993887269963,0.7028391635160042,-1.5718064737390156,0.012045647103744672,-0.018942671223771218,0.0,0.45,0.0,154.37012795610184,1474.1261357965193,568.59,0.0,1.0,390.9742139196955,154.37471473500537,0.0,1,0,0.0,0.0,0.0,0.0,-35.553336315983664,-36.222007275368966,-35.3836595189464,-36.52882728373975,-2.015161872777006,-2.0342545750024237,-2.0103170555841485,-2.0430152710882954
powertrain_simple_cvt,SimpleCVT,EngineModelType_SIMPLE_MAP,TransmissionModelType_AUTOMATIC_SIMPLE_CVT,6.794999999999877,66.74899145937844,0.6319146426686865,-0.667746326757624,16.463295268516863,-0.00019258754248309873,-0.19285890085909757,16.461257937356486,0.8528100173045243,-1.571795104935654,0.011907323248563901,-0.01894758661205942,0.0,0.45,0.0,154.37471473500537,1474.1699363086414,568.59,0.0,1.0,390.3896355750954,154.37856731810228,0.0,1,0,0.0,0.0,0.0,0.0,-34.25648660660305,-37.62183732807463,-33.99236482632163,-38.03720061561141,-1.9778792798035587,-2.0739459540539382,-1.9703397087071974,-2.08580283701855
powertrain_simple_cvt,SimpleCVT,EngineModelType_SIMPLE_MAP,TransmissionModelType_AUTOMATIC_SIMPLE_CVT,6.799999999999877,66.83135599453415,0.6319136580870827,-0.6687130077500649,16.4729070311405,-0.00019691632076834027,-0.19333619848818695,16.4711436782721,1.977148183122821,-1.5717837118765703,0.01170879142444574,-0.0189461069463867,0.0,0.45,0.0,154.37856731810228,1474.206725767254,568.59,0.0,1.0,390.6815809434437,154.37664329234644,0.0,1,0,0.0,0.0,0.0,0.0,-33.44671230899465,-38.38802225666685,-33.190219010608885,-38.76884092327122,-1.9541905784435076,-2.0951596325520048,-1.9468731630128806,-2.106023886724801
powertrain_simple_cvt,SimpleCVT,EngineModelType_SIMPLE_MAP,TransmissionModelType_AUTOMATIC_SIMPLE_CVT,6.804999999999877,66.91378023247046,0.6319137647053571,-0.6696812614003752,16.484847587261577,2.132365488953145e-05,-0.1936507300620561,16.4833058813164,2.4324406088603276,-1.5717794718452236,0.011536263358117325,-0.018939411655250194,0.0,0.45,0.0,154.37664329234644,1474.1883526746733,568.59,0.0,1.0,391.3586697334913,154.3721810318954,0.0,1,0,0.0,0.0,0.0,0.0,-33.662286849848854,-38.06821301490565,-33.561808169990414,-38.24320914388571,-1.9596320486094576,-2.0852345654751363,-1.9567676394911993,-2.090223290528218
powertrain_simple_cvt,SimpleCVT,EngineModelType_SIMPLE_MAP,TransmissionModelType_AUTOMATIC_SIMPLE_CVT,6.809999999999877,66.99623571719951,0.6319136503242396,-0.6706512231262546,16.491096945809886,-2.287622348221517e-05,-0.1939923451758755,16.489361479796635,1.211119696046862,-1.57178089722356,0.01145665543080329,-0.018937438980957046,0.0,0.45,0.0,154.3721810318954,1474.1457412261848,568.59,0.0,1.0,391.0945718097135,154.37392153290176,0.0,1,0,0.0,0.0,0.0,0.0,-34.77967842628652,-36.97945872281581,-34.91874574188575,-36.95910703791465,-1.9911221191030373,-2.0538096138617403,-1.9950851428793153,-2.0532296486067625
powertrain_simple_cvt,SimpleCVT,EngineModelType_SIMPLE_MAP,TransmissionModelType_AUTOMATIC_SIMPLE_CVT,6.814999999999877,67.07870138806348,0.6319128525570638,-0.6716217999615277,16.493134172792708,-0.00015955343517095417,-0.19411536705463267,16.491157992526414,0.35930254595584954,-1.571785698027184,0.011491692384764827,-0.018941288108517074,0.0,0.45,0.0,154.37392153290176,1474.1623617865016,568.59,0.0,1.0,390.13846070395874,154.38022265150943,0.0,1,0,0.0,0.0,0.0,0.0,-36.28795521534162,-35.63666999016566,-36.58806476901367,-35.48629374806707,-2.033991073484145,-2.0154333149902373,-2.042542412288516,-2.0111484857384556
powertrain_simple_cvt,SimpleCVT,EngineModelType_SIMPLE_MAP,TransmissionModelType_AUTOMATIC_SIMPLE_CVT,6.819999999999877,67.16118013875901,0.6319118569970481,-0.6725921452354583,16.495750139106114,-0.00019911200312584202,-0.19406905478610928,16.493620456020675,0.49249269885224206,-1.5717933589452864,0.01163525693596206,-0.018948795119793395,0.0,0.45,0.0,154.38022265150943,1474.222533036907,568.59,0.0,1.0,389.2837472702868,154.38585552271942,0.0,1,0,0.0,0.0,0.0,0.0,-37.70951940663348,-34.35812262515781,-38.138861276963326,-34.11604802892159,-2.074336784723868,-1.9788561501467243,-2.086568650093024,-1.9719594925526738
powertrain_simple_cvt,SimpleCVT,EngineModelType_SIMPLE_MAP,TransmissionModelType_AUTOMATIC_SIMPLE_CVT,6.824999999999877,67.24370069137733,0.6319109489442228,-0.6735617429098621,16.504110523663837,-0.00018161056504671712,-0.19391953488076524,16.50217855932177,1.711620660218963,-1.5718030810223256,0.011839299290986535,-0.018951605732177405,0.0,0.45,0.0,154.38585552271942,1474.2763229947193,568.59,0.0,1.0,389.3746244583357,154.3852566091233,0.0,1,0,0.0,0.0,0.0,0.0,-38.49659117469035,-33.5577373230942,-38.911299825723795,-33.31869222339418,-2.096191519680809,-1.9555575169324826,-2.108000360217838,-1.948750700975108
powertrain_simple_cvt,SimpleCVT,EngineModelType_SIMPLE_MAP,TransmissionModelType_AUTOMATIC_SIMPLE_CVT,6.829999999999877,67.32628316615182,0.631910769472381,-0.6745314549481213,16.516494954898807,-3.589436837387595e-05,-0.19394240765182602,16.51483805134526,2.5318984046983504,-1.5718104463244815,0.012018523132726874,-0.018947819637871597,0.0,0.45,0.0,154.3852566091233,1474.2706037911607,568.59,0.0,1.0,390.1246634012757,154.3803135807332,0.0,1,0,0.0,0.0,0.0,0.0,-38.17771650704469,-33.766357543206404,-38.387551448229445,-33.66575374231715,-2.0862782263371313,-1.9607609448074612,-2.092248702012167,-1.9578984446793413
powertrain_simple_cvt,SimpleCVT,EngineModelType_SIMPLE_MAP,TransmissionModelType_AUTOMATIC_SIMPLE_CVT,6.8349999999998765,67.40890490443479,0.6319110067455347,-0.6755008169562138,16.524347656593346,4.745463073624226e-05,-0.19387240161850608,16.522540655793048,1.5405208895572615,-1.5718107789691702,0.01210571885481992,-0.0189473536516392,0.0,0.45,0.0,154.3803135807332,1474.223401347033,568.59,0.0,1.0,390.12476418049476,154.38031291656162,0.0,1,0,0.0,0.0,0.0,0.0,-37.08091106608088,-34.85588758169193,-37.08469350136075,-34.97941145039797,-2.0545787402158506,-1.9912992145608304,-2.054686312433407,-1.994812225490213
powertrain_simple_cvt,SimpleCVT,EngineModelType_SIMPLE_MAP,TransmissionModelType_AUTOMATIC_SIMPLE_CVT,6.839999999999876,67.49154537357981,0.6319102013642074,-0.6764702158915149,16.52809382900423,-0.00016107626546370268,-0.19387978706022457,16.52613344825877,0.7185584931441877,-1.571804521068901,0.01207839165450347,-0.018950426168595953,0.0,0.45,0.0,154.38031291656162,1474.2233950046616,568.59,0.0,1.0,389.4522700768144,154.38474489636477,0.0,1,0,0.0,0.0,0.0,0.0,-35.723265062494306,-36.33787339324368,-35.58754997789519,-36.60945144784978,-2.015746502678443,-2.0332221242764006,-2.0118876134559396,-2.040944107658597
powertrain_simple_cvt,SimpleCVT,EngineModelType_SIMPLE_MAP,TransmissionModelType_AUTOMATIC_SIMPLE_CVT,6.844999999999876,67.57420721350844,0.6319093631692525,-0.6774406120592802,16.532367985725635,-0.00016763899097456967,-0.19407923355305723,16.53032689650541,0.8386896493284902,-1.5717938574930466,0.011943603737879716,-0.01895529828991118,0.0,0.45,0.0,154.38474489636477,1474.265717294263,568.59,0.0,1.0,388.8685946203231,154.3885915291019,0.0,1,0,0.0,0.0,0.0,0.0,-34.42851790767566,-37.735917278132234,-34.19149157413805,-38.12443366202246,-1.9786836440746303,-2.072701564827674,-1.9719458055051544,-2.083745741384679
powertrain_simple_cvt,SimpleCVT,EngineModelType_SIMPLE_MAP,TransmissionModelType_AUTOMATIC_SIMPLE_CVT,6.849999999999876,67.65691578326913,0.6319082769184446,-0.6784133721583802,16.54171395213542,-0.00021725016157903487,-0.19455201981998943,16.53994221682813,1.9230640645439634,-1.5717831380705893,0.011746739531180007,-0.018953903064424838,0.0,0.45,0.0,154.3885915291019,1474.302449931125,568.59,0.0,1.0,389.12010428787426,154.3869339892651,0.0,1,0,0.0,0.0,0.0,0.0,-33.60843326189835,-38.51625358384177,-33.35939783629661,-38.89616367945444,-1.9548160799315404,-2.094247326972709,-1.9477409798522192,-2.105040578338894
powertrain_simple_cvt,SimpleCVT,EngineModelType_SIMPLE_MAP,TransmissionModelType_AUTOMATIC_SIMPLE_CVT,6.854999999999876,67.73968364213182,0.6319082279681251,-0.6793880690398224,16.553571772539595,-9.790063905886631e-06,-0.1949393762884451,16.55201943322111,2.4154432785956264,-1.5717789474416282,0.011573346277534344,-0.01894736743108647,0.0,0.45,0.0,154.3869339892651,1474.2866215916215,568.59,0.0,1.0,389.7838690455726,154.3825595390148,0.0,1,0,0.0,0.0,0.0,0.0,-33.80316827628003,-38.21976941008071,-33.6863035611583,-38.416132676277186,-1.9596477841938382,-2.0850319333090535,-1.9563300784687296,-2.0906065460720455
powertrain_simple_cvt,SimpleCVT,EngineModelType_SIMPLE_MAP,TransmissionModelType_AUTOMATIC_SIMPLE_CVT,6.859999999999876,67.82248356122969,0.6319080542207779,-0.6803645014869147,16.559983819574104,-3.474946942791379e-05,-0.19528648941845966,16.558252967826274,1.2467069210331072,-1.5717802159306224,0.0114910826830177,-0.018945188359555953,0.0,0.45,0.0,154.3825595390148,1474.2448486687827,568.59,0.0,1.0,389.55353864124174,154.3840774998333,0.0,1,0,0.0,0.0,0.0,0.0,-34.90240478847948,-37.14588926595977,-35.012347121952175,-37.153479692766254,-1.99048130512162,-2.054148248609945,-1.9936013143761713,-2.054363654278846
powertrain_simple_cvt,SimpleCVT,EngineModelType_SIMPLE_MAP,TransmissionModelType_AUTOMATIC_SIMPLE_CVT,6.864999999999876,67.90529404697715,0.6319072372941461,-0.6813415907382949,16.562097149491436,-0.00016338532636145158,-0.19541785027602684,16.560121570710912,0.3737205769276466,-1.5717850509515578,0.011523242878725625,-0.018948923682692055,0.0,0.45,0.0,154.3840774998333,1474.2593441268436,568.59,0.0,1.0,388.62395251847886,154.39020380919243,0.0,1,0,0.0,0.0,0.0,0.0,-36.401995156110374,-35.809126612885706,-36.67217864461219,-35.68625576876305,-2.032921011528658,-2.0160981321028215,-2.040587574887199,-2.012611623298722
powertrain_simple_cvt,SimpleCVT,EngineModelType_SIMPLE_MAP,TransmissionModelType_AUTOMATIC_SIMPLE_CVT,6.869999999999876,67.98811740876896,0.6319061679865221,-0.6823184690107266,16.56467235836098,-0.00021386152479899037,-0.19537565448633185,16.56254556744025,0.48479934586752516,-1.5717921666210692,0.011663225295456502,-0.018956269149574805,0.0,0.45,0.0,154.39020380919243,1474.3178460718887,568.59,0.0,1.0,387.772741771986,154.3958135964248,0.0,1,0,0.0,0.0,0.0,0.0,-37.822631739609704,-34.531130384867446,-38.22768192764916,-34.31182807500152,-2.0730750645831675,-1.9796910808050976,-2.084566841773137,-1.9734692017475337
powertrain_simple_cvt,SimpleCVT,EngineModelType_SIMPLE_MAP,TransmissionModelType_AUTOMATIC_SIMPLE_CVT,6.874999999999876,68.07098127613872,0.6319051843856568,-0.6832946302556158,16.57277347395241,-0.00019672017305397008,-0.195232248977846,16.57082553736385,1.6559939847198633,-1.5718020404902315,0.011866187385781912,-0.01895936465044938,0.0,0.45,0.0,154.3958135964248,1474.3714155939522,568.59,0.0,1.0,387.82865457018454,154.39544511082622,0.0,1,0,0.0,0.0,0.0,0.0,-38.623601533011964,-33.72093046901266,-39.03735336380131,-33.48796918062945,-2.0952520331252953,-1.9562266642455886,-2.1069848212624667,-1.9496205655232024
powertrain_simple_cvt,SimpleCVT,EngineModelType_SIMPLE_MAP,TransmissionModelType_AUTOMATIC_SIMPLE_CVT,6.8799999999998755,68.15390652402073,0.6319049720467685,-0.6842710523749868,16.585049576401858,-4.2467777651963384e-05,-0.1952844238742039,16.5833715411828,2.509200763790229,-1.5718088729969262,0.0120459707270642,-0.018955988430026674,0.0,0.45,0.0,154.39544511082622,1474.367896815684,568.59,0.0,1.0,388.5600887425785,154.39062469461493,0.0,1,0,0.0,0.0,0.0,0.0,-38.33077106557657,-33.90537073336209,-38.55721114907411,-33.79394219407561,-2.086125899005804,-1.9607294673487423,-2.0925422176036985,-1.9575720713704468
powertrain_simple_cvt,SimpleCVT,EngineModelType_SIMPLE_MAP,TransmissionModelType_AUTOMATIC_SIMPLE_CVT,6.884999999999875,68.23687176809844,0.6319049905940463,-0.6852471859426161,16.593048815541195,3.709455533221998e-06,-0.19522671352587348,16.591249276758578,1.5755471151557623,-1.5718090241972107,0.012135298040150925,-0.018955283358044497,0.0,0.45,0.0,154.39062469461493,1474.3218652316166,568.59,0.0,1.0,388.590175082808,154.39042641473185,0.0,1,0,0.0,0.0,0.0,0.0,-37.24736621120028,-34.97837380479992,-37.27549764009892,-35.077809475877864,-2.054925828108736,-1.9906630644082906,-2.0557225709108584,-1.9934792972946815
powertrain_simple_cvt,SimpleCVT,EngineModelType_SIMPLE_MAP,TransmissionModelType_AUTOMATIC_SIMPLE_CVT,6.889999999999875,68.31985616237051,0.6319041484601067,-0.6862233519278217,16.59687885441515,-0.0001684267879254425,-0.19523319704111183,16.59491554514289,0.733253676862249,-1.5718023993712815,0.012110785598069409,-0.018958344234531157,0.0,0.45,0.0,154.39042641473185,1474.319971798206,568.59,0.0,1.0,387.9418317346937,154.39469923230544,0.0,1,0,0.0,0.0,0.0,0.0,-35.896598658871085,-36.45024633229771,-35.78382694078434,-36.69831268734325,-2.0164445648378435,-2.0321215980252347,-2.013251331935584,-2.0391458205902007
powertrain_simple_cvt,SimpleCVT,EngineModelType_SIMPLE_MAP,TransmissionModelType_AUTOMATIC_SIMPLE_CVT,6.894999999999875,68.4028617484607,0.6319031739739396,-0.6872004735601563,16.601117218035697,-0.0001948972334262758,-0.195424326466927,16.599078496879873,0.8325903473967067,-1.5717915542813365,0.011978844454469817,-0.01896308805032573,0.0,0.45,0.0,154.39469923230544,1474.3607742004722,568.59,0.0,1.0,387.3621797561402,154.3985193488652,0.0,1,0,0.0,0.0,0.0,0.0,-34.60155582793448,-37.84820343789032,-34.38438717472435,-38.21732614857672,-1.9795285374789129,-2.071437236639834,-1.9733807534219472,-2.0818866577799375
powertrain_simple_cvt,SimpleCVT,EngineModelType_SIMPLE_MAP,TransmissionModelType_AUTOMATIC_SIMPLE_CVT,6.899999999999875,68.48591291873144,0.6319020756096477,-0.6881799151054634,16.610234054150947,-0.00021967285837613858,-0.19588830906141008,16.608441529675495,1.8726065591245744,-1.5717802621164425,0.011783118721603697,-0.01896209212198407,0.0,0.45,0.0,154.3985193488652,1474.3972536264926,568.59,0.0,1.0,387.5804243738336,154.3970810377596,0.0,1,0,0.0,0.0,0.0,0.0,-33.77103776994432,-38.64308246555404,-33.528397220503265,-39.02157083683486,-1.9554786112678024,-2.0933225985182866,-1.9486136207159417,-2.104031109930816
powertrain_simple_cvt,SimpleCVT,EngineModelType_SIMPLE_MAP,TransmissionModelType_AUTOMATIC_SIMPLE_CVT,6.904999999999875,68.5690232365135,0.6319018934712075,-0.6891612759973753,16.622063556410566,-3.642768803657e-05,-0.19627217838237396,16.620500558083094,2.4118056815198035,-1.5717756499167383,0.011608739982442825,-0.01895572518584866,0.0,0.45,0.0,154.3970810377596,1474.383518767163,568.59,0.0,1.0,388.2393933442764,154.39273819348494,0.0,1,0,0.0,0.0,0.0,0.0,-33.94222183269752,-38.37200080837737,-33.81091785450064,-38.583176805486936,-1.9596251318332178,-2.084865231154994,-1.9559128646160486,-2.090835665119663
powertrain_simple_cvt,SimpleCVT,EngineModelType_SIMPLE_MAP,TransmissionModelType_AUTOMATIC_SIMPLE_CVT,6.909999999999875,68.65216645094851,0.6319016810468854,-0.6901443555171561,16.628642887003643,-4.248486442650192e-05,-0.19661590395615586,16.626914821002376,1.2828525838564804,-1.5717764427623513,0.011523790586280442,-0.018953388207252956,0.0,0.45,0.0,154.39273819348494,1474.3420476591596,568.59,0.0,1.0,388.0443721077932,154.394023454094,0.0,1,0,0.0,0.0,0.0,0.0,-35.02291190014087,-37.31290676888143,-35.10801488584747,-37.34105662961649,-1.9897967529783762,-2.0545152290399695,-1.9922018830589743,-2.0553107836994964
powertrain_simple_cvt,SimpleCVT,EngineModelType_SIMPLE_MAP,TransmissionModelType_AUTOMATIC_SIMPLE_CVT,6.914999999999875,68.73532066476872,0.6319008319117299,-0.6911281130525663,16.630842764041056,-0.00016982703110103798,-0.19675150708202266,16.628872008227535,0.391437445031792,-1.5717810325534365,0.01155279430786069,-0.01895691813641007,0.0,0.45,0.0,154.394023454094,1474.354320993905,568.59,0.0,1.0,387.14001409376584,154.39998350107587,0.0,1,0,0.0,0.0,0.0,0.0,-36.51300416782291,-35.98216153848117,-36.75815866663657,-35.87899077682491,-2.031787402655509,-2.0167868090250893,-2.038714998161418,-2.0138714013607397
powertrain_simple_cvt,SimpleCVT,EngineModelType_SIMPLE_MAP,TransmissionModelType_AUTOMATIC_SIMPLE_CVT,6.919999999999875,68.81848753289162,0.6318997742922255,-0.692111669223426,16.633373624580347,-0.00021152390086783207,-0.1967112341719641,16.631247969314632,0.47519221741937245,-1.5717876630873984,0.011689352267671475,-0.0189641414706255,0.0,0.45,0.0,154.39998350107587,1474.4112352501986,568.59,0.0,1.0,386.2971316127567,154.4055384020212,0.0,1,0,0.0,0.0,0.0,0.0,-37.93370152451093,-34.70413314683072,-38.318194143590354,-34.50157106914841,-2.071780444814223,-1.9805320800810462,-2.082643915916258,-1.9748088823704155
powertrain_simple_cvt,SimpleCVT,EngineModelType_SIMPLE_MAP,TransmissionModelType_AUTOMATIC_SIMPLE_CVT,6.924999999999875,68.9016935957175,0.6318987859269876,-0.6930945219915083,16.641212565175127,-0.00019767304760030585,-0.19657055361646292,16.639249101657406,1.6002264685547005,-1.5717974609549443,0.011890933405649095,-0.018967509638300798,0.0,0.45,0.0,154.4055384020212,1474.4642806468287,568.59,0.0,1.0,386.3111008884606,154.40544633943293,0.0,1,0,0.0,0.0,0.0,0.0,-38.74898642274566,-33.882899415548096,-39.161545909897576,-33.654047789938836,-2.0942890877350053,-1.9568685664895855,-2.105939956222416,-1.950405691980238
powertrain_simple_cvt,SimpleCVT,EngineModelType_SIMPLE_MAP,TransmissionModelType_AUTOMATIC_SIMPLE_CVT,6.9299999999998745,68.98496049596146,0.6318985171929041,-0.694077540987228,16.653380048792474,-5.37468166877915e-05,-0.19660379914392967,16.651688532189787,2.4878861064764197,-1.5718042294794445,0.012071801770590642,-0.01896435915405818,0.0,0.45,0.0,154.40544633943293,1474.463401513869,568.59,0.0,1.0,387.0256475076131,154.40073721831627,0.0,1,0,0.0,0.0,0.0,0.0,-38.48307125453934,-34.04353698771389,-38.72496162596663,-33.91856645426115,-2.0859676571268415,-1.9606868396320563,-2.0927936486960417,-1.957160251108861
powertrain_simple_cvt,SimpleCVT,EngineModelType_SIMPLE_MAP,TransmissionModelType_AUTOMATIC_SIMPLE_CVT,6.934999999999874,69.06826797173416,0.6318985640538122,-0.6950603823710549,16.66149515453969,9.37218160365085e-06,-0.1965682767653932,16.65969439829731,1.601173221504871,-1.5718046906758518,0.012163975271726012,-0.0189635923003856,0.0,0.45,0.0,154.40073721831627,1474.4184327196685,568.59,0.0,1.0,387.08036600281656,154.4003766036071,0.0,1,0,0.0,0.0,0.0,0.0,-37.41413011219692,-35.09929795061143,-37.4639404435388,-35.1750034595576,-2.0552954525695366,-1.9900037607339294,-2.0567003927886045,-1.99213909514063
powertrain_simple_cvt,SimpleCVT,EngineModelType_SIMPLE_MAP,TransmissionModelType_AUTOMATIC_SIMPLE_CVT,6.939999999999874,69.15159491771176,0.631897799923435,-0.6960432356177204,16.665389195520568,-0.0001528260754471802,-0.1965706493331011,16.663423315499344,0.7457834404064715,-1.571798197108369,0.012142739695322756,-0.018966617809375447,0.0,0.45,0.0,154.4003766036071,1474.4149891028578,568.59,0.0,1.0,386.45244099916346,154.40451485689266,0.0,1,0,0.0,0.0,0.0,0.0,-36.06995763108796,-36.56208952950167,-35.977704306965265,-36.78662240592704,-2.0171543247708894,-2.03103219216261,-2.014552828296577,-2.037363904238492
powertrain_simple_cvt,SimpleCVT,EngineModelType_SIMPLE_MAP,TransmissionModelType_AUTOMATIC_SIMPLE_CVT,6.944999999999874,69.23494276121068,0.6318968917952799,-0.6970270156351759,16.669568699783664,-0.00018162563102863466,-0.19675600349108535,16.667524930745966,0.8203230493244182,-1.5717875969497663,0.012013748437462068,-0.018971383839451465,0.0,0.45,0.0,154.40451485689266,1474.4545065108277,568.59,0.0,1.0,385.87349957368843,154.40833029065018,0.0,1,0,0.0,0.0,0.0,0.0,-34.77517459568577,-37.95966143473197,-34.57509900616948,-38.310014168883626,-1.9804007859840889,-2.070179584689077,-1.9747601452828245,-2.0800569210339694
powertrain_simple_cvt,SimpleCVT,EngineModelType_SIMPLE_MAP,TransmissionModelType_AUTOMATIC_SIMPLE_CVT,6.949999999999874,69.31833503379148,0.6318958793803041,-0.6980130903959347,16.67845451616299,-0.0002024829951493746,-0.19721495215177212,16.676642475942383,1.8235090392835607,-1.5717764047202676,0.011819526566890217,-0.01897074469460833,0.0,0.45,0.0,154.40833029065018,1474.4909412193806,568.59,0.0,1.0,386.05829337680996,154.4071124325326,0.0,1,0,0.0,0.0,0.0,0.0,-33.93522567936181,-38.76767914978284,-33.69626799581832,-39.146522265928574,-1.9561974222170888,-2.092362114182311,-1.9494642794001775,-2.1030368276645777
powertrain_simple_cvt,SimpleCVT,EngineModelType_SIMPLE_MAP,TransmissionModelType_AUTOMATIC_SIMPLE_CVT,6.954999999999874,69.4017861920468,0.6318956872253595,-0.6990010993372469,16.690231651062245,-3.8430988913960374e-05,-0.1976017882624329,16.688655294819625,2.4025637754484364,-1.571771754811502,0.011644101717394263,-0.018964596008015828,0.0,0.45,0.0,154.4071124325326,1474.4793115310167,568.59,0.0,1.0,386.7086698788108,154.40282621573823,0.0,1,0,0.0,0.0,0.0,0.0,-34.08239203157671,-38.5221883939279,-33.936486030843895,-38.749893045321436,-1.9596528739262327,-2.084663563751939,-1.9555446202333404,-2.091075009958934
powertrain_simple_cvt,SimpleCVT,EngineModelType_SIMPLE_MAP,TransmissionModelType_AUTOMATIC_SIMPLE_CVT,6.959999999999874,69.48527104613842,0.6318955817921543,-0.6999908166694098,16.696970818324885,-2.108664103972306e-05,-0.19794346643258096,16.695241241011406,1.3171892383560926,-1.5717725151422175,0.011556519742037235,-0.018962185994047254,0.0,0.45,0.0,154.40282621573823,1474.4383811756175,568.59,0.0,1.0,386.5445653362969,154.40390772413218,0.0,1,0,0.0,0.0,0.0,0.0,-35.14246922386723,-37.47916171280301,-35.20479850054763,-37.52840792706871,-1.9891109717977826,-2.0548789223592685,-1.9908652757152472,-2.0562649937402924
powertrain_simple_cvt,SimpleCVT,EngineModelType_SIMPLE_MAP,TransmissionModelType_AUTOMATIC_SIMPLE_CVT,6.964999999999874,69.56876735433137,0.6318948351474637,-0.7009812115710135,16.699261638590595,-0.00014932893812925766,-0.19807898032074606,16.69729318442328,0.410388682374938,-1.571777182839547,0.011582214737845082,-0.018965552938346786,0.0,0.45,0.0,154.40390772413218,1474.448708820031,568.59,0.0,1.0,385.66946446704463,154.40967495592952,0.0,1,0,0.0,0.0,0.0,0.0,-36.62278040069615,-36.155117098063464,-36.84526232555711,-36.07222183541736,-2.0306487596649045,-2.017487645256726,-2.0369099096212158,-2.015154783068396
powertrain_simple_cvt,SimpleCVT,EngineModelType_SIMPLE_MAP,TransmissionModelType_AUTOMATIC_SIMPLE_CVT,6.969999999999874,69.65227615103039,0.6318939127924584,-0.7019714764424179,16.70175933980462,-0.00018447100105831952,-0.1980529742808903,16.699632072379412,0.4677775912263471,-1.5717841647902615,0.011716150251734198,-0.018972706839472334,0.0,0.45,0.0,154.40967495592952,1474.5037818269413,568.59,0.0,1.0,384.8289975257509,154.4152139375929,0.0,1,0,0.0,0.0,0.0,0.0,-38.041984819383,-34.877468667077544,-38.40854693855656,-34.691585876564815,-2.0704384736831547,-1.9813942280660437,-2.080752924867055,-1.9761637940730457
powertrain_simple_cvt,SimpleCVT,EngineModelType_SIMPLE_MAP,TransmissionModelType_AUTOMATIC_SIMPLE_CVT,6.9749999999998735,69.7358228471964,0.6318929807722338,-0.702960975121915,16.709339233203032,-0.0001864040449230575,-0.19789973589942741,16.707365495765885,1.5466846772945404,-1.5717939022634766,0.011915748304966842,-0.018976213507866952,0.0,0.45,0.0,154.4152139375929,1474.5566752056266,568.59,0.0,1.0,384.8115997463699,154.41532859526262,0.0,1,0,0.0,0.0,0.0,0.0,-38.87262991595705,-34.04585259304512,-39.28431505266258,-33.82193658628761,-2.0933051534748186,-1.9575504969665192,-2.1048839296611033,-1.9512527876357444
powertrain_simple_cvt,SimpleCVT,EngineModelType_SIMPLE_MAP,TransmissionModelType_AUTOMATIC_SIMPLE_CVT,6.979999999999873,69.81942987105558,0.6318928104606149,-0.7039505692235176,16.7214047718356,-3.406232377977659e-05,-0.19791882032050853,16.71969620141037,2.4661411288967896,-1.5718011624024548,0.01209728602133746,-0.018973354419059216,0.0,0.45,0.0,154.41532859526262,1474.5577701057207,568.59,0.0,1.0,385.50748353468333,154.41074246896315,0.0,1,0,0.0,0.0,0.0,0.0,-38.63330713954895,-34.18257281621216,-38.89073694698824,-34.04494295691516,-2.085772779970889,-1.9606867716282528,-2.093007735980767,-1.9568187425621386
powertrain_simple_cvt,SimpleCVT,EngineModelType_SIMPLE_MAP,TransmissionModelType_AUTOMATIC_SIMPLE_CVT,6.984999999999873,69.90307815722441,0.6318929088056544,-0.7049398844301068,16.729657233767963,1.9669007904294777e-05,-0.19786304131782914,16.727860940569116,1.632947831749511,-1.5718021424833524,0.012191682201659348,-0.018972374613966853,0.0,0.45,0.0,154.41074246896315,1474.5139758255082,568.59,0.0,1.0,385.58818729858376,154.4102106019182,0.0,1,0,0.0,0.0,0.0,0.0,-37.583063164367616,-35.21526685682106,-37.65115103269351,-35.27304667566333,-2.0557405662134527,-1.989227131598646,-2.0576532129911853,-1.9908502164013262
powertrain_simple_cvt,SimpleCVT,EngineModelType_SIMPLE_MAP,TransmissionModelType_AUTOMATIC_SIMPLE_CVT,6.989999999999873,69.98674634492991,0.6318923135957171,-0.7059292240751044,16.73363754110019,-0.00011904198746128664,-0.19786792899952574,16.731672771143234,0.7623661148237366,-1.5717963714361556,0.012173591136218553,-0.018975257375082235,0.0,0.45,0.0,154.4102106019182,1474.5088968693522,568.59,0.0,1.0,384.9859668716668,154.41417945272974,0.0,1,0,0.0,0.0,0.0,0.0,-36.244920299436004,-36.66881559579056,-36.171312371022694,-36.87451413592684,-2.017919025889559,-2.0298238965191433,-2.015851786944923,-2.0356008290071337
powertrain_simple_cvt,SimpleCVT,EngineModelType_SIMPLE_MAP,TransmissionModelType_AUTOMATIC_SIMPLE_CVT,6.994999999999873,70.07043521501159,0.631891480466853,-0.7069194444076802,16.737774016333592,-0.00016662577282882578,-0.19804406651515197,16.73573343803095,0.8121333775435065,-1.5717861380302636,0.012047467582965071,-0.018979838884644863,0.0,0.45,0.0,154.41417945272974,1474.5467966028552,568.59,0.0,1.0,384.4077793798412,154.41798991779135,0.0,1,0,0.0,0.0,0.0,0.0,-34.95022938346675,-38.066242310907505,-34.76571712248806,-38.40138391295336,-1.9813201702872782,-2.068810478377216,-1.9761395003300917,-2.078220465658889
powertrain_simple_cvt,SimpleCVT,EngineModelType_SIMPLE_MAP,TransmissionModelType_AUTOMATIC_SIMPLE_CVT,6.999999999999873,70.15416725641163,0.6318905766574658,-0.7079119295005809,16.746408280007312,-0.0001807618774292292,-0.19849701858014673,16.744580365769792,1.7693855477681475,-1.5717755005219862,0.011855161346011419,-0.018979457401980964,0.0,0.45,0.0,154.41798991779135,1474.5831838638571,568.59,0.0,1.0,384.5576663194368,154.41700210855197,0.0,1,0,0.0,0.0,0.0,0.0,-34.09694656276503,-38.892781760101045,-33.86505009433011,-39.2681060244326,-1.9568561791250783,-2.0914407975509333,-1.9503485122778201,-2.101973451577303
powertrain_simple_cvt,SimpleCVT,EngineModelType_SIMPLE_MAP,TransmissionModelType_AUTOMATIC_SIMPLE_CVT,7.004999999999873,70.23795781237183,0.6318903889297081,-0.7089065147092357,16.75811119204119,-3.7545551559113534e-05,-0.19891704173096347,16.75652892462018,2.389711770077747,-1.5717705747337154,0.011678660459689662,-0.018973348736165598,0.0,0.45,0.0,154.41700210855197,1474.5737509804603,568.59,0.0,1.0,385.1959449627706,154.41279562102955,0.0,1,0,0.0,0.0,0.0,0.0,-34.21867825142713,-38.67527906385432,-34.063560219922906,-38.91340788804248,-1.9595875722638707,-2.084563140365127,-1.9552376282312056,-2.091240939507741
powertrain_simple_cvt,SimpleCVT,EngineModelType_SIMPLE_MAP,TransmissionModelType_AUTOMATIC_SIMPLE_CVT,7.009999999999873,70.32178280924552,0.6318904067445833,-0.709902857778816,16.764999374737513,3.5629750489033028e-06,-0.19926861391605252,16.763273137416334,1.3488425592307183,-1.571771494439031,0.011588394991566116,-0.018970752605769386,0.0,0.45,0.0,154.41279562102955,1474.5335819835254,568.59,0.0,1.0,385.06462824728453,154.41366104576363,0.0,1,0,0.0,0.0,0.0,0.0,-35.256508191086965,-37.65056754898375,-35.302512383828045,-37.71397871642321,-1.988293459349144,-2.055402578377022,-1.989583026726101,-2.0571800896861525
powertrain_simple_cvt,SimpleCVT,EngineModelType_SIMPLE_MAP,TransmissionModelType_AUTOMATIC_SIMPLE_CVT,7.014999999999873,70.4056196663163,0.6318897443576519,-0.710899917339173,16.767371414155136,-0.00013247738628103297,-0.19941191207139428,16.765409699409716,0.4273123986763585,-1.5717758811597276,0.011610669520554196,-0.01897385944901042,0.0,0.45,0.0,154.41366104576363,1474.5418461809836,568.59,0.0,1.0,384.2115562391106,154.41928309938484,0.0,1,0,0.0,0.0,0.0,0.0,-36.72819071654773,-36.332001947774316,-36.932417922259496,-36.263836611905425,-2.0294157510695023,-2.0183113935987045,-2.035139820190661,-2.0164008592366414
powertrain_simple_cvt,SimpleCVT,EngineModelType_SIMPLE_MAP,TransmissionModelType_AUTOMATIC_SIMPLE_CVT,7.019999999999873,70.48946875252635,0.6318889265863395,-0.7118967958277227,16.769817242010106,-0.00016355426246222882,-0.19937569770993682,16.767693061418107,0.45667240167831386,-1.5717829352547577,0.011741238855852475,-0.018980835614924675,0.0,0.45,0.0,154.41928309938484,1474.5955328384323,568.59,0.0,1.0,383.37787304953207,154.42477737366653,0.0,1,0,0.0,0.0,0.0,0.0,-38.14789744830935,-35.05459031339991,-38.49855951813217,-34.88144806792537,-2.0690616142185343,-1.9823743748129836,-2.078888613436983,-1.9775222141221553
powertrain_simple_cvt,SimpleCVT,EngineModelType_SIMPLE_MAP,TransmissionModelType_AUTOMATIC_SIMPLE_CVT,7.0249999999998725,70.57335453229332,0.63188810612962,-0.7128930082414858,16.77715595339491,-0.00016409134392025024,-0.1992424827526373,16.775168867817563,1.4951612798910539,-1.5717922916577987,0.011939253801521141,-0.018984557015794896,0.0,0.45,0.0,154.42477737366653,1474.6479992930701,568.59,0.0,1.0,383.32336894735903,154.4251365754479,0.0,1,0,0.0,0.0,0.0,0.0,-38.99679440807358,-34.20906191099351,-39.404626175451625,-33.99014838031975,-2.0923641864201272,-1.9582519448024593,-2.103788223280859,-1.9521198176761
powertrain_simple_cvt,SimpleCVT,EngineModelType_SIMPLE_MAP,TransmissionModelType_AUTOMATIC_SIMPLE_CVT,7.029999999999872,70.65730003607396,0.6318878251513395,-0.7138891277284038,16.789100756126977,-5.619565611552542e-05,-0.19922389738361518,16.787387284656596,2.4436833678067225,-1.571799940326289,0.012121707227976664,-0.018981726886504666,0.0,0.45,0.0,154.4251365754479,1474.6514294174146,568.59,0.0,1.0,384.0006820415103,154.42067283675155,0.0,1,0,0.0,0.0,0.0,0.0,-38.78724170000615,-34.31869540925286,-39.05379850484138,-34.1730908026304,-2.0857034847519884,-1.9606232762347215,-2.093164743640473,-1.9565476208934978
powertrain_simple_cvt,SimpleCVT,EngineModelType_SIMPLE_MAP,TransmissionModelType_AUTOMATIC_SIMPLE_CVT,7.034999999999872,70.74128747915603,0.6318880244345815,-0.7148850286070347,16.797488616412117,3.985664840440114e-05,-0.19918017572617305,16.795692296230744,1.6610023148296091,-1.5718009661676093,0.012218974363556097,-0.01898064792234138,0.0,0.45,0.0,154.42067283675155,1474.6088038527228,568.59,0.0,1.0,384.10670241145584,154.4199741241,0.0,1,0,0.0,0.0,0.0,0.0,-37.75486272722654,-35.32889807577708,-37.83647333224225,-35.371848566779654,-2.0562833423368416,-1.988411130247559,-2.058566595841402,-1.989612773821765
powertrain_simple_cvt,SimpleCVT,EngineModelType_SIMPLE_MAP,TransmissionModelType_AUTOMATIC_SIMPLE_CVT,7.039999999999872,70.82529531741031,0.6318874764384853,-0.715880928958239,16.801567650856654,-0.00010959921924420064,-0.19918007024084872,16.799610426503794,0.7836260546099705,-1.5717954391269149,0.012204116640640354,-0.018983258477187494,0.0,0.45,0.0,154.4199741241,1474.6021316383853,568.59,0.0,1.0,383.53265100003824,154.4237573308931,0.0,1,0,0.0,0.0,0.0,0.0,-36.42414871012282,-36.772260649473665,-36.36297615686003,-36.9631183892695,-2.018815737053297,-2.0285527366710316,-2.017104686496265,-2.0338911968884528
powertrain_simple_cvt,SimpleCVT,EngineModelType_SIMPLE_MAP,TransmissionModelType_AUTOMATIC_SIMPLE_CVT,7.044999999999872,70.90932360923745,0.6318867456324285,-0.7168776883634146,16.805658365428325,-0.00014616121136070944,-0.19935188103512952,16.80361665189696,0.8012450786331897,-1.571785284680245,0.012081337370654567,-0.018987766150666587,0.0,0.45,0.0,154.4237573308931,1474.6382586020966,568.59,0.0,1.0,382.9570207513548,154.42755094279585,0.0,1,0,0.0,0.0,0.0,0.0,-35.128857219569994,-38.17005222726818,-34.95561784524871,-38.49231140446427,-1.9823510229634083,-2.0673956632763644,-1.9775065193258903,-2.0764073891745123
powertrain_simple_cvt,SimpleCVT,EngineModelType_SIMPLE_MAP,TransmissionModelType_AUTOMATIC_SIMPLE_CVT,7.049999999999872,70.9933939985046,0.631885851119331,-0.7178766782369121,16.81407785343059,-0.0001789026195035408,-0.19979797469951566,16.812243676429077,1.7254049064235146,-1.5717745395940401,0.011890652566914179,-0.01898743737167533,0.0,0.45,0.0,154.42755094279585,1474.6744849272866,568.59,0.0,1.0,383.074197822166,154.4267787034433,0.0,1,0,0.0,0.0,0.0,0.0,-34.26255727833185,-39.013795116513876,-34.03394030787675,-39.38778228332415,-1.9576339705128385,-2.090430443317469,-1.9512441562510179,-2.1008833354517016
powertrain_simple_cvt,SimpleCVT,EngineModelType_SIMPLE_MAP,TransmissionModelType_AUTOMATIC_SIMPLE_CVT,7.054999999999872,71.07752246959514,0.6318856182498145,-0.71887776133619,16.825694218107365,-4.657390330434132e-05,-0.20021661985555375,16.824099873634612,2.3712394411071154,-1.5717693130314163,0.011713338654213753,-0.018981519772721122,0.0,0.45,0.0,154.4267787034433,1474.667110584674,568.59,0.0,1.0,383.70080162226935,154.42264915736783,0.0,1,0,0.0,0.0,0.0,0.0,-34.354111903883684,-38.828112400269866,-34.19222709000845,-39.074463617442824,-1.9595162478162034,-2.084475850353185,-1.9549947771514231,-2.091356482174147
powertrain_simple_cvt,SimpleCVT,EngineModelType_SIMPLE_MAP,TransmissionModelType_AUTOMATIC_SIMPLE_CVT,7.059999999999872,71.16168619990913,0.6318856525339369,-0.7198806655475382,16.832746062798808,6.856824477887184e-06,-0.2005808422696413,16.83102963630815,1.3859525347072872,-1.5717699369254474,0.011620373070182228,-0.01897859852678086,0.0,0.45,0.0,154.42264915736783,1474.627676324436,568.59,0.0,1.0,383.60078288859336,154.4233083170618,0.0,1,0,0.0,0.0,0.0,0.0,-35.36786945701927,-37.82252609537988,-35.40140521089117,-37.897386517739946,-1.987423955454384,-2.055954709620334,-1.9883602291752984,-2.058044713216496
powertrain_simple_cvt,SimpleCVT,EngineModelType_SIMPLE_MAP,TransmissionModelType_AUTOMATIC_SIMPLE_CVT,7.064999999999872,71.24586230615655,0.6318850424351684,-0.7208843071676025,16.835221249486217,-0.00012201975369460424,-0.2007283240128758,16.83326581752521,0.44723624341217305,-1.571773881873687,0.011638939631185534,-0.018981460687789685,0.0,0.45,0.0,154.4233083170618,1474.6339708358507,568.59,0.0,1.0,382.7758789995049,154.4287447325723,0.0,1,0,0.0,0.0,0.0,0.0,-36.82805085640518,-36.51157923111963,-37.02080263359369,-36.4537382754289,-2.028053693503012,-2.0192193996509626,-2.03343435231769,-2.0176047714870813
powertrain_simple_cvt,SimpleCVT,EngineModelType_SIMPLE_MAP,TransmissionModelType_AUTOMATIC_SIMPLE_CVT,7.0699999999998715,71.33005044600931,0.6318842995062678,-0.7218878480589596,16.837627970550464,-0.00014858578012509182,-0.20070817827140602,16.83551319007325,0.44947450960820384,-1.5717806871783984,0.011766130321404878,-0.01898812372641895,0.0,0.45,0.0,154.4287447325723,1474.6858847799226,568.59,0.0,1.0,381.94630074278984,154.43421195385912,0.0,1,0,0.0,0.0,0.0,0.0,-38.24814666611095,-35.23386553372836,-38.58855499338486,-35.069656956922735,-2.067553089442077,-1.983420774132453,-2.0770543069683907,-1.978837509614775
powertrain_simple_cvt,SimpleCVT,EngineModelType_SIMPLE_MAP,TransmissionModelType_AUTOMATIC_SIMPLE_CVT,7.074999999999871,71.41427401092271,0.6318833769900899,-0.7228906669031238,16.844712982681017,-0.00018450323557125015,-0.20056376883283178,16.842712419682822,1.4398459219144706,-1.5717898203435952,0.011962443641450183,-0.01899208312559544,0.0,0.45,0.0,154.43421195385912,1474.738092897489,568.59,0.0,1.0,381.8576067872633,154.43479647916186,0.0,1,0,0.0,0.0,0.0,0.0,-39.11670147146305,-34.37424186580642,-39.523021295208295,-34.15850100739143,-2.0913288527066496,-1.9590175175030753,-2.1026648941007164,-1.952998497119474
powertrain_simple_cvt,SimpleCVT,EngineModelType_SIMPLE_MAP,TransmissionModelType_AUTOMATIC_SIMPLE_CVT,7.079999999999871,71.49855658120997,0.6318830861864968,-0.7238933599290204,16.8565140574504,-5.816071860891581e-05,-0.2005386051793238,16.854792342806462,2.415984624727992,-1.5717972656767032,0.01214590236879478,-0.01898936109673478,0.0,0.45,0.0,154.43479647916186,1474.7436747029667,568.59,0.0,1.0,382.5146965072861,154.43046601982837,0.0,1,0,0.0,0.0,0.0,0.0,-38.939621880358835,-34.45486199546919,-39.2146513951925,-34.302230258134394,-2.0856098342493077,-1.9605778180103726,-2.0932774676672588,-1.9563225503147
powertrain_simple_cvt,SimpleCVT,EngineModelType_SIMPLE_MAP,TransmissionModelType_AUTOMATIC_SIMPLE_CVT,7.084999999999871,71.58288177921884,0.6318833029567503,-0.7248958932404354,16.865039601773546,4.3354050707659e-05,-0.20050666228299258,16.86324688864803,1.690909168313262,-1.571798401467666,0.01224603365419882,-0.018988115202877746,0.0,0.45,0.0,154.43046601982837,1474.7023218624395,568.59,0.0,1.0,382.64821168370923,154.42958610644018,0.0,1,0,0.0,0.0,0.0,0.0,-37.92798791266374,-35.440774414582414,-38.02000008447946,-35.47228913697094,-2.0568760356677407,-1.9875690018286534,-2.0594399855299295,-1.9884471700810757
powertrain_simple_cvt,SimpleCVT,EngineModelType_SIMPLE_MAP,TransmissionModelType_AUTOMATIC_SIMPLE_CVT,7.089999999999871,71.66722779430225,0.6318827765541221,-0.7258984253383208,16.86920301668216,-0.00010528052565796282,-0.20050641957709014,16.867249205415686,0.8004633535314725,-1.5717929600611538,0.012234917493699394,-0.018990564215991795,0.0,0.45,0.0,154.42958610644018,1474.6939193085263,568.59,0.0,1.0,382.09160946148893,154.43325431675422,0.0,1,0,0.0,0.0,0.0,0.0,-36.60506840170182,-36.87183096349129,-36.552960151250474,-37.05230751476742,-2.0197704102478626,-2.0272020741936716,-2.0183187410047694,-2.032229920193447
powertrain_simple_cvt,SimpleCVT,EngineModelType_SIMPLE_MAP,TransmissionModelType_AUTOMATIC_SIMPLE_CVT,7.094999999999871,71.75159406234965,0.6318820481222962,-0.7269017838008941,16.873253609480685,-0.0001456863651671449,-0.2006716925146473,16.871213334938304,0.7928259045236699,-1.5717827687855164,0.012115541920627176,-0.018994957231190154,0.0,0.45,0.0,154.43325431675422,1474.728948136753,568.59,0.0,1.0,381.52251747524895,154.4370048391385,0.0,1,0,0.0,0.0,0.0,0.0,-35.3101290126723,-38.26998907333231,-35.14408291766848,-38.58366507880396,-1.9834639212755465,-2.06590246406985,-1.9788391762442736,-2.074639023322876
powertrain_simple_cvt,SimpleCVT,EngineModelType_SIMPLE_MAP,TransmissionModelType_AUTOMATIC_SIMPLE_CVT,7.099999999999871,71.83600138612796,0.6318811439792107,-0.7279072551696263,16.881464755662172,-0.00018082861709327455,-0.20109427374644534,16.87961651923415,1.6806368591695178,-1.5717719520236724,0.011926642552816714,-0.018994870644341817,0.0,0.45,0.0,154.4370048391385,1474.7647629873513,568.59,0.0,1.0,381.6094998767938,154.4364315935966,0.0,1,0,0.0,0.0,0.0,0.0,-34.429844335562464,-39.13192895434337,-34.20282504467028,-39.50598210111795,-1.9584686852835471,-2.0893667752873952,-1.952148851851983,-2.0997797828026483
powertrain_simple_cvt,SimpleCVT,EngineModelType_SIMPLE_MAP,TransmissionModelType_AUTOMATIC_SIMPLE_CVT,7.104999999999871,71.92046632965639,0.6318808587912114,-0.728914986422519,16.89298870568511,-5.703759985862752e-05,-0.20154625057853834,16.891387625397908,2.354221232751336,-1.5717664313036628,0.011748669464476258,-0.018989034604692683,0.0,0.45,0.0,154.4364315935966,1474.7592888956553,568.59,0.0,1.0,382.22107481736197,154.43240109315082,0.0,1,0,0.0,0.0,0.0,0.0,-34.49079912466833,-38.97896286846289,-34.321878876451926,-39.23339074103565,-1.959496452755157,-2.084352278101204,-1.9547972754941048,-2.0914301843083987
powertrain_simple_cvt,SimpleCVT,EngineModelType_SIMPLE_MAP,TransmissionModelType_AUTOMATIC_SIMPLE_CVT,7.109999999999871,72.0049673467779,0.6318808816055226,-0.7299244537281281,16.90020342430237,4.5628622370585004e-06,-0.20189346112182327,16.898488360629468,1.4201470463121115,-1.571766698872903,0.011652957820649274,-0.018985994316585694,0.0,0.45,0.0,154.43240109315082,1474.7208004515103,568.59,0.0,1.0,382.1536517351267,154.43284543569163,0.0,1,0,0.0,0.0,0.0,0.0,-35.477837087035034,-37.99481544706776,-35.50126280128919,-38.079048826019395,-1.9865400556204995,-2.056530229069086,-1.9871914596332796,-2.058872525251128
powertrain_simple_cvt,SimpleCVT,EngineModelType_SIMPLE_MAP,TransmissionModelType_AUTOMATIC_SIMPLE_CVT,7.1149999999998705,72.08948128212859,0.6318802957186901,-0.7309346983958737,16.90278707013746,-0.00011717736649852076,-0.2020489335491229,16.900837343725552,0.46979661921683236,-1.5717706738058834,0.01166829509201494,-0.018988634352977152,0.0,0.45,0.0,154.43284543569163,1474.7250436102183,568.59,0.0,1.0,381.3566581973166,154.43809791187465,0.0,1,0,0.0,0.0,0.0,0.0,-36.92468558518699,-36.6928898448634,-37.10900148416261,-36.642661249574516,-2.026630184268409,-2.0201854847447787,-2.031754784852817,-2.018788961220753
powertrain_simple_cvt,SimpleCVT,EngineModelType_SIMPLE_MAP,TransmissionModelType_AUTOMATIC_SIMPLE_CVT,7.11999999999987,72.17400714131443,0.6318794777047534,-0.7319448318924918,16.905171837169988,-0.0001636027873437411,-0.2020266993236308,16.90305749406701,0.44403006829157715,-1.571777276473256,0.011791962931838776,-0.018995206986411578,0.0,0.45,0.0,154.43809791187465,1474.7752010630982,568.59,0.0,1.0,380.5352011827561,154.44351161123313,0.0,1,0,0.0,0.0,0.0,0.0,-38.34527709547035,-35.414614648602125,-38.67853625949861,-35.25686494681018,-2.065987364326603,-1.9845158149180557,-2.0752518705398626,-1.980130419855769
powertrain_simple_cvt,SimpleCVT,EngineModelType_SIMPLE_MAP,TransmissionModelType_AUTOMATIC_SIMPLE_CVT,7.12499999999987,72.25856721043594,0.6318786495143596,-0.7329542720270878,16.912013824301418,-0.00016563807875451275,-0.20188802691919608,16.910006548909028,1.389810968403567,-1.5717864109292468,0.011986192298345424,-0.01899923254016762,0.0,0.45,0.0,154.44351161123313,1474.8268980838973,568.59,0.0,1.0,380.4136768577477,154.44431250056596,0.0,1,0,0.0,0.0,0.0,0.0,-39.23303981563826,-34.540801045445555,-39.63973688598462,-34.32672697286916,-2.090218703112082,-1.9598294574464266,-2.1015201152554197,-1.953880707136206
powertrain_simple_cvt,SimpleCVT,EngineModelType_SIMPLE_MAP,TransmissionModelType_AUTOMATIC_SIMPLE_CVT,7.12999999999987,72.34318550726682,0.631878222184386,-0.7339634640589245,16.92365936617664,-8.546599471239447e-05,-0.20183840636733427,16.92192280219032,2.3832506562584905,-1.5717940628531366,0.012170370594002925,-0.01899678333846634,0.0,0.45,0.0,154.44431250056596,1474.8345460136686,568.59,0.0,1.0,381.04564897932414,154.44014757530695,0.0,1,0,0.0,0.0,0.0,0.0,-39.092135706152305,-34.58905018514308,-39.372755192057106,-34.432620543986886,-2.085538256086554,-1.960493371349912,-2.093330697759293,-1.9561495217035954
powertrain_simple_cvt,SimpleCVT,EngineModelType_SIMPLE_MAP,TransmissionModelType_AUTOMATIC_SIMPLE_CVT,7.13499999999987,72.42784711143145,0.6318785027576608,-0.7349724591676118,16.9323208329242,5.611465494224986e-05,-0.20179902173745357,16.930530462897895,1.7215321415151064,-1.571795550050962,0.012273059700978932,-0.018995388819716946,0.0,0.45,0.0,154.44014757530695,1474.7947739071137,568.59,0.0,1.0,381.20499223783577,154.43909744549964,0.0,1,0,0.0,0.0,0.0,0.0,-38.10235048082796,-35.54860902285013,-38.201326009812696,-35.57357996614651,-2.0575152698361756,-1.9866372123687202,-2.060262295463745,-1.9873302707628846
powertrain_simple_cvt,SimpleCVT,EngineModelType_SIMPLE_MAP,TransmissionModelType_AUTOMATIC_SIMPLE_CVT,7.13999999999987,72.51252998048695,0.6318779557882516,-0.735981447246545,16.936573811098704,-0.0001093938818422166,-0.2017976157866511,16.93461959964624,0.8178273496689489,-1.5717904414206822,0.012265290630012348,-0.01899776138810779,0.0,0.45,0.0,154.43909744549964,1474.7847459061306,568.59,0.0,1.0,380.67247535071306,154.44260692472875,0.0,1,0,0.0,0.0,0.0,0.0,-36.787713696089575,-36.96784158360077,-36.74150115021206,-37.14256523722716,-2.020781515880853,-2.025779685095311,-2.019499215137097,-2.0306278982102226
powertrain_simple_cvt,SimpleCVT,EngineModelType_SIMPLE_MAP,TransmissionModelType_AUTOMATIC_SIMPLE_CVT,7.14499999999987,72.5972329501577,0.6318772564252589,-0.7369912455458483,16.940593934150883,-0.00013987259851726578,-0.20195965986064623,16.938552704402426,0.7866209512371992,-1.5717806347567471,0.012149393819824033,-0.01900208643256489,0.0,0.45,0.0,154.44260692472875,1474.81825896415,568.59,0.0,1.0,380.10584693560935,154.44634121128664,0.0,1,0,0.0,0.0,0.0,0.0,-35.492401963719296,-38.366838537581835,-35.33140754770613,-38.675047197613786,-1.984610667381105,-2.0643517036803254,-1.980144448961811,-2.0729018585770524
powertrain_simple_cvt,SimpleCVT,EngineModelType_SIMPLE_MAP,TransmissionModelType_AUTOMATIC_SIMPLE_CVT,7.14999999999987,72.68197574628412,0.6318763412439918,-0.7380031459856645,16.94855922528466,-0.00018303625342768978,-0.20238008796324328,16.946695498302297,1.628558779974333,-1.5717698884469884,0.011962546700528195,-0.019002274786328783,0.0,0.45,0.0,154.44634121128664,1474.8539187740264,568.59,0.0,1.0,380.1611718435379,154.44597660009788,0.0,1,0,0.0,0.0,0.0,0.0,-34.59623278690259,-39.25020724967288,-34.37187197954861,-39.62254092411991,-1.9592884812377795,-2.0883344418662007,-1.9530673779326428,-2.098658554531126
powertrain_simple_cvt,SimpleCVT,EngineModelType_SIMPLE_MAP,TransmissionModelType_AUTOMATIC_SIMPLE_CVT,7.15499999999987,72.76677568584904,0.6318759968036824,-0.7390174193573693,16.959987912983955,-6.888806187369152e-05,-0.2028546743409502,16.9583740117343,2.335702686400559,-1.5717642316309337,0.011783805277094394,-0.01899665852482687,0.0,0.45,0.0,154.44597660009788,1474.8504369936468,568.59,0.0,1.0,380.75676422283016,154.4420514305217,0.0,1,0,0.0,0.0,0.0,0.0,-34.62433144339584,-39.132852290329154,-34.452996401532836,-39.38992965605784,-1.95940644627803,-2.0843331606262354,-1.954658919415153,-2.0914565236368827
powertrain_simple_cvt,SimpleCVT,EngineModelType_SIMPLE_MAP,TransmissionModelType_AUTOMATIC_SIMPLE_CVT,7.15999999999987,72.85161251143906,0.6318760372773325,-0.7400334737627309,16.967365118003165,8.094730009949782e-06,-0.20321088107231677,16.965650691120764,1.455335877292927,-1.5717642653654813,0.011685263172313793,-0.018993515483847284,0.0,0.45,0.0,154.4420514305217,1474.8129543852153,568.59,0.0,1.0,380.7202778762644,154.44229188876542,0.0,1,0,0.0,0.0,0.0,0.0,-35.583601173344704,-38.17094858099589,-35.60241642022632,-38.25869333936858,-1.985563978404066,-2.057226101418988,-1.9860851069284378,-2.0596563802635774
powertrain_simple_cvt,SimpleCVT,EngineModelType_SIMPLE_MAP,TransmissionModelType_AUTOMATIC_SIMPLE_CVT,7.1649999999998695,72.93646273634761,0.631875516907295,-0.741050352531475,16.97004498171089,-0.00010407400750601318,-0.2033757537488345,16.968097132349484,0.4892882457440455,-1.5717681969171338,0.011697082757559402,-0.018996021104044948,0.0,0.45,0.0,154.44229188876542,1474.815250592301,568.59,0.0,1.0,379.9491176332972,154.44737411417543,0.0,1,0,0.0,0.0,0.0,0.0,-37.018562898546364,-36.87707393708176,-37.19848741147336,-36.82972654373095,-2.025160486196388,-2.0212422116560176,-2.0301431620948662,-2.019931013354758
powertrain_simple_cvt,SimpleCVT,EngineModelType_SIMPLE_MAP,TransmissionModelType_AUTOMATIC_SIMPLE_CVT,7.169999999999869,73.0213247328917,0.6318746700954457,-0.7420671636317857,16.972399308818648,-0.0001693623698550105,-0.20336222006214075,16.970287355625203,0.4380446551437083,-1.5717744828530802,0.011817082801770712,-0.019002458510994413,0.0,0.45,0.0,154.44737411417543,1474.8637822700555,568.59,0.0,1.0,379.1345434163899,154.4527424534036,0.0,1,0,0.0,0.0,0.0,0.0,-38.44020707066497,-35.59786817181562,-38.768571705180356,-35.44297400188237,-2.0643928958880027,-1.9856897472270234,-2.073485172201617,-1.9814007938978089
powertrain_simple_cvt,SimpleCVT,EngineModelType_SIMPLE_MAP,TransmissionModelType_AUTOMATIC_SIMPLE_CVT,7.174999999999869,73.10621976027471,0.6318738727589295,-0.7430832295861077,16.979005476603017,-0.0001594673032406452,-0.20321319086439693,16.9769847523612,1.3394793471995856,-1.5717837387033704,0.012009586249426244,-0.019006714001931335,0.0,0.45,0.0,154.4527424534036,1474.915046133517,568.59,0.0,1.0,378.9843379336737,154.45373236195755,0.0,1,0,0.0,0.0,0.0,0.0,-39.34945872399887,-34.70840475129021,-39.754942321353,-34.495327711485864,-2.0891398516356325,-1.96068174829237,-2.100363089753355,-1.9547840637232574
powertrain_simple_cvt,SimpleCVT,EngineModelType_SIMPLE_MAP,TransmissionModelType_AUTOMATIC_SIMPLE_CVT,7.179999999999869,73.19117228793598,0.6318734794841626,-0.744099040580503,16.990505532254687,-7.86549533767552e-05,-0.20316219887906475,16.988757401307605,2.354529789280996,-1.5717912544282693,0.01219464623089934,-0.019004452279636302,0.0,0.45,0.0,154.45373236195755,1474.9244990638913,568.59,0.0,1.0,379.5897255008345,154.4497426385443,0.0,1,0,0.0,0.0,0.0,0.0,-39.24562307241083,-34.72244134196008,-39.52858663996595,-34.56426898172371,-2.0855130746823445,-1.960404272141246,-2.0933396965625244,-1.9560293087275387
powertrain_simple_cvt,SimpleCVT,EngineModelType_SIMPLE_MAP,TransmissionModelType_AUTOMATIC_SIMPLE_CVT,7.184999999999869,73.27616875082657,0.631873723960075,-0.7451146873783914,16.999292578117927,4.889518247352693e-05,-0.20312935957766015,16.997500901261468,1.7486999907724883,-1.5717931324214085,0.01230026279786217,-0.019003014105693727,0.0,0.45,0.0,154.4497426385443,1474.8864000117242,568.59,0.0,1.0,379.77392075716864,154.44852872506695,0.0,1,0,0.0,0.0,0.0,0.0,-38.278871569887286,-35.6546528575675,-38.38079902454312,-35.6759417290176,-2.058228609910244,-1.9856814525320932,-2.061046418905872,-1.9862699885029111
powertrain_simple_cvt,SimpleCVT,EngineModelType_SIMPLE_MAP,TransmissionModelType_AUTOMATIC_SIMPLE_CVT,7.189999999999869,73.3611869905258,0.631873252860389,-0.7461303407946431,17.00364793984595,-9.42199372017281e-05,-0.20313068325034306,17.00169646403026,0.8391125537585432,-1.5717882400083765,0.012296474521729555,-0.019005240086517754,0.0,0.45,0.0,154.44852872506695,1474.8748079918996,568.59,0.0,1.0,379.2659307639077,154.45187656317884,0.0,1,0,0.0,0.0,0.0,0.0,-36.9735548415768,-37.06044192621045,-36.928635692278505,-37.23323452258323,-2.021890577614656,-2.024291999211361,-2.0206490833731885,-2.0290677132824455
powertrain_simple_cvt,SimpleCVT,EngineModelType_SIMPLE_MAP,TransmissionModelType_AUTOMATIC_SIMPLE_CVT,7.194999999999869,73.44622518377251,0.6318725659247858,-0.7471467669785844,17.007638649343654,-0.0001373871206349494,-0.20328523678825294,17.00559689743869,0.7800866816858043,-1.5717786254630335,0.012184254209202374,-0.019009498759218126,0.0,0.45,0.0,154.45187656317884,1474.9067774909504,568.59,0.0,1.0,378.70427553935383,154.4555780746091,0.0,1,0,0.0,0.0,0.0,0.0,-35.677346823935956,-38.460376034860644,-35.5176931066946,-38.76619449920392,-1.9858392724275704,-2.062740155948482,-1.981427708271124,-2.071190555970404
powertrain_simple_cvt,SimpleCVT,EngineModelType_SIMPLE_MAP,TransmissionModelType_AUTOMATIC_SIMPLE_CVT,7.199999999999869,73.53130213358887,0.631871702837408,-0.748165227124568,17.015389963269733,-0.0001726174755627899,-0.2036920291967324,17.013514364651183,1.5834934424987406,-1.5717677926829257,0.011999344210526721,-0.019009878569450085,0.0,0.45,0.0,154.4555780746091,1474.9421243214124,568.59,0.0,1.0,378.7300660413216,154.45540810585663,0.0,1,0,0.0,0.0,0.0,0.0,-34.765334208335176,-39.36483556378122,-34.54108964309209,-39.737319927378735,-1.9601914216170604,-2.087226062467902,-1.95399796158586,-2.0975137901356278
powertrain_simple_cvt,SimpleCVT,EngineModelType_SIMPLE_MAP,TransmissionModelType_AUTOMATIC_SIMPLE_CVT,7.204999999999869,73.61643564923884,0.6318713500749306,-0.7491860590431507,17.02670312999293,-7.055249548384849e-05,-0.20416638371654958,17.02507880745652,2.312888561067488,-1.571762076484267,0.011819848300835389,-0.01900442269267076,0.0,0.45,0.0,154.45540810585663,1474.940501239385,568.59,0.0,1.0,379.3090965278632,154.45159208515443,0.0,1,0,0.0,0.0,0.0,0.0,-34.759183740912626,-39.28420722141154,-34.58510390122855,-39.54434835473691,-1.9593694469538245,-2.084262174766349,-1.9545647633695278,-2.0914421896098663
powertrain_simple_cvt,SimpleCVT,EngineModelType_SIMPLE_MAP,TransmissionModelType_AUTOMATIC_SIMPLE_CVT,7.2099999999998685,73.701606851299,0.631871434851528,-0.7502086366694942,17.0342404120323,1.695531947719332e-05,-0.20451552526870073,17.03252997668491,1.490233845677867,-1.571761898655979,0.01171839374620833,-0.01900109343820736,0.0,0.45,0.0,154.45159208515443,1474.9040609259232,568.59,0.0,1.0,379.30198989967306,154.4516389204091,0.0,1,0,0.0,0.0,0.0,0.0,-35.688730512191846,-38.34658302957391,-35.70430877913804,-38.43667327807844,-1.984594449012264,-2.0579203083900213,-1.9850242282434198,-2.0604057528794906
powertrain_simple_cvt,SimpleCVT,EngineModelType_SIMPLE_MAP,TransmissionModelType_AUTOMATIC_SIMPLE_CVT,7.214999999999868,73.7867920093153,0.6318709385329209,-0.7512320366135803,17.037031603259642,-9.92637214273632e-05,-0.20467998881721944,17.035087972222424,0.5115991075030133,-1.5717656963620033,0.01172617032265553,-0.019003408220636717,0.0,0.45,0.0,154.4516389204091,1474.9045081696606,568.59,0.0,1.0,378.55384700936236,154.4565694531254,0.0,1,0,0.0,0.0,0.0,0.0,-37.10900832719058,-37.06228655402322,-37.287982790611196,-37.01538654571033,-2.0236238897844636,-2.0223351050568983,-2.0285607648096167,-2.021041403847831
powertrain_simple_cvt,SimpleCVT,EngineModelType_SIMPLE_MAP,TransmissionModelType_AUTOMATIC_SIMPLE_CVT,7.219999999999868,73.87198882819332,0.6318701648319773,-0.7522553530920648,17.03936377560384,-0.00015474018871345805,-0.20466329569691039,17.03725898831896,0.4342032193072591,-1.5717723814757414,0.011843157095961133,-0.019009582818400924,0.0,0.45,0.0,154.4565694531254,1474.9515912888935,568.59,0.0,1.0,377.75448854025757,154.4618375150625,0.0,1,0,0.0,0.0,0.0,0.0,-38.53127190725921,-35.78352628954703,-38.85857620476396,-35.62854789135801,-2.0627205163480102,-1.9869356928239794,-2.0717478070350235,-1.982661275832435
powertrain_simple_cvt,SimpleCVT,EngineModelType_SIMPLE_MAP,TransmissionModelType_AUTOMATIC_SIMPLE_CVT,7.224999999999868,73.95721756612087,0.631869427812797,-0.7532780425724519,17.0457475855094,-0.0001474038360815195,-0.20453789607740722,17.04371555555106,1.2913134464199336,-1.5717810756408888,0.012033176754541141,-0.01901401722647764,0.0,0.45,0.0,154.4618375150625,1475.0018975747614,568.59,0.0,1.0,377.570664742166,154.4630489804955,0.0,1,0,0.0,0.0,0.0,0.0,-39.4611134017847,-34.87812244724903,-39.86817961875038,-34.66391106700846,-2.087953922198574,-1.9615995810622655,-2.0991768515374694,-1.9556937134568737
powertrain_simple_cvt,SimpleCVT,EngineModelType_SIMPLE_MAP,TransmissionModelType_AUTOMATIC_SIMPLE_CVT,7.229999999999868,74.04250287100383,0.6318689871324086,-0.754300420992719,17.05706097659215,-8.813607767585864e-05,-0.20447568405341168,17.055304657547353,2.317820399258657,-1.5717891543579174,0.012218900244650615,-0.019011871329986097,0.0,0.45,0.0,154.4630489804955,1475.0134662174844,568.59,0.0,1.0,378.1511903644757,154.45922310630684,0.0,1,0,0.0,0.0,0.0,0.0,-39.39581423285261,-34.85859776911372,-39.68246617713163,-34.69719427169351,-2.0854155630591698,-1.9604082378240015,-2.093313267106169,-1.9559613220426295
powertrain_simple_cvt,SimpleCVT,EngineModelType_SIMPLE_MAP,TransmissionModelType_AUTOMATIC_SIMPLE_CVT,7.234999999999868,74.12783279476878,0.6318692969637669,-0.7553226444904427,17.06598475298822,6.196627167863152e-05,-0.2044446995447522,17.064195283940474,1.7781252786243253,-1.5717910978914809,0.012327410425274217,-0.019010297776934686,0.0,0.45,0.0,154.45922310630684,1474.9769318101578,568.59,0.0,1.0,378.360634042954,154.45784279657948,0.0,1,0,0.0,0.0,0.0,0.0,-38.45663779065928,-35.75716911164077,-38.55902750480868,-35.77908611532383,-2.0589877692525964,-1.984651985398517,-2.0618072943387915,-1.9852555181089262
powertrain_simple_cvt,SimpleCVT,EngineModelType_SIMPLE_MAP,TransmissionModelType_AUTOMATIC_SIMPLE_CVT,7.239999999999868,74.21318517840258,0.6318688615578881,-0.7563448497723843,17.07047672676126,-8.70811757527918e-05,-0.20444105638830884,17.06853239164938,0.8674215417812733,-1.5717865652070206,0.012327027732478691,-0.01901227501358162,0.0,0.45,0.0,154.45784279657948,1474.9637508231915,568.59,0.0,1.0,377.87876523668854,154.46101848660476,0.0,1,0,0.0,0.0,0.0,0.0,-37.16074838851139,-37.149035712754,-37.11459987646415,-37.32422375390248,-2.023042594822302,-2.0227201425919574,-2.021772117354561,-2.027543103268761
powertrain_simple_cvt,SimpleCVT,EngineModelType_SIMPLE_MAP,TransmissionModelType_AUTOMATIC_SIMPLE_CVT,7.244999999999868,74.29855731468984,0.6318682300751364,-0.7573678282493675,17.074427257452474,-0.0001262965503574891,-0.20459569539665518,17.072388120047457,0.7711456796151759,-1.571777035237141,0.012218628130304162,-0.01901639100123731,0.0,0.45,0.0,154.46101848660476,1474.9940764291066,568.59,0.0,1.0,377.3213181931031,154.46469226459772,0.0,1,0,0.0,0.0,0.0,0.0,-35.8648210476753,-38.548841681288934,-35.703513233121434,-38.85713587480488,-1.987142471914221,-2.0610173912791363,-1.982702639506132,-2.0695028732465377
powertrain_simple_cvt,SimpleCVT,EngineModelType_SIMPLE_MAP,TransmissionModelType_AUTOMATIC_SIMPLE_CVT,7.249999999999868,74.38396715738038,0.6318673814217085,-0.7583927706662352,17.081968538108008,-0.00016973068558067783,-0.20498848337353376,17.080084642186733,1.5393044278554031,-1.5717663618366946,0.012036164463720985,-0.019016883655083534,0.0,0.45,0.0,154.46469226459772,1475.0291584247504,568.59,0.0,1.0,377.3189394813792,154.46470794116988,0.0,1,0,0.0,0.0,0.0,0.0,-34.93633638363296,-39.475321512617136,-34.710300190437415,-39.85058048227478,-1.961153578016891,-2.0860281999401113,-1.9549349667273286,-2.0963521645770653
powertrain_simple_cvt,SimpleCVT,EngineModelType_SIMPLE_MAP,TransmissionModelType_AUTOMATIC_SIMPLE_CVT,7.2549999999998676,74.46943290373126,0.6318670332010129,-0.759420199549378,17.09314927017659,-6.964413913051126e-05,-0.20548577662855727,17.091516032714168,2.286278105486921,-1.5717601510761134,0.011855942301191113,-0.01901155999053179,0.0,0.45,0.0,154.46470794116988,1475.0293081249877,568.59,0.0,1.0,377.87905742067676,154.46101656100643,0.0,1,0,0.0,0.0,0.0,0.0,-34.89214726629291,-39.4360307964354,-34.71841917158862,-39.69639880227966,-1.9592958265989087,-2.0842216006921555,-1.954519490108612,-2.0913799432120372
powertrain_simple_cvt,SimpleCVT,EngineModelType_SIMPLE_MAP,TransmissionModelType_AUTOMATIC_SIMPLE_CVT,7.2599999999998674,74.55493714970589,0.6318671536618581,-0.7604493903188523,17.10084919492714,2.4092169043061313e-05,-0.20583815389486357,17.09914510514298,1.525814485762599,-1.5717598778759132,0.011751678930871956,-0.019008001657165437,0.0,0.45,0.0,154.46101656100643,1474.9940580409968,568.59,0.0,1.0,377.90110988813285,154.46087122725578,0.0,1,0,0.0,0.0,0.0,0.0,-35.78946989129943,-38.52486374770785,-35.80713217894863,-38.61293294055244,-1.983527059306804,-2.058698160857355,-1.984012434974144,-2.0611183820709424
powertrain_simple_cvt,SimpleCVT,EngineModelType_SIMPLE_MAP,TransmissionModelType_AUTOMATIC_SIMPLE_CVT,7.264999999999867,74.64045588614091,0.6318667173111149,-0.7614794202828803,17.10374728700485,-8.727014863109395e-05,-0.20600599280561205,17.10181144936225,0.533268843853574,-1.571763563696124,0.01175616701116317,-0.019010052493313764,0.0,0.45,0.0,154.46087122725578,1474.992670205908,568.59,0.0,1.0,377.1847222325874,154.46559248146937,0.0,1,0,0.0,0.0,0.0,0.0,-37.19558189800352,-37.250850592378114,-37.378421059345385,-37.20004551056551,-2.02200892493898,-2.023527521934598,-2.0270327273688538,-2.022131569931827
powertrain_simple_cvt,SimpleCVT,EngineModelType_SIMPLE_MAP,TransmissionModelType_AUTOMATIC_SIMPLE_CVT,7.269999999999867,74.72598620758298,0.6318660043727301,-0.762509386782601,17.10606428841365,-0.00014258767695379728,-0.2059932999441518,17.103962665704973,0.4302432685449367,-1.5717697894116511,0.011868791654919515,-0.019016072347038213,0.0,0.45,0.0,154.46559248146937,1475.0377548626493,568.59,0.0,1.0,376.3852942586422,154.47086100146856,0.0,1,0,0.0,0.0,0.0,0.0,-38.617877179585335,-35.971330419483266,-38.948051032008,-35.812650968923066,-2.0609553377401038,-1.9882463201353402,-2.0700262586889964,-1.9838868933010112
powertrain_simple_cvt,SimpleCVT,EngineModelType_SIMPLE_MAP,TransmissionModelType_AUTOMATIC_SIMPLE_CVT,7.274999999999867,74.81154722573015,0.6318652404516738,-0.7635387098793217,17.112203629435374,-0.0001527842112636975,-0.20586461934412503,17.11016516484564,1.24049982813335,-1.5717788469310734,0.012056768038760716,-0.019020587312464945,0.0,0.45,0.0,154.47086100146856,1475.0880655226883,568.59,0.0,1.0,376.1747327476571,154.47224867811715,0.0,1,0,0.0,0.0,0.0,0.0,-39.57138032125293,-35.04894310605266,-39.98002085062082,-34.832381894880854,-2.0867569911692607,-1.9625563638258854,-2.0979795704313537,-1.9566088985530945
powertrain_simple_cvt,SimpleCVT,EngineModelType_SIMPLE_MAP,TransmissionModelType_AUTOMATIC_SIMPLE_CVT,7.279999999999867,74.89716404172994,0.6318648006302621,-0.7645675724987001,17.123363199958295,-8.796428235574317e-05,-0.20577252387567999,17.121592716848845,2.285510400641093,-1.571786731119622,0.012243071602408064,-0.01901869432269401,0.0,0.45,0.0,154.47224867811715,1475.1013168585705,568.59,0.0,1.0,376.72907868332624,154.46859533754898,0.0,1,0,0.0,0.0,0.0,0.0,-39.54941395588203,-34.99041981927809,-39.834120379060366,-34.83050341453916,-2.085428787216784,-1.9603077555336716,-2.0932425198796247,-1.9559188695328453
powertrain_simple_cvt,SimpleCVT,EngineModelType_SIMPLE_MAP,TransmissionModelType_AUTOMATIC_SIMPLE_CVT,7.284999999999867,74.98282608384508,0.6318651542416402,-0.7655963025726219,17.132408423030014,7.072227562489601e-05,-0.2057460147843638,17.130622850701606,1.8060267705522322,-1.5717891333460159,0.012354320502919404,-0.01901694978043298,0.0,0.45,0.0,154.46859533754898,1475.066430025957,568.59,0.0,1.0,376.95952338289857,154.46707662348345,0.0,1,0,0.0,0.0,0.0,0.0,-38.63585392733796,-35.85881540324569,-38.734931709433,-35.88288616078508,-2.0597972950944134,-1.983621991146401,-2.062515039230876,-1.984282261882984
powertrain_simple_cvt,SimpleCVT,EngineModelType_SIMPLE_MAP,TransmissionModelType_AUTOMATIC_SIMPLE_CVT,7.289999999999867,75.068510959467,0.6318647755980681,-0.7666250109927902,17.136975124385366,-7.572871443663805e-05,-0.20574168403366275,17.13503036531447,0.8815029225729819,-1.5717847983669375,0.012357964291861782,-0.01901885704202333,0.0,0.45,0.0,154.46707662348345,1475.0519273749167,568.59,0.0,1.0,376.5020538967626,154.47009151314867,0.0,1,0,0.0,0.0,0.0,0.0,-37.35135138797709,-37.23490350701477,-37.29917052947591,-37.4156909404318,-2.02429932384239,-2.0211059324040557,-2.0228683496983733,-2.0260637301523823
powertrain_simple_cvt,SimpleCVT,EngineModelType_SIMPLE_MAP,TransmissionModelType_AUTOMATIC_SIMPLE_CVT,7.294999999999867,75.15421556395881,0.6318641883528078,-0.7676544629132418,17.140920898360765,-0.00011744905206680328,-0.2058903840903234,17.138883394931153,0.7706059233363924,-1.5717757427639163,0.01225354298433721,-0.019022854849631787,0.0,0.45,0.0,154.47009151314867,1475.0807174505023,568.59,0.0,1.0,375.95087046273875,154.4737240116852,0.0,1,0,0.0,0.0,0.0,0.0,-36.054357424790254,-38.63577102631984,-35.88781670508728,-38.94809925238383,-1.9885091206653254,-2.0592842244691996,-1.9839430423284152,-2.0678473863768696
powertrain_simple_cvt,SimpleCVT,EngineModelType_SIMPLE_MAP,TransmissionModelType_AUTOMATIC_SIMPLE_CVT,7.299999999999867,75.23995683543744,0.6318633642669143,-0.7686858759305277,17.14825429572453,-0.00016481717871505365,-0.20628260345718752,17.14635579658705,1.494480331179236,-1.571764846387273,0.012073049297080467,-0.019023610079136513,0.0,0.45,0.0,154.4737240116852,1475.1154052563743,568.59,0.0,1.0,375.92069484836657,154.47392287991718,0.0,1,0,0.0,0.0,0.0,0.0,-35.10837422655791,-39.585341480801986,-34.879544566214456,-39.962497735273196,-1.962153430430001,-2.0848457936193867,-1.9558822986121953,-2.095181851384577
powertrain_simple_cvt,SimpleCVT,EngineModelType_SIMPLE_MAP,TransmissionModelType_AUTOMATIC_SIMPLE_CVT,7.3049999999998665,75.32575332643705,0.6318629987073473,-0.7697197574531212,17.15929819992368,-7.311191338638085e-05,-0.20677630451867915,17.157653501812323,2.2595410450549505,-1.5717586518314335,0.011892048504059907,-0.019018475594413848,0.0,0.45,0.0,154.47392287991718,1475.117304308103,568.59,0.0,1.0,376.46067413864245,154.4703642207475,0.0,1,0,0.0,0.0,0.0,0.0,-35.02658797188258,-39.58680334843978,-34.8522704430434,-39.84684760783553,-1.9592799904864089,-2.084171497662369,-1.954505922354489,-2.091293380469779
powertrain_simple_cvt,SimpleCVT,EngineModelType_SIMPLE_MAP,TransmissionModelType_AUTOMATIC_SIMPLE_CVT,7.309999999999866,75.41158908957341,0.631863153041804,-0.7707553485273747,17.1671526272712,3.086689132880639e-05,-0.20711821485070087,17.16544785828958,1.558871295451103,-1.5717581389491224,0.011784844462612094,-0.019014843580505193,0.0,0.45,0.0,154.4703642207475,1475.083321616245,568.59,0.0,1.0,376.5108716134987,154.4700334012005,0.0,1,0,0.0,0.0,0.0,0.0,-35.89119746631537,-38.70286257963034,-35.91058095641999,-38.78785349355758,-1.9825128845255833,-2.059481539678304,-1.9830435028977549,-2.0618081454729285
powertrain_simple_cvt,SimpleCVT,EngineModelType_SIMPLE_MAP,TransmissionModelType_AUTOMATIC_SIMPLE_CVT,7.314999999999866,75.4974399395124,0.6318627527635887,-0.7717917622958087,17.170169987799035,-8.0055643055263e-05,-0.20728275368680743,17.168237849551073,0.5579982522988421,-1.5717617469327276,0.011785090356225757,-0.019016715620463996,0.0,0.45,0.0,154.4700334012005,1475.0801625222743,568.59,0.0,1.0,375.82274407722485,154.4745684109888,0.0,1,0,0.0,0.0,0.0,0.0,-37.28060627881711,-37.440519029080306,-37.469065103184086,-37.383684018367845,-2.020381768002721,-2.0247586296239994,-2.0255399445346454,-2.02320303773578
powertrain_simple_cvt,SimpleCVT,EngineModelType_SIMPLE_MAP,TransmissionModelType_AUTOMATIC_SIMPLE_CVT,7.319999999999866,75.58330231503882,0.6318620845448322,-0.7728281488225942,17.172475105284168,-0.00013364375131947465,-0.20727730535709799,17.17037397936238,0.4272259622617105,-1.5717679460121108,0.011893758720853315,-0.01902263351027187,0.0,0.45,0.0,154.4745684109888,1475.123468675761,568.59,0.0,1.0,375.0317191772875,154.47978155168568,0.0,1,0,0.0,0.0,0.0,0.0,-38.70252168074298,-36.16080415316705,-39.037610694784185,-35.996186830892206,-2.0591682487312064,-1.989609305656148,-2.0683385980717164,-1.9851042389738545
powertrain_simple_cvt,SimpleCVT,EngineModelType_SIMPLE_MAP,TransmissionModelType_AUTOMATIC_SIMPLE_CVT,7.324999999999866,75.66919435039271,0.6318613437455215,-0.7738639011891082,17.17840707077762,-0.00014815986213832506,-0.2071504733027905,17.176359233780587,1.1970508836413074,-1.5717770619476006,0.012079508632050888,-0.01902728239059564,0.0,0.45,0.0,154.47978155168568,1475.1732505024174,568.59,0.0,1.0,374.7951594616776,154.4813405659225,0.0,1,0,0.0,0.0,0.0,0.0,-39.678459110557036,-35.221912695443315,-40.09063590903311,-35.00117243800185,-2.0854982527020036,-1.9635788673445158,-2.096774325527902,-1.9575399946381424
powertrain_simple_cvt,SimpleCVT,EngineModelType_SIMPLE_MAP,TransmissionModelType_AUTOMATIC_SIMPLE_CVT,7.329999999999866,75.75514120080133,0.6318609477363301,-0.7748991738123012,17.189370081722494,-7.920183828030595e-05,-0.20705452463861482,17.187586518736047,2.2454569910920466,-1.5717849632961043,0.012266160099752718,-0.019025609673710607,0.0,0.45,0.0,154.4813405659225,1475.1881379917459,568.59,0.0,1.0,375.3218438916911,154.47786952469897,0.0,1,0,0.0,0.0,0.0,0.0,-39.69797945185177,-35.12613606269192,-39.98418452206835,-34.9646416271932,-2.085322859267675,-1.96033095268298,-2.0931475624246985,-1.9559157757668888
powertrain_simple_cvt,SimpleCVT,EngineModelType_SIMPLE_MAP,TransmissionModelType_AUTOMATIC_SIMPLE_CVT,7.334999999999866,75.84113394976016,0.6318612652063985,-0.7759343775959864,17.19854979176575,6.349401368790073e-05,-0.2070407567370275,17.196763153304644,1.8353269137194097,-1.5717876978047214,0.012380165144822888,-0.01902381605866224,0.0,0.45,0.0,154.47786952469897,1475.1549919896418,568.59,0.0,1.0,375.57465782906576,154.47620338925148,0.0,1,0,0.0,0.0,0.0,0.0,-38.81387646591544,-35.96019680401352,-38.910030810163015,-35.987082227434044,-2.0605856688692494,-1.9826091298442274,-2.0632130776414197,-1.9833437716109763
powertrain_simple_cvt,SimpleCVT,EngineModelType_SIMPLE_MAP,TransmissionModelType_AUTOMATIC_SIMPLE_CVT,7.339999999999866,75.92715014983777,0.6318609686724487,-0.7769695551835433,17.203240015523008,-5.930678997892458e-05,-0.2070355175113702,17.20129838606319,0.9070465517091202,-1.5717833656247262,0.012387277801368784,-0.019025565687942773,0.0,0.45,0.0,154.47620338925148,1475.139081568102,568.59,0.0,1.0,375.1437109832074,154.47904348510747,0.0,1,0,0.0,0.0,0.0,0.0,-37.54169019319466,-37.31853025853067,-37.48318320725136,-37.506834121590124,-2.025552828969882,-2.0194566116411035,-2.0239545523701903,-2.0246006410780515
powertrain_simple_cvt,SimpleCVT,EngineModelType_SIMPLE_MAP,TransmissionModelType_AUTOMATIC_SIMPLE_CVT,7.344999999999866,76.01318598681102,0.6318603856108033,-0.7780054167521785,17.20716739465072,-0.00011661232907458192,-0.207172313727037,17.205130843202607,0.7664914278834253,-1.5717744195587322,0.012286396703740744,-0.019029461256353,0.0,0.45,0.0,154.47904348510747,1475.1662024857624,568.59,0.0,1.0,374.5990970475764,154.4826326882693,0.0,1,0,0.0,0.0,0.0,0.0,-36.244723058878265,-38.71912549481375,-36.071962980619105,-39.03830708329098,-1.9899021123745564,-2.0574820520589707,-1.9851837547221907,-2.066199418395345
powertrain_simple_cvt,SimpleCVT,EngineModelType_SIMPLE_MAP,TransmissionModelType_AUTOMATIC_SIMPLE_CVT,7.3499999999998655,76.09925750942313,0.6318596307429799,-0.7790432372615286,17.214304522420612,-0.00015097356468034805,-0.2075641018700161,17.212396095635285,1.4530504865355762,-1.5717634244890077,0.012108649459225875,-0.019030363579555124,0.0,0.45,0.0,154.4826326882693,1475.2004768512602,568.59,0.0,1.0,374.54359238612886,154.48299848409883,0.0,1,0,0.0,0.0,0.0,0.0,-35.282287842136846,-39.690629125239965,-35.04909090692707,-40.07267541670741,-1.963209710310132,-2.0835578336870646,-1.9568434124834821,-2.0939877326600542
powertrain_simple_cvt,SimpleCVT,EngineModelType_SIMPLE_MAP,TransmissionModelType_AUTOMATIC_SIMPLE_CVT,7.354999999999865,76.18538350208173,0.6318592397135185,-0.780083658346835,17.225198531721986,-7.820589227419022e-05,-0.2080842170612925,17.22354321562966,2.229423998875338,-1.5717567533005086,0.011927414149287958,-0.01902540585645122,0.0,0.45,0.0,154.48299848409883,1475.2039699441261,568.59,0.0,1.0,375.0609455107133,154.47958893955905,0.0,1,0,0.0,0.0,0.0,0.0,-35.16028547149351,-39.7361674601921,-34.987102938863494,-39.99522749334889,-1.9592577982480357,-2.084098948502081,-1.9545329590518243,-2.091166734035891
powertrain_simple_cvt,SimpleCVT,EngineModelType_SIMPLE_MAP,TransmissionModelType_AUTOMATIC_SIMPLE_CVT,7.359999999999865,76.27154958369168,0.6318594457626482,-0.7811258850469,17.23321632198858,4.1209825940381794e-05,-0.2084453400129881,17.231515908675938,1.5945386092554144,-1.5717556814105418,0.011817396069325546,-0.01902159556208744,0.0,0.45,0.0,154.47958893955905,1475.1714111920944,568.59,0.0,1.0,375.14076465487403,154.47906290247874,0.0,1,0,0.0,0.0,0.0,0.0,-35.98707459529157,-38.88347880322772,-36.01448598078404,-38.96141740746387,-1.981360342406862,-2.060344707132657,-1.9821078454188534,-2.0624700773162594
powertrain_simple_cvt,SimpleCVT,EngineModelType_SIMPLE_MAP,TransmissionModelType_AUTOMATIC_SIMPLE_CVT,7.364999999999865,76.35773136365236,0.6318590839761589,-0.7821690080252462,17.236355992136193,-7.235729786183014e-05,-0.2086245956692674,17.234431264538777,0.5830711725678963,-1.5717589203025826,0.011813890093166125,-0.019023222503353098,0.0,0.45,0.0,154.47906290247874,1475.1663879079995,568.59,0.0,1.0,374.4812236729264,154.48340951651645,0.0,1,0,0.0,0.0,0.0,0.0,-37.359722141874926,-37.632541540118666,-37.559504795810426,-37.56640751451684,-2.018619829398637,-2.0260583014472338,-2.0240669409187864,-2.0242551448386235
powertrain_simple_cvt,SimpleCVT,EngineModelType_SIMPLE_MAP,TransmissionModelType_AUTOMATIC_SIMPLE_CVT,7.369999999999865,76.44392464142628,0.6318584582377355,-0.783212160825085,17.238655554782778,-0.00012514768468999387,-0.20863055996777066,17.23656029008064,0.42580510837241037,-1.5717649214895903,0.011919257420290425,-0.019028935916279667,0.0,0.45,0.0,154.48340951651645,1475.2078950145883,568.59,0.0,1.0,373.697777821394,154.48857270853824,0.0,1,0,0.0,0.0,0.0,0.0,-38.782252398026294,-36.35223862633156,-39.12652477683794,-36.179362918179166,-2.057274774963079,-1.9910281774922092,-2.066660266504375,-1.9863152710947791
powertrain_simple_cvt,SimpleCVT,EngineModelType_SIMPLE_MAP,TransmissionModelType_AUTOMATIC_SIMPLE_CVT,7.374999999999865,76.53014643297253,0.6318577254548318,-0.7842546360540006,17.244358309249513,-0.00014655658073895969,-0.2084950457830987,17.24230417180464,1.1487763448002641,-1.5717734225971571,0.012102144658318827,-0.019033667525542856,0.0,0.45,0.0,154.48857270853824,1475.2571998665323,568.59,0.0,1.0,373.43440071532973,154.49030845909473,0.0,1,0,0.0,0.0,0.0,0.0,-39.78281205721459,-35.3954109203785,-40.199368943253745,-35.17008674230108,-2.0841905582581175,-1.964621864094227,-2.0955428739810866,-1.958481163279325
powertrain_simple_cvt,SimpleCVT,EngineModelType_SIMPLE_MAP,TransmissionModelType_AUTOMATIC_SIMPLE_CVT,7.379999999999865,76.61642198657717,0.6318573531858287,-0.7852965539445464,17.255110720928386,-7.445380062322677e-05,-0.20838357810917413,17.25331385679547,2.2019369981656682,-1.5717815156702728,0.012289493819417338,-0.019032239307678143,0.0,0.45,0.0,154.49030845909473,1475.2737750633949,568.59,0.0,1.0,373.9293047372346,154.4870468622754,0.0,1,0,0.0,0.0,0.0,0.0,-39.848755959412834,-35.259211788409885,-40.13203558833755,-35.09970758541723,-2.0852947196548564,-1.9602968888697365,-2.0930099388142933,-1.955952736458881
powertrain_simple_cvt,SimpleCVT,EngineModelType_SIMPLE_MAP,TransmissionModelType_AUTOMATIC_SIMPLE_CVT,7.384999999999865,76.7027440656847,0.6318576756115577,-0.7863383435565935,17.264415821506873,6.448514579180742e-05,-0.20835792240940032,17.262632491718282,1.8637269845627145,-1.5717843355434258,0.01240667720960083,-0.019030301374197353,0.0,0.45,0.0,154.4870468622754,1475.2426291080246,568.59,0.0,1.0,374.2046882459826,154.48523198517503,0.0,1,0,0.0,0.0,0.0,0.0,-38.99864034987804,-36.053609167910494,-39.083498163252514,-36.092066877408875,-2.0615681651798647,-1.9814025152959054,-2.0638780496383213,-1.982449358974119
powertrain_simple_cvt,SimpleCVT,EngineModelType_SIMPLE_MAP,TransmissionModelType_AUTOMATIC_SIMPLE_CVT,7.389999999999865,76.7890901928226,0.6318574049997547,-0.7873801130014522,17.269225427579297,-5.412236059853452e-05,-0.20835388897174284,17.267286108582304,0.9307233728044849,-1.5717801697344707,0.012417861731868358,-0.019031929396958056,0.0,0.45,0.0,154.48523198517503,1475.2252983083267,568.59,0.0,1.0,373.79759990542505,154.4879148448367,0.0,1,0,0.0,0.0,0.0,0.0,-37.73764798372531,-37.396182691123876,-37.66609421005538,-37.59845267485906,-2.026966291983706,-2.017673891314346,-2.0250190769994822,-2.023178326971431
powertrain_simple_cvt,SimpleCVT,EngineModelType_SIMPLE_MAP,TransmissionModelType_AUTOMATIC_SIMPLE_CVT,7.394999999999865,76.8754557881272,0.631856848858144,-0.7884225068673582,17.27311906092046,-0.00011122832214460429,-0.20847877318119187,17.27108519923879,0.7598181312971681,-1.5717714930702822,0.012321122460035614,-0.019035692100499577,0.0,0.45,0.0,154.4879148448367,1475.2509177309335,568.59,0.0,1.0,373.25811378824017,154.491470253817,0.0,1,0,0.0,0.0,0.0,0.0,-36.44067387280299,-38.797055298459625,-36.25541983698975,-39.12850390175532,-1.991453197948721,-2.055564029384192,-1.9864129314903933,-2.0645818587152354
powertrain_simple_cvt,SimpleCVT,EngineModelType_SIMPLE_MAP,TransmissionModelType_AUTOMATIC_SIMPLE_CVT,7.3999999999998645,76.96185605790207,0.6318561492712618,-0.7894668333831538,17.280053954973145,-0.00013991737645100452,-0.20886530315913854,17.278131405409393,1.4092412341206584,-1.5717604037820816,0.01214574066746478,-0.01903685046393419,0.0,0.45,0.0,154.491470253817,1475.284869385769,568.59,0.0,1.0,373.17766947762203,154.49200041097077,0.0,1,0,0.0,0.0,0.0,0.0,-35.45915345522312,-39.79397263308967,-35.21879611734783,-40.18174820665759,-1.9643552197659964,-2.0822459501861728,-1.9578184068191846,-2.0927919830727215
powertrain_simple_cvt,SimpleCVT,EngineModelType_SIMPLE_MAP,TransmissionModelType_AUTOMATIC_SIMPLE_CVT,7.404999999999864,77.048310037961,0.6318557571233935,-0.7905138163583991,17.290796011787236,-7.842957365242009e-05,-0.20939659504906233,17.289131188558724,2.199956629866098,-1.5717535995884684,0.011964130646341874,-0.019032046676042864,0.0,0.45,0.0,154.49200041097077,1475.2899320136676,568.59,0.0,1.0,373.67101449715835,154.48874908854194,0.0,1,0,0.0,0.0,0.0,0.0,-35.293429842923594,-39.887272138057625,-35.12245221819514,-40.141923450167496,-1.959237482920177,-2.0840931781509466,-1.9545904948799064,-2.091014327065567
powertrain_simple_cvt,SimpleCVT,EngineModelType_SIMPLE_MAP,TransmissionModelType_AUTOMATIC_SIMPLE_CVT,7.409999999999864,77.1348048741604,0.631855978859729,-0.7915625970572137,17.298967239877104,4.434726709336037e-05,-0.20975613976289917,17.297266877349994,1.6271377582541282,-1.571752266775307,0.01185119385553414,-0.01902816128615983,0.0,0.45,0.0,154.48874908854194,1475.2588841714994,568.59,0.0,1.0,373.7790425092735,154.48803714480107,0.0,1,0,0.0,0.0,0.0,0.0,-36.080852661569054,-39.06760199736601,-36.1188835391829,-39.13371097405637,-1.9801775497765097,-2.0613160049349246,-1.9812107019801188,-2.0631119307518215
powertrain_simple_cvt,SimpleCVT,EngineModelType_SIMPLE_MAP,TransmissionModelType_AUTOMATIC_SIMPLE_CVT,7.414999999999864,77.22131614841338,0.631855678203392,-0.7926123344202154,17.30225485059693,-6.013126741454726e-05,-0.20994747260033594,17.30033857927859,0.6143403857194716,-1.5717555733137965,0.011843820990471335,-0.019029514705650598,0.0,0.45,0.0,154.48803714480107,1475.2520856095657,568.59,0.0,1.0,373.15003464785116,154.49218253451167,0.0,1,0,0.0,0.0,0.0,0.0,-37.433483571233154,-37.83041404648913,-37.649979010270954,-37.74816741035535,-2.016742756190379,-2.027523911106398,-2.0226230576849233,-2.0252899840568106
powertrain_simple_cvt,SimpleCVT,EngineModelType_SIMPLE_MAP,TransmissionModelType_AUTOMATIC_SIMPLE_CVT,7.419999999999864,77.30783888390776,0.6318550343864787,-0.7936620934858641,17.3045470988782,-0.00012876338264114148,-0.20995181312975852,17.302454338682686,0.423151880819015,-1.5717613419745275,0.011944719765133767,-0.01903510051886325,0.0,0.45,0.0,154.49218253451167,1475.2916711653747,568.59,0.0,1.0,372.3791284159479,154.49726308589675,0.0,1,0,0.0,0.0,0.0,0.0,-38.856515733254334,-36.5495644086289,-39.21525273333529,-36.361999283227206,-2.0552651309262937,-1.9926129541759738,-2.065007709235614,-1.987519061095776
powertrain_simple_cvt,SimpleCVT,EngineModelType_SIMPLE_MAP,TransmissionModelType_AUTOMATIC_SIMPLE_CVT,7.424999999999864,77.39438909928273,0.6318543306031997,-0.7947112073983694,17.310043074993366,-0.00014075665580278677,-0.20982278250105635,17.307980817321152,1.1052957276931132,-1.5717699864999484,0.012124698965351843,-0.019039953196891318,0.0,0.45,0.0,154.49726308589675,1475.340186857369,568.59,0.0,1.0,372.0852696167387,154.49919972185526,0.0,1,0,0.0,0.0,0.0,0.0,-39.88262007039411,-35.572981974269695,-40.306532293747026,-35.338753572749376,-2.0827862226611145,-1.9657824564365627,-2.0942951534749374,-1.9594233133894285
powertrain_simple_cvt,SimpleCVT,EngineModelType_SIMPLE_MAP,TransmissionModelType_AUTOMATIC_SIMPLE_CVT,7.429999999999864,77.48099196782978,0.631853952891855,-0.7957595628138738,17.32057370940886,-7.554226894900624e-05,-0.20967108310089183,17.318765808585912,2.156998252952082,-1.5717785563989337,0.012312742451496314,-0.01903870982909063,0.0,0.45,0.0,154.49919972185526,1475.3586803685148,568.59,0.0,1.0,372.55078756926815,154.4961317898804,0.0,1,0,0.0,0.0,0.0,0.0,-40.000094592849614,-35.39165234003443,-40.27813295558969,-35.23540295619756,-2.0852993023245197,-1.9602611189728925,-2.0928431555121865,-1.9560216953167018
powertrain_simple_cvt,SimpleCVT,EngineModelType_SIMPLE_MAP,TransmissionModelType_AUTOMATIC_SIMPLE_CVT,7.434999999999864,77.56764198463496,0.631854320597774,-0.7968078309269642,17.330003361036006,7.354118382003005e-05,-0.20965362261805942,17.328220535815824,1.8909454459823798,-1.5717817737210233,0.012432974789660194,-0.019036685904114607,0.0,0.45,0.0,154.4961317898804,1475.3293837761826,568.59,0.0,1.0,372.8468963576263,154.49418032567814,0.0,1,0,0.0,0.0,0.0,0.0,-39.18406037196219,-36.14662885358902,-39.255915934637834,-36.19698006258301,-2.0625782336234653,-1.980210337420074,-2.064526785053284,-1.9815757420822186
powertrain_simple_cvt,SimpleCVT,EngineModelType_SIMPLE_MAP,TransmissionModelType_AUTOMATIC_SIMPLE_CVT,7.439999999999864,77.65431660137955,0.6318541202408589,-0.7978560569840782,17.334923348918664,-4.0071383023864825e-05,-0.2096452114228256,17.332986750022375,0.9532428413102626,-1.571778185933891,0.012448317871076984,-0.019038173545355305,0.0,0.45,0.0,154.49418032567814,1475.3107486657395,568.59,0.0,1.0,372.46557857019246,154.49669334805742,0.0,1,0,0.0,0.0,0.0,0.0,-37.936652156056034,-37.47022391999753,-37.84816247243409,-37.689455811160805,-2.0284686133569982,-2.015823670434878,-2.0260696441006525,-2.0217670815239965
powertrain_simple_cvt,SimpleCVT,EngineModelType_SIMPLE_MAP,TransmissionModelType_AUTOMATIC_SIMPLE_CVT,7.4449999999998635,77.74101073110093,0.6318536017682401,-0.7989050132609697,17.33882594427631,-0.00010369452375157736,-0.20979125537830517,17.33679175763488,0.7610015225012197,-1.571769702596834,0.012355614448042836,-0.01904187650227634,0.0,0.45,0.0,154.49669334805742,1475.334746261765,568.59,0.0,1.0,371.92988526965036,154.50022376100185,0.0,1,0,0.0,0.0,0.0,0.0,-36.63958125543703,-38.87077006580019,-36.4382938906148,-39.21765041536247,-1.9930868105598465,-2.0535614148953303,-1.9876310760703144,-2.0629633318438647
powertrain_simple_cvt,SimpleCVT,EngineModelType_SIMPLE_MAP,TransmissionModelType_AUTOMATIC_SIMPLE_CVT,7.449999999999863,77.82773848444248,0.6318528609403821,-0.7999558104290101,17.34555066830951,-0.00014816557162173022,-0.2101594336080672,17.343621568257937,1.3659621246113154,-1.5717589294739565,0.012183087415016428,-0.019043123059491972,0.0,0.45,0.0,154.50022376100185,1475.3684592220407,568.59,0.0,1.0,371.82758980831795,154.500897925156,0.0,1,0,0.0,0.0,0.0,0.0,-35.63901699330529,-39.893202092964934,-35.38850321439539,-40.289232714421686,-1.9655869173139635,-2.0808478257962317,-1.9587996137368837,-2.0915776948890348
powertrain_simple_cvt,SimpleCVT,EngineModelType_SIMPLE_MAP,TransmissionModelType_AUTOMATIC_SIMPLE_CVT,7.454999999999863,77.91451909194593,0.6318525613553387,-0.8010093794315184,17.35612150069151,-5.991700867542533e-05,-0.2107138005016559,17.354442620576048,2.1642104636221866,-1.5717517751026633,0.01200112754384201,-0.01903857522696702,0.0,0.45,0.0,154.500897925156,1475.3748970154961,568.59,0.0,1.0,372.29512191414176,154.49781671918115,0.0,1,0,0.0,0.0,0.0,0.0,-35.42806627993626,-40.03604046308324,-35.25871036054725,-40.28704309859163,-1.9592730062793258,-2.0840414656301047,-1.95468741697169,-2.090837773699691
powertrain_simple_cvt,SimpleCVT,EngineModelType_SIMPLE_MAP,TransmissionModelType_AUTOMATIC_SIMPLE_CVT,7.459999999999863,78.00134138376978,0.6318527843903263,-0.802064773830825,17.364458364768662,4.460699752344079e-05,-0.21107887986130466,17.362763968617966,1.6642696083835418,-1.5717503215788446,0.011885182133325393,-0.019034483676733414,0.0,0.45,0.0,154.49781671918115,1475.3454736658011,568.59,0.0,1.0,372.43220634708445,154.49691328309922,0.0,1,0,0.0,0.0,0.0,0.0,-36.17125721570699,-39.25366829348624,-36.223677328761674,-39.305256679820026,-1.9789267305816876,-2.0623480664972367,-1.9803454108775738,-2.063744237221095
powertrain_simple_cvt,SimpleCVT,EngineModelType_SIMPLE_MAP,TransmissionModelType_AUTOMATIC_SIMPLE_CVT,7.464999999999863,78.08818082360168,0.6318525355800076,-0.8031211796448452,17.36788796637752,-4.976206373620215e-05,-0.21128116280403542,17.36597446107832,0.6420984920708998,-1.5717534233444448,0.011873638241428664,-0.019035703092491058,0.0,0.45,0.0,154.49691328309922,1475.3368464867087,568.59,0.0,1.0,371.83346667544623,154.5008591944723,0.0,1,0,0.0,0.0,0.0,0.0,-37.502933248506444,-38.03082718425676,-37.74008531796038,-37.929827735118444,-2.014779122989619,-2.029063225558412,-2.0211961402256033,-2.0263303157953305
powertrain_simple_cvt,SimpleCVT,EngineModelType_SIMPLE_MAP,TransmissionModelType_AUTOMATIC_SIMPLE_CVT,7.469999999999863,78.17503171228383,0.6318519442497057,-0.8041776228937437,17.370177736430897,-0.0001182660603912364,-0.2112886497797099,17.36809414722807,0.4239372299501644,-1.571759183681569,0.011970371986340416,-0.01904100689050357,0.0,0.45,0.0,154.5008591944723,1475.3745271647103,568.59,0.0,1.0,371.0698530417268,154.5058916849931,0.0,1,0,0.0,0.0,0.0,0.0,-38.925402442430844,-36.74986662914714,-39.30312902815399,-36.54449533483652,-2.0531406873227644,-1.9942807876702073,-2.063360215218382,-1.9887243938380168
powertrain_simple_cvt,SimpleCVT,EngineModelType_SIMPLE_MAP,TransmissionModelType_AUTOMATIC_SIMPLE_CVT,7.474999999999863,78.26190902164643,0.631851292046478,-0.8052334424814933,17.375461872520816,-0.00013044064552317778,-0.21116391754992264,17.373391726896788,1.0595159337434494,-1.5717678133416333,0.01214781485714821,-0.019045981168721634,0.0,0.45,0.0,154.5058916849931,1475.4225839092574,568.59,0.0,1.0,370.75458648516224,154.50796940582907,0.0,1,0,0.0,0.0,0.0,0.0,-39.97824302510907,-35.753732715254344,-40.41243741684599,-35.50845265399575,-2.081295851311254,-1.9670350652882524,-2.093039553858483,-1.9604009490145153
powertrain_simple_cvt,SimpleCVT,EngineModelType_SIMPLE_MAP,TransmissionModelType_AUTOMATIC_SIMPLE_CVT,7.479999999999863,78.34883782333561,0.6318509878369264,-0.8062882173756997,17.38576033783734,-6.08419103341445e-05,-0.2109549788412609,17.38394377705303,2.1104100312485223,-1.5717765311615997,0.012335844159431147,-0.019044862327151003,0.0,0.45,0.0,154.50796940582907,1475.442424681742,568.59,0.0,1.0,371.18481378284474,154.50513405205623,0.0,1,0,0.0,0.0,0.0,0.0,-40.14936390148282,-35.52581210228934,-40.42259274521819,-35.371775620245586,-2.0852650203695617,-1.9602872237139561,-2.092650584618839,-1.9561235112767414
powertrain_simple_cvt,SimpleCVT,EngineModelType_SIMPLE_MAP,TransmissionModelType_AUTOMATIC_SIMPLE_CVT,7.484999999999863,78.43581437807201,0.6318513856183425,-0.807342914168591,17.39531094727768,7.955628323286484e-05,-0.21093935857826782,17.393526824454938,1.9166094803815223,-1.5717804058980231,0.012459033371549206,-0.01904279696626372,0.0,0.45,0.0,154.50513405205623,1475.4153490476403,568.59,0.0,1.0,371.50132231545297,154.5030481461481,0.0,1,0,0.0,0.0,0.0,0.0,-39.37259251591909,-36.236115352154926,-39.42749565595527,-36.30224728981679,-2.0636819898548753,-1.9789475576648143,-2.0651652419729407,-1.9807341647066723
powertrain_simple_cvt,SimpleCVT,EngineModelType_SIMPLE_MAP,TransmissionModelType_AUTOMATIC_SIMPLE_CVT,7.4899999999998625,78.52281628078403,0.631851224864938,-0.8083975244140221,17.400380542403138,-3.21506808891414e-05,-0.2109220490862248,17.398450799731624,0.9847950553371941,-1.571777324506443,0.012478698562855942,-0.01904405003605603,0.0,0.45,0.0,154.5030481461481,1475.395430113474,568.59,0.0,1.0,371.14951951050375,154.50536665409888,0.0,1,0,0.0,0.0,0.0,0.0,-38.14150358335652,-37.53650298934073,-38.02998169856136,-37.780151350104774,-2.030131518036979,-2.0137915701645857,-2.0271195180452293,-2.020372062073945
powertrain_simple_cvt,SimpleCVT,EngineModelType_SIMPLE_MAP,TransmissionModelType_AUTOMATIC_SIMPLE_CVT,7.494999999999862,78.6098376721939,0.6318507645034845,-0.8094527869820686,17.404278281975746,-9.207229070584732e-05,-0.21105251360929617,17.40224712393091,0.7592648398571262,-1.571769252897447,0.012390183226855237,-0.019047602858810804,0.0,0.45,0.0,154.50536665409888,1475.417570233532,568.59,0.0,1.0,370.62392191493325,154.50883053268961,0.0,1,0,0.0,0.0,0.0,0.0,-36.84358513329133,-38.93769478386817,-36.6214636489546,-39.306221789006905,-1.9948600620850676,-2.0514057551670186,-1.9888622800316054,-2.0613568171466263
powertrain_simple_cvt,SimpleCVT,EngineModelType_SIMPLE_MAP,TransmissionModelType_AUTOMATIC_SIMPLE_CVT,7.499999999999862,78.6968917148656,0.6318500823888615,-0.8105098823953678,17.410808534339044,-0.00013642292459096561,-0.21141908265983686,17.408871117397197,1.324798693257662,-1.5717587355604683,0.012220517675332842,-0.0190489647301051,0.0,0.45,0.0,154.50883053268961,1475.450647837531,568.59,0.0,1.0,370.49330899036954,154.50969131918652,0.0,1,0,0.0,0.0,0.0,0.0,-35.8220351165252,-39.98681293441849,-35.558358657990134,-40.39464537831217,-1.966907859087641,-2.0793234823311457,-1.9597907078932817,-2.0903316898187714
powertrain_simple_cvt,SimpleCVT,EngineModelType_SIMPLE_MAP,TransmissionModelType_AUTOMATIC_SIMPLE_CVT,7.504999999999862,78.78399764070352,0.6318499145757237,-0.8115700741392463,17.42118516758349,-3.3562627565123296e-05,-0.2120383487756999,17.41950081235033,2.125938990626298,-1.5717511688319101,0.01203821704354952,-0.01904447615677457,0.0,0.45,0.0,154.50969131918652,1475.4588677430868,568.59,0.0,1.0,370.9353169205361,154.50677832677724,0.0,1,0,0.0,0.0,0.0,0.0,-35.56233609444429,-40.18456516408422,-35.39540139975337,-40.43033831030674,-1.9593123196120261,-2.0839993277657776,-1.9548091703036574,-2.0906291848813203
powertrain_simple_cvt,SimpleCVT,EngineModelType_SIMPLE_MAP,TransmissionModelType_AUTOMATIC_SIMPLE_CVT,7.509999999999862,78.87114605470792,0.6318501792962632,-0.8126320692198565,17.42968280088179,5.294410789988377e-05,-0.21239901612205256,17.427992273992604,1.6982923284551894,-1.5717491994894677,0.011918923610594738,-0.019040228965408964,0.0,0.45,0.0,154.50677832677724,1475.4310507146192,568.59,0.0,1.0,371.10193280513835,154.50568026772896,0.0,1,0,0.0,0.0,0.0,0.0,-36.257621675141685,-39.44331603184669,-36.32820709006496,-39.47585803291173,-1.9775914607544143,-2.0634853350849394,-1.9794946109251856,-2.064362744602918
powertrain_simple_cvt,SimpleCVT,EngineModelType_SIMPLE_MAP,TransmissionModelType_AUTOMATIC_SIMPLE_CVT,7.514999999999862,78.95831240290268,0.6318500199175947,-0.8136951313832924,17.433269638952005,-3.187573369778851e-05,-0.21261243268717306,17.43136452338888,0.6744498792549934,-1.5717520284816238,0.011903098911968004,-0.019041185199750354,0.0,0.45,0.0,154.50568026772896,1475.4205650230988,568.59,0.0,1.0,370.5311380800835,154.509442011779,0.0,1,0,0.0,0.0,0.0,0.0,-37.565838190614365,-38.236682959799275,-37.82944933949709,-38.110833790179456,-2.012668132898289,-2.0307521995023134,-2.019774339569246,-2.0273596638964513
powertrain_simple_cvt,SimpleCVT,EngineModelType_SIMPLE_MAP,TransmissionModelType_AUTOMATIC_SIMPLE_CVT,7.519999999999862,79.0454901927502,0.631849472240815,-0.8147582543723,17.43555796950179,-0.00010953535593790026,-0.21262459780151025,17.433481793592385,0.4234540407011968,-1.5717573430178624,0.011995209680344211,-0.01904625499787378,0.0,0.45,0.0,154.509442011779,1475.4564870327113,568.59,0.0,1.0,369.7783503394953,154.51440315574155,0.0,1,0,0.0,0.0,0.0,0.0,-38.98799194875935,-36.9556248762644,-39.39013878679818,-36.726888073182074,-2.0508777095494275,-1.9960975285923235,-2.061717127712236,-1.9899321839388022
powertrain_simple_cvt,SimpleCVT,EngineModelType_SIMPLE_MAP,TransmissionModelType_AUTOMATIC_SIMPLE_CVT,7.524999999999862,79.13269336249489,0.6318489112020426,-0.8158207577035955,17.44063394893873,-0.00011220775449606352,-0.21250066625910066,17.438560374820618,1.0157162456465803,-1.5717657202165245,0.012169583919206304,-0.019051248332912715,0.0,0.45,0.0,154.51440315574155,1475.5038624678132,568.59,0.0,1.0,369.43880960426924,154.51664085221003,0.0,1,0,0.0,0.0,0.0,0.0,-40.06793676093674,-35.93915893450404,-40.51671249294006,-35.6780417168649,-2.0796718925921,-1.96841771455559,-2.0917646176758082,-1.9613816417415857
powertrain_simple_cvt,SimpleCVT,EngineModelType_SIMPLE_MAP,TransmissionModelType_AUTOMATIC_SIMPLE_CVT,7.529999999999862,79.21994680253673,0.6318488745974482,-0.8168815946322624,17.450688008366075,-7.320918872914719e-06,-0.21216738573337915,17.448867260362814,2.0613771084392325,-1.5717747265563442,0.012357680084198368,-0.01905011960252248,0.0,0.45,0.0,154.51664085221003,1475.5252308950592,568.59,0.0,1.0,369.83345312543804,154.51404000841717,0.0,1,0,0.0,0.0,0.0,0.0,-40.296497797472675,-35.6606157018455,-40.56577624946171,-35.50846060418077,-2.0851893152999255,-1.9603444778540182,-2.092441014949053,-1.9562469235929993
powertrain_simple_cvt,SimpleCVT,EngineModelType_SIMPLE_MAP,TransmissionModelType_AUTOMATIC_SIMPLE_CVT,7.534999999999862,79.30724859963654,0.6318493300819368,-0.8179423995952362,17.460359419961737,9.109689770760826e-05,-0.21216099259476362,17.458574328926876,1.9414137128123756,-1.5717792414827083,0.012483695395088618,-0.019047992546176964,0.0,0.45,0.0,154.51404000841717,1475.5003946663082,568.59,0.0,1.0,370.17027141647736,154.51182025384233,0.0,1,0,0.0,0.0,0.0,0.0,-39.562669059347385,-36.32265281715679,-39.59852389580743,-36.40721271851515,-2.0648348393594196,-1.9776293434511554,-2.0657998773593818,-1.9799052851689423
powertrain_simple_cvt,SimpleCVT,EngineModelType_SIMPLE_MAP,TransmissionModelType_AUTOMATIC_SIMPLE_CVT,7.5399999999998615,79.39457652381054,0.6318492654887147,-0.8190031179982822,17.46558483480066,-1.2918644410178648e-05,-0.21214368060920863,17.46366117784783,1.0173697841907132,-1.5717766895280558,0.012507513647105225,-0.019049016491652134,0.0,0.45,0.0,154.51182025384233,1475.4791975715261,568.59,0.0,1.0,369.84673169700693,154.51395249781942,0.0,1,0,0.0,0.0,0.0,0.0,-38.349343809817164,-37.59836171727532,-38.211852477612624,-37.87011575602468,-2.0318773636705347,-2.011670461939468,-2.0281778429145514,-2.0189826298467515
powertrain_simple_cvt,SimpleCVT,EngineModelType_SIMPLE_MAP,TransmissionModelType_AUTOMATIC_SIMPLE_CVT,7.544999999999861,79.48192389464651,0.6318489035247703,-0.820064478176987,17.46947416719493,-7.239278887150426e-05,-0.2122720357409727,17.467446065356267,0.7569775016875885,-1.571769146003082,0.012423350287522264,-0.019052411657203106,0.0,0.45,0.0,154.51395249781942,1475.499559001656,568.59,0.0,1.0,369.3304092207107,154.51735525001357,0.0,1,0,0.0,0.0,0.0,0.0,-37.05146346341914,-38.99857844016698,-36.804618922999055,-39.393756787772155,-1.996738883080991,-2.0491191408559644,-1.9900984017473489,-2.0597500198548104
powertrain_simple_cvt,SimpleCVT,EngineModelType_SIMPLE_MAP,TransmissionModelType_AUTOMATIC_SIMPLE_CVT,7.549999999999861,79.56930297641127,0.6318483493390238,-0.821127669600312,17.475816352949934,-0.00011083714931343176,-0.21263828466500656,17.473872550614924,1.2852970517315316,-1.5717588610256914,0.012256752788288541,-0.019053834834015397,0.0,0.45,0.0,154.51735525001357,1475.532052891565,568.59,0.0,1.0,369.1755206588561,154.51837602175584,0.0,1,0,0.0,0.0,0.0,0.0,-36.008882572997095,-40.075517976350156,-35.72887081661834,-40.49890158171007,-1.9683356606864961,-2.077693902284084,-1.9608057028055945,-2.0890793553702474
powertrain_simple_cvt,SimpleCVT,EngineModelType_SIMPLE_MAP,TransmissionModelType_AUTOMATIC_SIMPLE_CVT,7.554999999999861,79.6567330488707,0.6318485745331961,-0.822194779313612,17.486014491887293,4.503883447111613e-05,-0.21342194265999073,17.484334641524754,2.092418181965927,-1.571750542045622,0.012074571151364356,-0.019049175787799816,0.0,0.45,0.0,154.51837602175584,1475.5418005436782,568.59,0.0,1.0,369.59434641775226,154.51561580825464,0.0,1,0,0.0,0.0,0.0,0.0,-35.69900536485342,-40.32740657349487,-35.532716628109895,-40.572621079186355,-1.959428137522866,-2.0838186718229434,-1.954959046819797,-2.0904089309655918
powertrain_simple_cvt,SimpleCVT,EngineModelType_SIMPLE_MAP,TransmissionModelType_AUTOMATIC_SIMPLE_CVT,7.559999999999861,79.74420643076714,0.6318489694553096,-0.823263710414239,17.49467637928635,7.898442268339332e-05,-0.21378622012540385,17.492989142664506,1.7309002279504084,-1.5717476086663489,0.011952496406423926,-0.019044808541613507,0.0,0.45,0.0,154.51561580825464,1475.515442446316,568.59,0.0,1.0,369.78391588443765,154.51436647678383,0.0,1,0,0.0,0.0,0.0,0.0,-36.34303244841092,-39.63042817870591,-36.43246221677969,-39.645836891302594,-1.97625344692274,-2.0645600960075474,-1.9786557263624494,-2.0649740077747203
powertrain_simple_cvt,SimpleCVT,EngineModelType_SIMPLE_MAP,TransmissionModelType_AUTOMATIC_SIMPLE_CVT,7.564999999999861,79.83169850570799,0.6318489411613212,-0.8243337392228465,17.4984149881721,-5.6587976702097975e-06,-0.21400576172149358,17.49652406326919,0.7069841209372081,-1.571749438207229,0.011932217810364366,-0.019045390356002934,0.0,0.45,0.0,154.51436647678383,1475.5035122095676,568.59,0.0,1.0,369.248514814248,154.51789496382435,0.0,1,0,0.0,0.0,0.0,0.0,-37.62608499971107,-38.442181773380455,-37.91842111321483,-38.29233753691887,-2.010514847259363,-2.0324325648906205,-2.0183660489745536,-2.0284082337458353
powertrain_simple_cvt,SimpleCVT,EngineModelType_SIMPLE_MAP,TransmissionModelType_AUTOMATIC_SIMPLE_CVT,7.569999999999861,79.91920210166919,0.6318485547841612,-0.8254038560739241,17.500719192240346,-7.727543198661783e-05,-0.21402337021552695,17.498652173978922,0.42562214194604503,-1.5717540030361334,0.012020142698425969,-0.019050204269533983,0.0,0.45,0.0,154.51789496382435,1475.5372067788155,568.59,0.0,1.0,368.50550840916435,154.52279164524194,0.0,1,0,0.0,0.0,0.0,0.0,-39.04648203776094,-37.161461144096066,-39.47611537189603,-36.909768889048465,-2.0485345800991386,-1.9979151775802235,-2.060071737458623,-1.9911563604169942
powertrain_simple_cvt,SimpleCVT,EngineModelType_SIMPLE_MAP,TransmissionModelType_AUTOMATIC_SIMPLE_CVT,7.574999999999861,80.00672999676456,0.6318481745319572,-0.8264733227452222,17.50557901907635,-7.60504408198056e-05,-0.21389333425963802,17.503506680460923,0.970901296400249,-1.5717616147148115,0.012191668211345368,-0.019055127351689898,0.0,0.45,0.0,154.52279164524194,1475.583966641957,568.59,0.0,1.0,368.14040943756567,154.52519777974845,0.0,1,0,0.0,0.0,0.0,0.0,-40.15410853056397,-36.12479019132289,-40.61951083864115,-35.848382933053806,-2.077979169715445,-1.9698078916867428,-2.090473382935565,-1.9623874488559565
powertrain_simple_cvt,SimpleCVT,EngineModelType_SIMPLE_MAP,TransmissionModelType_AUTOMATIC_SIMPLE_CVT,7.579999999999861,80.09430756901288,0.6318487158822002,-0.8275401645090077,17.515514449663744,0.00010827004859201425,-0.21336835275709937,17.513707462256704,2.0401563591562857,-1.5717707755450565,0.01237914482502524,-0.01905355010000968,0.0,0.45,0.0,154.52519777974845,1475.6069435339843,568.59,0.0,1.0,368.52019001786715,154.52269488812112,0.0,1,0,0.0,0.0,0.0,0.0,-40.42409373317243,-35.80294291783419,-40.70821640443267,-35.646059153225195,-2.084595119917009,-1.9606077361601928,-2.092218248458633,-1.9563984800019156
powertrain_simple_cvt,SimpleCVT,EngineModelType_SIMPLE_MAP,TransmissionModelType_AUTOMATIC_SIMPLE_CVT,7.5849999999998605,80.1819340466642,0.6318493284686733,-0.8286070255174186,17.525295530262582,0.00012251729463031498,-0.21337220168218576,17.5235145492159,1.9614173918391904,-1.5717761447586154,0.012507625500043472,-0.019051245481463218,0.0,0.45,0.0,154.52269488812112,1475.5830426795137,568.59,0.0,1.0,368.87342274229826,154.5203669564829,0.0,1,0,0.0,0.0,0.0,0.0,-39.73699012553611,-36.41431560452735,-39.7696802816335,-36.51242046243482,-2.0655631669975087,-1.976464330514854,-2.0664397665122363,-1.9790950512302241
powertrain_simple_cvt,SimpleCVT,EngineModelType_SIMPLE_MAP,TransmissionModelType_AUTOMATIC_SIMPLE_CVT,7.58999999999986,80.26958729372829,0.6318494703619373,-0.8296737619378048,17.530649412819564,2.8378652810043562e-05,-0.21334728407724848,17.528740361600704,1.045162476960848,-1.571774388065201,0.012535339795187651,-0.019051842491774034,0.0,0.45,0.0,154.5203669564829,1475.560812569869,568.59,0.0,1.0,368.5779138380534,154.52231446723144,0.0,1,0,0.0,0.0,0.0,0.0,-38.54315521158486,-37.66367331431115,-38.39450541485119,-37.959677296001686,-2.033241879353721,-2.0096652540512974,-2.0292569644058003,-2.017600351960619
powertrain_simple_cvt,SimpleCVT,EngineModelType_SIMPLE_MAP,TransmissionModelType_AUTOMATIC_SIMPLE_CVT,7.59499999999986,80.35726011407044,0.6318493113947784,-0.8307411287190094,17.534564068430655,-3.179343177494437e-05,-0.21347335624091612,17.532545061870653,0.7609400539898721,-1.571767732889498,0.012455387692593514,-0.019054942059905336,0.0,0.45,0.0,154.52231446723144,1475.5794099276106,568.59,0.0,1.0,368.06805835607076,154.52567459958993,0.0,1,0,0.0,0.0,0.0,0.0,-37.2484568064617,-39.059897929722375,-36.98869790843639,-39.48060264405799,-1.9983176881388176,-2.046867181712991,-1.9913557379056168,-2.0581427349523334
powertrain_simple_cvt,SimpleCVT,EngineModelType_SIMPLE_MAP,TransmissionModelType_AUTOMATIC_SIMPLE_CVT,7.59999999999986,80.44496350435645,0.6318490379964696,-0.8318103069759517,17.540678057201376,-5.4679661751370684e-05,-0.21383565138845023,17.538735864834965,1.2381605928624404,-1.571757868462487,0.012291580806782788,-0.019056238963023026,0.0,0.45,0.0,154.52567459958993,1475.6114968280685,568.59,0.0,1.0,367.8888277716235,154.52685579408075,0.0,1,0,0.0,0.0,0.0,0.0,-36.19100861494222,-40.15980616976381,-35.900544405255744,-40.602105404331766,-1.9696340191916888,-2.0759665385581414,-1.961851865837904,-2.0878166748464815
powertrain_simple_cvt,SimpleCVT,EngineModelType_SIMPLE_MAP,TransmissionModelType_AUTOMATIC_SIMPLE_CVT,7.60499999999986,80.53271763101063,0.631849768936368,-0.8328839760596993,17.5508253308339,0.0001461879796812807,-0.2147338167495171,17.549160476227804,2.0849222785678467,-1.5717496989342552,0.012110054519248615,-0.019051154932674955,0.0,0.45,0.0,154.52685579408075,1475.6227764045864,568.59,0.0,1.0,368.30068346126046,154.52414151586137,0.0,1,0,0.0,0.0,0.0,0.0,-35.84578961398804,-40.4427416675646,-35.6712576701479,-40.71432388067531,-1.959814377584037,-2.082903329497248,-1.9551410736660766,-2.090175271771273
powertrain_simple_cvt,SimpleCVT,EngineModelType_SIMPLE_MAP,TransmissionModelType_AUTOMATIC_SIMPLE_CVT,7.60999999999986,80.62051552442614,0.6318504188033209,-0.8339594403089521,17.55957868310243,0.00012997339059271748,-0.21509284985054608,17.55790045953733,1.7479966619049865,-1.571746313324185,0.011985800208814842,-0.01904652326376565,0.0,0.45,0.0,154.52414151586137,1475.596856956854,568.59,0.0,1.0,368.5064079151223,154.52278571717176,0.0,1,0,0.0,0.0,0.0,0.0,-36.44485789063994,-39.78905974647478,-36.53711429954105,-39.816152407567,-1.9753693935261651,-2.0648698697179637,-1.9778384408158762,-2.0655949473818094
powertrain_simple_cvt,SimpleCVT,EngineModelType_SIMPLE_MAP,TransmissionModelType_AUTOMATIC_SIMPLE_CVT,7.61499999999986,80.70833277622891,0.6318506530993216,-0.8350360362043454,17.563450360555354,4.6859200133930485e-05,-0.21531917907867082,17.56157751518586,0.7354111297061806,-1.5717478918845964,0.011961647614513902,-0.0190466299369345,0.0,0.45,0.0,154.52278571717176,1475.5839100330566,568.59,0.0,1.0,367.999606051795,154.52612572507692,0.0,1,0,0.0,0.0,0.0,0.0,-37.702530999485276,-38.62073187062249,-38.00672068990341,-38.47435130886582,-2.00881707815476,-2.033385633512289,-2.016956366063485,-2.0294688882250287
powertrain_simple_cvt,SimpleCVT,EngineModelType_SIMPLE_MAP,TransmissionModelType_AUTOMATIC_SIMPLE_CVT,7.61999999999986,80.79616161578564,0.631850548871403,-0.8361127789870095,17.56576791134338,-2.084558371542866e-05,-0.21534855653281365,17.56371183330836,0.42686362450013804,-1.57175219473138,0.012045580584682128,-0.019051139433595883,0.0,0.45,0.0,154.52612572507692,1475.6158047591412,568.59,0.0,1.0,367.26473477779916,154.5309687930331,0.0,1,0,0.0,0.0,0.0,0.0,-39.11593039305964,-37.34628466970735,-39.56119437225757,-37.09314598729551,-2.0465086119689824,-1.9991634645824115,-2.0584212159681163,-1.9923909857354436
powertrain_simple_cvt,SimpleCVT,EngineModelType_SIMPLE_MAP,TransmissionModelType_AUTOMATIC_SIMPLE_CVT,7.62499999999986,80.88401364956721,0.6318504277646774,-0.8371888384872764,17.570406756315492,-2.4221345140041598e-05,-0.21521190005338656,17.568337682895642,0.9251699174562786,-1.5717596833941956,0.012214150532894992,-0.019055941570619083,0.0,0.45,0.0,154.5309687930331,1475.6620526514384,568.59,0.0,1.0,366.87584795355036,154.53353169810745,0.0,1,0,0.0,0.0,0.0,0.0,-40.240370723841174,-36.30061711197172,-40.721038658106046,-36.01949174274963,-2.076308444454738,-1.9709319281540605,-2.0891648607183533,-1.9634126731521448
powertrain_simple_cvt,SimpleCVT,EngineModelType_SIMPLE_MAP,TransmissionModelType_AUTOMATIC_SIMPLE_CVT,7.62999999999986,80.97191477918419,0.6318511338763344,-0.8382626916060656,17.580225923395115,0.00014122233141516895,-0.2147706237578379,17.578410261018995,2.0145156246706084,-1.5717683023833746,0.012401151854677746,-0.019054558249776976,0.0,0.45,0.0,154.53353169810745,1475.686526592114,568.59,0.0,1.0,367.2402290376939,154.5311302947394,0.0,1,0,0.0,0.0,0.0,0.0,-40.5341910027162,-35.95379347011857,-40.84967061512211,-35.78450741931561,-2.083546012941458,-1.961104405958344,-2.091979305125921,-1.9565791096379646
powertrain_simple_cvt,SimpleCVT,EngineModelType_SIMPLE_MAP,TransmissionModelType_AUTOMATIC_SIMPLE_CVT,7.6349999999998595,81.0598648114612,0.6318520046062049,-0.8393366049068588,17.590006455402715,0.0001741459740972547,-0.214782660158644,17.58823152671012,1.9642531382253445,-1.571773446920501,0.012532022238210903,-0.019052100282510354,0.0,0.45,0.0,154.5311302947394,1475.6635948791309,568.59,0.0,1.0,367.59534216314927,154.52878997057707,0.0,1,0,0.0,0.0,0.0,0.0,-39.886419621139275,-36.5275341708312,-39.9401581023512,-36.61738038683162,-2.0656346291274432,-1.9758961997291926,-2.0670703455201425,-1.9782965966556532
powertrain_simple_cvt,SimpleCVT,EngineModelType_SIMPLE_MAP,TransmissionModelType_AUTOMATIC_SIMPLE_CVT,7.639999999999859,81.14784222389866,0.6318524303467508,-0.8404103897599298,17.59548248749405,8.514810917135593e-05,-0.2147569706141972,17.59357631118127,1.068956894229723,-1.571771395893904,0.012563742917901596,-0.019052617184167706,0.0,0.45,0.0,154.52878997057707,1475.6412464295984,568.59,0.0,1.0,367.3222375280051,154.5305898290747,0.0,1,0,0.0,0.0,0.0,0.0,-38.71154687766525,-37.75392625951162,-38.576994334749585,-38.04821018887388,-2.033931678021269,-2.0083549606721984,-2.03033796638483,-2.0162148759027043
powertrain_simple_cvt,SimpleCVT,EngineModelType_SIMPLE_MAP,TransmissionModelType_AUTOMATIC_SIMPLE_CVT,7.644999999999859,81.23583915795291,0.631852453643855,-0.8414847344543473,17.599386810848994,4.659420858326661e-06,-0.2148689388835228,17.597369945713318,0.7587269064096509,-1.571764303989293,0.01248766074566681,-0.019055658850068286,0.0,0.45,0.0,154.5305898290747,1475.6584338122043,568.59,0.0,1.0,366.82157839427157,154.53388935416618,0.0,1,0,0.0,0.0,0.0,0.0,-37.42605724069835,-39.140955883389175,-37.17260922554136,-39.56620249071746,-1.9993825413489241,-2.0451752293861905,-1.9926147560099972,-2.056530527444935
powertrain_simple_cvt,SimpleCVT,EngineModelType_SIMPLE_MAP,TransmissionModelType_AUTOMATIC_SIMPLE_CVT,7.649999999999859,81.32386581328754,0.631852342490489,-0.8425608178865213,17.60533106692569,-2.223067318452639e-05,-0.21521668643477404,17.603373001325267,1.200611122389742,-1.5717541375439938,0.012327041458146311,-0.019057316119632118,0.0,0.45,0.0,154.53388935416618,1475.6899419558943,568.59,0.0,1.0,366.62037468785667,154.5352153594921,0.0,1,0,0.0,0.0,0.0,0.0,-36.364378150088505,-40.25024903164244,-36.07234442871949,-40.70349665614546,-1.9707015406331587,-2.07442999807735,-1.9629060661146693,-2.086528875874119
powertrain_simple_cvt,SimpleCVT,EngineModelType_SIMPLE_MAP,TransmissionModelType_AUTOMATIC_SIMPLE_CVT,7.654999999999859,81.41194258117379,0.631852973480551,-0.8436408190357723,17.615353577248797,0.00012619801240379967,-0.21600022985020187,17.61366492383634,2.058384502214538,-1.5717459202140767,0.0121463278955687,-0.019052764598498178,0.0,0.45,0.0,154.5352153594921,1475.7026043740252,568.59,0.0,1.0,367.01563198394246,154.53261047070023,0.0,1,0,0.0,0.0,0.0,0.0,-35.999946664313754,-40.55319791399284,-35.81002739726481,-40.854548942450336,-1.960411987551116,-2.081884308699269,-1.9553452928017725,-2.089923796726576
powertrain_simple_cvt,SimpleCVT,EngineModelType_SIMPLE_MAP,TransmissionModelType_AUTOMATIC_SIMPLE_CVT,7.659999999999859,81.50006333953296,0.6318537226651686,-0.8447225428646691,17.624151671834653,0.00014983692351058916,-0.21634476577937178,17.622460201018974,1.7590554365270725,-1.5717426113947064,0.012020178513736476,-0.01904839130990812,0.0,0.45,0.0,154.53261047070023,1475.6777295183797,568.59,0.0,1.0,367.2302041388782,154.53119636245484,0.0,1,0,0.0,0.0,0.0,0.0,-36.56559047790494,-39.933722610367276,-36.64098219650785,-39.9856201992587,-1.9750154501454917,-2.0648261389477587,-1.977025757909981,-2.066209979611429
powertrain_simple_cvt,SimpleCVT,EngineModelType_SIMPLE_MAP,TransmissionModelType_AUTOMATIC_SIMPLE_CVT,7.664999999999859,81.58820407070533,0.6318539650289909,-0.8458054275779892,17.6281462344746,4.847276446974134e-05,-0.21657694266401037,17.626264364835595,0.7608327633242757,-1.5717445642205674,0.01199302852844779,-0.019048663426787467,0.0,0.45,0.0,154.53119636245484,1475.66422577934,568.59,0.0,1.0,366.74872403396927,154.53436949079733,0.0,1,0,0.0,0.0,0.0,0.0,-37.8008372987863,-38.78321289964642,-38.09321803583564,-38.65583779758522,-2.007735563193759,-2.033924793383969,-2.0155301647891815,-2.030529090288878
powertrain_simple_cvt,SimpleCVT,EngineModelType_SIMPLE_MAP,TransmissionModelType_AUTOMATIC_SIMPLE_CVT,7.669999999999859,81.67635655235338,0.6318538323234137,-0.8468884973881639,17.630496329610867,-2.6541115438410284e-05,-0.21661396203493927,17.628427818825237,0.4326907979283682,-1.5717490800059266,0.012073202835394413,-0.019053419985438032,0.0,0.45,0.0,154.53436949079733,1475.6945269229866,568.59,0.0,1.0,366.02767386828947,154.53912147264202,0.0,1,0,0.0,0.0,0.0,0.0,-39.203753219232624,-37.518311740332905,-39.6440275429903,-37.276650212820115,-2.0450077469781447,-2.0000809413052516,-2.0567436151372327,-1.9936392578525166
powertrain_simple_cvt,SimpleCVT,EngineModelType_SIMPLE_MAP,TransmissionModelType_AUTOMATIC_SIMPLE_CVT,7.674999999999859,81.76453149548367,0.6318536251182425,-0.8479709394828691,17.634988626056728,-4.1441034239506546e-05,-0.21648841894103368,17.63289670894603,0.8937780241588391,-1.5717569778991862,0.01223865574376457,-0.01905871892693876,0.0,0.45,0.0,154.53912147264202,1475.7399050069907,568.59,0.0,1.0,365.6236100365439,154.54178439969476,0.0,1,0,0.0,0.0,0.0,0.0,-40.33326680584843,-36.470656860834765,-40.819764325257275,-36.19120895771469,-2.074843367196304,-1.971908469821157,-2.087808065404638,-1.9644614478233762
powertrain_simple_cvt,SimpleCVT,EngineModelType_SIMPLE_MAP,TransmissionModelType_AUTOMATIC_SIMPLE_CVT,7.6799999999998585,81.85275442340993,0.6318539583298052,-0.8490516684966495,17.644585585254006,6.664231254252648e-05,-0.2161458027560928,17.64273204725176,1.9670676611454916,-1.5717656009885808,0.012425135932704353,-0.019058236389199856,0.0,0.45,0.0,154.54178439969476,1475.7653340872027,568.59,0.0,1.0,365.95757844964055,154.5395834268481,0.0,1,0,0.0,0.0,0.0,0.0,-40.650658347355986,-36.10513555652649,-40.98826725457733,-35.92384691422875,-2.082697640380368,-1.9616312911499776,-2.0916895825057953,-1.95680281374707
powertrain_simple_cvt,SimpleCVT,EngineModelType_SIMPLE_MAP,TransmissionModelType_AUTOMATIC_SIMPLE_CVT,7.684999999999858,81.94102626875551,0.6318546280646185,-0.8501325193045747,17.654369069115624,0.00013394696266141892,-0.21617016158503102,17.652574732287043,1.9685370070569228,-1.571770799892673,0.01255805014764781,-0.019056233137596697,0.0,0.45,0.0,154.5395834268481,1475.7443163447135,568.59,0.0,1.0,366.31548419272724,154.53722469832377,0.0,1,0,0.0,0.0,0.0,0.0,-40.03199185574103,-36.65132041211806,-40.109426755744884,-36.721942811180995,-2.065625454546685,-1.9756341906404131,-2.0676867209660963,-1.9775141127380647
powertrain_simple_cvt,SimpleCVT,EngineModelType_SIMPLE_MAP,TransmissionModelType_AUTOMATIC_SIMPLE_CVT,7.689999999999858,82.02932599852441,0.6318548393156671,-0.8512132256066575,17.65994595378113,4.2250209726395725e-05,-0.21614126041654724,17.658019265199485,1.0889065824884148,-1.5717683481527895,0.012592441986019295,-0.019057227049107305,0.0,0.45,0.0,154.53722469832377,1475.7217921464696,568.59,0.0,1.0,366.0629921346477,154.53888871247014,0.0,1,0,0.0,0.0,0.0,0.0,-38.873418659833064,-37.8581708781554,-38.7592125611865,-38.135054501664946,-2.0344659360665385,-2.0074490365238735,-2.031426781733992,-2.0148172250354555
powertrain_simple_cvt,SimpleCVT,EngineModelType_SIMPLE_MAP,TransmissionModelType_AUTOMATIC_SIMPLE_CVT,7.694999999999858,82.11764533180471,0.631854574361363,-0.8522945005453295,17.6638666560603,-5.2990860816037096e-05,-0.21625498773439902,17.661833086233383,0.762764206779581,-1.5717616355768442,0.012520595576648199,-0.019060661410422834,0.0,0.45,0.0,154.53888871247014,1475.737682311076,568.59,0.0,1.0,365.5720023140583,154.54212451328456,0.0,1,0,0.0,0.0,0.0,0.0,-37.5959595843189,-39.23598792781234,-37.35720713905372,-39.6490339449316,-2.000255257900811,-2.0438888555486256,-1.9939031554048618,-2.0548781069188937
powertrain_simple_cvt,SimpleCVT,EngineModelType_SIMPLE_MAP,TransmissionModelType_AUTOMATIC_SIMPLE_CVT,7.699999999999858,82.20599380731537,0.6318541138226405,-0.853377451862722,17.66969510213173,-9.21077445116044e-05,-0.2165902634784827,17.6677089954281,1.1751818389434983,-1.5717509812595458,0.012363008456466323,-0.019062973948296525,0.0,0.45,0.0,154.54212451328456,1475.7685819327444,568.59,0.0,1.0,365.3589430148756,154.5435286512624,0.0,1,0,0.0,0.0,0.0,0.0,-36.53275601835533,-40.34888155821151,-36.245910225416296,-40.80152931674966,-1.9716450535532044,-2.0731408044534736,-1.9640159467948282,-2.0851796704882335
powertrain_simple_cvt,SimpleCVT,EngineModelType_SIMPLE_MAP,TransmissionModelType_AUTOMATIC_SIMPLE_CVT,7.704999999999858,82.29439151817182,0.6318541324463743,-0.8544638789334378,17.679542171290997,3.7247467688626323e-06,-0.21728541414316277,17.677817098554115,2.0216206252030564,-1.5717431270773228,0.012183052092575693,-0.019059265782026408,0.0,0.45,0.0,154.5435286512624,1475.7819904627418,568.59,0.0,1.0,365.7309115599439,154.54107724377778,0.0,1,0,0.0,0.0,0.0,0.0,-36.14887116847216,-40.67416820737117,-35.95065972596428,-40.991115333110244,-1.9608852986409955,-2.081173740744662,-1.9556165736442837,-2.089598618859109
powertrain_simple_cvt,SimpleCVT,EngineModelType_SIMPLE_MAP,TransmissionModelType_AUTOMATIC_SIMPLE_CVT,7.709999999999858,82.38283348479061,0.6318544769303395,-0.8555519795115253,17.688393323757587,6.889679303338737e-05,-0.2176201156175055,17.686683382811754,1.7732568515278424,-1.5717397334328127,0.012055058058584185,-0.019055287550991843,0.0,0.45,0.0,154.54107724377778,1475.7585812456193,568.59,0.0,1.0,365.9553820306005,154.5395979020454,0.0,1,0,0.0,0.0,0.0,0.0,-36.691558842444806,-40.07802768432963,-36.745181984965285,-40.15330242909548,-1.9748217416963711,-2.064793483393751,-1.9762464019407475,-2.0667933836463805
powertrain_simple_cvt,SimpleCVT,EngineModelType_SIMPLE_MAP,TransmissionModelType_AUTOMATIC_SIMPLE_CVT,7.714999999999858,82.47129604569422,0.6318542793864834,-0.8566412234939161,17.692512180720854,-3.950877121119099e-05,-0.2178487964781607,17.69061650373887,0.7866241854230961,-1.571742330458137,0.01202500792510192,-0.019055843030172766,0.0,0.45,0.0,154.5395979020454,1475.7444545726653,568.59,0.0,1.0,365.4967396608373,154.54262052143866,0.0,1,0,0.0,0.0,0.0,0.0,-37.90796664097175,-38.942533173842406,-38.17835016530945,-38.83715975251598,-2.0069153622106897,-2.0343956263209413,-2.0140973175743953,-2.0315966865174118
powertrain_simple_cvt,SimpleCVT,EngineModelType_SIMPLE_MAP,TransmissionModelType_AUTOMATIC_SIMPLE_CVT,7.719999999999858,82.55977042437658,0.631853710059835,-0.8577306541856867,17.69487573647174,-0.00011386532968605872,-0.21788613835411808,17.692798100740482,0.43631940032256944,-1.5717470214785663,0.012101792116539023,-0.019060770123649522,0.0,0.45,0.0,154.54262052143866,1475.773318461717,568.59,0.0,1.0,364.7908044230365,154.5472728904321,0.0,1,0,0.0,0.0,0.0,0.0,-39.30347348550889,-37.68399237760828,-39.72430282203797,-37.460926500024534,-2.043854232986905,-2.0008427111083704,-2.0550309673908735,-1.9949183426009258
powertrain_simple_cvt,SimpleCVT,EngineModelType_SIMPLE_MAP,TransmissionModelType_AUTOMATIC_SIMPLE_CVT,7.7249999999998575,82.64826671645199,0.6318529483476634,-0.8588194866105712,17.699258415081513,-0.0001523424343343727,-0.2177664849768945,17.697149549760688,0.8702898040411541,-1.5717552099760221,0.012264084676483144,-0.019066432933615676,0.0,0.45,0.0,154.5472728904321,1475.8177453130606,568.59,0.0,1.0,364.37330000612087,154.55002439581094,0.0,1,0,0.0,0.0,0.0,0.0,-40.43517275193765,-36.63506809345653,-40.91471706213716,-36.36462737299988,-2.0736467826476854,-1.9727452688756881,-2.0863797863853297,-1.965564446100514
powertrain_simple_cvt,SimpleCVT,EngineModelType_SIMPLE_MAP,TransmissionModelType_AUTOMATIC_SIMPLE_CVT,7.729999999999857,82.73680990920015,0.631852605658148,-0.8599069128502147,17.708638549631242,-6.853790305971915e-05,-0.2174852479286976,17.706762897906053,1.9226696290730116,-1.5717641156566047,0.0124502413232084,-0.01906646416595098,0.0,0.45,0.0,154.55002439581094,1475.8440202539796,568.59,0.0,1.0,364.68158321890786,154.54799269774065,0.0,1,0,0.0,0.0,0.0,0.0,-40.773027290073635,-36.253459781294715,-41.12390548746279,-36.06497763170266,-2.0820298229594134,-1.9620900697351604,-2.0913413874674958,-1.957088152523981
powertrain_simple_cvt,SimpleCVT,EngineModelType_SIMPLE_MAP,TransmissionModelType_AUTOMATIC_SIMPLE_CVT,7.734999999999857,82.8254021116382,0.6318527540139255,-0.8609944920045943,17.718440487610103,2.9671155484305763e-05,-0.21751583087593537,17.71663758345718,1.9749371102257807,-1.5717692654139912,0.012584603894400416,-0.019064644987941262,0.0,0.45,0.0,154.54799269774065,1475.8246189665344,568.59,0.0,1.0,365.04280394061857,154.54561212230612,0.0,1,0,0.0,0.0,0.0,0.0,-40.17749369655857,-36.77669780205202,-40.27721302391683,-36.82698958020521,-2.065631342238519,-1.975431721497799,-2.0682762070840583,-1.97676561493231
powertrain_simple_cvt,SimpleCVT,EngineModelType_SIMPLE_MAP,TransmissionModelType_AUTOMATIC_SIMPLE_CVT,7.739999999999857,82.91402267773312,0.6318524289496469,-0.8620820061975238,17.72411321898288,-6.501285571970769e-05,-0.21750283858590722,17.722185800933982,1.1096434953600702,-1.5717670757647728,0.012621919010569856,-0.019065645509118375,0.0,0.45,0.0,154.54561212230612,1475.8018861456658,568.59,0.0,1.0,364.8097865201297,154.54714779153466,0.0,1,0,0.0,0.0,0.0,0.0,-39.031780634390806,-37.96793448546046,-38.94115917254526,-38.220875173085716,-2.034919390086388,-2.0067117349473684,-2.032516581234278,-2.0134184036647707
powertrain_simple_cvt,SimpleCVT,EngineModelType_SIMPLE_MAP,TransmissionModelType_AUTOMATIC_SIMPLE_CVT,7.744999999999857,83.002663029985,0.6318516502322146,-0.8631700285034453,17.728070450376116,-0.0001557434864612392,-0.21760446118428128,17.726037785550464,0.7703969232963623,-1.5717601354823,0.012553031760760724,-0.019069042319801697,0.0,0.45,0.0,154.54714779153466,1475.8165507065862,568.59,0.0,1.0,364.33070640006883,154.55030510310746,0.0,1,0,0.0,0.0,0.0,0.0,-37.76098422779311,-39.33733921466798,-37.54224437997225,-39.729931195874855,-2.0010069200633245,-2.0427945557038347,-1.9952083397074367,-2.0532017868178003
powertrain_simple_cvt,SimpleCVT,EngineModelType_SIMPLE_MAP,TransmissionModelType_AUTOMATIC_SIMPLE_CVT,7.749999999999857,83.09133193069064,0.6318506323036827,-0.8642597042343827,17.733780141128214,-0.00020358570639007734,-0.21793514618749782,17.731792054674617,1.1508538248307576,-1.5717497474912132,0.012398458517554691,-0.019071388271824887,0.0,0.45,0.0,154.55030510310746,1475.846700811208,568.59,0.0,1.0,364.10750530045084,154.55177607922477,0.0,1,0,0.0,0.0,0.0,0.0,-36.694863833706016,-40.45439344382095,-36.42030435768137,-40.8966448683929,-1.9724294342213833,-2.0720585612913274,-1.9651534918131839,-2.0837784113643254
powertrain_simple_cvt,SimpleCVT,EngineModelType_SIMPLE_MAP,TransmissionModelType_AUTOMATIC_SIMPLE_CVT,7.754999999999857,83.1800492802607,0.6318500092682802,-0.86535254521562,17.74346991401285,-0.00012460708049897526,-0.2185681962474656,17.74173581804233,1.9887526735424357,-1.5717414862388368,0.012218901701351119,-0.019067866446510574,0.0,0.45,0.0,154.55177607922477,1475.860747598422,568.59,0.0,1.0,364.4559085108405,154.5494799758339,0.0,1,0,0.0,0.0,0.0,0.0,-36.29628794665096,-40.79726455762202,-36.0921433594208,-41.12578015458088,-1.9613279039352336,-2.0805388386028802,-1.9559210180181352,-2.0892397617027494
powertrain_simple_cvt,SimpleCVT,EngineModelType_SIMPLE_MAP,TransmissionModelType_AUTOMATIC_SIMPLE_CVT,7.759999999999857,83.26881111629692,0.631849857813352,-0.8664470675052957,17.752367207241697,-3.029098563915155e-05,-0.21890445793513147,17.750663684995967,1.785573390727573,-1.5717384192157748,0.012089492236050343,-0.019063699385033266,0.0,0.45,0.0,154.5494799758339,1475.8388214261518,568.59,0.0,1.0,364.690577610604,154.54793342144052,0.0,1,0,0.0,0.0,0.0,0.0,-36.814469529014204,-40.224886932093746,-36.84974494716615,-40.320009143186425,-1.974561827020932,-2.0648432478255896,-1.97549564669572,-2.0673613467420955
powertrain_simple_cvt,SimpleCVT,EngineModelType_SIMPLE_MAP,TransmissionModelType_AUTOMATIC_SIMPLE_CVT,7.764999999999857,83.35759409622972,0.6318491933547447,-0.8675427611854147,17.756595986561653,-0.0001328917214742909,-0.21913873602381165,17.75471201116221,0.8096652332483417,-1.5717407946489081,0.012056785578605279,-0.019063941406252224,0.0,0.45,0.0,154.54793342144052,1475.8240529195637,568.59,0.0,1.0,364.2555791700065,154.55080021877387,0.0,1,0,0.0,0.0,0.0,0.0,-38.01614480984263,-39.101106389028395,-38.263071941541725,-39.01814515189599,-2.0061434077282843,-2.034858232600627,-2.012678633932599,-2.032662562780468
powertrain_simple_cvt,SimpleCVT,EngineModelType_SIMPLE_MAP,TransmissionModelType_AUTOMATIC_SIMPLE_CVT,7.769999999999857,83.44638904250988,0.6318481901715899,-0.8686386960551709,17.758989256031175,-0.0002006366309507436,-0.21918697395121695,17.756925901544527,0.4427780764636774,-1.5717455938356997,0.012130073044240087,-0.01906849591814825,0.0,0.45,0.0,154.55080021877387,1475.8514288175504,568.59,0.0,1.0,363.56144765646286,154.55537479694772,0.0,1,0,0.0,0.0,0.0,0.0,-39.403531466273854,-37.84876357688725,-39.80418296303082,-37.644808693250674,-2.042732257749161,-2.001588569068272,-2.0533346637832888,-1.9961913285575996
powertrain_simple_cvt,SimpleCVT,EngineModelType_SIMPLE_MAP,TransmissionModelType_AUTOMATIC_SIMPLE_CVT,7.7749999999998565,83.53520537099999,0.6318470112985194,-0.8697341021083329,17.763265698023353,-0.00023577461409882584,-0.21908121063241706,17.761166980672403,0.8482158255752562,-1.5717538814710277,0.012290338367261736,-0.019073889479879886,0.0,0.45,0.0,154.55537479694772,1475.895112821286,568.59,0.0,1.0,363.1387413199892,154.5581605848612,0.0,1,0,0.0,0.0,0.0,0.0,-40.54063696163061,-36.7964242952928,-41.00911265897185,-36.53826793643299,-2.072567209632136,-1.9735080918485626,-2.084961481383547,-1.9666781536378453
powertrain_simple_cvt,SimpleCVT,EngineModelType_SIMPLE_MAP,TransmissionModelType_AUTOMATIC_SIMPLE_CVT,7.779999999999856,83.6240674236908,0.6318461111254473,-0.8708284434621877,17.772410538162426,-0.00018003461441532583,-0.21886827077095777,17.770535817265422,1.873767318603865,-1.5717623118186705,0.01247565235588606,-0.01907390305647332,0.0,0.45,0.0,154.5581605848612,1475.9217151362966,568.59,0.0,1.0,363.4124310710073,154.55635687023798,0.0,1,0,0.0,0.0,0.0,0.0,-40.898308815377106,-36.39829420848789,-41.259007878880524,-36.205821505897674,-2.0814595299751093,-1.9624672336526316,-2.090997367870553,-1.9573777459817385
powertrain_simple_cvt,SimpleCVT,EngineModelType_SIMPLE_MAP,TransmissionModelType_AUTOMATIC_SIMPLE_CVT,7.784999999999856,83.71297852940613,0.631845932209145,-0.8719230246998826,17.78222114306475,-3.57832604584332e-05,-0.21891624753898883,17.780427656180795,1.9783677830745172,-1.5717672765166357,0.01261170264121134,-0.019071855932090414,0.0,0.45,0.0,154.55635687023798,1475.9044909304037,568.59,0.0,1.0,363.77616996177426,154.55395969915696,0.0,1,0,0.0,0.0,0.0,0.0,-40.32478218290563,-36.90093856465121,-40.445125661233426,-36.93191419627537,-2.0657007533314578,-1.9752156341133897,-2.068881183046632,-1.9760342561162827
powertrain_simple_cvt,SimpleCVT,EngineModelType_SIMPLE_MAP,TransmissionModelType_AUTOMATIC_SIMPLE_CVT,7.789999999999856,83.80191856206308,0.6318453031361995,-0.8730175310093433,17.78800653138886,-0.00012581458910974007,-0.21890126189214443,17.786094376876996,1.1333441392402464,-1.5717650058459285,0.012652421838145252,-0.019072492165657214,0.0,0.45,0.0,154.55395969915696,1475.8815996327846,568.59,0.0,1.0,363.5654636102792,154.55534833035702,0.0,1,0,0.0,0.0,0.0,0.0,-39.19344278255462,-38.07422697327571,-39.12320282986029,-38.30643088982689,-2.035471777742596,-2.0059026380744807,-2.033616072208166,-2.0120373530982154
powertrain_simple_cvt,SimpleCVT,EngineModelType_SIMPLE_MAP,TransmissionModelType_AUTOMATIC_SIMPLE_CVT,7.794999999999856,83.89087845782737,0.6318443009213021,-0.8741125076441935,17.791979152858925,-0.00020044297949161683,-0.2189953269700217,17.789960749132106,0.7732744510221488,-1.57175776050264,0.012586882573091976,-0.01907554108414136,0.0,0.45,0.0,154.55534833035702,1475.894860083962,568.59,0.0,1.0,363.0966373796246,154.55843806508344,0.0,1,0,0.0,0.0,0.0,0.0,-37.92699462687314,-39.43799213382101,-37.726960592395564,-39.81102254064764,-2.0017950588248006,-2.041706205258861,-1.996511405076121,-2.051559346063367
powertrain_simple_cvt,SimpleCVT,EngineModelType_SIMPLE_MAP,TransmissionModelType_AUTOMATIC_SIMPLE_CVT,7.799999999999856,83.97986644754333,0.6318430470668621,-0.8752090531061325,17.79759794319116,-0.0002507708879856856,-0.2193090923878116,17.79561848492985,1.1315471595487978,-1.5717470061722714,0.012434268635502501,-0.019077668800922227,0.0,0.45,0.0,154.55843806508344,1475.9243648772351,568.59,0.0,1.0,362.8646307281656,154.5599670729778,0.0,1,0,0.0,0.0,0.0,0.0,-36.85823680584916,-40.55909111386094,-36.59424937586186,-40.99217260361042,-1.9732556072572374,-2.0709780573540084,-1.9662849198683119,-2.082413736996479
powertrain_simple_cvt,SimpleCVT,EngineModelType_SIMPLE_MAP,TransmissionModelType_AUTOMATIC_SIMPLE_CVT,7.804999999999856,84.06890201803658,0.6318419856254265,-0.8763081704213667,17.80711409865075,-0.00021228828711890096,-0.2198234630468321,17.80538707282803,1.9537175796358914,-1.5717390068429422,0.012255670159058022,-0.01907395175538948,0.0,0.45,0.0,154.5599670729778,1475.9389658270998,568.59,0.0,1.0,363.1905828758686,154.55781893022458,0.0,1,0,0.0,0.0,0.0,0.0,-36.44420180458807,-40.91951732667963,-36.2331953642899,-41.26032657292943,-1.9617948971246906,-2.0799024538562176,-1.956226249507509,-2.088896712962057
powertrain_simple_cvt,SimpleCVT,EngineModelType_SIMPLE_MAP,TransmissionModelType_AUTOMATIC_SIMPLE_CVT,7.809999999999856,84.15798232015732,0.6318418066991055,-0.8774087897793611,17.816060424146915,-3.578526418869673e-05,-0.22012387159888344,17.81435782315312,1.7941500650181679,-1.5717362698705593,0.012124749939614243,-0.019069685487708456,0.0,0.45,0.0,154.55781893022458,1475.9184525748415,568.59,0.0,1.0,363.43357234422365,154.5562175415875,0.0,1,0,0.0,0.0,0.0,0.0,-36.93984337540932,-40.369918883541615,-36.95365916903138,-40.486737830291815,-1.9743844024253738,-2.0648615612021297,-1.9747488298994067,-2.0679429646196907
powertrain_simple_cvt,SimpleCVT,EngineModelType_SIMPLE_MAP,TransmissionModelType_AUTOMATIC_SIMPLE_CVT,7.814999999999856,84.24708443930372,0.6318410033168228,-0.8785105998841364,17.820423829280074,-0.00016067645654318954,-0.2203620209550558,17.818556335265264,0.8397024224287187,-1.5717390135260922,0.012089142574017659,-0.019069475297020442,0.0,0.45,0.0,154.5562175415875,1475.9031604397974,568.59,0.0,1.0,363.0260542369822,154.5589032335673,0.0,1,0,0.0,0.0,0.0,0.0,-38.12182726026867,-39.26170649470918,-38.34740489471995,-39.19903092227878,-2.0053253637696327,-2.035385557322099,-2.0112741582978897,-2.0337327157040184
powertrain_simple_cvt,SimpleCVT,EngineModelType_SIMPLE_MAP,TransmissionModelType_AUTOMATIC_SIMPLE_CVT,7.8199999999998555,84.3361987038854,0.6318400109897394,-0.8796126885186163,17.822852916335172,-0.00019846541668709335,-0.2204177268959724,17.820797065899544,0.44814612685613997,-1.571744334788338,0.01215918460668578,-0.019073777734047694,0.0,0.45,0.0,154.5589032335673,1475.9288069090496,568.59,0.0,1.0,362.34383960533756,154.5633992751717,0.0,1,0,0.0,0.0,0.0,0.0,-39.50162755353117,-38.01474660336735,-39.88349831592815,-37.82868193044523,-2.0415816261620927,-2.0023754472297863,-2.0516508206311608,-1.9974692811653396
powertrain_simple_cvt,SimpleCVT,EngineModelType_SIMPLE_MAP,TransmissionModelType_AUTOMATIC_SIMPLE_CVT,7.824999999999855,84.42533379988988,0.6318387180466011,-0.8807142691998495,17.82701920089675,-0.00025858862767440434,-0.22031613624663623,17.82492996731793,0.8265802836774759,-1.5717529347121446,0.012316581780022347,-0.01907888775537427,0.0,0.45,0.0,154.5633992751717,1475.9717409437908,568.59,0.0,1.0,361.9116227027557,154.56624774116167,0.0,1,0,0.0,0.0,0.0,0.0,-40.641953070008505,-36.96025188717824,-41.10310391983193,-36.71105392819395,-2.0714013341209534,-1.9743444935620305,-2.083558172028835,-1.9677751482046342
powertrain_simple_cvt,SimpleCVT,EngineModelType_SIMPLE_MAP,TransmissionModelType_AUTOMATIC_SIMPLE_CVT,7.829999999999855,84.51451409914343,0.6318376216204857,-0.8818152710649733,17.836059850708146,-0.0002192852230627956,-0.22020037302473877,17.834191480850077,1.8523027064290827,-1.5717616508918542,0.012500883352136043,-0.019078730738101162,0.0,0.45,0.0,154.56624774116167,1475.998941790343,568.59,0.0,1.0,362.17355920492486,154.56452148470686,0.0,1,0,0.0,0.0,0.0,0.0,-41.02056501260304,-36.54587443536562,-41.38254269337589,-36.35010290114068,-2.0808207100456335,-1.9629203777260187,-2.090358193837809,-1.9577621374979113
powertrain_simple_cvt,SimpleCVT,EngineModelType_SIMPLE_MAP,TransmissionModelType_AUTOMATIC_SIMPLE_CVT,7.834999999999855,84.6037434883227,0.6318375673520995,-0.8829166339951829,17.845877835856008,-1.0853677236429709e-05,-0.22027258604192781,17.8440885847573,1.9794207814449716,-1.5717663153642856,0.012638133680147136,-0.019076544465771412,0.0,0.45,0.0,154.56452148470686,1475.9824572554733,568.59,0.0,1.0,362.54111777953426,154.56209914052536,0.0,1,0,0.0,0.0,0.0,0.0,-40.47152164284454,-37.0246547249022,-40.60172736950108,-37.03999893452001,-2.065762923650679,-1.9749943334227273,-2.0691917158058675,-1.9753984024826383
powertrain_simple_cvt,SimpleCVT,EngineModelType_SIMPLE_MAP,TransmissionModelType_AUTOMATIC_SIMPLE_CVT,7.839999999999855,84.69300232275313,0.6318370016263494,-0.8840179291508694,17.85176688608628,-0.00011314515001625207,-0.22025903113730325,17.84986621986812,1.1555270221635074,-1.5717639455206605,0.01268094675513733,-0.019076879613799485,0.0,0.45,0.0,154.56209914052536,1475.959325572452,568.59,0.0,1.0,362.34955878339116,154.5633615837161,0.0,1,0,0.0,0.0,0.0,0.0,-39.35407446876383,-38.181013205194915,-39.29422431660985,-38.39480563312821,-2.036001019004206,-2.005120031944623,-2.0344254561315918,-2.010748144819443
powertrain_simple_cvt,SimpleCVT,EngineModelType_SIMPLE_MAP,TransmissionModelType_AUTOMATIC_SIMPLE_CVT,7.844999999999855,84.7822811307946,0.6318361343038839,-0.8851197218719583,17.855761608294547,-0.00017346449310812737,-0.22035854421778264,17.853751025472516,0.7769611208793658,-1.5717564707289537,0.012618324370083901,-0.01907971078723734,0.0,0.45,0.0,154.5633615837161,1475.9713810169028,568.59,0.0,1.0,361.8907676555674,154.56638518347893,0.0,1,0,0.0,0.0,0.0,0.0,-38.09406195435052,-39.53668692313171,-37.90307582075246,-39.89337678237664,-2.002612822751378,-2.0405818451637057,-1.997586182464433,-2.049969707950638
powertrain_simple_cvt,SimpleCVT,EngineModelType_SIMPLE_MAP,TransmissionModelType_AUTOMATIC_SIMPLE_CVT,7.849999999999855,84.87158745748407,0.631834949051267,-0.8862230405552749,17.861265337894416,-0.0002370505233627951,-0.2206637366633163,17.859288682224573,1.1075313504115294,-1.5717455908466975,0.01246856464374205,-0.019081743464070492,0.0,0.45,0.0,154.56638518347893,1476.000254267794,568.59,0.0,1.0,361.6489770597554,154.56797867111155,0.0,1,0,0.0,0.0,0.0,0.0,-37.022763303564304,-40.661169496088824,-36.76286301505467,-41.08602061280123,-1.9741147470033436,-2.069845719288311,-1.9672764485837524,-2.0810240782529577
powertrain_simple_cvt,SimpleCVT,EngineModelType_SIMPLE_MAP,TransmissionModelType_AUTOMATIC_SIMPLE_CVT,7.854999999999855,84.96094094148553,0.6318339286084377,-0.8873287040887715,17.870696800293516,-0.00020408856586638825,-0.22113270669931426,17.86896697250259,1.935658055603581,-1.5717371005550325,0.012290929105335425,-0.019078051539094816,0.0,0.45,0.0,154.56797867111155,1476.015470953803,568.59,0.0,1.0,361.9628578615248,154.56591008290175,0.0,1,0,0.0,0.0,0.0,0.0,-36.59083319821654,-41.043838496426844,-36.37987660138192,-41.37586509523517,-1.9622286809472953,-2.0793293053341992,-1.9566811579704424,-2.0880606046320334
powertrain_simple_cvt,SimpleCVT,EngineModelType_SIMPLE_MAP,TransmissionModelType_AUTOMATIC_SIMPLE_CVT,7.859999999999855,85.05033920802518,0.631833921120446,-0.888435850625574,17.879653307930468,-1.4975983283951194e-06,-0.22142930736048852,17.877951339822253,1.7968734639325517,-1.5717343945805717,0.012158910526354505,-0.019073715936081932,0.0,0.45,0.0,154.56591008290175,1475.9957173914745,568.59,0.0,1.0,362.21081410200344,154.56427596143683,0.0,1,0,0.0,0.0,0.0,0.0,-37.061274169610854,-40.51843101321983,-37.06842199763446,-40.632974500884835,-1.9741100868480876,-2.064977209704235,-1.9742979587314176,-2.067987844638334
powertrain_simple_cvt,SimpleCVT,EngineModelType_SIMPLE_MAP,TransmissionModelType_AUTOMATIC_SIMPLE_CVT,7.8649999999998546,85.13975978166384,0.6318333216112448,-0.8895442263018923,17.88411472773264,-0.00011990184024442347,-0.22167513526366786,17.8822509618051,0.8599243965690745,-1.5717366755691584,0.01212060544339438,-0.019073361830611518,0.0,0.45,0.0,154.56427596143683,1475.980112680949,568.59,0.0,1.0,361.8224339989916,154.56683552703458,0.0,1,0,0.0,0.0,0.0,0.0,-38.226075270473004,-39.42365865729968,-38.44369185001473,-39.35937749709169,-2.0044838766641533,-2.035953317210079,-2.010202285993329,-2.0342641720769383
powertrain_simple_cvt,SimpleCVT,EngineModelType_SIMPLE_MAP,TransmissionModelType_AUTOMATIC_SIMPLE_CVT,7.8699999999998544,85.22919261394573,0.631832541576338,-0.8906528778781857,17.886566456376695,-0.00015600698136883405,-0.22173031525866324,17.884513233237467,0.4524542864736344,-1.5717423915394657,0.012188323177723375,-0.019077545865828494,0.0,0.45,0.0,154.56683552703458,1476.0045547319721,568.59,0.0,1.0,361.1518919573845,154.5712546420414,0.0,1,0,0.0,0.0,0.0,0.0,-39.59819543559044,-38.182527943877446,-39.972651244242115,-37.99532902273901,-2.0404080777889675,-2.003212648107401,-2.0502465778471306,-1.9982941595863113
powertrain_simple_cvt,SimpleCVT,EngineModelType_SIMPLE_MAP,TransmissionModelType_AUTOMATIC_SIMPLE_CVT,7.874999999999854,85.31864572952911,0.6318314453273202,-0.8917610850993603,17.890623116677315,-0.0002192498035498121,-0.22164144423490578,17.888527934127133,0.8029401779332261,-1.5717503481788841,0.012342996735021823,-0.01908274299616989,0.0,0.45,0.0,154.5712546420414,1476.0467541718178,568.59,0.0,1.0,360.71243710248893,154.5741508087596,0.0,1,0,0.0,0.0,0.0,0.0,-40.7432900510371,-37.124588523663775,-41.19964748593263,-36.87408300849802,-2.0702541911488215,-1.9751973002758332,-2.082241894074801,-1.9686169633129564
powertrain_simple_cvt,SimpleCVT,EngineModelType_SIMPLE_MAP,TransmissionModelType_AUTOMATIC_SIMPLE_CVT,7.879999999999854,85.40814306356174,0.6318307447460269,-0.8928684647254935,17.899466806526437,-0.00014011625865769284,-0.22147592522666248,17.897569407647556,1.808294704084584,-1.5717595606328434,0.012526834132224487,-0.01908318109268244,0.0,0.45,0.0,154.5741508087596,1476.074410526771,568.59,0.0,1.0,360.9464885330089,154.5726083250304,0.0,1,0,0.0,0.0,0.0,0.0,-41.14158305386689,-36.69376877347823,-41.50518457550537,-36.49476003359489,-2.080170688917758,-1.963393495168669,-2.089717032956235,-1.9581685283175154
powertrain_simple_cvt,SimpleCVT,EngineModelType_SIMPLE_MAP,TransmissionModelType_AUTOMATIC_SIMPLE_CVT,7.884999999999854,85.49768923612092,0.6318307945190196,-0.893976269062995,17.909234511836402,9.954598546855912e-06,-0.22156086750029996,17.90744038764678,1.9741959998448944,-1.5717643926183131,0.012665686572182793,-0.0190810545961265,0.0,0.45,0.0,154.5726083250304,1476.0596808921625,568.59,0.0,1.0,361.3091253519157,154.57021841700222,0.0,1,0,0.0,0.0,0.0,0.0,-40.620272091828234,-37.1442238247798,-40.75120690347835,-37.159299826737914,-2.0658958199920816,-1.9746826122232688,-2.0693316135316673,-1.9750782138931204
powertrain_simple_cvt,SimpleCVT,EngineModelType_SIMPLE_MAP,TransmissionModelType_AUTOMATIC_SIMPLE_CVT,7.889999999999854,85.58726526187073,0.6318305605599466,-0.8950840120976737,17.91520514996167,-4.6791814607913696e-05,-0.22154860693574718,17.913288048250784,1.169532120800934,-1.571762620211054,0.012711487203104119,-0.019081699006280494,0.0,0.45,0.0,154.57021841700222,1476.0368589515892,568.59,0.0,1.0,361.13422687191303,154.5713710613551,0.0,1,0,0.0,0.0,0.0,0.0,-39.51699293677765,-38.282995440769575,-39.45690800391552,-38.498079709353995,-2.03660673188388,-2.0042366040875588,-2.0350305885272912,-2.0098786781465243
powertrain_simple_cvt,SimpleCVT,EngineModelType_SIMPLE_MAP,TransmissionModelType_AUTOMATIC_SIMPLE_CVT,7.894999999999854,85.6768613702914,0.6318298948985654,-0.8961922461145773,17.919221684134374,-0.00013313227622955138,-0.2216468033807085,17.917202456421716,0.7828816341863554,-1.571755055563217,0.012651793047283514,-0.01908466635963362,0.0,0.45,0.0,154.5713710613551,1476.0478658943728,568.59,0.0,1.0,360.6848810743984,154.57433241296894,0.0,1,0,0.0,0.0,0.0,0.0,-38.26347579975684,-39.63038814478054,-38.06993545824929,-39.99053949307179,-2.0035052805836613,-2.039354186822728,-1.9984294543381527,-2.0487995853984082
powertrain_simple_cvt,SimpleCVT,EngineModelType_SIMPLE_MAP,TransmissionModelType_AUTOMATIC_SIMPLE_CVT,7.899999999999854,85.7664846531347,0.6318290931766608,-0.8973020003239012,17.924656568658104,-0.00016034438093867902,-0.2219508418647881,17.922655187098428,1.0905461353424306,-1.5717446880023915,0.01250512273345594,-0.019087193108387423,0.0,0.45,0.0,154.57433241296894,1476.0761447192272,568.59,0.0,1.0,360.4380214727105,154.57595930718688,0.0,1,0,0.0,0.0,0.0,0.0,-37.18838290006877,-40.76074567239932,-36.92628415545509,-41.18829218365829,-1.9750129622156383,-2.06867393204373,-1.9681412013739397,-2.0798834377527515
powertrain_simple_cvt,SimpleCVT,EngineModelType_SIMPLE_MAP,TransmissionModelType_AUTOMATIC_SIMPLE_CVT,7.904999999999854,85.85615430740259,0.631828405974776,-0.8984142897083737,17.93393085357811,-0.00013744037697593144,-0.22245787689450808,17.932169722404435,1.902907061201416,-1.571735851974843,0.012328536854830633,-0.019084159977317303,0.0,0.45,0.0,154.57595930718688,1476.0916804146273,568.59,0.0,1.0,360.7339145242744,154.5740092647683,0.0,1,0,0.0,0.0,0.0,0.0,-36.73859656790643,-41.16526590212125,-36.52490739324901,-41.50004494362928,-1.962709298121926,-2.0787070804510037,-1.9571097223468843,-2.0874797317274454
powertrain_simple_cvt,SimpleCVT,EngineModelType_SIMPLE_MAP,TransmissionModelType_AUTOMATIC_SIMPLE_CVT,7.909999999999854,85.94586881888571,0.6318287059893675,-0.8995280150092845,17.942902296624073,6.000291829349222e-05,-0.22274506018215884,17.94118635397259,1.8033263136310425,-1.5717328571469538,0.012195316666785718,-0.019080072277087645,0.0,0.45,0.0,154.5740092647683,1476.0730588812182,568.59,0.0,1.0,360.9847780684701,154.5723559831185,0.0,1,0,0.0,0.0,0.0,0.0,-37.17993554888069,-40.66812010050594,-37.18797495814377,-40.78084869622225,-1.973784641089277,-2.065144147003209,-1.9739952023274354,-2.0680966366592437
powertrain_simple_cvt,SimpleCVT,EngineModelType_SIMPLE_MAP,TransmissionModelType_AUTOMATIC_SIMPLE_CVT,7.9149999999998535,86.03560614045217,0.6318284190930286,-0.9006429939521042,17.947464313292226,-5.737926777432895e-05,-0.22299578856396188,17.945586215211627,0.8799722478073778,-1.571734975237632,0.012154798670945252,-0.019079971722826404,0.0,0.45,0.0,154.5723559831185,1476.057271204405,568.59,0.0,1.0,360.61712177276905,154.5747789713174,0.0,1,0,0.0,0.0,0.0,0.0,-38.32590987510417,-39.58802066920999,-38.54695225602092,-39.51959683482416,-2.0035528978733375,-2.03660090505672,-2.0093408288747074,-2.0348092466850005
powertrain_simple_cvt,SimpleCVT,EngineModelType_SIMPLE_MAP,TransmissionModelType_AUTOMATIC_SIMPLE_CVT,7.919999999999853,86.12535589038771,0.6318279690275178,-0.9017582553398248,17.949949987107903,-9.001310215989503e-05,-0.2230522775441043,17.947885553580445,0.4598676737636352,-1.571740387166433,0.01221933672225369,-0.019084331625896366,0.0,0.45,0.0,154.5747789713174,1476.0804090373392,568.59,0.0,1.0,359.95951068226066,154.57911286667127,0.0,1,0,0.0,0.0,0.0,0.0,-39.690413619621154,-38.353006807612545,-40.0690740999447,-38.16020147271751,-2.039148890501999,-2.004133765233526,-2.04906273573869,-1.9990858599191805
powertrain_simple_cvt,SimpleCVT,EngineModelType_SIMPLE_MAP,TransmissionModelType_AUTOMATIC_SIMPLE_CVT,7.924999999999853,86.21512554443729,0.6318272148772518,-0.9028730915765398,17.95393080991477,-0.00015083005321175338,-0.22296724734301893,17.951817815103208,0.7864523045526707,-1.5717483283225955,0.01237144238272841,-0.01908985745986646,0.0,0.45,0.0,154.57911286667127,1476.1217946894437,568.59,0.0,1.0,359.51666487181,154.58203138101524,0.0,1,0,0.0,0.0,0.0,0.0,-40.84161529742174,-37.2909385446556,-41.30076159788444,-37.03595747129963,-2.0690546899441187,-1.976113516893605,-2.0810731300157372,-1.9694392286625173
powertrain_simple_cvt,SimpleCVT,EngineModelType_SIMPLE_MAP,TransmissionModelType_AUTOMATIC_SIMPLE_CVT,7.929999999999853,86.30493839665326,0.6318268349036662,-0.9039870515022997,17.962570443192888,-7.599471712456038e-05,-0.22279198515197512,17.96064461409558,1.7653597984747569,-1.5717573812517924,0.012554443404078922,-0.01909087069586231,0.0,0.45,0.0,154.58203138101524,1476.1496644485035,568.59,0.0,1.0,359.722738254418,154.5806732827588,0.0,1,0,0.0,0.0,0.0,0.0,-41.265132553031705,-36.8396468626749,-41.62987501029414,-36.63883339262958,-2.0796096801253934,-1.963826768621948,-2.0891523487962664,-1.9585729343859404
powertrain_simple_cvt,SimpleCVT,EngineModelType_SIMPLE_MAP,TransmissionModelType_AUTOMATIC_SIMPLE_CVT,7.934999999999853,86.39479993674281,0.6318271867294888,-0.90510152078139,17.972308017911626,7.036516452726775e-05,-0.22289385581805043,17.9705008242864,1.971242038163765,-1.5717622814038097,0.01269444088445813,-0.019088965755315365,0.0,0.45,0.0,154.5806732827588,1476.1366955654607,568.59,0.0,1.0,360.0835795345758,154.57829520798154,0.0,1,0,0.0,0.0,0.0,0.0,-40.77037169632851,-37.2637961985786,-40.89998908869801,-37.279084127910174,-2.0660803417461526,-1.9743889725125348,-2.069469630295758,-1.9747887275367906
powertrain_simple_cvt,SimpleCVT,EngineModelType_SIMPLE_MAP,TransmissionModelType_AUTOMATIC_SIMPLE_CVT,7.939999999999853,86.48469175370742,0.631827280322256,-0.9062159489073268,17.978363392922247,1.871855345024465e-05,-0.2228856251873845,17.976432594926692,1.1863541280583232,-1.5717604411043022,0.012742766151201259,-0.019089844044585056,0.0,0.45,0.0,154.57829520798154,1476.1139866241099,568.59,0.0,1.0,359.92529744152785,154.57933834432393,0.0,1,0,0.0,0.0,0.0,0.0,-39.68306171974144,-38.38273086635383,-39.61859548156156,-38.60184585767044,-2.037306518055706,-2.003316155130234,-2.035621384747928,-2.00904377288064
powertrain_simple_cvt,SimpleCVT,EngineModelType_SIMPLE_MAP,TransmissionModelType_AUTOMATIC_SIMPLE_CVT,7.944999999999853,86.57460381256746,0.631826880978332,-0.9073308706122719,17.98241177200847,-7.986878481853056e-05,-0.22298434098901315,17.980386932696838,0.7908675540292789,-1.5717529423534216,0.012686118465158434,-0.019092860856117163,0.0,0.45,0.0,154.57933834432393,1476.1239478424227,568.59,0.0,1.0,359.48801652488993,154.5822201840014,0.0,1,0,0.0,0.0,0.0,0.0,-38.43524459489501,-39.72273759721688,-38.23655808973709,-40.08763335443533,-2.004467896199622,-2.038115278987079,-1.999275416798418,-2.0476514762312634
powertrain_simple_cvt,SimpleCVT,EngineModelType_SIMPLE_MAP,TransmissionModelType_AUTOMATIC_SIMPLE_CVT,7.949999999999853,86.66454265712653,0.6318263708083097,-0.9084472807036511,17.987768911814765,-0.00010203400443691436,-0.22328201827584165,17.985753751847522,1.073363830136765,-1.5717425421774514,0.012542376677897359,-0.019095623464508063,0.0,0.45,0.0,154.5822201840014,1476.1514673842146,568.59,0.0,1.0,359.23478888419913,154.58388904590365,0.0,1,0,0.0,0.0,0.0,0.0,-37.35561910107453,-40.8590980142446,-37.089962430300105,-41.28969482494716,-1.9759616226143322,-2.067494330334714,-1.9690210144352573,-2.0787442031029513
powertrain_simple_cvt,SimpleCVT,EngineModelType_SIMPLE_MAP,TransmissionModelType_AUTOMATIC_SIMPLE_CVT,7.954999999999853,86.75452714178567,0.6318259192001121,-0.9095662431515978,17.99689693182713,-9.032163953260995e-05,-0.2237924895893545,17.995118810928343,1.873011816164234,-1.571733283118897,0.012366176499492135,-0.01909290455084225,0.0,0.45,0.0,154.58388904590365,1476.1674038414797,568.59,0.0,1.0,359.51146671641254,154.58206563874273,0.0,1,0,0.0,0.0,0.0,0.0,-36.88564903295742,-41.28726297355363,-36.67029739026034,-41.62421328281403,-1.963181552880924,-2.0781192986339607,-1.9575581536710278,-2.0869179596478187
powertrain_simple_cvt,SimpleCVT,EngineModelType_SIMPLE_MAP,TransmissionModelType_AUTOMATIC_SIMPLE_CVT,7.9599999999998525,86.84455656316959,0.6318264427194268,-0.9106865212067135,18.005884276784176,0.00010470386292512246,-0.22405561102311156,18.00416640843654,1.8095195016393393,-1.5717301648496353,0.012231577323555667,-0.01908877060686551,0.0,0.45,0.0,154.58206563874273,1476.149991585704,568.59,0.0,1.0,359.76714224321023,154.58038064438406,0.0,1,0,0.0,0.0,0.0,0.0,-37.29867628413936,-40.817395608006066,-37.30748991431268,-40.928950225494184,-1.973477337873544,-2.065314203450957,-1.9737073693409548,-2.068225724793767
powertrain_simple_cvt,SimpleCVT,EngineModelType_SIMPLE_MAP,TransmissionModelType_AUTOMATIC_SIMPLE_CVT,7.964999999999852,86.93460929351524,0.6318263693026119,-0.911808005905672,18.010546069129777,-1.4683362972019338e-05,-0.2242969397917205,18.008668974841708,0.9005132810337294,-1.5717322021810052,0.012188473881104422,-0.019088552218774025,0.0,0.45,0.0,154.58038064438406,1476.133901074828,568.59,0.0,1.0,359.4190900761323,154.58267443427232,0.0,1,0,0.0,0.0,0.0,0.0,-38.4258119933569,-39.75240081841882,-38.64925169306122,-39.68089266528179,-2.002644286532404,-2.0372589540443364,-2.0084744961407734,-2.0353930925969395
powertrain_simple_cvt,SimpleCVT,EngineModelType_SIMPLE_MAP,TransmissionModelType_AUTOMATIC_SIMPLE_CVT,7.969999999999852,87.02467466130506,0.6318260717054834,-0.9129298134587142,18.013073557964546,-5.951942569845008e-05,-0.22436151060842038,18.011015798955043,0.4693648226670277,-1.571737587964396,0.01224974347179784,-0.019092669202118787,0.0,0.45,0.0,154.58267443427232,1476.1558051547759,568.59,0.0,1.0,358.7761782049178,154.58691145644516,0.0,1,0,0.0,0.0,0.0,0.0,-39.78101133046883,-38.52445564959045,-40.163889561871464,-38.32657396740435,-2.037870236351235,-2.005087215058288,-2.047859372052651,-1.9999245632957683
powertrain_simple_cvt,SimpleCVT,EngineModelType_SIMPLE_MAP,TransmissionModelType_AUTOMATIC_SIMPLE_CVT,7.974999999999852,87.11475962127483,0.6318254593770584,-0.9140512045294588,18.01699199395422,-0.0001224656850214239,-0.22427821414891902,18.014882458810533,0.7733319710979623,-1.5717455236607147,0.012398883537595244,-0.019098030382420344,0.0,0.45,0.0,154.58691145644516,1476.1962657361437,568.59,0.0,1.0,358.32986658632115,154.58985281172056,0.0,1,0,0.0,0.0,0.0,0.0,-40.93766736678453,-37.4581577269058,-41.399735219324484,-37.199252108578804,-2.0678176746162453,-1.9770581826507914,-2.0798702475045205,-1.9703048912912713
powertrain_simple_cvt,SimpleCVT,EngineModelType_SIMPLE_MAP,TransmissionModelType_AUTOMATIC_SIMPLE_CVT,7.979999999999852,87.20488687730067,0.63182522190781,-0.9151717506241567,18.025451205167325,-4.749384967918889e-05,-0.2241092189395868,18.023522683236557,1.7280448852048749,-1.5717547263064868,0.012580823011834023,-0.01909902807615228,0.0,0.45,0.0,154.58985281172056,1476.2243536100318,568.59,0.0,1.0,358.5144470976169,154.58863635927344,0.0,1,0,0.0,0.0,0.0,0.0,-41.385300215307474,-36.98706503645439,-41.752688601320756,-36.78392403869819,-2.0789762308375117,-1.9643077086586982,-2.0885545916064756,-1.9590115211972747
powertrain_simple_cvt,SimpleCVT,EngineModelType_SIMPLE_MAP,TransmissionModelType_AUTOMATIC_SIMPLE_CVT,7.984999999999852,87.2950626924973,0.6318256270074342,-0.9162929855180285,18.035163039325237,8.101992484031066e-05,-0.224246978774364,18.033364601169197,1.9683835865280195,-1.571759649293825,0.012721920673133573,-0.019096862027294013,0.0,0.45,0.0,154.58863635927344,1476.212737344832,568.59,0.0,1.0,358.87271007017205,154.5862752764775,0.0,1,0,0.0,0.0,0.0,0.0,-40.91920712114127,-37.382722589967734,-41.047766042098196,-37.39853731132207,-2.066242259915137,-1.9740911767450726,-2.0695921526441814,-1.9745032649897654
powertrain_simple_cvt,SimpleCVT,EngineModelType_SIMPLE_MAP,TransmissionModelType_AUTOMATIC_SIMPLE_CVT,7.989999999999852,87.38526919680969,0.6318257960645535,-0.9174141896403987,18.041300862478128,3.381142386541685e-05,-0.22424082447403337,18.03938094768895,1.2032693039508304,-1.5717577781961154,0.012772371753532352,-0.019097430779470022,0.0,0.45,0.0,154.5862752764775,1476.1901906649507,568.59,0.0,1.0,358.7309868451164,154.58720928388013,0.0,1,0,0.0,0.0,0.0,0.0,-39.84855685768606,-38.48143953809853,-39.780131298750526,-38.70419345645064,-2.0379977517923384,-2.0023863064585403,-2.0362153641241005,-2.008188726538098
powertrain_simple_cvt,SimpleCVT,EngineModelType_SIMPLE_MAP,TransmissionModelType_AUTOMATIC_SIMPLE_CVT,7.994999999999852,87.47549613138604,0.6318254183628081,-0.91853585254098,18.04538691526999,-7.554034905958703e-05,-0.22433258011626844,18.043377115067443,0.7992334756984746,-1.571750459640093,0.012718946652081247,-0.019100047085124396,0.0,0.45,0.0,154.58720928388013,1476.1991097786515,568.59,0.0,1.0,358.3042085474703,154.59002190749308,0.0,1,0,0.0,0.0,0.0,0.0,-38.607406012678524,-39.81282549858026,-38.4033638521944,-40.1828591518527,-2.005444821646395,-2.0368373161230653,-2.0001309931651723,-2.0464740272866044
powertrain_simple_cvt,SimpleCVT,EngineModelType_SIMPLE_MAP,TransmissionModelType_AUTOMATIC_SIMPLE_CVT,7.999999999999852,87.56574939400087,0.6318249302513651,-0.9196590616169409,18.0506525229677,-9.762228861110692e-05,-0.2246418151921797,18.048646929039894,1.0539627944901266,-1.5717397318126909,0.012577520691173091,-0.019102543192144685,0.0,0.45,0.0,154.59002190749308,1476.2259683557152,568.59,0.0,1.0,358.04732983015646,154.5917148313132,0.0,1,0,0.0,0.0,0.0,0.0,-37.52419769660631,-40.954427141148614,-37.253784407412645,-41.38921164646702,-1.9769497163393888,-2.0662564007865742,-1.9699094542581548,-2.07757609914692
